Mono path[0] = '/home/pollen/.local/share/Steam/steamapps/common/Muck/Muck_Data/Managed'
Mono config path = '/home/pollen/.local/share/Steam/steamapps/common/Muck/Muck_Data/MonoBleedingEdge/etc'
Preloaded 'libsteam_api.so'
Display 0 'Philips 272P4 27"': 2560x1440 (primary device).
Desktop is 2560 x 1440 @ 60 Hz
Initialize engine version: 2019.4.19f1 (ca5b14067cec)
[Subsystems] Discovering subsystems at path /home/pollen/.local/share/Steam/steamapps/common/Muck/Muck_Data/UnitySubsystems
GfxDevice: creating device client; threaded=1
Renderer: NVIDIA GeForce GTX 1660 SUPER/PCIe/SSE2
Vendor:   NVIDIA Corporation
Version:  4.5.0 NVIDIA 575.57.08
GLES:     0
 GL_AMD_multi_draw_indirect GL_AMD_seamless_cubemap_per_texture GL_AMD_vertex_shader_viewport_index GL_AMD_vertex_shader_layer GL_ARB_arrays_of_arrays GL_ARB_base_instance GL_ARB_bindless_texture GL_ARB_blend_func_extended GL_ARB_buffer_storage GL_ARB_clear_buffer_object GL_ARB_clear_texture GL_ARB_clip_control GL_ARB_color_buffer_float GL_ARB_compressed_texture_pixel_storage GL_ARB_conservative_depth GL_ARB_compute_shader GL_ARB_compute_variable_group_size GL_ARB_conditional_render_inverted GL_ARB_copy_buffer GL_ARB_copy_image GL_ARB_cull_distance GL_ARB_debug_output GL_ARB_depth_buffer_float GL_ARB_depth_clamp GL_ARB_depth_texture GL_ARB_derivative_control GL_ARB_direct_state_access GL_ARB_draw_buffers GL_ARB_draw_buffers_blend GL_ARB_draw_indirect GL_ARB_draw_elements_base_vertex GL_ARB_draw_instanced GL_ARB_enhanced_layouts GL_ARB_ES2_compatibility GL_ARB_ES3_compatibility GL_ARB_ES3_1_compatibility GL_ARB_ES3_2_compatibility GL_ARB_explicit_attrib_location GL_ARB_explicit_uniform_location GL_ARB_fragmen
t_coord_conventions GL_ARB_fragment_layer_viewport GL_ARB_fragment_program GL_ARB_fragment_program_shadow GL_ARB_fragment_shader GL_ARB_fragment_shader_interlock GL_ARB_framebuffer_no_attachments GL_ARB_framebuffer_object GL_ARB_framebuffer_sRGB GL_ARB_geometry_shader4 GL_ARB_get_program_binary GL_ARB_get_texture_sub_image GL_ARB_gl_spirv GL_ARB_gpu_shader5 GL_ARB_gpu_shader_fp64 GL_ARB_gpu_shader_int64 GL_ARB_half_float_pixel GL_ARB_half_float_vertex GL_ARB_imaging GL_ARB_indirect_parameters GL_ARB_instanced_arrays GL_ARB_internalformat_query GL_ARB_internalformat_query2 GL_ARB_invalidate_subdata GL_ARB_map_buffer_alignment GL_ARB_map_buffer_range GL_ARB_multi_bind GL_ARB_multi_draw_indirect GL_ARB_multisample GL_ARB_multitexture GL_ARB_occlusion_query GL_ARB_occlusion_query2 GL_ARB_parallel_shader_compile GL_ARB_pipeline_statistics_query GL_ARB_pixel_buffer_object GL_ARB_point_parameters GL_ARB_point_sprite GL_ARB_polygon_offset_clamp GL_ARB_post_depth_coverage GL_ARB_program_interface_query GL_ARB_provoki
ng_vertex GL_ARB_query_buffer_object GL_ARB_robust_buffer_access_behavior GL_ARB_robustness GL_ARB_sample_locations GL_ARB_sample_shading GL_ARB_sampler_objects GL_ARB_seamless_cube_map GL_ARB_seamless_cubemap_per_texture GL_ARB_separate_shader_objects GL_ARB_shader_atomic_counter_ops GL_ARB_shader_atomic_counters GL_ARB_shader_ballot GL_ARB_shader_bit_encoding GL_ARB_shader_clock GL_ARB_shader_draw_parameters GL_ARB_shader_group_vote GL_ARB_shader_image_load_store GL_ARB_shader_image_size GL_ARB_shader_objects GL_ARB_shader_precision GL_ARB_shader_storage_buffer_object GL_ARB_shader_subroutine GL_ARB_shader_texture_image_samples GL_ARB_shader_texture_lod GL_ARB_shading_language_100 GL_ARB_shader_viewport_layer_array GL_ARB_shading_language_420pack GL_ARB_shading_language_include GL_ARB_shading_language_packing GL_ARB_shadow GL_ARB_sparse_buffer GL_ARB_sparse_texture GL_ARB_sparse_texture2 GL_ARB_sparse_texture_clamp GL_ARB_spirv_extensions GL_ARB_stencil_texturing GL_ARB_sync GL_ARB_tessellation_shader GL_A
RB_texture_barrier GL_ARB_texture_border_clamp GL_ARB_texture_buffer_object GL_ARB_texture_buffer_object_rgb32 GL_ARB_texture_buffer_range GL_ARB_texture_compression GL_ARB_texture_compression_bptc GL_ARB_texture_compression_rgtc GL_ARB_texture_cube_map GL_ARB_texture_cube_map_array GL_ARB_texture_env_add GL_ARB_texture_env_combine GL_ARB_texture_env_crossbar GL_ARB_texture_env_dot3 GL_ARB_texture_filter_anisotropic GL_ARB_texture_filter_minmax GL_ARB_texture_float GL_ARB_texture_gather GL_ARB_texture_mirror_clamp_to_edge GL_ARB_texture_mirrored_repeat GL_ARB_texture_multisample GL_ARB_texture_non_power_of_two GL_ARB_texture_query_levels GL_ARB_texture_query_lod GL_ARB_texture_rectangle GL_ARB_texture_rg GL_ARB_texture_rgb10_a2ui GL_ARB_texture_stencil8 GL_ARB_texture_storage GL_ARB_texture_storage_multisample GL_ARB_texture_swizzle GL_ARB_texture_view GL_ARB_timer_query GL_ARB_transform_feedback2 GL_ARB_transform_feedback3 GL_ARB_transform_feedback_instanced GL_ARB_transform_feedback_overflow_query GL_ARB_t
ranspose_matrix GL_ARB_uniform_buffer_object GL_ARB_vertex_array_bgra GL_ARB_vertex_array_object GL_ARB_vertex_attrib_64bit GL_ARB_vertex_attrib_binding GL_ARB_vertex_buffer_object GL_ARB_vertex_program GL_ARB_vertex_shader GL_ARB_vertex_type_10f_11f_11f_rev GL_ARB_vertex_type_2_10_10_10_rev GL_ARB_viewport_array GL_ARB_window_pos GL_ATI_draw_buffers GL_ATI_texture_float GL_ATI_texture_mirror_once GL_S3_s3tc GL_EXT_texture_env_add GL_EXT_abgr GL_EXT_bgra GL_EXT_bindable_uniform GL_EXT_blend_color GL_EXT_blend_equation_separate GL_EXT_blend_func_separate GL_EXT_blend_minmax GL_EXT_blend_subtract GL_EXT_compiled_vertex_array GL_EXT_Cg_shader GL_EXT_depth_bounds_test GL_EXT_direct_state_access GL_EXT_draw_buffers2 GL_EXT_draw_instanced GL_EXT_draw_range_elements GL_EXT_fog_coord GL_EXT_framebuffer_blit GL_EXT_framebuffer_multisample GL_EXTX_framebuffer_mixed_formats GL_EXT_framebuffer_multisample_blit_scaled GL_EXT_framebuffer_object GL_EXT_framebuffer_sRGB GL_EXT_geometry_shader4 GL_EXT_gpu_program_parameters 
GL_EXT_gpu_shader4 GL_EXT_multi_draw_arrays GL_EXT_multiview_texture_multisample GL_EXT_multiview_timer_query GL_EXT_packed_depth_stencil GL_EXT_packed_float GL_EXT_packed_pixels GL_EXT_pixel_buffer_object GL_EXT_point_parameters GL_EXT_polygon_offset_clamp GL_EXT_post_depth_coverage GL_EXT_provoking_vertex GL_EXT_raster_multisample GL_EXT_rescale_normal GL_EXT_secondary_color GL_EXT_separate_shader_objects GL_EXT_separate_specular_color GL_EXT_shader_image_load_formatted GL_EXT_shader_image_load_store GL_EXT_shader_integer_mix GL_EXT_shadow_funcs GL_EXT_sparse_texture2 GL_EXT_stencil_two_side GL_EXT_stencil_wrap GL_EXT_texture3D GL_EXT_texture_array GL_EXT_texture_buffer_object GL_EXT_texture_compression_dxt1 GL_EXT_texture_compression_latc GL_EXT_texture_compression_rgtc GL_EXT_texture_compression_s3tc GL_EXT_texture_cube_map GL_EXT_texture_edge_clamp GL_EXT_texture_env_combine GL_EXT_texture_env_dot3 GL_EXT_texture_filter_anisotropic GL_EXT_texture_filter_minmax GL_EXT_texture_integer GL_EXT_texture_lod G
L_EXT_texture_lod_bias GL_EXT_texture_mirror_clamp GL_EXT_texture_object GL_EXT_texture_shadow_lod GL_EXT_texture_shared_exponent GL_EXT_texture_sRGB GL_EXT_texture_sRGB_R8 GL_EXT_texture_sRGB_decode GL_EXT_texture_storage GL_EXT_texture_swizzle GL_EXT_timer_query GL_EXT_transform_feedback2 GL_EXT_vertex_array GL_EXT_vertex_array_bgra GL_EXT_vertex_attrib_64bit GL_EXT_window_rectangles GL_EXT_import_sync_object GL_NV_robustness_video_memory_purge GL_IBM_rasterpos_clip GL_IBM_texture_mirrored_repeat GL_KHR_context_flush_control GL_KHR_debug GL_EXT_memory_object GL_EXT_memory_object_fd GL_NV_memory_object_sparse GL_KHR_parallel_shader_compile GL_KHR_no_error GL_KHR_robust_buffer_access_behavior GL_KHR_robustness GL_EXT_semaphore GL_EXT_semaphore_fd GL_NV_timeline_semaphore GL_KHR_shader_subgroup GL_KTX_buffer_region GL_NV_alpha_to_coverage_dither_control GL_NV_bindless_multi_draw_indirect GL_NV_bindless_multi_draw_indirect_count GL_NV_bindless_texture GL_NV_blend_equation_advanced GL_NV_blend_equation_advanced
_coherent GL_NVX_blend_equation_advanced_multi_draw_buffers GL_NV_blend_minmax_factor GL_NV_blend_square GL_NV_clip_space_w_scaling GL_NV_command_list GL_NV_compute_program5 GL_NV_compute_shader_derivatives GL_NV_conditional_render GL_NV_conservative_raster GL_NV_conservative_raster_dilate GL_NV_conservative_raster_pre_snap GL_NV_conservative_raster_pre_snap_triangles GL_NV_conservative_raster_underestimation GL_NV_copy_depth_to_color GL_NV_copy_image GL_NV_depth_buffer_float GL_NV_depth_clamp GL_NV_draw_texture GL_NV_draw_vulkan_image GL_NV_ES1_1_compatibility GL_NV_ES3_1_compatibility GL_NV_explicit_multisample GL_NV_feature_query GL_NV_fence GL_NV_fill_rectangle GL_NV_float_buffer GL_NV_fog_distance GL_NV_fragment_coverage_to_color GL_NV_fragment_program GL_NV_fragment_program_option GL_NV_fragment_program2 GL_NV_fragment_shader_barycentric GL_NV_fragment_shader_interlock GL_NV_framebuffer_mixed_samples GL_NV_framebuffer_multisample_coverage GL_NV_geometry_shader4 GL_NV_geometry_shader_passthrough GL_NV_g
pu_program4 GL_NV_internalformat_sample_query GL_NV_gpu_program4_1 GL_NV_gpu_program5 GL_NV_gpu_program5_mem_extended GL_NV_gpu_program_fp64 GL_NV_gpu_program_multiview GL_NV_gpu_shader5 GL_NV_half_float GL_NV_light_max_exponent GL_NV_memory_attachment GL_NV_mesh_shader GL_NV_multisample_coverage GL_NV_multisample_filter_hint GL_NV_occlusion_query GL_NV_packed_depth_stencil GL_NV_parameter_buffer_object GL_NV_parameter_buffer_object2 GL_NV_path_rendering GL_NV_path_rendering_shared_edge GL_NV_pixel_data_range GL_NV_point_sprite GL_NV_primitive_restart GL_NV_query_resource GL_NV_query_resource_tag GL_NV_register_combiners GL_NV_register_combiners2 GL_NV_representative_fragment_test GL_NV_sample_locations GL_NV_sample_mask_override_coverage GL_NV_scissor_exclusive GL_NV_shader_atomic_counters GL_NV_shader_atomic_float GL_NV_shader_atomic_float64 GL_NV_shader_atomic_fp16_vector GL_NV_shader_atomic_int64 GL_NV_shader_buffer_load GL_NV_shader_storage_buffer_object GL_NV_shader_subgroup_partitioned GL_NV_shader_te
xture_footprint GL_NV_shading_rate_image GL_NV_stereo_view_rendering GL_NV_texgen_reflection GL_NV_texture_barrier GL_NV_texture_compression_vtc GL_NV_texture_env_combine4 GL_NV_texture_multisample GL_NV_texture_rectangle GL_NV_texture_rectangle_compressed GL_NV_texture_shader GL_NV_texture_shader2 GL_NV_texture_shader3 GL_NV_transform_feedback GL_NV_transform_feedback2 GL_NV_uniform_buffer_unified_memory GL_NV_uniform_buffer_std430_layout GL_NV_vdpau_interop GL_NV_vdpau_interop2 GL_NV_vertex_array_range GL_NV_vertex_array_range2 GL_NV_vertex_attrib_integer_64bit GL_NV_vertex_buffer_unified_memory GL_NV_vertex_program GL_NV_vertex_program1_1 GL_NV_vertex_program2 GL_NV_vertex_program2_option GL_NV_vertex_program3 GL_NV_viewport_array2 GL_NV_viewport_swizzle GL_NVX_conditional_render GL_NV_gpu_multicast GL_NVX_progress_fence GL_NVX_gpu_memory_info GL_NVX_nvenc_interop GL_NV_shader_thread_group GL_NV_shader_thread_shuffle GL_KHR_blend_equation_advanced GL_KHR_blend_equation_advanced_coherent GL_OVR_multiview G
L_OVR_multiview2 GL_SGIS_generate_mipmap GL_SGIS_texture_lod GL_SGIX_depth_texture GL_SGIX_shadow GL_SUN_slice_accum
OPENGL LOG: Creating OpenGL 4.5 graphics device ; Context level  <OpenGL 4.5> ; Context handle 124003736
Begin MonoManager ReloadAssembly
- Completed reload, in  0.047 seconds
Default vsync count 0
requesting resize 2560 x 1440
Using native desktop resolution 2560 x 1440
requesting fullscreen 2560 x 1440 at 0 Hz
Desktop is 2560 x 1440 @ 60 Hz
UnloadTime: 0.519522 ms
DontDestroyOnLoad only works for root GameObjects or components on root GameObjects. 
(Filename:  Line: 606)

DontDestroyOnLoad only works for root GameObjects or components on root GameObjects. 
(Filename:  Line: 606)

[S_API] SteamAPI_Init(): Loaded '/home/pollen/.local/share/Steam/linux64/steamclient.so' OK.
Setting breakpad minidump AppID = 1625450
SteamInternal_SetMinidumpSteamID:  Caching Steam ID:  76561199206006114 [API loaded no]
Steam initialized: bjoernpollen 
(Filename: ./Runtime/Export/Debug/Debug.bindings.h Line: 35)

updates sens to: 1 
(Filename: ./Runtime/Export/Debug/Debug.bindings.h Line: 35)

Setting grass to: True 
(Filename: ./Runtime/Export/Debug/Debug.bindings.h Line: 35)

Setting tutorial to: True 
(Filename: ./Runtime/Export/Debug/Debug.bindings.h Line: 35)

updating shadow quality 
(Filename: ./Runtime/Export/Debug/Debug.bindings.h Line: 35)

updating shadow res 
(Filename: ./Runtime/Export/Debug/Debug.bindings.h Line: 35)

updating shadow cascades 
(Filename: ./Runtime/Export/Debug/Debug.bindings.h Line: 35)

updating shadow distance 
(Filename: ./Runtime/Export/Debug/Debug.bindings.h Line: 35)

updating texture quality 
(Filename: ./Runtime/Export/Debug/Debug.bindings.h Line: 35)

updating AA 
(Filename: ./Runtime/Export/Debug/Debug.bindings.h Line: 35)

updating soft particles 
(Filename: ./Runtime/Export/Debug/Debug.bindings.h Line: 35)

updating bloom 
(Filename: ./Runtime/Export/Debug/Debug.bindings.h Line: 35)

updating motion blur 
(Filename: ./Runtime/Export/Debug/Debug.bindings.h Line: 35)

updating AO 
(Filename: ./Runtime/Export/Debug/Debug.bindings.h Line: 35)

Updated screen resoltion 
(Filename: ./Runtime/Export/Debug/Debug.bindings.h Line: 35)

updated fullscreen 
(Filename: ./Runtime/Export/Debug/Debug.bindings.h Line: 35)

updated vsync 
(Filename: ./Runtime/Export/Debug/Debug.bindings.h Line: 35)

updated fullscreenmode 
(Filename: ./Runtime/Export/Debug/Debug.bindings.h Line: 35)

updated fps limit 
(Filename: ./Runtime/Export/Debug/Debug.bindings.h Line: 35)

updated volume 
(Filename: ./Runtime/Export/Debug/Debug.bindings.h Line: 35)

updated music 
(Filename: ./Runtime/Export/Debug/Debug.bindings.h Line: 35)

Initializing packets. 
(Filename: ./Runtime/Export/Debug/Debug.bindings.h Line: 35)

Muck started: 13 
(Filename: ./Runtime/Export/Debug/Debug.bindings.h Line: 35)

requesting resize 2560 x 1440
Using native desktop resolution 2560 x 1440
requesting fullscreen 2560 x 1440 at 144 Hz
Desktop is 2560 x 1440 @ 60 Hz
lobbyu created opkay 
(Filename: ./Runtime/Export/Debug/Debug.bindings.h Line: 35)

on version: 1.3 
(Filename: ./Runtime/Export/Debug/Debug.bindings.h Line: 35)

initing lobby 
(Filename: ./Runtime/Export/Debug/Debug.bindings.h Line: 35)

Found available id in steam as: 0, steam name: bjoernpollen 
(Filename: ./Runtime/Export/Debug/Debug.bindings.h Line: 35)

finished adding player 
(Filename: ./Runtime/Export/Debug/Debug.bindings.h Line: 35)

spawning lobby player: bjoernpollen 
(Filename: ./Runtime/Export/Debug/Debug.bindings.h Line: 35)

someone else joined lobby 
(Filename: ./Runtime/Export/Debug/Debug.bindings.h Line: 35)

spawning lobby player: gutt_heter_finger 
(Filename: ./Runtime/Export/Debug/Debug.bindings.h Line: 35)

Found available id in steam as: 1, steam name: gutt_heter_finger 
(Filename: ./Runtime/Export/Debug/Debug.bindings.h Line: 35)

finished adding player 
(Filename: ./Runtime/Export/Debug/Debug.bindings.h Line: 35)

incoming chat message 
(Filename: ./Runtime/Export/Debug/Debug.bindings.h Line: 35)

incoming player info 
(Filename: ./Runtime/Export/Debug/Debug.bindings.h Line: 35)

starting lobby 
(Filename: ./Runtime/Export/Debug/Debug.bindings.h Line: 35)

Client 
(Filename: ./Runtime/Export/Debug/Debug.bindings.h Line: 35)

Player 
(Filename: ./Runtime/Export/Debug/Debug.bindings.h Line: 35)

sending start game 
(Filename: ./Runtime/Export/Debug/Debug.bindings.h Line: 35)

Sending start game packet 
(Filename: ./Runtime/Export/Debug/Debug.bindings.h Line: 35)

Game settings successfully loaded 
(Filename: ./Runtime/Export/Debug/Debug.bindings.h Line: 35)

loading game scene, assigned id: 0 
(Filename: ./Runtime/Export/Debug/Debug.bindings.h Line: 35)

Client 
(Filename: ./Runtime/Export/Debug/Debug.bindings.h Line: 35)

Player 
(Filename: ./Runtime/Export/Debug/Debug.bindings.h Line: 35)

sending start game 
(Filename: ./Runtime/Export/Debug/Debug.bindings.h Line: 35)

Sending start game packet 
(Filename: ./Runtime/Export/Debug/Debug.bindings.h Line: 35)

Client 
(Filename: ./Runtime/Export/Debug/Debug.bindings.h Line: 35)

Null 
(Filename: ./Runtime/Export/Debug/Debug.bindings.h Line: 35)

Client 
(Filename: ./Runtime/Export/Debug/Debug.bindings.h Line: 35)

Null 
(Filename: ./Runtime/Export/Debug/Debug.bindings.h Line: 35)

Client 
(Filename: ./Runtime/Export/Debug/Debug.bindings.h Line: 35)

Null 
(Filename: ./Runtime/Export/Debug/Debug.bindings.h Line: 35)

Client 
(Filename: ./Runtime/Export/Debug/Debug.bindings.h Line: 35)

Null 
(Filename: ./Runtime/Export/Debug/Debug.bindings.h Line: 35)

Client 
(Filename: ./Runtime/Export/Debug/Debug.bindings.h Line: 35)

Null 
(Filename: ./Runtime/Export/Debug/Debug.bindings.h Line: 35)

Client 
(Filename: ./Runtime/Export/Debug/Debug.bindings.h Line: 35)

Null 
(Filename: ./Runtime/Export/Debug/Debug.bindings.h Line: 35)

Client 
(Filename: ./Runtime/Export/Debug/Debug.bindings.h Line: 35)

Null 
(Filename: ./Runtime/Export/Debug/Debug.bindings.h Line: 35)

Client 
(Filename: ./Runtime/Export/Debug/Debug.bindings.h Line: 35)

Null 
(Filename: ./Runtime/Export/Debug/Debug.bindings.h Line: 35)

Starting game done 
(Filename: ./Runtime/Export/Debug/Debug.bindings.h Line: 35)

Unloading 6 Unused Serialized files (Serialized files now loaded: 0)
UnloadTime: 5.642006 ms
grassindex: 3.637386 
(Filename: ./Runtime/Export/Debug/Debug.bindings.h Line: 35)


Unloading 84 unused Assets to reduce memory usage. Loaded Objects now: 11987.
Total: 44.743745 ms (FindLiveObjects: 0.441825 ms CreateObjectMapping: 0.215057 ms MarkObjects: 43.448159 ms  DeleteObjects: 0.638312 ms)

Setting up 6 worker threads for Enlighten.
  Thread -> id: 7fbfa7fff6c0 -> priority: 1 
  Thread -> id: 7fbfa6ffe6c0 -> priority: 1 
  Thread -> id: 7fbfa5ffd6c0 -> priority: 1 
  Thread -> id: 7fbfa4ffc6c0 -> priority: 1 
  Thread -> id: 7fbfa3ffb6c0 -> priority: 1 
  Thread -> id: 7fbfa2ffa6c0 -> priority: 1 
Parent of RectTransform is being set with parent property. Consider using the SetParent method instead, with the worldPositionStays argument set to false. This will retain local orientation and scale rather than world orientation and scale, which can prevent common UI scaling issues. 
(Filename: ./Runtime/Export/Debug/Debug.bindings.h Line: 35)

spawned 1 / 1 
(Filename: ./Runtime/Export/Debug/Debug.bindings.h Line: 35)

spawned 3 / 3 
(Filename: ./Runtime/Export/Debug/Debug.bindings.h Line: 35)

spawned 3 / 3 
(Filename: ./Runtime/Export/Debug/Debug.bindings.h Line: 35)

spawned 2 / 2 
(Filename: ./Runtime/Export/Debug/Debug.bindings.h Line: 35)

spawned 4 / 4 
(Filename: ./Runtime/Export/Debug/Debug.bindings.h Line: 35)

spawned 3 / 3 
(Filename: ./Runtime/Export/Debug/Debug.bindings.h Line: 35)

spawned 3 / 3 
(Filename: ./Runtime/Export/Debug/Debug.bindings.h Line: 35)

spawned 0 / 1 
(Filename: ./Runtime/Export/Debug/Debug.bindings.h Line: 35)

spawned 2 / 2 
(Filename: ./Runtime/Export/Debug/Debug.bindings.h Line: 35)

spawned 1 / 2 
(Filename: ./Runtime/Export/Debug/Debug.bindings.h Line: 35)

spawned 6 / 6 
(Filename: ./Runtime/Export/Debug/Debug.bindings.h Line: 35)

spawned 1 / 2 
(Filename: ./Runtime/Export/Debug/Debug.bindings.h Line: 35)

spawned 3 / 3 
(Filename: ./Runtime/Export/Debug/Debug.bindings.h Line: 35)

spawned 4 / 4 
(Filename: ./Runtime/Export/Debug/Debug.bindings.h Line: 35)

spawned 0 / 1 
(Filename: ./Runtime/Export/Debug/Debug.bindings.h Line: 35)

spawned 1 / 3 
(Filename: ./Runtime/Export/Debug/Debug.bindings.h Line: 35)

spawned 1 / 2 
(Filename: ./Runtime/Export/Debug/Debug.bindings.h Line: 35)

spawned 2 / 3 
(Filename: ./Runtime/Export/Debug/Debug.bindings.h Line: 35)

spawned 4 / 5 
(Filename: ./Runtime/Export/Debug/Debug.bindings.h Line: 35)

spawned 2 / 2 
(Filename: ./Runtime/Export/Debug/Debug.bindings.h Line: 35)

spawned 0 / 2 
(Filename: ./Runtime/Export/Debug/Debug.bindings.h Line: 35)

spawned: 68 
(Filename: ./Runtime/Export/Debug/Debug.bindings.h Line: 35)

spawned: 4 
(Filename: ./Runtime/Export/Debug/Debug.bindings.h Line: 35)

spawned: 5 
(Filename: ./Runtime/Export/Debug/Debug.bindings.h Line: 35)

Player finished loading: 0 
(Filename: ./Runtime/Export/Debug/Debug.bindings.h Line: 35)

System.NullReferenceException: Object reference not set to an instance of an object
  at ServerHandle.PlayerHitObject (System.Int32 fromClient, Packet packet) [0x00066] in <67f488ac102f478da1b726e8e3339fbe>:0 
  at SteamPacketManager.HandlePacket (System.Nullable`1[T] p2Packet, System.Int32 channel) [0x000ed] in <67f488ac102f478da1b726e8e3339fbe>:0 
  at SteamPacketManager.SendPacket (Steamworks.SteamId steamId, Packet p, Steamworks.P2PSend p2pSend, SteamPacketManager+NetworkChannel channel) [0x0006a] in <67f488ac102f478da1b726e8e3339fbe>:0 
  at ClientSend.SendTCPData (Packet packet) [0x00055] in <67f488ac102f478da1b726e8e3339fbe>:0 
  at ClientSend.PlayerHitObject (System.Int32 damage, System.Int32 objectID, System.Int32 hitEffect, UnityEngine.Vector3 pos, System.Int32 weaponHitType) [0x0002c] in <67f488ac102f478da1b726e8e3339fbe>:0  
(Filename: ./Runtime/Export/Debug/Debug.bindings.h Line: 35)

System.NullReferenceException: Object reference not set to an instance of an object
  at ServerHandle.PlayerHitObject (System.Int32 fromClient, Packet packet) [0x00066] in <67f488ac102f478da1b726e8e3339fbe>:0 
  at SteamPacketManager.HandlePacket (System.Nullable`1[T] p2Packet, System.Int32 channel) [0x000ed] in <67f488ac102f478da1b726e8e3339fbe>:0 
  at SteamPacketManager.SendPacket (Steamworks.SteamId steamId, Packet p, Steamworks.P2PSend p2pSend, SteamPacketManager+NetworkChannel channel) [0x0006a] in <67f488ac102f478da1b726e8e3339fbe>:0 
  at ClientSend.SendTCPData (Packet packet) [0x00055] in <67f488ac102f478da1b726e8e3339fbe>:0 
  at ClientSend.PlayerHitObject (System.Int32 damage, System.Int32 objectID, System.Int32 hitEffect, UnityEngine.Vector3 pos, System.Int32 weaponHitType) [0x0002c] in <67f488ac102f478da1b726e8e3339fbe>:0  
(Filename: ./Runtime/Export/Debug/Debug.bindings.h Line: 35)

System.NullReferenceException: Object reference not set to an instance of an object
  at ServerHandle.PlayerHitObject (System.Int32 fromClient, Packet packet) [0x00066] in <67f488ac102f478da1b726e8e3339fbe>:0 
  at SteamPacketManager.HandlePacket (System.Nullable`1[T] p2Packet, System.Int32 channel) [0x000ed] in <67f488ac102f478da1b726e8e3339fbe>:0 
  at SteamPacketManager.SendPacket (Steamworks.SteamId steamId, Packet p, Steamworks.P2PSend p2pSend, SteamPacketManager+NetworkChannel channel) [0x0006a] in <67f488ac102f478da1b726e8e3339fbe>:0 
  at ClientSend.SendTCPData (Packet packet) [0x00055] in <67f488ac102f478da1b726e8e3339fbe>:0 
  at ClientSend.PlayerHitObject (System.Int32 damage, System.Int32 objectID, System.Int32 hitEffect, UnityEngine.Vector3 pos, System.Int32 weaponHitType) [0x0002c] in <67f488ac102f478da1b726e8e3339fbe>:0  
(Filename: ./Runtime/Export/Debug/Debug.bindings.h Line: 35)

Checking all players 
(Filename: ./Runtime/Export/Debug/Debug.bindings.h Line: 35)

Player finished loading: 1 
(Filename: ./Runtime/Export/Debug/Debug.bindings.h Line: 35)

ready players: 2 / 2 
(Filename: ./Runtime/Export/Debug/Debug.bindings.h Line: 35)

NullReferenceException: Object reference not set to an instance of an object
  at ServerHandle.PlayerHitObject (System.Int32 fromClient, Packet packet) [0x00066] in <67f488ac102f478da1b726e8e3339fbe>:0 
  at SteamPacketManager.HandlePacket (System.Nullable`1[T] p2Packet, System.Int32 channel) [0x000ed] in <67f488ac102f478da1b726e8e3339fbe>:0 
  at SteamPacketManager.CheckForPackets () [0x00014] in <67f488ac102f478da1b726e8e3339fbe>:0 
  at SteamPacketManager.Update () [0x00005] in <67f488ac102f478da1b726e8e3339fbe>:0 
 
(Filename: <67f488ac102f478da1b726e8e3339fbe> Line: 0)

NullReferenceException: Object reference not set to an instance of an object
  at ServerHandle.PlayerHitObject (System.Int32 fromClient, Packet packet) [0x00066] in <67f488ac102f478da1b726e8e3339fbe>:0 
  at SteamPacketManager.HandlePacket (System.Nullable`1[T] p2Packet, System.Int32 channel) [0x000ed] in <67f488ac102f478da1b726e8e3339fbe>:0 
  at SteamPacketManager.CheckForPackets () [0x00014] in <67f488ac102f478da1b726e8e3339fbe>:0 
  at SteamPacketManager.Update () [0x00005] in <67f488ac102f478da1b726e8e3339fbe>:0 
 
(Filename: <67f488ac102f478da1b726e8e3339fbe> Line: 0)

NullReferenceException: Object reference not set to an instance of an object
  at ServerHandle.PlayerHitObject (System.Int32 fromClient, Packet packet) [0x00066] in <67f488ac102f478da1b726e8e3339fbe>:0 
  at SteamPacketManager.HandlePacket (System.Nullable`1[T] p2Packet, System.Int32 channel) [0x000ed] in <67f488ac102f478da1b726e8e3339fbe>:0 
  at SteamPacketManager.CheckForPackets () [0x00014] in <67f488ac102f478da1b726e8e3339fbe>:0 
  at SteamPacketManager.Update () [0x00005] in <67f488ac102f478da1b726e8e3339fbe>:0 
 
(Filename: <67f488ac102f478da1b726e8e3339fbe> Line: 0)

spawning player, id: 0, sending to 0 
(Filename: ./Runtime/Export/Debug/Debug.bindings.h Line: 35)

Spawning player 
(Filename: ./Runtime/Export/Debug/Debug.bindings.h Line: 35)

GamesStarted: 34 
(Filename: ./Runtime/Export/Debug/Debug.bindings.h Line: 35)

Easy: 34 
(Filename: ./Runtime/Export/Debug/Debug.bindings.h Line: 35)

spawning player, id: 1, sending to 0 
(Filename: ./Runtime/Export/Debug/Debug.bindings.h Line: 35)

Spawning player 
(Filename: ./Runtime/Export/Debug/Debug.bindings.h Line: 35)

GamesStarted: 35 
(Filename: ./Runtime/Export/Debug/Debug.bindings.h Line: 35)

Easy: 35 
(Filename: ./Runtime/Export/Debug/Debug.bindings.h Line: 35)

spawning player, id: 0, sending to 1 
(Filename: ./Runtime/Export/Debug/Debug.bindings.h Line: 35)

spawning player, id: 1, sending to 1 
(Filename: ./Runtime/Export/Debug/Debug.bindings.h Line: 35)

players alive:  2 
(Filename: ./Runtime/Export/Debug/Debug.bindings.h Line: 35)

Max sruvived days: 11 
(Filename: ./Runtime/Export/Debug/Debug.bindings.h Line: 35)

dequeing 
(Filename: ./Runtime/Export/Debug/Debug.bindings.h Line: 35)

spawning mob from id: 305 
(Filename: ./Runtime/Export/Debug/Debug.bindings.h Line: 35)

queue: 3 
(Filename: ./Runtime/Export/Debug/Debug.bindings.h Line: 35)

dequeing 
(Filename: ./Runtime/Export/Debug/Debug.bindings.h Line: 35)

spawning mob from id: 305 
(Filename: ./Runtime/Export/Debug/Debug.bindings.h Line: 35)

queue: 2 
(Filename: ./Runtime/Export/Debug/Debug.bindings.h Line: 35)

dequeing 
(Filename: ./Runtime/Export/Debug/Debug.bindings.h Line: 35)

spawning mob from id: 305 
(Filename: ./Runtime/Export/Debug/Debug.bindings.h Line: 35)

queue: 1 
(Filename: ./Runtime/Export/Debug/Debug.bindings.h Line: 35)

setting grass mesh 
(Filename: ./Runtime/Export/Debug/Debug.bindings.h Line: 35)

nope 
(Filename: ./Runtime/Export/Debug/Debug.bindings.h Line: 35)

sent update 
(Filename: ./Runtime/Export/Debug/Debug.bindings.h Line: 35)

dequeing 
(Filename: ./Runtime/Export/Debug/Debug.bindings.h Line: 35)

spawning mob from id: 20 
(Filename: ./Runtime/Export/Debug/Debug.bindings.h Line: 35)

queue: 3 
(Filename: ./Runtime/Export/Debug/Debug.bindings.h Line: 35)

dequeing 
(Filename: ./Runtime/Export/Debug/Debug.bindings.h Line: 35)

spawning mob from id: 20 
(Filename: ./Runtime/Export/Debug/Debug.bindings.h Line: 35)

queue: 2 
(Filename: ./Runtime/Export/Debug/Debug.bindings.h Line: 35)

dequeing 
(Filename: ./Runtime/Export/Debug/Debug.bindings.h Line: 35)

spawning mob from id: 20 
(Filename: ./Runtime/Export/Debug/Debug.bindings.h Line: 35)

queue: 1 
(Filename: ./Runtime/Export/Debug/Debug.bindings.h Line: 35)

dequeing 
(Filename: ./Runtime/Export/Debug/Debug.bindings.h Line: 35)

spawning mob from id: 25 
(Filename: ./Runtime/Export/Debug/Debug.bindings.h Line: 35)

queue: 3 
(Filename: ./Runtime/Export/Debug/Debug.bindings.h Line: 35)

dequeing 
(Filename: ./Runtime/Export/Debug/Debug.bindings.h Line: 35)

spawning mob from id: 25 
(Filename: ./Runtime/Export/Debug/Debug.bindings.h Line: 35)

queue: 2 
(Filename: ./Runtime/Export/Debug/Debug.bindings.h Line: 35)

dequeing 
(Filename: ./Runtime/Export/Debug/Debug.bindings.h Line: 35)

spawning mob from id: 25 
(Filename: ./Runtime/Export/Debug/Debug.bindings.h Line: 35)

queue: 1 
(Filename: ./Runtime/Export/Debug/Debug.bindings.h Line: 35)

dequeing 
(Filename: ./Runtime/Export/Debug/Debug.bindings.h Line: 35)

spawning mob from id: 7 
(Filename: ./Runtime/Export/Debug/Debug.bindings.h Line: 35)

queue: 3 
(Filename: ./Runtime/Export/Debug/Debug.bindings.h Line: 35)

dequeing 
(Filename: ./Runtime/Export/Debug/Debug.bindings.h Line: 35)

spawning mob from id: 7 
(Filename: ./Runtime/Export/Debug/Debug.bindings.h Line: 35)

queue: 2 
(Filename: ./Runtime/Export/Debug/Debug.bindings.h Line: 35)

dequeing 
(Filename: ./Runtime/Export/Debug/Debug.bindings.h Line: 35)

spawning mob from id: 7 
(Filename: ./Runtime/Export/Debug/Debug.bindings.h Line: 35)

queue: 1 
(Filename: ./Runtime/Export/Debug/Debug.bindings.h Line: 35)

Jumps: 2562 
(Filename: ./Runtime/Export/Debug/Debug.bindings.h Line: 35)

Jumps: 2563 
(Filename: ./Runtime/Export/Debug/Debug.bindings.h Line: 35)

Move dist: 147480, added this one: 36 
(Filename: ./Runtime/Export/Debug/Debug.bindings.h Line: 35)

swim dist: 0, added this one: 0 
(Filename: ./Runtime/Export/Debug/Debug.bindings.h Line: 35)

Jumps: 2564 
(Filename: ./Runtime/Export/Debug/Debug.bindings.h Line: 35)

Jumps: 2565 
(Filename: ./Runtime/Export/Debug/Debug.bindings.h Line: 35)

setting grass mesh 
(Filename: ./Runtime/Export/Debug/Debug.bindings.h Line: 35)

Move dist: 147538, added this one: 58 
(Filename: ./Runtime/Export/Debug/Debug.bindings.h Line: 35)

swim dist: 0, added this one: 0 
(Filename: ./Runtime/Export/Debug/Debug.bindings.h Line: 35)

attacking. stoponattack: False 
(Filename: ./Runtime/Export/Debug/Debug.bindings.h Line: 35)

setting grass mesh 
(Filename: ./Runtime/Export/Debug/Debug.bindings.h Line: 35)

y component: -0.1658394 
(Filename: ./Runtime/Export/Debug/Debug.bindings.h Line: 35)

launch angle: 9.833391 
(Filename: ./Runtime/Export/Debug/Debug.bindings.h Line: 35)

mob id: 1, in mob manager: True 
(Filename: ./Runtime/Export/Debug/Debug.bindings.h Line: 35)

setting damage to: 30 
(Filename: ./Runtime/Export/Debug/Debug.bindings.h Line: 35)

added to available cell 
(Filename: ./Runtime/Export/Debug/Debug.bindings.h Line: 35)

checking 
(Filename: ./Runtime/Export/Debug/Debug.bindings.h Line: 35)

Unlocking hard 
(Filename: ./Runtime/Export/Debug/Debug.bindings.h Line: 35)

sending pickup interact now from: 0 
(Filename: ./Runtime/Export/Debug/Debug.bindings.h Line: 35)

setting grass mesh 
(Filename: ./Runtime/Export/Debug/Debug.bindings.h Line: 35)

Move dist: 147586, added this one: 48 
(Filename: ./Runtime/Export/Debug/Debug.bindings.h Line: 35)

swim dist: 0, added this one: 0 
(Filename: ./Runtime/Export/Debug/Debug.bindings.h Line: 35)

setting grass mesh 
(Filename: ./Runtime/Export/Debug/Debug.bindings.h Line: 35)

setting grass mesh 
(Filename: ./Runtime/Export/Debug/Debug.bindings.h Line: 35)

Move dist: 147634, added this one: 48 
(Filename: ./Runtime/Export/Debug/Debug.bindings.h Line: 35)

swim dist: 0, added this one: 0 
(Filename: ./Runtime/Export/Debug/Debug.bindings.h Line: 35)

Jumps: 2566 
(Filename: ./Runtime/Export/Debug/Debug.bindings.h Line: 35)

Move dist: 147682, added this one: 48 
(Filename: ./Runtime/Export/Debug/Debug.bindings.h Line: 35)

swim dist: 0, added this one: 0 
(Filename: ./Runtime/Export/Debug/Debug.bindings.h Line: 35)

setting grass mesh 
(Filename: ./Runtime/Export/Debug/Debug.bindings.h Line: 35)

setting grass mesh 
(Filename: ./Runtime/Export/Debug/Debug.bindings.h Line: 35)

Jumps: 2567 
(Filename: ./Runtime/Export/Debug/Debug.bindings.h Line: 35)

dequeing 
(Filename: ./Runtime/Export/Debug/Debug.bindings.h Line: 35)

spawning food from id: 197 
(Filename: ./Runtime/Export/Debug/Debug.bindings.h Line: 35)

dequeing 
(Filename: ./Runtime/Export/Debug/Debug.bindings.h Line: 35)

spawning food from id: 197 
(Filename: ./Runtime/Export/Debug/Debug.bindings.h Line: 35)

dequeing 
(Filename: ./Runtime/Export/Debug/Debug.bindings.h Line: 35)

spawning food from id: 197 
(Filename: ./Runtime/Export/Debug/Debug.bindings.h Line: 35)

dequeing 
(Filename: ./Runtime/Export/Debug/Debug.bindings.h Line: 35)

spawning food from id: 197 
(Filename: ./Runtime/Export/Debug/Debug.bindings.h Line: 35)

dequeing 
(Filename: ./Runtime/Export/Debug/Debug.bindings.h Line: 35)

spawning food from id: 197 
(Filename: ./Runtime/Export/Debug/Debug.bindings.h Line: 35)

Jumps: 2568 
(Filename: ./Runtime/Export/Debug/Debug.bindings.h Line: 35)

Move dist: 147730, added this one: 48 
(Filename: ./Runtime/Export/Debug/Debug.bindings.h Line: 35)

swim dist: 0, added this one: 0 
(Filename: ./Runtime/Export/Debug/Debug.bindings.h Line: 35)

added to available cell 
(Filename: ./Runtime/Export/Debug/Debug.bindings.h Line: 35)

checking 
(Filename: ./Runtime/Export/Debug/Debug.bindings.h Line: 35)

Unlocking hard 
(Filename: ./Runtime/Export/Debug/Debug.bindings.h Line: 35)

sending pickup interact now from: 0 
(Filename: ./Runtime/Export/Debug/Debug.bindings.h Line: 35)

setting grass mesh 
(Filename: ./Runtime/Export/Debug/Debug.bindings.h Line: 35)

Move dist: 147765, added this one: 35 
(Filename: ./Runtime/Export/Debug/Debug.bindings.h Line: 35)

swim dist: 0, added this one: 0 
(Filename: ./Runtime/Export/Debug/Debug.bindings.h Line: 35)

Jumps: 2569 
(Filename: ./Runtime/Export/Debug/Debug.bindings.h Line: 35)

Jumps: 2570 
(Filename: ./Runtime/Export/Debug/Debug.bindings.h Line: 35)

Jumps: 2571 
(Filename: ./Runtime/Export/Debug/Debug.bindings.h Line: 35)

setting grass mesh 
(Filename: ./Runtime/Export/Debug/Debug.bindings.h Line: 35)

Move dist: 147820, added this one: 55 
(Filename: ./Runtime/Export/Debug/Debug.bindings.h Line: 35)

swim dist: 0, added this one: 0 
(Filename: ./Runtime/Export/Debug/Debug.bindings.h Line: 35)

key: W 
(Filename: ./Runtime/Export/Debug/Debug.bindings.h Line: 35)

key: S 
(Filename: ./Runtime/Export/Debug/Debug.bindings.h Line: 35)

key: A 
(Filename: ./Runtime/Export/Debug/Debug.bindings.h Line: 35)

key: D 
(Filename: ./Runtime/Export/Debug/Debug.bindings.h Line: 35)

key: Space 
(Filename: ./Runtime/Export/Debug/Debug.bindings.h Line: 35)

key: LeftShift 
(Filename: ./Runtime/Export/Debug/Debug.bindings.h Line: 35)

key: E 
(Filename: ./Runtime/Export/Debug/Debug.bindings.h Line: 35)

key: Tab 
(Filename: ./Runtime/Export/Debug/Debug.bindings.h Line: 35)

key: M 
(Filename: ./Runtime/Export/Debug/Debug.bindings.h Line: 35)

key: Mouse0 
(Filename: ./Runtime/Export/Debug/Debug.bindings.h Line: 35)

key: Mouse1 
(Filename: ./Runtime/Export/Debug/Debug.bindings.h Line: 35)

found current res 
(Filename: ./Runtime/Export/Debug/Debug.bindings.h Line: 35)

updates sens to: 1.05 
(Filename: ./Runtime/Export/Debug/Debug.bindings.h Line: 35)

updates sens to: 1.12 
(Filename: ./Runtime/Export/Debug/Debug.bindings.h Line: 35)

updates sens to: 1.2 
(Filename: ./Runtime/Export/Debug/Debug.bindings.h Line: 35)

updates sens to: 1.29 
(Filename: ./Runtime/Export/Debug/Debug.bindings.h Line: 35)

updates sens to: 1.36 
(Filename: ./Runtime/Export/Debug/Debug.bindings.h Line: 35)

updates sens to: 1.45 
(Filename: ./Runtime/Export/Debug/Debug.bindings.h Line: 35)

updates sens to: 1.57 
(Filename: ./Runtime/Export/Debug/Debug.bindings.h Line: 35)

updates sens to: 1.75 
(Filename: ./Runtime/Export/Debug/Debug.bindings.h Line: 35)

updates sens to: 2 
(Filename: ./Runtime/Export/Debug/Debug.bindings.h Line: 35)

updates sens to: 2.16 
(Filename: ./Runtime/Export/Debug/Debug.bindings.h Line: 35)

updates sens to: 2.41 
(Filename: ./Runtime/Export/Debug/Debug.bindings.h Line: 35)

updates sens to: 2.46 
(Filename: ./Runtime/Export/Debug/Debug.bindings.h Line: 35)

updates sens to: 2.48 
(Filename: ./Runtime/Export/Debug/Debug.bindings.h Line: 35)

updates sens to: 2.52 
(Filename: ./Runtime/Export/Debug/Debug.bindings.h Line: 35)

updates sens to: 2.54 
(Filename: ./Runtime/Export/Debug/Debug.bindings.h Line: 35)

updates sens to: 2.61 
(Filename: ./Runtime/Export/Debug/Debug.bindings.h Line: 35)

updates sens to: 2.62 
(Filename: ./Runtime/Export/Debug/Debug.bindings.h Line: 35)

updates sens to: 2.64 
(Filename: ./Runtime/Export/Debug/Debug.bindings.h Line: 35)

updates sens to: 2.66 
(Filename: ./Runtime/Export/Debug/Debug.bindings.h Line: 35)

updates sens to: 2.62 
(Filename: ./Runtime/Export/Debug/Debug.bindings.h Line: 35)

updates sens to: 2.61 
(Filename: ./Runtime/Export/Debug/Debug.bindings.h Line: 35)

updates sens to: 2.59 
(Filename: ./Runtime/Export/Debug/Debug.bindings.h Line: 35)

updates sens to: 2.57 
(Filename: ./Runtime/Export/Debug/Debug.bindings.h Line: 35)

updates sens to: 2.52 
(Filename: ./Runtime/Export/Debug/Debug.bindings.h Line: 35)

updates sens to: 2.45 
(Filename: ./Runtime/Export/Debug/Debug.bindings.h Line: 35)

updates sens to: 2.38 
(Filename: ./Runtime/Export/Debug/Debug.bindings.h Line: 35)

updates sens to: 2.29 
(Filename: ./Runtime/Export/Debug/Debug.bindings.h Line: 35)

updates sens to: 2.21 
(Filename: ./Runtime/Export/Debug/Debug.bindings.h Line: 35)

updates sens to: 2.18 
(Filename: ./Runtime/Export/Debug/Debug.bindings.h Line: 35)

updates sens to: 2.16 
(Filename: ./Runtime/Export/Debug/Debug.bindings.h Line: 35)

updates sens to: 2.11 
(Filename: ./Runtime/Export/Debug/Debug.bindings.h Line: 35)

Move dist: 147825, added this one: 5 
(Filename: ./Runtime/Export/Debug/Debug.bindings.h Line: 35)

swim dist: 0, added this one: 0 
(Filename: ./Runtime/Export/Debug/Debug.bindings.h Line: 35)

updates sens to: 2.04 
(Filename: ./Runtime/Export/Debug/Debug.bindings.h Line: 35)

updates sens to: 1.95 
(Filename: ./Runtime/Export/Debug/Debug.bindings.h Line: 35)

updates sens to: 1.82 
(Filename: ./Runtime/Export/Debug/Debug.bindings.h Line: 35)

updates sens to: 1.75 
(Filename: ./Runtime/Export/Debug/Debug.bindings.h Line: 35)

updates sens to: 1.68 
(Filename: ./Runtime/Export/Debug/Debug.bindings.h Line: 35)

updates sens to: 1.66 
(Filename: ./Runtime/Export/Debug/Debug.bindings.h Line: 35)

updates sens to: 1.64 
(Filename: ./Runtime/Export/Debug/Debug.bindings.h Line: 35)

updates sens to: 1.62 
(Filename: ./Runtime/Export/Debug/Debug.bindings.h Line: 35)

updates sens to: 1.66 
(Filename: ./Runtime/Export/Debug/Debug.bindings.h Line: 35)

updates sens to: 1.68 
(Filename: ./Runtime/Export/Debug/Debug.bindings.h Line: 35)

updates sens to: 1.7 
(Filename: ./Runtime/Export/Debug/Debug.bindings.h Line: 35)

updates sens to: 1.71 
(Filename: ./Runtime/Export/Debug/Debug.bindings.h Line: 35)

updates sens to: 1.75 
(Filename: ./Runtime/Export/Debug/Debug.bindings.h Line: 35)

updates sens to: 1.77 
(Filename: ./Runtime/Export/Debug/Debug.bindings.h Line: 35)

updates sens to: 1.79 
(Filename: ./Runtime/Export/Debug/Debug.bindings.h Line: 35)

updates sens to: 1.8 
(Filename: ./Runtime/Export/Debug/Debug.bindings.h Line: 35)

updates sens to: 1.82 
(Filename: ./Runtime/Export/Debug/Debug.bindings.h Line: 35)

updates sens to: 1.86 
(Filename: ./Runtime/Export/Debug/Debug.bindings.h Line: 35)

updates sens to: 1.88 
(Filename: ./Runtime/Export/Debug/Debug.bindings.h Line: 35)

updates sens to: 1.89 
(Filename: ./Runtime/Export/Debug/Debug.bindings.h Line: 35)

updates sens to: 1.91 
(Filename: ./Runtime/Export/Debug/Debug.bindings.h Line: 35)

Jumps: 2572 
(Filename: ./Runtime/Export/Debug/Debug.bindings.h Line: 35)

dequeing 
(Filename: ./Runtime/Export/Debug/Debug.bindings.h Line: 35)

spawning food from id: 92 
(Filename: ./Runtime/Export/Debug/Debug.bindings.h Line: 35)

dequeing 
(Filename: ./Runtime/Export/Debug/Debug.bindings.h Line: 35)

spawning food from id: 92 
(Filename: ./Runtime/Export/Debug/Debug.bindings.h Line: 35)

dequeing 
(Filename: ./Runtime/Export/Debug/Debug.bindings.h Line: 35)

spawning food from id: 92 
(Filename: ./Runtime/Export/Debug/Debug.bindings.h Line: 35)

dequeing 
(Filename: ./Runtime/Export/Debug/Debug.bindings.h Line: 35)

spawning food from id: 92 
(Filename: ./Runtime/Export/Debug/Debug.bindings.h Line: 35)

setting grass mesh 
(Filename: ./Runtime/Export/Debug/Debug.bindings.h Line: 35)

Jumps: 2573 
(Filename: ./Runtime/Export/Debug/Debug.bindings.h Line: 35)

Move dist: 147863, added this one: 38 
(Filename: ./Runtime/Export/Debug/Debug.bindings.h Line: 35)

swim dist: 0, added this one: 0 
(Filename: ./Runtime/Export/Debug/Debug.bindings.h Line: 35)

Jumps: 2574 
(Filename: ./Runtime/Export/Debug/Debug.bindings.h Line: 35)

setting grass mesh 
(Filename: ./Runtime/Export/Debug/Debug.bindings.h Line: 35)

Jumps: 2575 
(Filename: ./Runtime/Export/Debug/Debug.bindings.h Line: 35)

setting grass mesh 
(Filename: ./Runtime/Export/Debug/Debug.bindings.h Line: 35)

Jumps: 2576 
(Filename: ./Runtime/Export/Debug/Debug.bindings.h Line: 35)

Move dist: 147918, added this one: 55 
(Filename: ./Runtime/Export/Debug/Debug.bindings.h Line: 35)

swim dist: 0, added this one: 0 
(Filename: ./Runtime/Export/Debug/Debug.bindings.h Line: 35)

setting grass mesh 
(Filename: ./Runtime/Export/Debug/Debug.bindings.h Line: 35)

Move dist: 147960, added this one: 42 
(Filename: ./Runtime/Export/Debug/Debug.bindings.h Line: 35)

swim dist: 0, added this one: 0 
(Filename: ./Runtime/Export/Debug/Debug.bindings.h Line: 35)

checking 
(Filename: ./Runtime/Export/Debug/Debug.bindings.h Line: 35)

sending pickup interact now from: 0 
(Filename: ./Runtime/Export/Debug/Debug.bindings.h Line: 35)

added to available cell 
(Filename: ./Runtime/Export/Debug/Debug.bindings.h Line: 35)

checking 
(Filename: ./Runtime/Export/Debug/Debug.bindings.h Line: 35)

Unlocking hard 
(Filename: ./Runtime/Export/Debug/Debug.bindings.h Line: 35)

sending pickup interact now from: 0 
(Filename: ./Runtime/Export/Debug/Debug.bindings.h Line: 35)

checking 
(Filename: ./Runtime/Export/Debug/Debug.bindings.h Line: 35)

sending pickup interact now from: 0 
(Filename: ./Runtime/Export/Debug/Debug.bindings.h Line: 35)

setting grass mesh 
(Filename: ./Runtime/Export/Debug/Debug.bindings.h Line: 35)

checking 
(Filename: ./Runtime/Export/Debug/Debug.bindings.h Line: 35)

sending pickup interact now from: 0 
(Filename: ./Runtime/Export/Debug/Debug.bindings.h Line: 35)

checking 
(Filename: ./Runtime/Export/Debug/Debug.bindings.h Line: 35)

sending pickup interact now from: 0 
(Filename: ./Runtime/Export/Debug/Debug.bindings.h Line: 35)

checking 
(Filename: ./Runtime/Export/Debug/Debug.bindings.h Line: 35)

sending pickup interact now from: 0 
(Filename: ./Runtime/Export/Debug/Debug.bindings.h Line: 35)

setting grass mesh 
(Filename: ./Runtime/Export/Debug/Debug.bindings.h Line: 35)

added to available cell 
(Filename: ./Runtime/Export/Debug/Debug.bindings.h Line: 35)

checking 
(Filename: ./Runtime/Export/Debug/Debug.bindings.h Line: 35)

Unlocking hard 
(Filename: ./Runtime/Export/Debug/Debug.bindings.h Line: 35)

sending pickup interact now from: 0 
(Filename: ./Runtime/Export/Debug/Debug.bindings.h Line: 35)

checking 
(Filename: ./Runtime/Export/Debug/Debug.bindings.h Line: 35)

sending pickup interact now from: 0 
(Filename: ./Runtime/Export/Debug/Debug.bindings.h Line: 35)

setting grass mesh 
(Filename: ./Runtime/Export/Debug/Debug.bindings.h Line: 35)

Jumps: 2577 
(Filename: ./Runtime/Export/Debug/Debug.bindings.h Line: 35)

Move dist: 147997, added this one: 37 
(Filename: ./Runtime/Export/Debug/Debug.bindings.h Line: 35)

swim dist: 0, added this one: 0 
(Filename: ./Runtime/Export/Debug/Debug.bindings.h Line: 35)

berserk multiplier: 0 
(Filename: ./Runtime/Export/Debug/Debug.bindings.h Line: 35)

berserk multiplier: 0 
(Filename: ./Runtime/Export/Debug/Debug.bindings.h Line: 35)

dequeing 
(Filename: ./Runtime/Export/Debug/Debug.bindings.h Line: 35)

spawning food from id: 123 
(Filename: ./Runtime/Export/Debug/Debug.bindings.h Line: 35)

dequeing 
(Filename: ./Runtime/Export/Debug/Debug.bindings.h Line: 35)

spawning food from id: 123 
(Filename: ./Runtime/Export/Debug/Debug.bindings.h Line: 35)

dequeing 
(Filename: ./Runtime/Export/Debug/Debug.bindings.h Line: 35)

spawning food from id: 123 
(Filename: ./Runtime/Export/Debug/Debug.bindings.h Line: 35)

dequeing 
(Filename: ./Runtime/Export/Debug/Debug.bindings.h Line: 35)

spawning food from id: 123 
(Filename: ./Runtime/Export/Debug/Debug.bindings.h Line: 35)

dequeing 
(Filename: ./Runtime/Export/Debug/Debug.bindings.h Line: 35)

spawning food from id: 146 
(Filename: ./Runtime/Export/Debug/Debug.bindings.h Line: 35)

dequeing 
(Filename: ./Runtime/Export/Debug/Debug.bindings.h Line: 35)

spawning food from id: 146 
(Filename: ./Runtime/Export/Debug/Debug.bindings.h Line: 35)

dequeing 
(Filename: ./Runtime/Export/Debug/Debug.bindings.h Line: 35)

spawning food from id: 146 
(Filename: ./Runtime/Export/Debug/Debug.bindings.h Line: 35)

dequeing 
(Filename: ./Runtime/Export/Debug/Debug.bindings.h Line: 35)

spawning food from id: 146 
(Filename: ./Runtime/Export/Debug/Debug.bindings.h Line: 35)

setting grass mesh 
(Filename: ./Runtime/Export/Debug/Debug.bindings.h Line: 35)

Move dist: 148040, added this one: 43 
(Filename: ./Runtime/Export/Debug/Debug.bindings.h Line: 35)

swim dist: 0, added this one: 0 
(Filename: ./Runtime/Export/Debug/Debug.bindings.h Line: 35)

Kinematic body only supports Speculative Continuous collision detection 
(Filename:  Line: 748)

dequeing 
(Filename: ./Runtime/Export/Debug/Debug.bindings.h Line: 35)

spawning food from id: 297 
(Filename: ./Runtime/Export/Debug/Debug.bindings.h Line: 35)

dequeing 
(Filename: ./Runtime/Export/Debug/Debug.bindings.h Line: 35)

spawning food from id: 297 
(Filename: ./Runtime/Export/Debug/Debug.bindings.h Line: 35)

dequeing 
(Filename: ./Runtime/Export/Debug/Debug.bindings.h Line: 35)

spawning food from id: 297 
(Filename: ./Runtime/Export/Debug/Debug.bindings.h Line: 35)

dequeing 
(Filename: ./Runtime/Export/Debug/Debug.bindings.h Line: 35)

spawning food from id: 297 
(Filename: ./Runtime/Export/Debug/Debug.bindings.h Line: 35)

dequeing 
(Filename: ./Runtime/Export/Debug/Debug.bindings.h Line: 35)

spawning food from id: 297 
(Filename: ./Runtime/Export/Debug/Debug.bindings.h Line: 35)

object: 0 picked up by player: 1 
(Filename: ./Runtime/Export/Debug/Debug.bindings.h Line: 35)

Move dist: 148074, added this one: 34 
(Filename: ./Runtime/Export/Debug/Debug.bindings.h Line: 35)

swim dist: 0, added this one: 0 
(Filename: ./Runtime/Export/Debug/Debug.bindings.h Line: 35)

changing scale lol 
(Filename: ./Runtime/Export/Debug/Debug.bindings.h Line: 35)

object hit from: 1 
(Filename: ./Runtime/Export/Debug/Debug.bindings.h Line: 35)

changing scale lol 
(Filename: ./Runtime/Export/Debug/Debug.bindings.h Line: 35)

object hit from: 1 
(Filename: ./Runtime/Export/Debug/Debug.bindings.h Line: 35)

setting grass mesh 
(Filename: ./Runtime/Export/Debug/Debug.bindings.h Line: 35)

Jumps: 2578 
(Filename: ./Runtime/Export/Debug/Debug.bindings.h Line: 35)

changing scale lol 
(Filename: ./Runtime/Export/Debug/Debug.bindings.h Line: 35)

object hit from: 1 
(Filename: ./Runtime/Export/Debug/Debug.bindings.h Line: 35)

Jumps: 2579 
(Filename: ./Runtime/Export/Debug/Debug.bindings.h Line: 35)

changing scale lol 
(Filename: ./Runtime/Export/Debug/Debug.bindings.h Line: 35)

object hit from: 1 
(Filename: ./Runtime/Export/Debug/Debug.bindings.h Line: 35)

Move dist: 148125, added this one: 51 
(Filename: ./Runtime/Export/Debug/Debug.bindings.h Line: 35)

swim dist: 0, added this one: 0 
(Filename: ./Runtime/Export/Debug/Debug.bindings.h Line: 35)

changing scale lol 
(Filename: ./Runtime/Export/Debug/Debug.bindings.h Line: 35)

object hit from: 1 
(Filename: ./Runtime/Export/Debug/Debug.bindings.h Line: 35)

Jumps: 2580 
(Filename: ./Runtime/Export/Debug/Debug.bindings.h Line: 35)

setting grass mesh 
(Filename: ./Runtime/Export/Debug/Debug.bindings.h Line: 35)

changing scale lol 
(Filename: ./Runtime/Export/Debug/Debug.bindings.h Line: 35)

object hit from: 1 
(Filename: ./Runtime/Export/Debug/Debug.bindings.h Line: 35)

berserk multiplier: 0 
(Filename: ./Runtime/Export/Debug/Debug.bindings.h Line: 35)

berserk multiplier: 0 
(Filename: ./Runtime/Export/Debug/Debug.bindings.h Line: 35)

changing scale lol 
(Filename: ./Runtime/Export/Debug/Debug.bindings.h Line: 35)

object hit from: 1 
(Filename: ./Runtime/Export/Debug/Debug.bindings.h Line: 35)

Move dist: 148169, added this one: 44 
(Filename: ./Runtime/Export/Debug/Debug.bindings.h Line: 35)

swim dist: 0, added this one: 0 
(Filename: ./Runtime/Export/Debug/Debug.bindings.h Line: 35)

changing scale lol 
(Filename: ./Runtime/Export/Debug/Debug.bindings.h Line: 35)

object hit from: 1 
(Filename: ./Runtime/Export/Debug/Debug.bindings.h Line: 35)

changing scale lol 
(Filename: ./Runtime/Export/Debug/Debug.bindings.h Line: 35)

object hit from: 1 
(Filename: ./Runtime/Export/Debug/Debug.bindings.h Line: 35)

dropping item 
(Filename: ./Runtime/Export/Debug/Debug.bindings.h Line: 35)

object: 2 picked up by player: 1 
(Filename: ./Runtime/Export/Debug/Debug.bindings.h Line: 35)

object: 1 picked up by player: 1 
(Filename: ./Runtime/Export/Debug/Debug.bindings.h Line: 35)

Jumps: 2581 
(Filename: ./Runtime/Export/Debug/Debug.bindings.h Line: 35)

Move dist: 148215, added this one: 46 
(Filename: ./Runtime/Export/Debug/Debug.bindings.h Line: 35)

swim dist: 0, added this one: 0 
(Filename: ./Runtime/Export/Debug/Debug.bindings.h Line: 35)

object: 3 picked up by player: 0 
(Filename: ./Runtime/Export/Debug/Debug.bindings.h Line: 35)

added to available cell 
(Filename: ./Runtime/Export/Debug/Debug.bindings.h Line: 35)

checking 
(Filename: ./Runtime/Export/Debug/Debug.bindings.h Line: 35)

Unlocking hard 
(Filename: ./Runtime/Export/Debug/Debug.bindings.h Line: 35)

sending pickup now from: 0 
(Filename: ./Runtime/Export/Debug/Debug.bindings.h Line: 35)

berserk multiplier: 0 
(Filename: ./Runtime/Export/Debug/Debug.bindings.h Line: 35)

berserk multiplier: 0 
(Filename: ./Runtime/Export/Debug/Debug.bindings.h Line: 35)

Move dist: 148254, added this one: 39 
(Filename: ./Runtime/Export/Debug/Debug.bindings.h Line: 35)

swim dist: 0, added this one: 0 
(Filename: ./Runtime/Export/Debug/Debug.bindings.h Line: 35)

overlay set to: 0.6 
(Filename: ./Runtime/Export/Debug/Debug.bindings.h Line: 35)

overlay set to: 0.6 
(Filename: ./Runtime/Export/Debug/Debug.bindings.h Line: 35)

overlay set to: 0.6 
(Filename: ./Runtime/Export/Debug/Debug.bindings.h Line: 35)

setting grass mesh 
(Filename: ./Runtime/Export/Debug/Debug.bindings.h Line: 35)

changing scale lol 
(Filename: ./Runtime/Export/Debug/Debug.bindings.h Line: 35)

object hit from: 1 
(Filename: ./Runtime/Export/Debug/Debug.bindings.h Line: 35)

changing scale lol 
(Filename: ./Runtime/Export/Debug/Debug.bindings.h Line: 35)

object hit from: 1 
(Filename: ./Runtime/Export/Debug/Debug.bindings.h Line: 35)

berserk multiplier: 0 
(Filename: ./Runtime/Export/Debug/Debug.bindings.h Line: 35)

Move dist: 148284, added this one: 30 
(Filename: ./Runtime/Export/Debug/Debug.bindings.h Line: 35)

swim dist: 0, added this one: 0 
(Filename: ./Runtime/Export/Debug/Debug.bindings.h Line: 35)

i built something 
(Filename: ./Runtime/Export/Debug/Debug.bindings.h Line: 35)

unlocked station: 100 
(Filename: ./Runtime/Export/Debug/Debug.bindings.h Line: 35)

Builds: 83 
(Filename: ./Runtime/Export/Debug/Debug.bindings.h Line: 35)

changing scale lol 
(Filename: ./Runtime/Export/Debug/Debug.bindings.h Line: 35)

object hit from: 1 
(Filename: ./Runtime/Export/Debug/Debug.bindings.h Line: 35)

overlay set to: 0.6 
(Filename: ./Runtime/Export/Debug/Debug.bindings.h Line: 35)

overlay set to: 0.6 
(Filename: ./Runtime/Export/Debug/Debug.bindings.h Line: 35)

unlocked station: 100 
(Filename: ./Runtime/Export/Debug/Debug.bindings.h Line: 35)

overlay set to: 0.6 
(Filename: ./Runtime/Export/Debug/Debug.bindings.h Line: 35)

overlay set to: 0.6 
(Filename: ./Runtime/Export/Debug/Debug.bindings.h Line: 35)

changing scale lol 
(Filename: ./Runtime/Export/Debug/Debug.bindings.h Line: 35)

object hit from: 1 
(Filename: ./Runtime/Export/Debug/Debug.bindings.h Line: 35)

Jumps: 2582 
(Filename: ./Runtime/Export/Debug/Debug.bindings.h Line: 35)

changing scale lol 
(Filename: ./Runtime/Export/Debug/Debug.bindings.h Line: 35)

object hit from: 1 
(Filename: ./Runtime/Export/Debug/Debug.bindings.h Line: 35)

changing scale lol 
(Filename: ./Runtime/Export/Debug/Debug.bindings.h Line: 35)

object hit from: 1 
(Filename: ./Runtime/Export/Debug/Debug.bindings.h Line: 35)

overlay set to: 0.6 
(Filename: ./Runtime/Export/Debug/Debug.bindings.h Line: 35)

overlay set to: 0.6 
(Filename: ./Runtime/Export/Debug/Debug.bindings.h Line: 35)

unlocked station: 100 
(Filename: ./Runtime/Export/Debug/Debug.bindings.h Line: 35)

Move dist: 148304, added this one: 20 
(Filename: ./Runtime/Export/Debug/Debug.bindings.h Line: 35)

swim dist: 0, added this one: 0 
(Filename: ./Runtime/Export/Debug/Debug.bindings.h Line: 35)

changing scale lol 
(Filename: ./Runtime/Export/Debug/Debug.bindings.h Line: 35)

object hit from: 1 
(Filename: ./Runtime/Export/Debug/Debug.bindings.h Line: 35)

attacking. stoponattack: False 
(Filename: ./Runtime/Export/Debug/Debug.bindings.h Line: 35)

overlay set to: 0.6 
(Filename: ./Runtime/Export/Debug/Debug.bindings.h Line: 35)

overlay set to: 0.6 
(Filename: ./Runtime/Export/Debug/Debug.bindings.h Line: 35)

changing scale lol 
(Filename: ./Runtime/Export/Debug/Debug.bindings.h Line: 35)

object hit from: 1 
(Filename: ./Runtime/Export/Debug/Debug.bindings.h Line: 35)

y component: 0.08963159 
(Filename: ./Runtime/Export/Debug/Debug.bindings.h Line: 35)

launch angle: 9.923143 
(Filename: ./Runtime/Export/Debug/Debug.bindings.h Line: 35)

mob id: 1, in mob manager: True 
(Filename: ./Runtime/Export/Debug/Debug.bindings.h Line: 35)

setting damage to: 30 
(Filename: ./Runtime/Export/Debug/Debug.bindings.h Line: 35)

changing scale lol 
(Filename: ./Runtime/Export/Debug/Debug.bindings.h Line: 35)

object hit from: 0 
(Filename: ./Runtime/Export/Debug/Debug.bindings.h Line: 35)

changing scale lol 
(Filename: ./Runtime/Export/Debug/Debug.bindings.h Line: 35)

object hit from: 1 
(Filename: ./Runtime/Export/Debug/Debug.bindings.h Line: 35)

Jumps: 2583 
(Filename: ./Runtime/Export/Debug/Debug.bindings.h Line: 35)

Move dist: 148319, added this one: 15 
(Filename: ./Runtime/Export/Debug/Debug.bindings.h Line: 35)

swim dist: 0, added this one: 0 
(Filename: ./Runtime/Export/Debug/Debug.bindings.h Line: 35)

Jumps: 2584 
(Filename: ./Runtime/Export/Debug/Debug.bindings.h Line: 35)

changing scale lol 
(Filename: ./Runtime/Export/Debug/Debug.bindings.h Line: 35)

object hit from: 1 
(Filename: ./Runtime/Export/Debug/Debug.bindings.h Line: 35)

dropping item 
(Filename: ./Runtime/Export/Debug/Debug.bindings.h Line: 35)

setting grass mesh 
(Filename: ./Runtime/Export/Debug/Debug.bindings.h Line: 35)

dequeing 
(Filename: ./Runtime/Export/Debug/Debug.bindings.h Line: 35)

spawning food from id: 226 
(Filename: ./Runtime/Export/Debug/Debug.bindings.h Line: 35)

dequeing 
(Filename: ./Runtime/Export/Debug/Debug.bindings.h Line: 35)

spawning food from id: 226 
(Filename: ./Runtime/Export/Debug/Debug.bindings.h Line: 35)

dequeing 
(Filename: ./Runtime/Export/Debug/Debug.bindings.h Line: 35)

spawning food from id: 226 
(Filename: ./Runtime/Export/Debug/Debug.bindings.h Line: 35)

dequeing 
(Filename: ./Runtime/Export/Debug/Debug.bindings.h Line: 35)

spawning food from id: 226 
(Filename: ./Runtime/Export/Debug/Debug.bindings.h Line: 35)

dequeing 
(Filename: ./Runtime/Export/Debug/Debug.bindings.h Line: 35)

spawning food from id: 226 
(Filename: ./Runtime/Export/Debug/Debug.bindings.h Line: 35)

Jumps: 2585 
(Filename: ./Runtime/Export/Debug/Debug.bindings.h Line: 35)

object: 4 picked up by player: 1 
(Filename: ./Runtime/Export/Debug/Debug.bindings.h Line: 35)

dequeing 
(Filename: ./Runtime/Export/Debug/Debug.bindings.h Line: 35)

spawning food from id: 70 
(Filename: ./Runtime/Export/Debug/Debug.bindings.h Line: 35)

dequeing 
(Filename: ./Runtime/Export/Debug/Debug.bindings.h Line: 35)

spawning food from id: 70 
(Filename: ./Runtime/Export/Debug/Debug.bindings.h Line: 35)

dequeing 
(Filename: ./Runtime/Export/Debug/Debug.bindings.h Line: 35)

spawning food from id: 70 
(Filename: ./Runtime/Export/Debug/Debug.bindings.h Line: 35)

dequeing 
(Filename: ./Runtime/Export/Debug/Debug.bindings.h Line: 35)

spawning food from id: 70 
(Filename: ./Runtime/Export/Debug/Debug.bindings.h Line: 35)

Jumps: 2586 
(Filename: ./Runtime/Export/Debug/Debug.bindings.h Line: 35)

setting grass mesh 
(Filename: ./Runtime/Export/Debug/Debug.bindings.h Line: 35)

Move dist: 148381, added this one: 62 
(Filename: ./Runtime/Export/Debug/Debug.bindings.h Line: 35)

swim dist: 0, added this one: 0 
(Filename: ./Runtime/Export/Debug/Debug.bindings.h Line: 35)

setting grass mesh 
(Filename: ./Runtime/Export/Debug/Debug.bindings.h Line: 35)

setting grass mesh 
(Filename: ./Runtime/Export/Debug/Debug.bindings.h Line: 35)

dequeing 
(Filename: ./Runtime/Export/Debug/Debug.bindings.h Line: 35)

spawning food from id: 223 
(Filename: ./Runtime/Export/Debug/Debug.bindings.h Line: 35)

dequeing 
(Filename: ./Runtime/Export/Debug/Debug.bindings.h Line: 35)

spawning food from id: 223 
(Filename: ./Runtime/Export/Debug/Debug.bindings.h Line: 35)

dequeing 
(Filename: ./Runtime/Export/Debug/Debug.bindings.h Line: 35)

spawning food from id: 223 
(Filename: ./Runtime/Export/Debug/Debug.bindings.h Line: 35)

dequeing 
(Filename: ./Runtime/Export/Debug/Debug.bindings.h Line: 35)

spawning food from id: 223 
(Filename: ./Runtime/Export/Debug/Debug.bindings.h Line: 35)

dequeing 
(Filename: ./Runtime/Export/Debug/Debug.bindings.h Line: 35)

spawning food from id: 223 
(Filename: ./Runtime/Export/Debug/Debug.bindings.h Line: 35)

Move dist: 148425, added this one: 44 
(Filename: ./Runtime/Export/Debug/Debug.bindings.h Line: 35)

swim dist: 0, added this one: 0 
(Filename: ./Runtime/Export/Debug/Debug.bindings.h Line: 35)

Move dist: 148469, added this one: 44 
(Filename: ./Runtime/Export/Debug/Debug.bindings.h Line: 35)

swim dist: 0, added this one: 0 
(Filename: ./Runtime/Export/Debug/Debug.bindings.h Line: 35)

setting grass mesh 
(Filename: ./Runtime/Export/Debug/Debug.bindings.h Line: 35)

Jumps: 2587 
(Filename: ./Runtime/Export/Debug/Debug.bindings.h Line: 35)

dequeing 
(Filename: ./Runtime/Export/Debug/Debug.bindings.h Line: 35)

spawning food from id: 300 
(Filename: ./Runtime/Export/Debug/Debug.bindings.h Line: 35)

dequeing 
(Filename: ./Runtime/Export/Debug/Debug.bindings.h Line: 35)

spawning food from id: 300 
(Filename: ./Runtime/Export/Debug/Debug.bindings.h Line: 35)

dequeing 
(Filename: ./Runtime/Export/Debug/Debug.bindings.h Line: 35)

spawning food from id: 300 
(Filename: ./Runtime/Export/Debug/Debug.bindings.h Line: 35)

dequeing 
(Filename: ./Runtime/Export/Debug/Debug.bindings.h Line: 35)

spawning food from id: 300 
(Filename: ./Runtime/Export/Debug/Debug.bindings.h Line: 35)

dequeing 
(Filename: ./Runtime/Export/Debug/Debug.bindings.h Line: 35)

spawning food from id: 300 
(Filename: ./Runtime/Export/Debug/Debug.bindings.h Line: 35)

Move dist: 148514, added this one: 45 
(Filename: ./Runtime/Export/Debug/Debug.bindings.h Line: 35)

swim dist: 0, added this one: 0 
(Filename: ./Runtime/Export/Debug/Debug.bindings.h Line: 35)

Kinematic body only supports Speculative Continuous collision detection 
(Filename:  Line: 748)

Jumps: 2588 
(Filename: ./Runtime/Export/Debug/Debug.bindings.h Line: 35)

setting grass mesh 
(Filename: ./Runtime/Export/Debug/Debug.bindings.h Line: 35)

object: 5 picked up by player: 1 
(Filename: ./Runtime/Export/Debug/Debug.bindings.h Line: 35)

Jumps: 2589 
(Filename: ./Runtime/Export/Debug/Debug.bindings.h Line: 35)

Jumps: 2590 
(Filename: ./Runtime/Export/Debug/Debug.bindings.h Line: 35)

Move dist: 148568, added this one: 54 
(Filename: ./Runtime/Export/Debug/Debug.bindings.h Line: 35)

swim dist: 0, added this one: 0 
(Filename: ./Runtime/Export/Debug/Debug.bindings.h Line: 35)

setting grass mesh 
(Filename: ./Runtime/Export/Debug/Debug.bindings.h Line: 35)

attacking. stoponattack: False 
(Filename: ./Runtime/Export/Debug/Debug.bindings.h Line: 35)

y component: -0.0467677 
(Filename: ./Runtime/Export/Debug/Debug.bindings.h Line: 35)

launch angle: 9.876359 
(Filename: ./Runtime/Export/Debug/Debug.bindings.h Line: 35)

mob id: 1, in mob manager: True 
(Filename: ./Runtime/Export/Debug/Debug.bindings.h Line: 35)

setting damage to: 30 
(Filename: ./Runtime/Export/Debug/Debug.bindings.h Line: 35)

Move dist: 148607, added this one: 39 
(Filename: ./Runtime/Export/Debug/Debug.bindings.h Line: 35)

swim dist: 0, added this one: 0 
(Filename: ./Runtime/Export/Debug/Debug.bindings.h Line: 35)

object: 6 picked up by player: 0 
(Filename: ./Runtime/Export/Debug/Debug.bindings.h Line: 35)

checking 
(Filename: ./Runtime/Export/Debug/Debug.bindings.h Line: 35)

sending pickup now from: 0 
(Filename: ./Runtime/Export/Debug/Debug.bindings.h Line: 35)

attacking. stoponattack: False 
(Filename: ./Runtime/Export/Debug/Debug.bindings.h Line: 35)

y component: -0.422095 
(Filename: ./Runtime/Export/Debug/Debug.bindings.h Line: 35)

launch angle: 9.440604 
(Filename: ./Runtime/Export/Debug/Debug.bindings.h Line: 35)

mob id: 1, in mob manager: True 
(Filename: ./Runtime/Export/Debug/Debug.bindings.h Line: 35)

setting damage to: 30 
(Filename: ./Runtime/Export/Debug/Debug.bindings.h Line: 35)

berserk multiplier: 0 
(Filename: ./Runtime/Export/Debug/Debug.bindings.h Line: 35)

berserk multiplier: 0 
(Filename: ./Runtime/Export/Debug/Debug.bindings.h Line: 35)

Move dist: 148639, added this one: 32 
(Filename: ./Runtime/Export/Debug/Debug.bindings.h Line: 35)

swim dist: 0, added this one: 0 
(Filename: ./Runtime/Export/Debug/Debug.bindings.h Line: 35)

setting grass mesh 
(Filename: ./Runtime/Export/Debug/Debug.bindings.h Line: 35)

dequeing 
(Filename: ./Runtime/Export/Debug/Debug.bindings.h Line: 35)

spawning food from id: 135 
(Filename: ./Runtime/Export/Debug/Debug.bindings.h Line: 35)

dequeing 
(Filename: ./Runtime/Export/Debug/Debug.bindings.h Line: 35)

spawning food from id: 135 
(Filename: ./Runtime/Export/Debug/Debug.bindings.h Line: 35)

dequeing 
(Filename: ./Runtime/Export/Debug/Debug.bindings.h Line: 35)

spawning food from id: 135 
(Filename: ./Runtime/Export/Debug/Debug.bindings.h Line: 35)

dequeing 
(Filename: ./Runtime/Export/Debug/Debug.bindings.h Line: 35)

spawning food from id: 135 
(Filename: ./Runtime/Export/Debug/Debug.bindings.h Line: 35)

dequeing 
(Filename: ./Runtime/Export/Debug/Debug.bindings.h Line: 35)

spawning food from id: 45 
(Filename: ./Runtime/Export/Debug/Debug.bindings.h Line: 35)

dequeing 
(Filename: ./Runtime/Export/Debug/Debug.bindings.h Line: 35)

spawning food from id: 45 
(Filename: ./Runtime/Export/Debug/Debug.bindings.h Line: 35)

dequeing 
(Filename: ./Runtime/Export/Debug/Debug.bindings.h Line: 35)

spawning food from id: 45 
(Filename: ./Runtime/Export/Debug/Debug.bindings.h Line: 35)

dequeing 
(Filename: ./Runtime/Export/Debug/Debug.bindings.h Line: 35)

spawning food from id: 45 
(Filename: ./Runtime/Export/Debug/Debug.bindings.h Line: 35)

attacking. stoponattack: False 
(Filename: ./Runtime/Export/Debug/Debug.bindings.h Line: 35)

Jumps: 2591 
(Filename: ./Runtime/Export/Debug/Debug.bindings.h Line: 35)

y component: -0.9775674 
(Filename: ./Runtime/Export/Debug/Debug.bindings.h Line: 35)

launch angle: 8.08202 
(Filename: ./Runtime/Export/Debug/Debug.bindings.h Line: 35)

mob id: 1, in mob manager: True 
(Filename: ./Runtime/Export/Debug/Debug.bindings.h Line: 35)

setting damage to: 30 
(Filename: ./Runtime/Export/Debug/Debug.bindings.h Line: 35)

Jumps: 2592 
(Filename: ./Runtime/Export/Debug/Debug.bindings.h Line: 35)

setting grass mesh 
(Filename: ./Runtime/Export/Debug/Debug.bindings.h Line: 35)

Jumps: 2593 
(Filename: ./Runtime/Export/Debug/Debug.bindings.h Line: 35)

attacking. stoponattack: False 
(Filename: ./Runtime/Export/Debug/Debug.bindings.h Line: 35)

Move dist: 148697, added this one: 58 
(Filename: ./Runtime/Export/Debug/Debug.bindings.h Line: 35)

swim dist: 0, added this one: 0 
(Filename: ./Runtime/Export/Debug/Debug.bindings.h Line: 35)

checking 
(Filename: ./Runtime/Export/Debug/Debug.bindings.h Line: 35)

sending pickup interact now from: 0 
(Filename: ./Runtime/Export/Debug/Debug.bindings.h Line: 35)

changing scale lol 
(Filename: ./Runtime/Export/Debug/Debug.bindings.h Line: 35)

object hit from: 0 
(Filename: ./Runtime/Export/Debug/Debug.bindings.h Line: 35)

Jumps: 2594 
(Filename: ./Runtime/Export/Debug/Debug.bindings.h Line: 35)

setting grass mesh 
(Filename: ./Runtime/Export/Debug/Debug.bindings.h Line: 35)

attacking. stoponattack: False 
(Filename: ./Runtime/Export/Debug/Debug.bindings.h Line: 35)

y component: -0.9840971 
(Filename: ./Runtime/Export/Debug/Debug.bindings.h Line: 35)

launch angle: 6.689802 
(Filename: ./Runtime/Export/Debug/Debug.bindings.h Line: 35)

mob id: 1, in mob manager: True 
(Filename: ./Runtime/Export/Debug/Debug.bindings.h Line: 35)

setting damage to: 30 
(Filename: ./Runtime/Export/Debug/Debug.bindings.h Line: 35)

setting grass mesh 
(Filename: ./Runtime/Export/Debug/Debug.bindings.h Line: 35)

Move dist: 148747, added this one: 50 
(Filename: ./Runtime/Export/Debug/Debug.bindings.h Line: 35)

swim dist: 0, added this one: 0 
(Filename: ./Runtime/Export/Debug/Debug.bindings.h Line: 35)

Physics.ClosestPoint can only be used with a BoxCollider, SphereCollider, CapsuleCollider and a convex MeshCollider. 
(Filename:  Line: 1410)

Physics.ClosestPoint can only be used with a BoxCollider, SphereCollider, CapsuleCollider and a convex MeshCollider. 
(Filename:  Line: 1410)

Physics.ClosestPoint can only be used with a BoxCollider, SphereCollider, CapsuleCollider and a convex MeshCollider. 
(Filename:  Line: 1410)

Physics.ClosestPoint can only be used with a BoxCollider, SphereCollider, CapsuleCollider and a convex MeshCollider. 
(Filename:  Line: 1410)

Physics.ClosestPoint can only be used with a BoxCollider, SphereCollider, CapsuleCollider and a convex MeshCollider. 
(Filename:  Line: 1410)

Physics.ClosestPoint can only be used with a BoxCollider, SphereCollider, CapsuleCollider and a convex MeshCollider. 
(Filename:  Line: 1410)

Physics.ClosestPoint can only be used with a BoxCollider, SphereCollider, CapsuleCollider and a convex MeshCollider. 
(Filename:  Line: 1410)

Physics.ClosestPoint can only be used with a BoxCollider, SphereCollider, CapsuleCollider and a convex MeshCollider. 
(Filename:  Line: 1410)

Physics.ClosestPoint can only be used with a BoxCollider, SphereCollider, CapsuleCollider and a convex MeshCollider. 
(Filename:  Line: 1410)

Physics.ClosestPoint can only be used with a BoxCollider, SphereCollider, CapsuleCollider and a convex MeshCollider. 
(Filename:  Line: 1410)

Physics.ClosestPoint can only be used with a BoxCollider, SphereCollider, CapsuleCollider and a convex MeshCollider. 
(Filename:  Line: 1410)

Physics.ClosestPoint can only be used with a BoxCollider, SphereCollider, CapsuleCollider and a convex MeshCollider. 
(Filename:  Line: 1410)

Physics.ClosestPoint can only be used with a BoxCollider, SphereCollider, CapsuleCollider and a convex MeshCollider. 
(Filename:  Line: 1410)

Physics.ClosestPoint can only be used with a BoxCollider, SphereCollider, CapsuleCollider and a convex MeshCollider. 
(Filename:  Line: 1410)

Physics.ClosestPoint can only be used with a BoxCollider, SphereCollider, CapsuleCollider and a convex MeshCollider. 
(Filename:  Line: 1410)

Physics.ClosestPoint can only be used with a BoxCollider, SphereCollider, CapsuleCollider and a convex MeshCollider. 
(Filename:  Line: 1410)

Physics.ClosestPoint can only be used with a BoxCollider, SphereCollider, CapsuleCollider and a convex MeshCollider. 
(Filename:  Line: 1410)

Physics.ClosestPoint can only be used with a BoxCollider, SphereCollider, CapsuleCollider and a convex MeshCollider. 
(Filename:  Line: 1410)

Physics.ClosestPoint can only be used with a BoxCollider, SphereCollider, CapsuleCollider and a convex MeshCollider. 
(Filename:  Line: 1410)

Physics.ClosestPoint can only be used with a BoxCollider, SphereCollider, CapsuleCollider and a convex MeshCollider. 
(Filename:  Line: 1410)

Physics.ClosestPoint can only be used with a BoxCollider, SphereCollider, CapsuleCollider and a convex MeshCollider. 
(Filename:  Line: 1410)

Physics.ClosestPoint can only be used with a BoxCollider, SphereCollider, CapsuleCollider and a convex MeshCollider. 
(Filename:  Line: 1410)

Physics.ClosestPoint can only be used with a BoxCollider, SphereCollider, CapsuleCollider and a convex MeshCollider. 
(Filename:  Line: 1410)

Physics.ClosestPoint can only be used with a BoxCollider, SphereCollider, CapsuleCollider and a convex MeshCollider. 
(Filename:  Line: 1410)

Physics.ClosestPoint can only be used with a BoxCollider, SphereCollider, CapsuleCollider and a convex MeshCollider. 
(Filename:  Line: 1410)

Physics.ClosestPoint can only be used with a BoxCollider, SphereCollider, CapsuleCollider and a convex MeshCollider. 
(Filename:  Line: 1410)

Physics.ClosestPoint can only be used with a BoxCollider, SphereCollider, CapsuleCollider and a convex MeshCollider. 
(Filename:  Line: 1410)

Physics.ClosestPoint can only be used with a BoxCollider, SphereCollider, CapsuleCollider and a convex MeshCollider. 
(Filename:  Line: 1410)

Physics.ClosestPoint can only be used with a BoxCollider, SphereCollider, CapsuleCollider and a convex MeshCollider. 
(Filename:  Line: 1410)

Physics.ClosestPoint can only be used with a BoxCollider, SphereCollider, CapsuleCollider and a convex MeshCollider. 
(Filename:  Line: 1410)

Physics.ClosestPoint can only be used with a BoxCollider, SphereCollider, CapsuleCollider and a convex MeshCollider. 
(Filename:  Line: 1410)

Physics.ClosestPoint can only be used with a BoxCollider, SphereCollider, CapsuleCollider and a convex MeshCollider. 
(Filename:  Line: 1410)

Physics.ClosestPoint can only be used with a BoxCollider, SphereCollider, CapsuleCollider and a convex MeshCollider. 
(Filename:  Line: 1410)

Physics.ClosestPoint can only be used with a BoxCollider, SphereCollider, CapsuleCollider and a convex MeshCollider. 
(Filename:  Line: 1410)

Physics.ClosestPoint can only be used with a BoxCollider, SphereCollider, CapsuleCollider and a convex MeshCollider. 
(Filename:  Line: 1410)

Physics.ClosestPoint can only be used with a BoxCollider, SphereCollider, CapsuleCollider and a convex MeshCollider. 
(Filename:  Line: 1410)

Physics.ClosestPoint can only be used with a BoxCollider, SphereCollider, CapsuleCollider and a convex MeshCollider. 
(Filename:  Line: 1410)

Physics.ClosestPoint can only be used with a BoxCollider, SphereCollider, CapsuleCollider and a convex MeshCollider. 
(Filename:  Line: 1410)

Physics.ClosestPoint can only be used with a BoxCollider, SphereCollider, CapsuleCollider and a convex MeshCollider. 
(Filename:  Line: 1410)

Physics.ClosestPoint can only be used with a BoxCollider, SphereCollider, CapsuleCollider and a convex MeshCollider. 
(Filename:  Line: 1410)

Physics.ClosestPoint can only be used with a BoxCollider, SphereCollider, CapsuleCollider and a convex MeshCollider. 
(Filename:  Line: 1410)

Physics.ClosestPoint can only be used with a BoxCollider, SphereCollider, CapsuleCollider and a convex MeshCollider. 
(Filename:  Line: 1410)

Physics.ClosestPoint can only be used with a BoxCollider, SphereCollider, CapsuleCollider and a convex MeshCollider. 
(Filename:  Line: 1410)

Physics.ClosestPoint can only be used with a BoxCollider, SphereCollider, CapsuleCollider and a convex MeshCollider. 
(Filename:  Line: 1410)

Physics.ClosestPoint can only be used with a BoxCollider, SphereCollider, CapsuleCollider and a convex MeshCollider. 
(Filename:  Line: 1410)

Physics.ClosestPoint can only be used with a BoxCollider, SphereCollider, CapsuleCollider and a convex MeshCollider. 
(Filename:  Line: 1410)

Physics.ClosestPoint can only be used with a BoxCollider, SphereCollider, CapsuleCollider and a convex MeshCollider. 
(Filename:  Line: 1410)

Physics.ClosestPoint can only be used with a BoxCollider, SphereCollider, CapsuleCollider and a convex MeshCollider. 
(Filename:  Line: 1410)

Physics.ClosestPoint can only be used with a BoxCollider, SphereCollider, CapsuleCollider and a convex MeshCollider. 
(Filename:  Line: 1410)

Physics.ClosestPoint can only be used with a BoxCollider, SphereCollider, CapsuleCollider and a convex MeshCollider. 
(Filename:  Line: 1410)

Physics.ClosestPoint can only be used with a BoxCollider, SphereCollider, CapsuleCollider and a convex MeshCollider. 
(Filename:  Line: 1410)

Physics.ClosestPoint can only be used with a BoxCollider, SphereCollider, CapsuleCollider and a convex MeshCollider. 
(Filename:  Line: 1410)

Physics.ClosestPoint can only be used with a BoxCollider, SphereCollider, CapsuleCollider and a convex MeshCollider. 
(Filename:  Line: 1410)

Physics.ClosestPoint can only be used with a BoxCollider, SphereCollider, CapsuleCollider and a convex MeshCollider. 
(Filename:  Line: 1410)

Physics.ClosestPoint can only be used with a BoxCollider, SphereCollider, CapsuleCollider and a convex MeshCollider. 
(Filename:  Line: 1410)

Physics.ClosestPoint can only be used with a BoxCollider, SphereCollider, CapsuleCollider and a convex MeshCollider. 
(Filename:  Line: 1410)

Physics.ClosestPoint can only be used with a BoxCollider, SphereCollider, CapsuleCollider and a convex MeshCollider. 
(Filename:  Line: 1410)

Physics.ClosestPoint can only be used with a BoxCollider, SphereCollider, CapsuleCollider and a convex MeshCollider. 
(Filename:  Line: 1410)

Physics.ClosestPoint can only be used with a BoxCollider, SphereCollider, CapsuleCollider and a convex MeshCollider. 
(Filename:  Line: 1410)

Physics.ClosestPoint can only be used with a BoxCollider, SphereCollider, CapsuleCollider and a convex MeshCollider. 
(Filename:  Line: 1410)

Physics.ClosestPoint can only be used with a BoxCollider, SphereCollider, CapsuleCollider and a convex MeshCollider. 
(Filename:  Line: 1410)

Physics.ClosestPoint can only be used with a BoxCollider, SphereCollider, CapsuleCollider and a convex MeshCollider. 
(Filename:  Line: 1410)

Physics.ClosestPoint can only be used with a BoxCollider, SphereCollider, CapsuleCollider and a convex MeshCollider. 
(Filename:  Line: 1410)

Physics.ClosestPoint can only be used with a BoxCollider, SphereCollider, CapsuleCollider and a convex MeshCollider. 
(Filename:  Line: 1410)

Physics.ClosestPoint can only be used with a BoxCollider, SphereCollider, CapsuleCollider and a convex MeshCollider. 
(Filename:  Line: 1410)

Physics.ClosestPoint can only be used with a BoxCollider, SphereCollider, CapsuleCollider and a convex MeshCollider. 
(Filename:  Line: 1410)

Physics.ClosestPoint can only be used with a BoxCollider, SphereCollider, CapsuleCollider and a convex MeshCollider. 
(Filename:  Line: 1410)

Physics.ClosestPoint can only be used with a BoxCollider, SphereCollider, CapsuleCollider and a convex MeshCollider. 
(Filename:  Line: 1410)

Physics.ClosestPoint can only be used with a BoxCollider, SphereCollider, CapsuleCollider and a convex MeshCollider. 
(Filename:  Line: 1410)

Physics.ClosestPoint can only be used with a BoxCollider, SphereCollider, CapsuleCollider and a convex MeshCollider. 
(Filename:  Line: 1410)

Physics.ClosestPoint can only be used with a BoxCollider, SphereCollider, CapsuleCollider and a convex MeshCollider. 
(Filename:  Line: 1410)

Physics.ClosestPoint can only be used with a BoxCollider, SphereCollider, CapsuleCollider and a convex MeshCollider. 
(Filename:  Line: 1410)

Physics.ClosestPoint can only be used with a BoxCollider, SphereCollider, CapsuleCollider and a convex MeshCollider. 
(Filename:  Line: 1410)

Physics.ClosestPoint can only be used with a BoxCollider, SphereCollider, CapsuleCollider and a convex MeshCollider. 
(Filename:  Line: 1410)

Physics.ClosestPoint can only be used with a BoxCollider, SphereCollider, CapsuleCollider and a convex MeshCollider. 
(Filename:  Line: 1410)

Physics.ClosestPoint can only be used with a BoxCollider, SphereCollider, CapsuleCollider and a convex MeshCollider. 
(Filename:  Line: 1410)

Physics.ClosestPoint can only be used with a BoxCollider, SphereCollider, CapsuleCollider and a convex MeshCollider. 
(Filename:  Line: 1410)

Physics.ClosestPoint can only be used with a BoxCollider, SphereCollider, CapsuleCollider and a convex MeshCollider. 
(Filename:  Line: 1410)

Physics.ClosestPoint can only be used with a BoxCollider, SphereCollider, CapsuleCollider and a convex MeshCollider. 
(Filename:  Line: 1410)

Physics.ClosestPoint can only be used with a BoxCollider, SphereCollider, CapsuleCollider and a convex MeshCollider. 
(Filename:  Line: 1410)

Physics.ClosestPoint can only be used with a BoxCollider, SphereCollider, CapsuleCollider and a convex MeshCollider. 
(Filename:  Line: 1410)

Physics.ClosestPoint can only be used with a BoxCollider, SphereCollider, CapsuleCollider and a convex MeshCollider. 
(Filename:  Line: 1410)

Physics.ClosestPoint can only be used with a BoxCollider, SphereCollider, CapsuleCollider and a convex MeshCollider. 
(Filename:  Line: 1410)

Physics.ClosestPoint can only be used with a BoxCollider, SphereCollider, CapsuleCollider and a convex MeshCollider. 
(Filename:  Line: 1410)

Physics.ClosestPoint can only be used with a BoxCollider, SphereCollider, CapsuleCollider and a convex MeshCollider. 
(Filename:  Line: 1410)

Physics.ClosestPoint can only be used with a BoxCollider, SphereCollider, CapsuleCollider and a convex MeshCollider. 
(Filename:  Line: 1410)

Physics.ClosestPoint can only be used with a BoxCollider, SphereCollider, CapsuleCollider and a convex MeshCollider. 
(Filename:  Line: 1410)

Physics.ClosestPoint can only be used with a BoxCollider, SphereCollider, CapsuleCollider and a convex MeshCollider. 
(Filename:  Line: 1410)

Physics.ClosestPoint can only be used with a BoxCollider, SphereCollider, CapsuleCollider and a convex MeshCollider. 
(Filename:  Line: 1410)

Physics.ClosestPoint can only be used with a BoxCollider, SphereCollider, CapsuleCollider and a convex MeshCollider. 
(Filename:  Line: 1410)

Physics.ClosestPoint can only be used with a BoxCollider, SphereCollider, CapsuleCollider and a convex MeshCollider. 
(Filename:  Line: 1410)

Physics.ClosestPoint can only be used with a BoxCollider, SphereCollider, CapsuleCollider and a convex MeshCollider. 
(Filename:  Line: 1410)

Physics.ClosestPoint can only be used with a BoxCollider, SphereCollider, CapsuleCollider and a convex MeshCollider. 
(Filename:  Line: 1410)

Physics.ClosestPoint can only be used with a BoxCollider, SphereCollider, CapsuleCollider and a convex MeshCollider. 
(Filename:  Line: 1410)

Physics.ClosestPoint can only be used with a BoxCollider, SphereCollider, CapsuleCollider and a convex MeshCollider. 
(Filename:  Line: 1410)

Physics.ClosestPoint can only be used with a BoxCollider, SphereCollider, CapsuleCollider and a convex MeshCollider. 
(Filename:  Line: 1410)

Physics.ClosestPoint can only be used with a BoxCollider, SphereCollider, CapsuleCollider and a convex MeshCollider. 
(Filename:  Line: 1410)

Physics.ClosestPoint can only be used with a BoxCollider, SphereCollider, CapsuleCollider and a convex MeshCollider. 
(Filename:  Line: 1410)

Physics.ClosestPoint can only be used with a BoxCollider, SphereCollider, CapsuleCollider and a convex MeshCollider. 
(Filename:  Line: 1410)

Physics.ClosestPoint can only be used with a BoxCollider, SphereCollider, CapsuleCollider and a convex MeshCollider. 
(Filename:  Line: 1410)

Physics.ClosestPoint can only be used with a BoxCollider, SphereCollider, CapsuleCollider and a convex MeshCollider. 
(Filename:  Line: 1410)

Physics.ClosestPoint can only be used with a BoxCollider, SphereCollider, CapsuleCollider and a convex MeshCollider. 
(Filename:  Line: 1410)

Physics.ClosestPoint can only be used with a BoxCollider, SphereCollider, CapsuleCollider and a convex MeshCollider. 
(Filename:  Line: 1410)

Physics.ClosestPoint can only be used with a BoxCollider, SphereCollider, CapsuleCollider and a convex MeshCollider. 
(Filename:  Line: 1410)

Physics.ClosestPoint can only be used with a BoxCollider, SphereCollider, CapsuleCollider and a convex MeshCollider. 
(Filename:  Line: 1410)

Physics.ClosestPoint can only be used with a BoxCollider, SphereCollider, CapsuleCollider and a convex MeshCollider. 
(Filename:  Line: 1410)

Physics.ClosestPoint can only be used with a BoxCollider, SphereCollider, CapsuleCollider and a convex MeshCollider. 
(Filename:  Line: 1410)

Physics.ClosestPoint can only be used with a BoxCollider, SphereCollider, CapsuleCollider and a convex MeshCollider. 
(Filename:  Line: 1410)

Physics.ClosestPoint can only be used with a BoxCollider, SphereCollider, CapsuleCollider and a convex MeshCollider. 
(Filename:  Line: 1410)

Physics.ClosestPoint can only be used with a BoxCollider, SphereCollider, CapsuleCollider and a convex MeshCollider. 
(Filename:  Line: 1410)

Physics.ClosestPoint can only be used with a BoxCollider, SphereCollider, CapsuleCollider and a convex MeshCollider. 
(Filename:  Line: 1410)

Physics.ClosestPoint can only be used with a BoxCollider, SphereCollider, CapsuleCollider and a convex MeshCollider. 
(Filename:  Line: 1410)

Physics.ClosestPoint can only be used with a BoxCollider, SphereCollider, CapsuleCollider and a convex MeshCollider. 
(Filename:  Line: 1410)

Physics.ClosestPoint can only be used with a BoxCollider, SphereCollider, CapsuleCollider and a convex MeshCollider. 
(Filename:  Line: 1410)

Physics.ClosestPoint can only be used with a BoxCollider, SphereCollider, CapsuleCollider and a convex MeshCollider. 
(Filename:  Line: 1410)

Physics.ClosestPoint can only be used with a BoxCollider, SphereCollider, CapsuleCollider and a convex MeshCollider. 
(Filename:  Line: 1410)

Physics.ClosestPoint can only be used with a BoxCollider, SphereCollider, CapsuleCollider and a convex MeshCollider. 
(Filename:  Line: 1410)

Physics.ClosestPoint can only be used with a BoxCollider, SphereCollider, CapsuleCollider and a convex MeshCollider. 
(Filename:  Line: 1410)

Physics.ClosestPoint can only be used with a BoxCollider, SphereCollider, CapsuleCollider and a convex MeshCollider. 
(Filename:  Line: 1410)

Physics.ClosestPoint can only be used with a BoxCollider, SphereCollider, CapsuleCollider and a convex MeshCollider. 
(Filename:  Line: 1410)

Physics.ClosestPoint can only be used with a BoxCollider, SphereCollider, CapsuleCollider and a convex MeshCollider. 
(Filename:  Line: 1410)

Physics.ClosestPoint can only be used with a BoxCollider, SphereCollider, CapsuleCollider and a convex MeshCollider. 
(Filename:  Line: 1410)

Physics.ClosestPoint can only be used with a BoxCollider, SphereCollider, CapsuleCollider and a convex MeshCollider. 
(Filename:  Line: 1410)

Physics.ClosestPoint can only be used with a BoxCollider, SphereCollider, CapsuleCollider and a convex MeshCollider. 
(Filename:  Line: 1410)

Physics.ClosestPoint can only be used with a BoxCollider, SphereCollider, CapsuleCollider and a convex MeshCollider. 
(Filename:  Line: 1410)

Physics.ClosestPoint can only be used with a BoxCollider, SphereCollider, CapsuleCollider and a convex MeshCollider. 
(Filename:  Line: 1410)

Physics.ClosestPoint can only be used with a BoxCollider, SphereCollider, CapsuleCollider and a convex MeshCollider. 
(Filename:  Line: 1410)

Physics.ClosestPoint can only be used with a BoxCollider, SphereCollider, CapsuleCollider and a convex MeshCollider. 
(Filename:  Line: 1410)

Physics.ClosestPoint can only be used with a BoxCollider, SphereCollider, CapsuleCollider and a convex MeshCollider. 
(Filename:  Line: 1410)

Physics.ClosestPoint can only be used with a BoxCollider, SphereCollider, CapsuleCollider and a convex MeshCollider. 
(Filename:  Line: 1410)

Physics.ClosestPoint can only be used with a BoxCollider, SphereCollider, CapsuleCollider and a convex MeshCollider. 
(Filename:  Line: 1410)

Physics.ClosestPoint can only be used with a BoxCollider, SphereCollider, CapsuleCollider and a convex MeshCollider. 
(Filename:  Line: 1410)

Physics.ClosestPoint can only be used with a BoxCollider, SphereCollider, CapsuleCollider and a convex MeshCollider. 
(Filename:  Line: 1410)

Physics.ClosestPoint can only be used with a BoxCollider, SphereCollider, CapsuleCollider and a convex MeshCollider. 
(Filename:  Line: 1410)

Physics.ClosestPoint can only be used with a BoxCollider, SphereCollider, CapsuleCollider and a convex MeshCollider. 
(Filename:  Line: 1410)

Physics.ClosestPoint can only be used with a BoxCollider, SphereCollider, CapsuleCollider and a convex MeshCollider. 
(Filename:  Line: 1410)

Physics.ClosestPoint can only be used with a BoxCollider, SphereCollider, CapsuleCollider and a convex MeshCollider. 
(Filename:  Line: 1410)

Physics.ClosestPoint can only be used with a BoxCollider, SphereCollider, CapsuleCollider and a convex MeshCollider. 
(Filename:  Line: 1410)

Physics.ClosestPoint can only be used with a BoxCollider, SphereCollider, CapsuleCollider and a convex MeshCollider. 
(Filename:  Line: 1410)

Physics.ClosestPoint can only be used with a BoxCollider, SphereCollider, CapsuleCollider and a convex MeshCollider. 
(Filename:  Line: 1410)

Physics.ClosestPoint can only be used with a BoxCollider, SphereCollider, CapsuleCollider and a convex MeshCollider. 
(Filename:  Line: 1410)

Physics.ClosestPoint can only be used with a BoxCollider, SphereCollider, CapsuleCollider and a convex MeshCollider. 
(Filename:  Line: 1410)

Physics.ClosestPoint can only be used with a BoxCollider, SphereCollider, CapsuleCollider and a convex MeshCollider. 
(Filename:  Line: 1410)

Physics.ClosestPoint can only be used with a BoxCollider, SphereCollider, CapsuleCollider and a convex MeshCollider. 
(Filename:  Line: 1410)

Physics.ClosestPoint can only be used with a BoxCollider, SphereCollider, CapsuleCollider and a convex MeshCollider. 
(Filename:  Line: 1410)

Physics.ClosestPoint can only be used with a BoxCollider, SphereCollider, CapsuleCollider and a convex MeshCollider. 
(Filename:  Line: 1410)

Physics.ClosestPoint can only be used with a BoxCollider, SphereCollider, CapsuleCollider and a convex MeshCollider. 
(Filename:  Line: 1410)

Physics.ClosestPoint can only be used with a BoxCollider, SphereCollider, CapsuleCollider and a convex MeshCollider. 
(Filename:  Line: 1410)

Physics.ClosestPoint can only be used with a BoxCollider, SphereCollider, CapsuleCollider and a convex MeshCollider. 
(Filename:  Line: 1410)

Physics.ClosestPoint can only be used with a BoxCollider, SphereCollider, CapsuleCollider and a convex MeshCollider. 
(Filename:  Line: 1410)

Physics.ClosestPoint can only be used with a BoxCollider, SphereCollider, CapsuleCollider and a convex MeshCollider. 
(Filename:  Line: 1410)

Physics.ClosestPoint can only be used with a BoxCollider, SphereCollider, CapsuleCollider and a convex MeshCollider. 
(Filename:  Line: 1410)

Physics.ClosestPoint can only be used with a BoxCollider, SphereCollider, CapsuleCollider and a convex MeshCollider. 
(Filename:  Line: 1410)

Physics.ClosestPoint can only be used with a BoxCollider, SphereCollider, CapsuleCollider and a convex MeshCollider. 
(Filename:  Line: 1410)

Physics.ClosestPoint can only be used with a BoxCollider, SphereCollider, CapsuleCollider and a convex MeshCollider. 
(Filename:  Line: 1410)

Physics.ClosestPoint can only be used with a BoxCollider, SphereCollider, CapsuleCollider and a convex MeshCollider. 
(Filename:  Line: 1410)

Physics.ClosestPoint can only be used with a BoxCollider, SphereCollider, CapsuleCollider and a convex MeshCollider. 
(Filename:  Line: 1410)

Physics.ClosestPoint can only be used with a BoxCollider, SphereCollider, CapsuleCollider and a convex MeshCollider. 
(Filename:  Line: 1410)

Physics.ClosestPoint can only be used with a BoxCollider, SphereCollider, CapsuleCollider and a convex MeshCollider. 
(Filename:  Line: 1410)

Physics.ClosestPoint can only be used with a BoxCollider, SphereCollider, CapsuleCollider and a convex MeshCollider. 
(Filename:  Line: 1410)

Physics.ClosestPoint can only be used with a BoxCollider, SphereCollider, CapsuleCollider and a convex MeshCollider. 
(Filename:  Line: 1410)

Physics.ClosestPoint can only be used with a BoxCollider, SphereCollider, CapsuleCollider and a convex MeshCollider. 
(Filename:  Line: 1410)

Physics.ClosestPoint can only be used with a BoxCollider, SphereCollider, CapsuleCollider and a convex MeshCollider. 
(Filename:  Line: 1410)

Physics.ClosestPoint can only be used with a BoxCollider, SphereCollider, CapsuleCollider and a convex MeshCollider. 
(Filename:  Line: 1410)

Physics.ClosestPoint can only be used with a BoxCollider, SphereCollider, CapsuleCollider and a convex MeshCollider. 
(Filename:  Line: 1410)

Physics.ClosestPoint can only be used with a BoxCollider, SphereCollider, CapsuleCollider and a convex MeshCollider. 
(Filename:  Line: 1410)

Physics.ClosestPoint can only be used with a BoxCollider, SphereCollider, CapsuleCollider and a convex MeshCollider. 
(Filename:  Line: 1410)

Physics.ClosestPoint can only be used with a BoxCollider, SphereCollider, CapsuleCollider and a convex MeshCollider. 
(Filename:  Line: 1410)

Physics.ClosestPoint can only be used with a BoxCollider, SphereCollider, CapsuleCollider and a convex MeshCollider. 
(Filename:  Line: 1410)

Physics.ClosestPoint can only be used with a BoxCollider, SphereCollider, CapsuleCollider and a convex MeshCollider. 
(Filename:  Line: 1410)

Physics.ClosestPoint can only be used with a BoxCollider, SphereCollider, CapsuleCollider and a convex MeshCollider. 
(Filename:  Line: 1410)

Physics.ClosestPoint can only be used with a BoxCollider, SphereCollider, CapsuleCollider and a convex MeshCollider. 
(Filename:  Line: 1410)

Physics.ClosestPoint can only be used with a BoxCollider, SphereCollider, CapsuleCollider and a convex MeshCollider. 
(Filename:  Line: 1410)

Physics.ClosestPoint can only be used with a BoxCollider, SphereCollider, CapsuleCollider and a convex MeshCollider. 
(Filename:  Line: 1410)

Physics.ClosestPoint can only be used with a BoxCollider, SphereCollider, CapsuleCollider and a convex MeshCollider. 
(Filename:  Line: 1410)

Physics.ClosestPoint can only be used with a BoxCollider, SphereCollider, CapsuleCollider and a convex MeshCollider. 
(Filename:  Line: 1410)

Physics.ClosestPoint can only be used with a BoxCollider, SphereCollider, CapsuleCollider and a convex MeshCollider. 
(Filename:  Line: 1410)

Physics.ClosestPoint can only be used with a BoxCollider, SphereCollider, CapsuleCollider and a convex MeshCollider. 
(Filename:  Line: 1410)

Physics.ClosestPoint can only be used with a BoxCollider, SphereCollider, CapsuleCollider and a convex MeshCollider. 
(Filename:  Line: 1410)

Physics.ClosestPoint can only be used with a BoxCollider, SphereCollider, CapsuleCollider and a convex MeshCollider. 
(Filename:  Line: 1410)

Physics.ClosestPoint can only be used with a BoxCollider, SphereCollider, CapsuleCollider and a convex MeshCollider. 
(Filename:  Line: 1410)

Physics.ClosestPoint can only be used with a BoxCollider, SphereCollider, CapsuleCollider and a convex MeshCollider. 
(Filename:  Line: 1410)

Physics.ClosestPoint can only be used with a BoxCollider, SphereCollider, CapsuleCollider and a convex MeshCollider. 
(Filename:  Line: 1410)

Physics.ClosestPoint can only be used with a BoxCollider, SphereCollider, CapsuleCollider and a convex MeshCollider. 
(Filename:  Line: 1410)

Physics.ClosestPoint can only be used with a BoxCollider, SphereCollider, CapsuleCollider and a convex MeshCollider. 
(Filename:  Line: 1410)

Physics.ClosestPoint can only be used with a BoxCollider, SphereCollider, CapsuleCollider and a convex MeshCollider. 
(Filename:  Line: 1410)

Physics.ClosestPoint can only be used with a BoxCollider, SphereCollider, CapsuleCollider and a convex MeshCollider. 
(Filename:  Line: 1410)

sending new request to chest10036, use: True 
(Filename: ./Runtime/Export/Debug/Debug.bindings.h Line: 35)

player0 now True chest10036 
(Filename: ./Runtime/Export/Debug/Debug.bindings.h Line: 35)

Checking loot, cells: 21 
(Filename: ./Runtime/Export/Debug/Debug.bindings.h Line: 35)

added to available cell 
(Filename: ./Runtime/Export/Debug/Debug.bindings.h Line: 35)

checking 
(Filename: ./Runtime/Export/Debug/Debug.bindings.h Line: 35)

Unlocking hard 
(Filename: ./Runtime/Export/Debug/Debug.bindings.h Line: 35)

received chest update 
(Filename: ./Runtime/Export/Debug/Debug.bindings.h Line: 35)

now sending to other players 
(Filename: ./Runtime/Export/Debug/Debug.bindings.h Line: 35)

added to available cell 
(Filename: ./Runtime/Export/Debug/Debug.bindings.h Line: 35)

checking 
(Filename: ./Runtime/Export/Debug/Debug.bindings.h Line: 35)

Unlocking hard 
(Filename: ./Runtime/Export/Debug/Debug.bindings.h Line: 35)

received chest update 
(Filename: ./Runtime/Export/Debug/Debug.bindings.h Line: 35)

now sending to other players 
(Filename: ./Runtime/Export/Debug/Debug.bindings.h Line: 35)

dequeing 
(Filename: ./Runtime/Export/Debug/Debug.bindings.h Line: 35)

spawning food from id: 278 
(Filename: ./Runtime/Export/Debug/Debug.bindings.h Line: 35)

dequeing 
(Filename: ./Runtime/Export/Debug/Debug.bindings.h Line: 35)

spawning food from id: 278 
(Filename: ./Runtime/Export/Debug/Debug.bindings.h Line: 35)

dequeing 
(Filename: ./Runtime/Export/Debug/Debug.bindings.h Line: 35)

spawning food from id: 278 
(Filename: ./Runtime/Export/Debug/Debug.bindings.h Line: 35)

dequeing 
(Filename: ./Runtime/Export/Debug/Debug.bindings.h Line: 35)

spawning food from id: 278 
(Filename: ./Runtime/Export/Debug/Debug.bindings.h Line: 35)

dequeing 
(Filename: ./Runtime/Export/Debug/Debug.bindings.h Line: 35)

spawning food from id: 278 
(Filename: ./Runtime/Export/Debug/Debug.bindings.h Line: 35)

added to available cell 
(Filename: ./Runtime/Export/Debug/Debug.bindings.h Line: 35)

checking 
(Filename: ./Runtime/Export/Debug/Debug.bindings.h Line: 35)

Unlocking hard 
(Filename: ./Runtime/Export/Debug/Debug.bindings.h Line: 35)

received chest update 
(Filename: ./Runtime/Export/Debug/Debug.bindings.h Line: 35)

now sending to other players 
(Filename: ./Runtime/Export/Debug/Debug.bindings.h Line: 35)

sending new request to chest10036, use: True 
(Filename: ./Runtime/Export/Debug/Debug.bindings.h Line: 35)

Move dist: 148766, added this one: 19 
(Filename: ./Runtime/Export/Debug/Debug.bindings.h Line: 35)

swim dist: 0, added this one: 0 
(Filename: ./Runtime/Export/Debug/Debug.bindings.h Line: 35)

attacking. stoponattack: False 
(Filename: ./Runtime/Export/Debug/Debug.bindings.h Line: 35)

closing chest 
(Filename: ./Runtime/Export/Debug/Debug.bindings.h Line: 35)

sending new request to chest10036, use: False 
(Filename: ./Runtime/Export/Debug/Debug.bindings.h Line: 35)

player0 now False chest10036 
(Filename: ./Runtime/Export/Debug/Debug.bindings.h Line: 35)

Physics.ClosestPoint can only be used with a BoxCollider, SphereCollider, CapsuleCollider and a convex MeshCollider. 
(Filename:  Line: 1410)

Physics.ClosestPoint can only be used with a BoxCollider, SphereCollider, CapsuleCollider and a convex MeshCollider. 
(Filename:  Line: 1410)

Physics.ClosestPoint can only be used with a BoxCollider, SphereCollider, CapsuleCollider and a convex MeshCollider. 
(Filename:  Line: 1410)

Physics.ClosestPoint can only be used with a BoxCollider, SphereCollider, CapsuleCollider and a convex MeshCollider. 
(Filename:  Line: 1410)

Physics.ClosestPoint can only be used with a BoxCollider, SphereCollider, CapsuleCollider and a convex MeshCollider. 
(Filename:  Line: 1410)

Physics.ClosestPoint can only be used with a BoxCollider, SphereCollider, CapsuleCollider and a convex MeshCollider. 
(Filename:  Line: 1410)

Physics.ClosestPoint can only be used with a BoxCollider, SphereCollider, CapsuleCollider and a convex MeshCollider. 
(Filename:  Line: 1410)

Physics.ClosestPoint can only be used with a BoxCollider, SphereCollider, CapsuleCollider and a convex MeshCollider. 
(Filename:  Line: 1410)

Physics.ClosestPoint can only be used with a BoxCollider, SphereCollider, CapsuleCollider and a convex MeshCollider. 
(Filename:  Line: 1410)

Physics.ClosestPoint can only be used with a BoxCollider, SphereCollider, CapsuleCollider and a convex MeshCollider. 
(Filename:  Line: 1410)

Physics.ClosestPoint can only be used with a BoxCollider, SphereCollider, CapsuleCollider and a convex MeshCollider. 
(Filename:  Line: 1410)

Physics.ClosestPoint can only be used with a BoxCollider, SphereCollider, CapsuleCollider and a convex MeshCollider. 
(Filename:  Line: 1410)

Physics.ClosestPoint can only be used with a BoxCollider, SphereCollider, CapsuleCollider and a convex MeshCollider. 
(Filename:  Line: 1410)

Physics.ClosestPoint can only be used with a BoxCollider, SphereCollider, CapsuleCollider and a convex MeshCollider. 
(Filename:  Line: 1410)

Physics.ClosestPoint can only be used with a BoxCollider, SphereCollider, CapsuleCollider and a convex MeshCollider. 
(Filename:  Line: 1410)

Physics.ClosestPoint can only be used with a BoxCollider, SphereCollider, CapsuleCollider and a convex MeshCollider. 
(Filename:  Line: 1410)

Physics.ClosestPoint can only be used with a BoxCollider, SphereCollider, CapsuleCollider and a convex MeshCollider. 
(Filename:  Line: 1410)

Physics.ClosestPoint can only be used with a BoxCollider, SphereCollider, CapsuleCollider and a convex MeshCollider. 
(Filename:  Line: 1410)

Physics.ClosestPoint can only be used with a BoxCollider, SphereCollider, CapsuleCollider and a convex MeshCollider. 
(Filename:  Line: 1410)

Physics.ClosestPoint can only be used with a BoxCollider, SphereCollider, CapsuleCollider and a convex MeshCollider. 
(Filename:  Line: 1410)

Physics.ClosestPoint can only be used with a BoxCollider, SphereCollider, CapsuleCollider and a convex MeshCollider. 
(Filename:  Line: 1410)

Physics.ClosestPoint can only be used with a BoxCollider, SphereCollider, CapsuleCollider and a convex MeshCollider. 
(Filename:  Line: 1410)

Physics.ClosestPoint can only be used with a BoxCollider, SphereCollider, CapsuleCollider and a convex MeshCollider. 
(Filename:  Line: 1410)

Physics.ClosestPoint can only be used with a BoxCollider, SphereCollider, CapsuleCollider and a convex MeshCollider. 
(Filename:  Line: 1410)

Physics.ClosestPoint can only be used with a BoxCollider, SphereCollider, CapsuleCollider and a convex MeshCollider. 
(Filename:  Line: 1410)

Physics.ClosestPoint can only be used with a BoxCollider, SphereCollider, CapsuleCollider and a convex MeshCollider. 
(Filename:  Line: 1410)

Physics.ClosestPoint can only be used with a BoxCollider, SphereCollider, CapsuleCollider and a convex MeshCollider. 
(Filename:  Line: 1410)

Physics.ClosestPoint can only be used with a BoxCollider, SphereCollider, CapsuleCollider and a convex MeshCollider. 
(Filename:  Line: 1410)

Physics.ClosestPoint can only be used with a BoxCollider, SphereCollider, CapsuleCollider and a convex MeshCollider. 
(Filename:  Line: 1410)

Physics.ClosestPoint can only be used with a BoxCollider, SphereCollider, CapsuleCollider and a convex MeshCollider. 
(Filename:  Line: 1410)

Physics.ClosestPoint can only be used with a BoxCollider, SphereCollider, CapsuleCollider and a convex MeshCollider. 
(Filename:  Line: 1410)

Physics.ClosestPoint can only be used with a BoxCollider, SphereCollider, CapsuleCollider and a convex MeshCollider. 
(Filename:  Line: 1410)

Physics.ClosestPoint can only be used with a BoxCollider, SphereCollider, CapsuleCollider and a convex MeshCollider. 
(Filename:  Line: 1410)

Physics.ClosestPoint can only be used with a BoxCollider, SphereCollider, CapsuleCollider and a convex MeshCollider. 
(Filename:  Line: 1410)

player1 now True chest10036 
(Filename: ./Runtime/Export/Debug/Debug.bindings.h Line: 35)

Physics.ClosestPoint can only be used with a BoxCollider, SphereCollider, CapsuleCollider and a convex MeshCollider. 
(Filename:  Line: 1410)

Physics.ClosestPoint can only be used with a BoxCollider, SphereCollider, CapsuleCollider and a convex MeshCollider. 
(Filename:  Line: 1410)

Physics.ClosestPoint can only be used with a BoxCollider, SphereCollider, CapsuleCollider and a convex MeshCollider. 
(Filename:  Line: 1410)

Physics.ClosestPoint can only be used with a BoxCollider, SphereCollider, CapsuleCollider and a convex MeshCollider. 
(Filename:  Line: 1410)

Physics.ClosestPoint can only be used with a BoxCollider, SphereCollider, CapsuleCollider and a convex MeshCollider. 
(Filename:  Line: 1410)

Physics.ClosestPoint can only be used with a BoxCollider, SphereCollider, CapsuleCollider and a convex MeshCollider. 
(Filename:  Line: 1410)

Physics.ClosestPoint can only be used with a BoxCollider, SphereCollider, CapsuleCollider and a convex MeshCollider. 
(Filename:  Line: 1410)

Physics.ClosestPoint can only be used with a BoxCollider, SphereCollider, CapsuleCollider and a convex MeshCollider. 
(Filename:  Line: 1410)

Physics.ClosestPoint can only be used with a BoxCollider, SphereCollider, CapsuleCollider and a convex MeshCollider. 
(Filename:  Line: 1410)

Physics.ClosestPoint can only be used with a BoxCollider, SphereCollider, CapsuleCollider and a convex MeshCollider. 
(Filename:  Line: 1410)

Physics.ClosestPoint can only be used with a BoxCollider, SphereCollider, CapsuleCollider and a convex MeshCollider. 
(Filename:  Line: 1410)

Physics.ClosestPoint can only be used with a BoxCollider, SphereCollider, CapsuleCollider and a convex MeshCollider. 
(Filename:  Line: 1410)

Physics.ClosestPoint can only be used with a BoxCollider, SphereCollider, CapsuleCollider and a convex MeshCollider. 
(Filename:  Line: 1410)

Physics.ClosestPoint can only be used with a BoxCollider, SphereCollider, CapsuleCollider and a convex MeshCollider. 
(Filename:  Line: 1410)

Physics.ClosestPoint can only be used with a BoxCollider, SphereCollider, CapsuleCollider and a convex MeshCollider. 
(Filename:  Line: 1410)

Physics.ClosestPoint can only be used with a BoxCollider, SphereCollider, CapsuleCollider and a convex MeshCollider. 
(Filename:  Line: 1410)

Physics.ClosestPoint can only be used with a BoxCollider, SphereCollider, CapsuleCollider and a convex MeshCollider. 
(Filename:  Line: 1410)

Physics.ClosestPoint can only be used with a BoxCollider, SphereCollider, CapsuleCollider and a convex MeshCollider. 
(Filename:  Line: 1410)

Physics.ClosestPoint can only be used with a BoxCollider, SphereCollider, CapsuleCollider and a convex MeshCollider. 
(Filename:  Line: 1410)

Physics.ClosestPoint can only be used with a BoxCollider, SphereCollider, CapsuleCollider and a convex MeshCollider. 
(Filename:  Line: 1410)

Physics.ClosestPoint can only be used with a BoxCollider, SphereCollider, CapsuleCollider and a convex MeshCollider. 
(Filename:  Line: 1410)

Physics.ClosestPoint can only be used with a BoxCollider, SphereCollider, CapsuleCollider and a convex MeshCollider. 
(Filename:  Line: 1410)

Physics.ClosestPoint can only be used with a BoxCollider, SphereCollider, CapsuleCollider and a convex MeshCollider. 
(Filename:  Line: 1410)

Physics.ClosestPoint can only be used with a BoxCollider, SphereCollider, CapsuleCollider and a convex MeshCollider. 
(Filename:  Line: 1410)

Physics.ClosestPoint can only be used with a BoxCollider, SphereCollider, CapsuleCollider and a convex MeshCollider. 
(Filename:  Line: 1410)

Physics.ClosestPoint can only be used with a BoxCollider, SphereCollider, CapsuleCollider and a convex MeshCollider. 
(Filename:  Line: 1410)

Physics.ClosestPoint can only be used with a BoxCollider, SphereCollider, CapsuleCollider and a convex MeshCollider. 
(Filename:  Line: 1410)

Physics.ClosestPoint can only be used with a BoxCollider, SphereCollider, CapsuleCollider and a convex MeshCollider. 
(Filename:  Line: 1410)

Physics.ClosestPoint can only be used with a BoxCollider, SphereCollider, CapsuleCollider and a convex MeshCollider. 
(Filename:  Line: 1410)

Physics.ClosestPoint can only be used with a BoxCollider, SphereCollider, CapsuleCollider and a convex MeshCollider. 
(Filename:  Line: 1410)

Physics.ClosestPoint can only be used with a BoxCollider, SphereCollider, CapsuleCollider and a convex MeshCollider. 
(Filename:  Line: 1410)

Physics.ClosestPoint can only be used with a BoxCollider, SphereCollider, CapsuleCollider and a convex MeshCollider. 
(Filename:  Line: 1410)

Physics.ClosestPoint can only be used with a BoxCollider, SphereCollider, CapsuleCollider and a convex MeshCollider. 
(Filename:  Line: 1410)

Physics.ClosestPoint can only be used with a BoxCollider, SphereCollider, CapsuleCollider and a convex MeshCollider. 
(Filename:  Line: 1410)

Physics.ClosestPoint can only be used with a BoxCollider, SphereCollider, CapsuleCollider and a convex MeshCollider. 
(Filename:  Line: 1410)

Physics.ClosestPoint can only be used with a BoxCollider, SphereCollider, CapsuleCollider and a convex MeshCollider. 
(Filename:  Line: 1410)

Physics.ClosestPoint can only be used with a BoxCollider, SphereCollider, CapsuleCollider and a convex MeshCollider. 
(Filename:  Line: 1410)

Physics.ClosestPoint can only be used with a BoxCollider, SphereCollider, CapsuleCollider and a convex MeshCollider. 
(Filename:  Line: 1410)

Physics.ClosestPoint can only be used with a BoxCollider, SphereCollider, CapsuleCollider and a convex MeshCollider. 
(Filename:  Line: 1410)

Physics.ClosestPoint can only be used with a BoxCollider, SphereCollider, CapsuleCollider and a convex MeshCollider. 
(Filename:  Line: 1410)

Physics.ClosestPoint can only be used with a BoxCollider, SphereCollider, CapsuleCollider and a convex MeshCollider. 
(Filename:  Line: 1410)

Physics.ClosestPoint can only be used with a BoxCollider, SphereCollider, CapsuleCollider and a convex MeshCollider. 
(Filename:  Line: 1410)

Physics.ClosestPoint can only be used with a BoxCollider, SphereCollider, CapsuleCollider and a convex MeshCollider. 
(Filename:  Line: 1410)

Physics.ClosestPoint can only be used with a BoxCollider, SphereCollider, CapsuleCollider and a convex MeshCollider. 
(Filename:  Line: 1410)

Physics.ClosestPoint can only be used with a BoxCollider, SphereCollider, CapsuleCollider and a convex MeshCollider. 
(Filename:  Line: 1410)

Physics.ClosestPoint can only be used with a BoxCollider, SphereCollider, CapsuleCollider and a convex MeshCollider. 
(Filename:  Line: 1410)

Physics.ClosestPoint can only be used with a BoxCollider, SphereCollider, CapsuleCollider and a convex MeshCollider. 
(Filename:  Line: 1410)

y component: -0.9841964 
(Filename: ./Runtime/Export/Debug/Debug.bindings.h Line: 35)

launch angle: 5.297025 
(Filename: ./Runtime/Export/Debug/Debug.bindings.h Line: 35)

mob id: 1, in mob manager: True 
(Filename: ./Runtime/Export/Debug/Debug.bindings.h Line: 35)

setting damage to: 30 
(Filename: ./Runtime/Export/Debug/Debug.bindings.h Line: 35)

Physics.ClosestPoint can only be used with a BoxCollider, SphereCollider, CapsuleCollider and a convex MeshCollider. 
(Filename:  Line: 1410)

Physics.ClosestPoint can only be used with a BoxCollider, SphereCollider, CapsuleCollider and a convex MeshCollider. 
(Filename:  Line: 1410)

Physics.ClosestPoint can only be used with a BoxCollider, SphereCollider, CapsuleCollider and a convex MeshCollider. 
(Filename:  Line: 1410)

Physics.ClosestPoint can only be used with a BoxCollider, SphereCollider, CapsuleCollider and a convex MeshCollider. 
(Filename:  Line: 1410)

Physics.ClosestPoint can only be used with a BoxCollider, SphereCollider, CapsuleCollider and a convex MeshCollider. 
(Filename:  Line: 1410)

Physics.ClosestPoint can only be used with a BoxCollider, SphereCollider, CapsuleCollider and a convex MeshCollider. 
(Filename:  Line: 1410)

Physics.ClosestPoint can only be used with a BoxCollider, SphereCollider, CapsuleCollider and a convex MeshCollider. 
(Filename:  Line: 1410)

Physics.ClosestPoint can only be used with a BoxCollider, SphereCollider, CapsuleCollider and a convex MeshCollider. 
(Filename:  Line: 1410)

Physics.ClosestPoint can only be used with a BoxCollider, SphereCollider, CapsuleCollider and a convex MeshCollider. 
(Filename:  Line: 1410)

Physics.ClosestPoint can only be used with a BoxCollider, SphereCollider, CapsuleCollider and a convex MeshCollider. 
(Filename:  Line: 1410)

Physics.ClosestPoint can only be used with a BoxCollider, SphereCollider, CapsuleCollider and a convex MeshCollider. 
(Filename:  Line: 1410)

Physics.ClosestPoint can only be used with a BoxCollider, SphereCollider, CapsuleCollider and a convex MeshCollider. 
(Filename:  Line: 1410)

Physics.ClosestPoint can only be used with a BoxCollider, SphereCollider, CapsuleCollider and a convex MeshCollider. 
(Filename:  Line: 1410)

Physics.ClosestPoint can only be used with a BoxCollider, SphereCollider, CapsuleCollider and a convex MeshCollider. 
(Filename:  Line: 1410)

Physics.ClosestPoint can only be used with a BoxCollider, SphereCollider, CapsuleCollider and a convex MeshCollider. 
(Filename:  Line: 1410)

Physics.ClosestPoint can only be used with a BoxCollider, SphereCollider, CapsuleCollider and a convex MeshCollider. 
(Filename:  Line: 1410)

Physics.ClosestPoint can only be used with a BoxCollider, SphereCollider, CapsuleCollider and a convex MeshCollider. 
(Filename:  Line: 1410)

Physics.ClosestPoint can only be used with a BoxCollider, SphereCollider, CapsuleCollider and a convex MeshCollider. 
(Filename:  Line: 1410)

Physics.ClosestPoint can only be used with a BoxCollider, SphereCollider, CapsuleCollider and a convex MeshCollider. 
(Filename:  Line: 1410)

Physics.ClosestPoint can only be used with a BoxCollider, SphereCollider, CapsuleCollider and a convex MeshCollider. 
(Filename:  Line: 1410)

Physics.ClosestPoint can only be used with a BoxCollider, SphereCollider, CapsuleCollider and a convex MeshCollider. 
(Filename:  Line: 1410)

Physics.ClosestPoint can only be used with a BoxCollider, SphereCollider, CapsuleCollider and a convex MeshCollider. 
(Filename:  Line: 1410)

Physics.ClosestPoint can only be used with a BoxCollider, SphereCollider, CapsuleCollider and a convex MeshCollider. 
(Filename:  Line: 1410)

Physics.ClosestPoint can only be used with a BoxCollider, SphereCollider, CapsuleCollider and a convex MeshCollider. 
(Filename:  Line: 1410)

Physics.ClosestPoint can only be used with a BoxCollider, SphereCollider, CapsuleCollider and a convex MeshCollider. 
(Filename:  Line: 1410)

Physics.ClosestPoint can only be used with a BoxCollider, SphereCollider, CapsuleCollider and a convex MeshCollider. 
(Filename:  Line: 1410)

Physics.ClosestPoint can only be used with a BoxCollider, SphereCollider, CapsuleCollider and a convex MeshCollider. 
(Filename:  Line: 1410)

Physics.ClosestPoint can only be used with a BoxCollider, SphereCollider, CapsuleCollider and a convex MeshCollider. 
(Filename:  Line: 1410)

Physics.ClosestPoint can only be used with a BoxCollider, SphereCollider, CapsuleCollider and a convex MeshCollider. 
(Filename:  Line: 1410)

Physics.ClosestPoint can only be used with a BoxCollider, SphereCollider, CapsuleCollider and a convex MeshCollider. 
(Filename:  Line: 1410)

Physics.ClosestPoint can only be used with a BoxCollider, SphereCollider, CapsuleCollider and a convex MeshCollider. 
(Filename:  Line: 1410)

Physics.ClosestPoint can only be used with a BoxCollider, SphereCollider, CapsuleCollider and a convex MeshCollider. 
(Filename:  Line: 1410)

Physics.ClosestPoint can only be used with a BoxCollider, SphereCollider, CapsuleCollider and a convex MeshCollider. 
(Filename:  Line: 1410)

Physics.ClosestPoint can only be used with a BoxCollider, SphereCollider, CapsuleCollider and a convex MeshCollider. 
(Filename:  Line: 1410)

Physics.ClosestPoint can only be used with a BoxCollider, SphereCollider, CapsuleCollider and a convex MeshCollider. 
(Filename:  Line: 1410)

Physics.ClosestPoint can only be used with a BoxCollider, SphereCollider, CapsuleCollider and a convex MeshCollider. 
(Filename:  Line: 1410)

Physics.ClosestPoint can only be used with a BoxCollider, SphereCollider, CapsuleCollider and a convex MeshCollider. 
(Filename:  Line: 1410)

Physics.ClosestPoint can only be used with a BoxCollider, SphereCollider, CapsuleCollider and a convex MeshCollider. 
(Filename:  Line: 1410)

Physics.ClosestPoint can only be used with a BoxCollider, SphereCollider, CapsuleCollider and a convex MeshCollider. 
(Filename:  Line: 1410)

Physics.ClosestPoint can only be used with a BoxCollider, SphereCollider, CapsuleCollider and a convex MeshCollider. 
(Filename:  Line: 1410)

Physics.ClosestPoint can only be used with a BoxCollider, SphereCollider, CapsuleCollider and a convex MeshCollider. 
(Filename:  Line: 1410)

Physics.ClosestPoint can only be used with a BoxCollider, SphereCollider, CapsuleCollider and a convex MeshCollider. 
(Filename:  Line: 1410)

Physics.ClosestPoint can only be used with a BoxCollider, SphereCollider, CapsuleCollider and a convex MeshCollider. 
(Filename:  Line: 1410)

Physics.ClosestPoint can only be used with a BoxCollider, SphereCollider, CapsuleCollider and a convex MeshCollider. 
(Filename:  Line: 1410)

Physics.ClosestPoint can only be used with a BoxCollider, SphereCollider, CapsuleCollider and a convex MeshCollider. 
(Filename:  Line: 1410)

Physics.ClosestPoint can only be used with a BoxCollider, SphereCollider, CapsuleCollider and a convex MeshCollider. 
(Filename:  Line: 1410)

Physics.ClosestPoint can only be used with a BoxCollider, SphereCollider, CapsuleCollider and a convex MeshCollider. 
(Filename:  Line: 1410)

Physics.ClosestPoint can only be used with a BoxCollider, SphereCollider, CapsuleCollider and a convex MeshCollider. 
(Filename:  Line: 1410)

Physics.ClosestPoint can only be used with a BoxCollider, SphereCollider, CapsuleCollider and a convex MeshCollider. 
(Filename:  Line: 1410)

Physics.ClosestPoint can only be used with a BoxCollider, SphereCollider, CapsuleCollider and a convex MeshCollider. 
(Filename:  Line: 1410)

Physics.ClosestPoint can only be used with a BoxCollider, SphereCollider, CapsuleCollider and a convex MeshCollider. 
(Filename:  Line: 1410)

Physics.ClosestPoint can only be used with a BoxCollider, SphereCollider, CapsuleCollider and a convex MeshCollider. 
(Filename:  Line: 1410)

Physics.ClosestPoint can only be used with a BoxCollider, SphereCollider, CapsuleCollider and a convex MeshCollider. 
(Filename:  Line: 1410)

Physics.ClosestPoint can only be used with a BoxCollider, SphereCollider, CapsuleCollider and a convex MeshCollider. 
(Filename:  Line: 1410)

Physics.ClosestPoint can only be used with a BoxCollider, SphereCollider, CapsuleCollider and a convex MeshCollider. 
(Filename:  Line: 1410)

Physics.ClosestPoint can only be used with a BoxCollider, SphereCollider, CapsuleCollider and a convex MeshCollider. 
(Filename:  Line: 1410)

Physics.ClosestPoint can only be used with a BoxCollider, SphereCollider, CapsuleCollider and a convex MeshCollider. 
(Filename:  Line: 1410)

Physics.ClosestPoint can only be used with a BoxCollider, SphereCollider, CapsuleCollider and a convex MeshCollider. 
(Filename:  Line: 1410)

Physics.ClosestPoint can only be used with a BoxCollider, SphereCollider, CapsuleCollider and a convex MeshCollider. 
(Filename:  Line: 1410)

Physics.ClosestPoint can only be used with a BoxCollider, SphereCollider, CapsuleCollider and a convex MeshCollider. 
(Filename:  Line: 1410)

Physics.ClosestPoint can only be used with a BoxCollider, SphereCollider, CapsuleCollider and a convex MeshCollider. 
(Filename:  Line: 1410)

Physics.ClosestPoint can only be used with a BoxCollider, SphereCollider, CapsuleCollider and a convex MeshCollider. 
(Filename:  Line: 1410)

Physics.ClosestPoint can only be used with a BoxCollider, SphereCollider, CapsuleCollider and a convex MeshCollider. 
(Filename:  Line: 1410)

Physics.ClosestPoint can only be used with a BoxCollider, SphereCollider, CapsuleCollider and a convex MeshCollider. 
(Filename:  Line: 1410)

Physics.ClosestPoint can only be used with a BoxCollider, SphereCollider, CapsuleCollider and a convex MeshCollider. 
(Filename:  Line: 1410)

Physics.ClosestPoint can only be used with a BoxCollider, SphereCollider, CapsuleCollider and a convex MeshCollider. 
(Filename:  Line: 1410)

Physics.ClosestPoint can only be used with a BoxCollider, SphereCollider, CapsuleCollider and a convex MeshCollider. 
(Filename:  Line: 1410)

Physics.ClosestPoint can only be used with a BoxCollider, SphereCollider, CapsuleCollider and a convex MeshCollider. 
(Filename:  Line: 1410)

Physics.ClosestPoint can only be used with a BoxCollider, SphereCollider, CapsuleCollider and a convex MeshCollider. 
(Filename:  Line: 1410)

Physics.ClosestPoint can only be used with a BoxCollider, SphereCollider, CapsuleCollider and a convex MeshCollider. 
(Filename:  Line: 1410)

Physics.ClosestPoint can only be used with a BoxCollider, SphereCollider, CapsuleCollider and a convex MeshCollider. 
(Filename:  Line: 1410)

Physics.ClosestPoint can only be used with a BoxCollider, SphereCollider, CapsuleCollider and a convex MeshCollider. 
(Filename:  Line: 1410)

Physics.ClosestPoint can only be used with a BoxCollider, SphereCollider, CapsuleCollider and a convex MeshCollider. 
(Filename:  Line: 1410)

Physics.ClosestPoint can only be used with a BoxCollider, SphereCollider, CapsuleCollider and a convex MeshCollider. 
(Filename:  Line: 1410)

Physics.ClosestPoint can only be used with a BoxCollider, SphereCollider, CapsuleCollider and a convex MeshCollider. 
(Filename:  Line: 1410)

Physics.ClosestPoint can only be used with a BoxCollider, SphereCollider, CapsuleCollider and a convex MeshCollider. 
(Filename:  Line: 1410)

Physics.ClosestPoint can only be used with a BoxCollider, SphereCollider, CapsuleCollider and a convex MeshCollider. 
(Filename:  Line: 1410)

Physics.ClosestPoint can only be used with a BoxCollider, SphereCollider, CapsuleCollider and a convex MeshCollider. 
(Filename:  Line: 1410)

Physics.ClosestPoint can only be used with a BoxCollider, SphereCollider, CapsuleCollider and a convex MeshCollider. 
(Filename:  Line: 1410)

Physics.ClosestPoint can only be used with a BoxCollider, SphereCollider, CapsuleCollider and a convex MeshCollider. 
(Filename:  Line: 1410)

Physics.ClosestPoint can only be used with a BoxCollider, SphereCollider, CapsuleCollider and a convex MeshCollider. 
(Filename:  Line: 1410)

Physics.ClosestPoint can only be used with a BoxCollider, SphereCollider, CapsuleCollider and a convex MeshCollider. 
(Filename:  Line: 1410)

Physics.ClosestPoint can only be used with a BoxCollider, SphereCollider, CapsuleCollider and a convex MeshCollider. 
(Filename:  Line: 1410)

Physics.ClosestPoint can only be used with a BoxCollider, SphereCollider, CapsuleCollider and a convex MeshCollider. 
(Filename:  Line: 1410)

Physics.ClosestPoint can only be used with a BoxCollider, SphereCollider, CapsuleCollider and a convex MeshCollider. 
(Filename:  Line: 1410)

Physics.ClosestPoint can only be used with a BoxCollider, SphereCollider, CapsuleCollider and a convex MeshCollider. 
(Filename:  Line: 1410)

Physics.ClosestPoint can only be used with a BoxCollider, SphereCollider, CapsuleCollider and a convex MeshCollider. 
(Filename:  Line: 1410)

Physics.ClosestPoint can only be used with a BoxCollider, SphereCollider, CapsuleCollider and a convex MeshCollider. 
(Filename:  Line: 1410)

Physics.ClosestPoint can only be used with a BoxCollider, SphereCollider, CapsuleCollider and a convex MeshCollider. 
(Filename:  Line: 1410)

Physics.ClosestPoint can only be used with a BoxCollider, SphereCollider, CapsuleCollider and a convex MeshCollider. 
(Filename:  Line: 1410)

Physics.ClosestPoint can only be used with a BoxCollider, SphereCollider, CapsuleCollider and a convex MeshCollider. 
(Filename:  Line: 1410)

Physics.ClosestPoint can only be used with a BoxCollider, SphereCollider, CapsuleCollider and a convex MeshCollider. 
(Filename:  Line: 1410)

Physics.ClosestPoint can only be used with a BoxCollider, SphereCollider, CapsuleCollider and a convex MeshCollider. 
(Filename:  Line: 1410)

Physics.ClosestPoint can only be used with a BoxCollider, SphereCollider, CapsuleCollider and a convex MeshCollider. 
(Filename:  Line: 1410)

Physics.ClosestPoint can only be used with a BoxCollider, SphereCollider, CapsuleCollider and a convex MeshCollider. 
(Filename:  Line: 1410)

Physics.ClosestPoint can only be used with a BoxCollider, SphereCollider, CapsuleCollider and a convex MeshCollider. 
(Filename:  Line: 1410)

Physics.ClosestPoint can only be used with a BoxCollider, SphereCollider, CapsuleCollider and a convex MeshCollider. 
(Filename:  Line: 1410)

Physics.ClosestPoint can only be used with a BoxCollider, SphereCollider, CapsuleCollider and a convex MeshCollider. 
(Filename:  Line: 1410)

Physics.ClosestPoint can only be used with a BoxCollider, SphereCollider, CapsuleCollider and a convex MeshCollider. 
(Filename:  Line: 1410)

Physics.ClosestPoint can only be used with a BoxCollider, SphereCollider, CapsuleCollider and a convex MeshCollider. 
(Filename:  Line: 1410)

Physics.ClosestPoint can only be used with a BoxCollider, SphereCollider, CapsuleCollider and a convex MeshCollider. 
(Filename:  Line: 1410)

Physics.ClosestPoint can only be used with a BoxCollider, SphereCollider, CapsuleCollider and a convex MeshCollider. 
(Filename:  Line: 1410)

Physics.ClosestPoint can only be used with a BoxCollider, SphereCollider, CapsuleCollider and a convex MeshCollider. 
(Filename:  Line: 1410)

Physics.ClosestPoint can only be used with a BoxCollider, SphereCollider, CapsuleCollider and a convex MeshCollider. 
(Filename:  Line: 1410)

Physics.ClosestPoint can only be used with a BoxCollider, SphereCollider, CapsuleCollider and a convex MeshCollider. 
(Filename:  Line: 1410)

Physics.ClosestPoint can only be used with a BoxCollider, SphereCollider, CapsuleCollider and a convex MeshCollider. 
(Filename:  Line: 1410)

Physics.ClosestPoint can only be used with a BoxCollider, SphereCollider, CapsuleCollider and a convex MeshCollider. 
(Filename:  Line: 1410)

Physics.ClosestPoint can only be used with a BoxCollider, SphereCollider, CapsuleCollider and a convex MeshCollider. 
(Filename:  Line: 1410)

Physics.ClosestPoint can only be used with a BoxCollider, SphereCollider, CapsuleCollider and a convex MeshCollider. 
(Filename:  Line: 1410)

Physics.ClosestPoint can only be used with a BoxCollider, SphereCollider, CapsuleCollider and a convex MeshCollider. 
(Filename:  Line: 1410)

Physics.ClosestPoint can only be used with a BoxCollider, SphereCollider, CapsuleCollider and a convex MeshCollider. 
(Filename:  Line: 1410)

Physics.ClosestPoint can only be used with a BoxCollider, SphereCollider, CapsuleCollider and a convex MeshCollider. 
(Filename:  Line: 1410)

Physics.ClosestPoint can only be used with a BoxCollider, SphereCollider, CapsuleCollider and a convex MeshCollider. 
(Filename:  Line: 1410)

Physics.ClosestPoint can only be used with a BoxCollider, SphereCollider, CapsuleCollider and a convex MeshCollider. 
(Filename:  Line: 1410)

Physics.ClosestPoint can only be used with a BoxCollider, SphereCollider, CapsuleCollider and a convex MeshCollider. 
(Filename:  Line: 1410)

Physics.ClosestPoint can only be used with a BoxCollider, SphereCollider, CapsuleCollider and a convex MeshCollider. 
(Filename:  Line: 1410)

Physics.ClosestPoint can only be used with a BoxCollider, SphereCollider, CapsuleCollider and a convex MeshCollider. 
(Filename:  Line: 1410)

Physics.ClosestPoint can only be used with a BoxCollider, SphereCollider, CapsuleCollider and a convex MeshCollider. 
(Filename:  Line: 1410)

Physics.ClosestPoint can only be used with a BoxCollider, SphereCollider, CapsuleCollider and a convex MeshCollider. 
(Filename:  Line: 1410)

Physics.ClosestPoint can only be used with a BoxCollider, SphereCollider, CapsuleCollider and a convex MeshCollider. 
(Filename:  Line: 1410)

Physics.ClosestPoint can only be used with a BoxCollider, SphereCollider, CapsuleCollider and a convex MeshCollider. 
(Filename:  Line: 1410)

Physics.ClosestPoint can only be used with a BoxCollider, SphereCollider, CapsuleCollider and a convex MeshCollider. 
(Filename:  Line: 1410)

player1 now False chest10036 
(Filename: ./Runtime/Export/Debug/Debug.bindings.h Line: 35)

Physics.ClosestPoint can only be used with a BoxCollider, SphereCollider, CapsuleCollider and a convex MeshCollider. 
(Filename:  Line: 1410)

Physics.ClosestPoint can only be used with a BoxCollider, SphereCollider, CapsuleCollider and a convex MeshCollider. 
(Filename:  Line: 1410)

Physics.ClosestPoint can only be used with a BoxCollider, SphereCollider, CapsuleCollider and a convex MeshCollider. 
(Filename:  Line: 1410)

Physics.ClosestPoint can only be used with a BoxCollider, SphereCollider, CapsuleCollider and a convex MeshCollider. 
(Filename:  Line: 1410)

Physics.ClosestPoint can only be used with a BoxCollider, SphereCollider, CapsuleCollider and a convex MeshCollider. 
(Filename:  Line: 1410)

Physics.ClosestPoint can only be used with a BoxCollider, SphereCollider, CapsuleCollider and a convex MeshCollider. 
(Filename:  Line: 1410)

Physics.ClosestPoint can only be used with a BoxCollider, SphereCollider, CapsuleCollider and a convex MeshCollider. 
(Filename:  Line: 1410)

Physics.ClosestPoint can only be used with a BoxCollider, SphereCollider, CapsuleCollider and a convex MeshCollider. 
(Filename:  Line: 1410)

Physics.ClosestPoint can only be used with a BoxCollider, SphereCollider, CapsuleCollider and a convex MeshCollider. 
(Filename:  Line: 1410)

Physics.ClosestPoint can only be used with a BoxCollider, SphereCollider, CapsuleCollider and a convex MeshCollider. 
(Filename:  Line: 1410)

Physics.ClosestPoint can only be used with a BoxCollider, SphereCollider, CapsuleCollider and a convex MeshCollider. 
(Filename:  Line: 1410)

Physics.ClosestPoint can only be used with a BoxCollider, SphereCollider, CapsuleCollider and a convex MeshCollider. 
(Filename:  Line: 1410)

Physics.ClosestPoint can only be used with a BoxCollider, SphereCollider, CapsuleCollider and a convex MeshCollider. 
(Filename:  Line: 1410)

Physics.ClosestPoint can only be used with a BoxCollider, SphereCollider, CapsuleCollider and a convex MeshCollider. 
(Filename:  Line: 1410)

Physics.ClosestPoint can only be used with a BoxCollider, SphereCollider, CapsuleCollider and a convex MeshCollider. 
(Filename:  Line: 1410)

Physics.ClosestPoint can only be used with a BoxCollider, SphereCollider, CapsuleCollider and a convex MeshCollider. 
(Filename:  Line: 1410)

Physics.ClosestPoint can only be used with a BoxCollider, SphereCollider, CapsuleCollider and a convex MeshCollider. 
(Filename:  Line: 1410)

berserk multiplier: 0 
(Filename: ./Runtime/Export/Debug/Debug.bindings.h Line: 35)

berserk multiplier: 0 
(Filename: ./Runtime/Export/Debug/Debug.bindings.h Line: 35)

Physics.ClosestPoint can only be used with a BoxCollider, SphereCollider, CapsuleCollider and a convex MeshCollider. 
(Filename:  Line: 1410)

Physics.ClosestPoint can only be used with a BoxCollider, SphereCollider, CapsuleCollider and a convex MeshCollider. 
(Filename:  Line: 1410)

Physics.ClosestPoint can only be used with a BoxCollider, SphereCollider, CapsuleCollider and a convex MeshCollider. 
(Filename:  Line: 1410)

Physics.ClosestPoint can only be used with a BoxCollider, SphereCollider, CapsuleCollider and a convex MeshCollider. 
(Filename:  Line: 1410)

Physics.ClosestPoint can only be used with a BoxCollider, SphereCollider, CapsuleCollider and a convex MeshCollider. 
(Filename:  Line: 1410)

Physics.ClosestPoint can only be used with a BoxCollider, SphereCollider, CapsuleCollider and a convex MeshCollider. 
(Filename:  Line: 1410)

Physics.ClosestPoint can only be used with a BoxCollider, SphereCollider, CapsuleCollider and a convex MeshCollider. 
(Filename:  Line: 1410)

Physics.ClosestPoint can only be used with a BoxCollider, SphereCollider, CapsuleCollider and a convex MeshCollider. 
(Filename:  Line: 1410)

Physics.ClosestPoint can only be used with a BoxCollider, SphereCollider, CapsuleCollider and a convex MeshCollider. 
(Filename:  Line: 1410)

Physics.ClosestPoint can only be used with a BoxCollider, SphereCollider, CapsuleCollider and a convex MeshCollider. 
(Filename:  Line: 1410)

Physics.ClosestPoint can only be used with a BoxCollider, SphereCollider, CapsuleCollider and a convex MeshCollider. 
(Filename:  Line: 1410)

Physics.ClosestPoint can only be used with a BoxCollider, SphereCollider, CapsuleCollider and a convex MeshCollider. 
(Filename:  Line: 1410)

Physics.ClosestPoint can only be used with a BoxCollider, SphereCollider, CapsuleCollider and a convex MeshCollider. 
(Filename:  Line: 1410)

Physics.ClosestPoint can only be used with a BoxCollider, SphereCollider, CapsuleCollider and a convex MeshCollider. 
(Filename:  Line: 1410)

Physics.ClosestPoint can only be used with a BoxCollider, SphereCollider, CapsuleCollider and a convex MeshCollider. 
(Filename:  Line: 1410)

Physics.ClosestPoint can only be used with a BoxCollider, SphereCollider, CapsuleCollider and a convex MeshCollider. 
(Filename:  Line: 1410)

Physics.ClosestPoint can only be used with a BoxCollider, SphereCollider, CapsuleCollider and a convex MeshCollider. 
(Filename:  Line: 1410)

Physics.ClosestPoint can only be used with a BoxCollider, SphereCollider, CapsuleCollider and a convex MeshCollider. 
(Filename:  Line: 1410)

Physics.ClosestPoint can only be used with a BoxCollider, SphereCollider, CapsuleCollider and a convex MeshCollider. 
(Filename:  Line: 1410)

Physics.ClosestPoint can only be used with a BoxCollider, SphereCollider, CapsuleCollider and a convex MeshCollider. 
(Filename:  Line: 1410)

Physics.ClosestPoint can only be used with a BoxCollider, SphereCollider, CapsuleCollider and a convex MeshCollider. 
(Filename:  Line: 1410)

Physics.ClosestPoint can only be used with a BoxCollider, SphereCollider, CapsuleCollider and a convex MeshCollider. 
(Filename:  Line: 1410)

Physics.ClosestPoint can only be used with a BoxCollider, SphereCollider, CapsuleCollider and a convex MeshCollider. 
(Filename:  Line: 1410)

Physics.ClosestPoint can only be used with a BoxCollider, SphereCollider, CapsuleCollider and a convex MeshCollider. 
(Filename:  Line: 1410)

Physics.ClosestPoint can only be used with a BoxCollider, SphereCollider, CapsuleCollider and a convex MeshCollider. 
(Filename:  Line: 1410)

Physics.ClosestPoint can only be used with a BoxCollider, SphereCollider, CapsuleCollider and a convex MeshCollider. 
(Filename:  Line: 1410)

Physics.ClosestPoint can only be used with a BoxCollider, SphereCollider, CapsuleCollider and a convex MeshCollider. 
(Filename:  Line: 1410)

Physics.ClosestPoint can only be used with a BoxCollider, SphereCollider, CapsuleCollider and a convex MeshCollider. 
(Filename:  Line: 1410)

Physics.ClosestPoint can only be used with a BoxCollider, SphereCollider, CapsuleCollider and a convex MeshCollider. 
(Filename:  Line: 1410)

Physics.ClosestPoint can only be used with a BoxCollider, SphereCollider, CapsuleCollider and a convex MeshCollider. 
(Filename:  Line: 1410)

Physics.ClosestPoint can only be used with a BoxCollider, SphereCollider, CapsuleCollider and a convex MeshCollider. 
(Filename:  Line: 1410)

Physics.ClosestPoint can only be used with a BoxCollider, SphereCollider, CapsuleCollider and a convex MeshCollider. 
(Filename:  Line: 1410)

Physics.ClosestPoint can only be used with a BoxCollider, SphereCollider, CapsuleCollider and a convex MeshCollider. 
(Filename:  Line: 1410)

Physics.ClosestPoint can only be used with a BoxCollider, SphereCollider, CapsuleCollider and a convex MeshCollider. 
(Filename:  Line: 1410)

Physics.ClosestPoint can only be used with a BoxCollider, SphereCollider, CapsuleCollider and a convex MeshCollider. 
(Filename:  Line: 1410)

Physics.ClosestPoint can only be used with a BoxCollider, SphereCollider, CapsuleCollider and a convex MeshCollider. 
(Filename:  Line: 1410)

Physics.ClosestPoint can only be used with a BoxCollider, SphereCollider, CapsuleCollider and a convex MeshCollider. 
(Filename:  Line: 1410)

Physics.ClosestPoint can only be used with a BoxCollider, SphereCollider, CapsuleCollider and a convex MeshCollider. 
(Filename:  Line: 1410)

Physics.ClosestPoint can only be used with a BoxCollider, SphereCollider, CapsuleCollider and a convex MeshCollider. 
(Filename:  Line: 1410)

Physics.ClosestPoint can only be used with a BoxCollider, SphereCollider, CapsuleCollider and a convex MeshCollider. 
(Filename:  Line: 1410)

Physics.ClosestPoint can only be used with a BoxCollider, SphereCollider, CapsuleCollider and a convex MeshCollider. 
(Filename:  Line: 1410)

Physics.ClosestPoint can only be used with a BoxCollider, SphereCollider, CapsuleCollider and a convex MeshCollider. 
(Filename:  Line: 1410)

Physics.ClosestPoint can only be used with a BoxCollider, SphereCollider, CapsuleCollider and a convex MeshCollider. 
(Filename:  Line: 1410)

Physics.ClosestPoint can only be used with a BoxCollider, SphereCollider, CapsuleCollider and a convex MeshCollider. 
(Filename:  Line: 1410)

Physics.ClosestPoint can only be used with a BoxCollider, SphereCollider, CapsuleCollider and a convex MeshCollider. 
(Filename:  Line: 1410)

Physics.ClosestPoint can only be used with a BoxCollider, SphereCollider, CapsuleCollider and a convex MeshCollider. 
(Filename:  Line: 1410)

Physics.ClosestPoint can only be used with a BoxCollider, SphereCollider, CapsuleCollider and a convex MeshCollider. 
(Filename:  Line: 1410)

Physics.ClosestPoint can only be used with a BoxCollider, SphereCollider, CapsuleCollider and a convex MeshCollider. 
(Filename:  Line: 1410)

Physics.ClosestPoint can only be used with a BoxCollider, SphereCollider, CapsuleCollider and a convex MeshCollider. 
(Filename:  Line: 1410)

Physics.ClosestPoint can only be used with a BoxCollider, SphereCollider, CapsuleCollider and a convex MeshCollider. 
(Filename:  Line: 1410)

Physics.ClosestPoint can only be used with a BoxCollider, SphereCollider, CapsuleCollider and a convex MeshCollider. 
(Filename:  Line: 1410)

Physics.ClosestPoint can only be used with a BoxCollider, SphereCollider, CapsuleCollider and a convex MeshCollider. 
(Filename:  Line: 1410)

Physics.ClosestPoint can only be used with a BoxCollider, SphereCollider, CapsuleCollider and a convex MeshCollider. 
(Filename:  Line: 1410)

Physics.ClosestPoint can only be used with a BoxCollider, SphereCollider, CapsuleCollider and a convex MeshCollider. 
(Filename:  Line: 1410)

Physics.ClosestPoint can only be used with a BoxCollider, SphereCollider, CapsuleCollider and a convex MeshCollider. 
(Filename:  Line: 1410)

Physics.ClosestPoint can only be used with a BoxCollider, SphereCollider, CapsuleCollider and a convex MeshCollider. 
(Filename:  Line: 1410)

Physics.ClosestPoint can only be used with a BoxCollider, SphereCollider, CapsuleCollider and a convex MeshCollider. 
(Filename:  Line: 1410)

Physics.ClosestPoint can only be used with a BoxCollider, SphereCollider, CapsuleCollider and a convex MeshCollider. 
(Filename:  Line: 1410)

Physics.ClosestPoint can only be used with a BoxCollider, SphereCollider, CapsuleCollider and a convex MeshCollider. 
(Filename:  Line: 1410)

Physics.ClosestPoint can only be used with a BoxCollider, SphereCollider, CapsuleCollider and a convex MeshCollider. 
(Filename:  Line: 1410)

Physics.ClosestPoint can only be used with a BoxCollider, SphereCollider, CapsuleCollider and a convex MeshCollider. 
(Filename:  Line: 1410)

Physics.ClosestPoint can only be used with a BoxCollider, SphereCollider, CapsuleCollider and a convex MeshCollider. 
(Filename:  Line: 1410)

Physics.ClosestPoint can only be used with a BoxCollider, SphereCollider, CapsuleCollider and a convex MeshCollider. 
(Filename:  Line: 1410)

Physics.ClosestPoint can only be used with a BoxCollider, SphereCollider, CapsuleCollider and a convex MeshCollider. 
(Filename:  Line: 1410)

Physics.ClosestPoint can only be used with a BoxCollider, SphereCollider, CapsuleCollider and a convex MeshCollider. 
(Filename:  Line: 1410)

Physics.ClosestPoint can only be used with a BoxCollider, SphereCollider, CapsuleCollider and a convex MeshCollider. 
(Filename:  Line: 1410)

Physics.ClosestPoint can only be used with a BoxCollider, SphereCollider, CapsuleCollider and a convex MeshCollider. 
(Filename:  Line: 1410)

Physics.ClosestPoint can only be used with a BoxCollider, SphereCollider, CapsuleCollider and a convex MeshCollider. 
(Filename:  Line: 1410)

Physics.ClosestPoint can only be used with a BoxCollider, SphereCollider, CapsuleCollider and a convex MeshCollider. 
(Filename:  Line: 1410)

Physics.ClosestPoint can only be used with a BoxCollider, SphereCollider, CapsuleCollider and a convex MeshCollider. 
(Filename:  Line: 1410)

Physics.ClosestPoint can only be used with a BoxCollider, SphereCollider, CapsuleCollider and a convex MeshCollider. 
(Filename:  Line: 1410)

Physics.ClosestPoint can only be used with a BoxCollider, SphereCollider, CapsuleCollider and a convex MeshCollider. 
(Filename:  Line: 1410)

Physics.ClosestPoint can only be used with a BoxCollider, SphereCollider, CapsuleCollider and a convex MeshCollider. 
(Filename:  Line: 1410)

Physics.ClosestPoint can only be used with a BoxCollider, SphereCollider, CapsuleCollider and a convex MeshCollider. 
(Filename:  Line: 1410)

Physics.ClosestPoint can only be used with a BoxCollider, SphereCollider, CapsuleCollider and a convex MeshCollider. 
(Filename:  Line: 1410)

Physics.ClosestPoint can only be used with a BoxCollider, SphereCollider, CapsuleCollider and a convex MeshCollider. 
(Filename:  Line: 1410)

Physics.ClosestPoint can only be used with a BoxCollider, SphereCollider, CapsuleCollider and a convex MeshCollider. 
(Filename:  Line: 1410)

Physics.ClosestPoint can only be used with a BoxCollider, SphereCollider, CapsuleCollider and a convex MeshCollider. 
(Filename:  Line: 1410)

Physics.ClosestPoint can only be used with a BoxCollider, SphereCollider, CapsuleCollider and a convex MeshCollider. 
(Filename:  Line: 1410)

Physics.ClosestPoint can only be used with a BoxCollider, SphereCollider, CapsuleCollider and a convex MeshCollider. 
(Filename:  Line: 1410)

Physics.ClosestPoint can only be used with a BoxCollider, SphereCollider, CapsuleCollider and a convex MeshCollider. 
(Filename:  Line: 1410)

Physics.ClosestPoint can only be used with a BoxCollider, SphereCollider, CapsuleCollider and a convex MeshCollider. 
(Filename:  Line: 1410)

Physics.ClosestPoint can only be used with a BoxCollider, SphereCollider, CapsuleCollider and a convex MeshCollider. 
(Filename:  Line: 1410)

Physics.ClosestPoint can only be used with a BoxCollider, SphereCollider, CapsuleCollider and a convex MeshCollider. 
(Filename:  Line: 1410)

Physics.ClosestPoint can only be used with a BoxCollider, SphereCollider, CapsuleCollider and a convex MeshCollider. 
(Filename:  Line: 1410)

Physics.ClosestPoint can only be used with a BoxCollider, SphereCollider, CapsuleCollider and a convex MeshCollider. 
(Filename:  Line: 1410)

Physics.ClosestPoint can only be used with a BoxCollider, SphereCollider, CapsuleCollider and a convex MeshCollider. 
(Filename:  Line: 1410)

Physics.ClosestPoint can only be used with a BoxCollider, SphereCollider, CapsuleCollider and a convex MeshCollider. 
(Filename:  Line: 1410)

Physics.ClosestPoint can only be used with a BoxCollider, SphereCollider, CapsuleCollider and a convex MeshCollider. 
(Filename:  Line: 1410)

Physics.ClosestPoint can only be used with a BoxCollider, SphereCollider, CapsuleCollider and a convex MeshCollider. 
(Filename:  Line: 1410)

Physics.ClosestPoint can only be used with a BoxCollider, SphereCollider, CapsuleCollider and a convex MeshCollider. 
(Filename:  Line: 1410)

Physics.ClosestPoint can only be used with a BoxCollider, SphereCollider, CapsuleCollider and a convex MeshCollider. 
(Filename:  Line: 1410)

Physics.ClosestPoint can only be used with a BoxCollider, SphereCollider, CapsuleCollider and a convex MeshCollider. 
(Filename:  Line: 1410)

Physics.ClosestPoint can only be used with a BoxCollider, SphereCollider, CapsuleCollider and a convex MeshCollider. 
(Filename:  Line: 1410)

Physics.ClosestPoint can only be used with a BoxCollider, SphereCollider, CapsuleCollider and a convex MeshCollider. 
(Filename:  Line: 1410)

Physics.ClosestPoint can only be used with a BoxCollider, SphereCollider, CapsuleCollider and a convex MeshCollider. 
(Filename:  Line: 1410)

Physics.ClosestPoint can only be used with a BoxCollider, SphereCollider, CapsuleCollider and a convex MeshCollider. 
(Filename:  Line: 1410)

Physics.ClosestPoint can only be used with a BoxCollider, SphereCollider, CapsuleCollider and a convex MeshCollider. 
(Filename:  Line: 1410)

Physics.ClosestPoint can only be used with a BoxCollider, SphereCollider, CapsuleCollider and a convex MeshCollider. 
(Filename:  Line: 1410)

Physics.ClosestPoint can only be used with a BoxCollider, SphereCollider, CapsuleCollider and a convex MeshCollider. 
(Filename:  Line: 1410)

Physics.ClosestPoint can only be used with a BoxCollider, SphereCollider, CapsuleCollider and a convex MeshCollider. 
(Filename:  Line: 1410)

Physics.ClosestPoint can only be used with a BoxCollider, SphereCollider, CapsuleCollider and a convex MeshCollider. 
(Filename:  Line: 1410)

Physics.ClosestPoint can only be used with a BoxCollider, SphereCollider, CapsuleCollider and a convex MeshCollider. 
(Filename:  Line: 1410)

Physics.ClosestPoint can only be used with a BoxCollider, SphereCollider, CapsuleCollider and a convex MeshCollider. 
(Filename:  Line: 1410)

Physics.ClosestPoint can only be used with a BoxCollider, SphereCollider, CapsuleCollider and a convex MeshCollider. 
(Filename:  Line: 1410)

Physics.ClosestPoint can only be used with a BoxCollider, SphereCollider, CapsuleCollider and a convex MeshCollider. 
(Filename:  Line: 1410)

Physics.ClosestPoint can only be used with a BoxCollider, SphereCollider, CapsuleCollider and a convex MeshCollider. 
(Filename:  Line: 1410)

Physics.ClosestPoint can only be used with a BoxCollider, SphereCollider, CapsuleCollider and a convex MeshCollider. 
(Filename:  Line: 1410)

Physics.ClosestPoint can only be used with a BoxCollider, SphereCollider, CapsuleCollider and a convex MeshCollider. 
(Filename:  Line: 1410)

Physics.ClosestPoint can only be used with a BoxCollider, SphereCollider, CapsuleCollider and a convex MeshCollider. 
(Filename:  Line: 1410)

Physics.ClosestPoint can only be used with a BoxCollider, SphereCollider, CapsuleCollider and a convex MeshCollider. 
(Filename:  Line: 1410)

Physics.ClosestPoint can only be used with a BoxCollider, SphereCollider, CapsuleCollider and a convex MeshCollider. 
(Filename:  Line: 1410)

Physics.ClosestPoint can only be used with a BoxCollider, SphereCollider, CapsuleCollider and a convex MeshCollider. 
(Filename:  Line: 1410)

Physics.ClosestPoint can only be used with a BoxCollider, SphereCollider, CapsuleCollider and a convex MeshCollider. 
(Filename:  Line: 1410)

Physics.ClosestPoint can only be used with a BoxCollider, SphereCollider, CapsuleCollider and a convex MeshCollider. 
(Filename:  Line: 1410)

Physics.ClosestPoint can only be used with a BoxCollider, SphereCollider, CapsuleCollider and a convex MeshCollider. 
(Filename:  Line: 1410)

Physics.ClosestPoint can only be used with a BoxCollider, SphereCollider, CapsuleCollider and a convex MeshCollider. 
(Filename:  Line: 1410)

Physics.ClosestPoint can only be used with a BoxCollider, SphereCollider, CapsuleCollider and a convex MeshCollider. 
(Filename:  Line: 1410)

Physics.ClosestPoint can only be used with a BoxCollider, SphereCollider, CapsuleCollider and a convex MeshCollider. 
(Filename:  Line: 1410)

Physics.ClosestPoint can only be used with a BoxCollider, SphereCollider, CapsuleCollider and a convex MeshCollider. 
(Filename:  Line: 1410)

Physics.ClosestPoint can only be used with a BoxCollider, SphereCollider, CapsuleCollider and a convex MeshCollider. 
(Filename:  Line: 1410)

Physics.ClosestPoint can only be used with a BoxCollider, SphereCollider, CapsuleCollider and a convex MeshCollider. 
(Filename:  Line: 1410)

Physics.ClosestPoint can only be used with a BoxCollider, SphereCollider, CapsuleCollider and a convex MeshCollider. 
(Filename:  Line: 1410)

Physics.ClosestPoint can only be used with a BoxCollider, SphereCollider, CapsuleCollider and a convex MeshCollider. 
(Filename:  Line: 1410)

Physics.ClosestPoint can only be used with a BoxCollider, SphereCollider, CapsuleCollider and a convex MeshCollider. 
(Filename:  Line: 1410)

Physics.ClosestPoint can only be used with a BoxCollider, SphereCollider, CapsuleCollider and a convex MeshCollider. 
(Filename:  Line: 1410)

Physics.ClosestPoint can only be used with a BoxCollider, SphereCollider, CapsuleCollider and a convex MeshCollider. 
(Filename:  Line: 1410)

Physics.ClosestPoint can only be used with a BoxCollider, SphereCollider, CapsuleCollider and a convex MeshCollider. 
(Filename:  Line: 1410)

Physics.ClosestPoint can only be used with a BoxCollider, SphereCollider, CapsuleCollider and a convex MeshCollider. 
(Filename:  Line: 1410)

Physics.ClosestPoint can only be used with a BoxCollider, SphereCollider, CapsuleCollider and a convex MeshCollider. 
(Filename:  Line: 1410)

Physics.ClosestPoint can only be used with a BoxCollider, SphereCollider, CapsuleCollider and a convex MeshCollider. 
(Filename:  Line: 1410)

Physics.ClosestPoint can only be used with a BoxCollider, SphereCollider, CapsuleCollider and a convex MeshCollider. 
(Filename:  Line: 1410)

Physics.ClosestPoint can only be used with a BoxCollider, SphereCollider, CapsuleCollider and a convex MeshCollider. 
(Filename:  Line: 1410)

Physics.ClosestPoint can only be used with a BoxCollider, SphereCollider, CapsuleCollider and a convex MeshCollider. 
(Filename:  Line: 1410)

Physics.ClosestPoint can only be used with a BoxCollider, SphereCollider, CapsuleCollider and a convex MeshCollider. 
(Filename:  Line: 1410)

Physics.ClosestPoint can only be used with a BoxCollider, SphereCollider, CapsuleCollider and a convex MeshCollider. 
(Filename:  Line: 1410)

Physics.ClosestPoint can only be used with a BoxCollider, SphereCollider, CapsuleCollider and a convex MeshCollider. 
(Filename:  Line: 1410)

Physics.ClosestPoint can only be used with a BoxCollider, SphereCollider, CapsuleCollider and a convex MeshCollider. 
(Filename:  Line: 1410)

Physics.ClosestPoint can only be used with a BoxCollider, SphereCollider, CapsuleCollider and a convex MeshCollider. 
(Filename:  Line: 1410)

Physics.ClosestPoint can only be used with a BoxCollider, SphereCollider, CapsuleCollider and a convex MeshCollider. 
(Filename:  Line: 1410)

Physics.ClosestPoint can only be used with a BoxCollider, SphereCollider, CapsuleCollider and a convex MeshCollider. 
(Filename:  Line: 1410)

Physics.ClosestPoint can only be used with a BoxCollider, SphereCollider, CapsuleCollider and a convex MeshCollider. 
(Filename:  Line: 1410)

Physics.ClosestPoint can only be used with a BoxCollider, SphereCollider, CapsuleCollider and a convex MeshCollider. 
(Filename:  Line: 1410)

Physics.ClosestPoint can only be used with a BoxCollider, SphereCollider, CapsuleCollider and a convex MeshCollider. 
(Filename:  Line: 1410)

Physics.ClosestPoint can only be used with a BoxCollider, SphereCollider, CapsuleCollider and a convex MeshCollider. 
(Filename:  Line: 1410)

Physics.ClosestPoint can only be used with a BoxCollider, SphereCollider, CapsuleCollider and a convex MeshCollider. 
(Filename:  Line: 1410)

Physics.ClosestPoint can only be used with a BoxCollider, SphereCollider, CapsuleCollider and a convex MeshCollider. 
(Filename:  Line: 1410)

Physics.ClosestPoint can only be used with a BoxCollider, SphereCollider, CapsuleCollider and a convex MeshCollider. 
(Filename:  Line: 1410)

Physics.ClosestPoint can only be used with a BoxCollider, SphereCollider, CapsuleCollider and a convex MeshCollider. 
(Filename:  Line: 1410)

Physics.ClosestPoint can only be used with a BoxCollider, SphereCollider, CapsuleCollider and a convex MeshCollider. 
(Filename:  Line: 1410)

sending drop item requesty 
(Filename: ./Runtime/Export/Debug/Debug.bindings.h Line: 35)

Physics.ClosestPoint can only be used with a BoxCollider, SphereCollider, CapsuleCollider and a convex MeshCollider. 
(Filename:  Line: 1410)

Physics.ClosestPoint can only be used with a BoxCollider, SphereCollider, CapsuleCollider and a convex MeshCollider. 
(Filename:  Line: 1410)

Physics.ClosestPoint can only be used with a BoxCollider, SphereCollider, CapsuleCollider and a convex MeshCollider. 
(Filename:  Line: 1410)

Physics.ClosestPoint can only be used with a BoxCollider, SphereCollider, CapsuleCollider and a convex MeshCollider. 
(Filename:  Line: 1410)

Physics.ClosestPoint can only be used with a BoxCollider, SphereCollider, CapsuleCollider and a convex MeshCollider. 
(Filename:  Line: 1410)

Physics.ClosestPoint can only be used with a BoxCollider, SphereCollider, CapsuleCollider and a convex MeshCollider. 
(Filename:  Line: 1410)

Physics.ClosestPoint can only be used with a BoxCollider, SphereCollider, CapsuleCollider and a convex MeshCollider. 
(Filename:  Line: 1410)

Physics.ClosestPoint can only be used with a BoxCollider, SphereCollider, CapsuleCollider and a convex MeshCollider. 
(Filename:  Line: 1410)

Physics.ClosestPoint can only be used with a BoxCollider, SphereCollider, CapsuleCollider and a convex MeshCollider. 
(Filename:  Line: 1410)

Physics.ClosestPoint can only be used with a BoxCollider, SphereCollider, CapsuleCollider and a convex MeshCollider. 
(Filename:  Line: 1410)

Physics.ClosestPoint can only be used with a BoxCollider, SphereCollider, CapsuleCollider and a convex MeshCollider. 
(Filename:  Line: 1410)

Physics.ClosestPoint can only be used with a BoxCollider, SphereCollider, CapsuleCollider and a convex MeshCollider. 
(Filename:  Line: 1410)

Physics.ClosestPoint can only be used with a BoxCollider, SphereCollider, CapsuleCollider and a convex MeshCollider. 
(Filename:  Line: 1410)

Physics.ClosestPoint can only be used with a BoxCollider, SphereCollider, CapsuleCollider and a convex MeshCollider. 
(Filename:  Line: 1410)

Physics.ClosestPoint can only be used with a BoxCollider, SphereCollider, CapsuleCollider and a convex MeshCollider. 
(Filename:  Line: 1410)

Physics.ClosestPoint can only be used with a BoxCollider, SphereCollider, CapsuleCollider and a convex MeshCollider. 
(Filename:  Line: 1410)

Physics.ClosestPoint can only be used with a BoxCollider, SphereCollider, CapsuleCollider and a convex MeshCollider. 
(Filename:  Line: 1410)

Physics.ClosestPoint can only be used with a BoxCollider, SphereCollider, CapsuleCollider and a convex MeshCollider. 
(Filename:  Line: 1410)

Physics.ClosestPoint can only be used with a BoxCollider, SphereCollider, CapsuleCollider and a convex MeshCollider. 
(Filename:  Line: 1410)

Physics.ClosestPoint can only be used with a BoxCollider, SphereCollider, CapsuleCollider and a convex MeshCollider. 
(Filename:  Line: 1410)

Physics.ClosestPoint can only be used with a BoxCollider, SphereCollider, CapsuleCollider and a convex MeshCollider. 
(Filename:  Line: 1410)

Physics.ClosestPoint can only be used with a BoxCollider, SphereCollider, CapsuleCollider and a convex MeshCollider. 
(Filename:  Line: 1410)

Physics.ClosestPoint can only be used with a BoxCollider, SphereCollider, CapsuleCollider and a convex MeshCollider. 
(Filename:  Line: 1410)

Physics.ClosestPoint can only be used with a BoxCollider, SphereCollider, CapsuleCollider and a convex MeshCollider. 
(Filename:  Line: 1410)

Physics.ClosestPoint can only be used with a BoxCollider, SphereCollider, CapsuleCollider and a convex MeshCollider. 
(Filename:  Line: 1410)

Physics.ClosestPoint can only be used with a BoxCollider, SphereCollider, CapsuleCollider and a convex MeshCollider. 
(Filename:  Line: 1410)

Physics.ClosestPoint can only be used with a BoxCollider, SphereCollider, CapsuleCollider and a convex MeshCollider. 
(Filename:  Line: 1410)

Physics.ClosestPoint can only be used with a BoxCollider, SphereCollider, CapsuleCollider and a convex MeshCollider. 
(Filename:  Line: 1410)

Physics.ClosestPoint can only be used with a BoxCollider, SphereCollider, CapsuleCollider and a convex MeshCollider. 
(Filename:  Line: 1410)

Physics.ClosestPoint can only be used with a BoxCollider, SphereCollider, CapsuleCollider and a convex MeshCollider. 
(Filename:  Line: 1410)

Physics.ClosestPoint can only be used with a BoxCollider, SphereCollider, CapsuleCollider and a convex MeshCollider. 
(Filename:  Line: 1410)

Physics.ClosestPoint can only be used with a BoxCollider, SphereCollider, CapsuleCollider and a convex MeshCollider. 
(Filename:  Line: 1410)

Physics.ClosestPoint can only be used with a BoxCollider, SphereCollider, CapsuleCollider and a convex MeshCollider. 
(Filename:  Line: 1410)

Physics.ClosestPoint can only be used with a BoxCollider, SphereCollider, CapsuleCollider and a convex MeshCollider. 
(Filename:  Line: 1410)

Physics.ClosestPoint can only be used with a BoxCollider, SphereCollider, CapsuleCollider and a convex MeshCollider. 
(Filename:  Line: 1410)

Physics.ClosestPoint can only be used with a BoxCollider, SphereCollider, CapsuleCollider and a convex MeshCollider. 
(Filename:  Line: 1410)

Physics.ClosestPoint can only be used with a BoxCollider, SphereCollider, CapsuleCollider and a convex MeshCollider. 
(Filename:  Line: 1410)

Physics.ClosestPoint can only be used with a BoxCollider, SphereCollider, CapsuleCollider and a convex MeshCollider. 
(Filename:  Line: 1410)

Physics.ClosestPoint can only be used with a BoxCollider, SphereCollider, CapsuleCollider and a convex MeshCollider. 
(Filename:  Line: 1410)

Physics.ClosestPoint can only be used with a BoxCollider, SphereCollider, CapsuleCollider and a convex MeshCollider. 
(Filename:  Line: 1410)

Physics.ClosestPoint can only be used with a BoxCollider, SphereCollider, CapsuleCollider and a convex MeshCollider. 
(Filename:  Line: 1410)

Physics.ClosestPoint can only be used with a BoxCollider, SphereCollider, CapsuleCollider and a convex MeshCollider. 
(Filename:  Line: 1410)

Physics.ClosestPoint can only be used with a BoxCollider, SphereCollider, CapsuleCollider and a convex MeshCollider. 
(Filename:  Line: 1410)

Physics.ClosestPoint can only be used with a BoxCollider, SphereCollider, CapsuleCollider and a convex MeshCollider. 
(Filename:  Line: 1410)

Physics.ClosestPoint can only be used with a BoxCollider, SphereCollider, CapsuleCollider and a convex MeshCollider. 
(Filename:  Line: 1410)

Physics.ClosestPoint can only be used with a BoxCollider, SphereCollider, CapsuleCollider and a convex MeshCollider. 
(Filename:  Line: 1410)

Physics.ClosestPoint can only be used with a BoxCollider, SphereCollider, CapsuleCollider and a convex MeshCollider. 
(Filename:  Line: 1410)

Physics.ClosestPoint can only be used with a BoxCollider, SphereCollider, CapsuleCollider and a convex MeshCollider. 
(Filename:  Line: 1410)

object: 7 picked up by player: 1 
(Filename: ./Runtime/Export/Debug/Debug.bindings.h Line: 35)

Physics.ClosestPoint can only be used with a BoxCollider, SphereCollider, CapsuleCollider and a convex MeshCollider. 
(Filename:  Line: 1410)

Physics.ClosestPoint can only be used with a BoxCollider, SphereCollider, CapsuleCollider and a convex MeshCollider. 
(Filename:  Line: 1410)

Physics.ClosestPoint can only be used with a BoxCollider, SphereCollider, CapsuleCollider and a convex MeshCollider. 
(Filename:  Line: 1410)

Physics.ClosestPoint can only be used with a BoxCollider, SphereCollider, CapsuleCollider and a convex MeshCollider. 
(Filename:  Line: 1410)

Physics.ClosestPoint can only be used with a BoxCollider, SphereCollider, CapsuleCollider and a convex MeshCollider. 
(Filename:  Line: 1410)

Physics.ClosestPoint can only be used with a BoxCollider, SphereCollider, CapsuleCollider and a convex MeshCollider. 
(Filename:  Line: 1410)

Physics.ClosestPoint can only be used with a BoxCollider, SphereCollider, CapsuleCollider and a convex MeshCollider. 
(Filename:  Line: 1410)

Physics.ClosestPoint can only be used with a BoxCollider, SphereCollider, CapsuleCollider and a convex MeshCollider. 
(Filename:  Line: 1410)

Physics.ClosestPoint can only be used with a BoxCollider, SphereCollider, CapsuleCollider and a convex MeshCollider. 
(Filename:  Line: 1410)

Physics.ClosestPoint can only be used with a BoxCollider, SphereCollider, CapsuleCollider and a convex MeshCollider. 
(Filename:  Line: 1410)

Physics.ClosestPoint can only be used with a BoxCollider, SphereCollider, CapsuleCollider and a convex MeshCollider. 
(Filename:  Line: 1410)

Physics.ClosestPoint can only be used with a BoxCollider, SphereCollider, CapsuleCollider and a convex MeshCollider. 
(Filename:  Line: 1410)

Physics.ClosestPoint can only be used with a BoxCollider, SphereCollider, CapsuleCollider and a convex MeshCollider. 
(Filename:  Line: 1410)

Physics.ClosestPoint can only be used with a BoxCollider, SphereCollider, CapsuleCollider and a convex MeshCollider. 
(Filename:  Line: 1410)

Physics.ClosestPoint can only be used with a BoxCollider, SphereCollider, CapsuleCollider and a convex MeshCollider. 
(Filename:  Line: 1410)

Physics.ClosestPoint can only be used with a BoxCollider, SphereCollider, CapsuleCollider and a convex MeshCollider. 
(Filename:  Line: 1410)

Physics.ClosestPoint can only be used with a BoxCollider, SphereCollider, CapsuleCollider and a convex MeshCollider. 
(Filename:  Line: 1410)

Physics.ClosestPoint can only be used with a BoxCollider, SphereCollider, CapsuleCollider and a convex MeshCollider. 
(Filename:  Line: 1410)

Physics.ClosestPoint can only be used with a BoxCollider, SphereCollider, CapsuleCollider and a convex MeshCollider. 
(Filename:  Line: 1410)

Physics.ClosestPoint can only be used with a BoxCollider, SphereCollider, CapsuleCollider and a convex MeshCollider. 
(Filename:  Line: 1410)

Physics.ClosestPoint can only be used with a BoxCollider, SphereCollider, CapsuleCollider and a convex MeshCollider. 
(Filename:  Line: 1410)

Physics.ClosestPoint can only be used with a BoxCollider, SphereCollider, CapsuleCollider and a convex MeshCollider. 
(Filename:  Line: 1410)

Physics.ClosestPoint can only be used with a BoxCollider, SphereCollider, CapsuleCollider and a convex MeshCollider. 
(Filename:  Line: 1410)

Move dist: 148775, added this one: 9 
(Filename: ./Runtime/Export/Debug/Debug.bindings.h Line: 35)

swim dist: 0, added this one: 0 
(Filename: ./Runtime/Export/Debug/Debug.bindings.h Line: 35)

berserk multiplier: 0 
(Filename: ./Runtime/Export/Debug/Debug.bindings.h Line: 35)

berserk multiplier: 0 
(Filename: ./Runtime/Export/Debug/Debug.bindings.h Line: 35)

sending drop item requesty 
(Filename: ./Runtime/Export/Debug/Debug.bindings.h Line: 35)

attacking. stoponattack: False 
(Filename: ./Runtime/Export/Debug/Debug.bindings.h Line: 35)

y component: -0.9842212 
(Filename: ./Runtime/Export/Debug/Debug.bindings.h Line: 35)

launch angle: 3.904108 
(Filename: ./Runtime/Export/Debug/Debug.bindings.h Line: 35)

mob id: 1, in mob manager: True 
(Filename: ./Runtime/Export/Debug/Debug.bindings.h Line: 35)

setting damage to: 30 
(Filename: ./Runtime/Export/Debug/Debug.bindings.h Line: 35)

Jumps: 2595 
(Filename: ./Runtime/Export/Debug/Debug.bindings.h Line: 35)

Physics.ClosestPoint can only be used with a BoxCollider, SphereCollider, CapsuleCollider and a convex MeshCollider. 
(Filename:  Line: 1410)

Physics.ClosestPoint can only be used with a BoxCollider, SphereCollider, CapsuleCollider and a convex MeshCollider. 
(Filename:  Line: 1410)

Physics.ClosestPoint can only be used with a BoxCollider, SphereCollider, CapsuleCollider and a convex MeshCollider. 
(Filename:  Line: 1410)

Physics.ClosestPoint can only be used with a BoxCollider, SphereCollider, CapsuleCollider and a convex MeshCollider. 
(Filename:  Line: 1410)

Physics.ClosestPoint can only be used with a BoxCollider, SphereCollider, CapsuleCollider and a convex MeshCollider. 
(Filename:  Line: 1410)

Physics.ClosestPoint can only be used with a BoxCollider, SphereCollider, CapsuleCollider and a convex MeshCollider. 
(Filename:  Line: 1410)

Physics.ClosestPoint can only be used with a BoxCollider, SphereCollider, CapsuleCollider and a convex MeshCollider. 
(Filename:  Line: 1410)

Physics.ClosestPoint can only be used with a BoxCollider, SphereCollider, CapsuleCollider and a convex MeshCollider. 
(Filename:  Line: 1410)

Physics.ClosestPoint can only be used with a BoxCollider, SphereCollider, CapsuleCollider and a convex MeshCollider. 
(Filename:  Line: 1410)

Physics.ClosestPoint can only be used with a BoxCollider, SphereCollider, CapsuleCollider and a convex MeshCollider. 
(Filename:  Line: 1410)

Physics.ClosestPoint can only be used with a BoxCollider, SphereCollider, CapsuleCollider and a convex MeshCollider. 
(Filename:  Line: 1410)

Physics.ClosestPoint can only be used with a BoxCollider, SphereCollider, CapsuleCollider and a convex MeshCollider. 
(Filename:  Line: 1410)

Physics.ClosestPoint can only be used with a BoxCollider, SphereCollider, CapsuleCollider and a convex MeshCollider. 
(Filename:  Line: 1410)

Physics.ClosestPoint can only be used with a BoxCollider, SphereCollider, CapsuleCollider and a convex MeshCollider. 
(Filename:  Line: 1410)

Physics.ClosestPoint can only be used with a BoxCollider, SphereCollider, CapsuleCollider and a convex MeshCollider. 
(Filename:  Line: 1410)

Move dist: 148800, added this one: 25 
(Filename: ./Runtime/Export/Debug/Debug.bindings.h Line: 35)

swim dist: 0, added this one: 0 
(Filename: ./Runtime/Export/Debug/Debug.bindings.h Line: 35)

Physics.ClosestPoint can only be used with a BoxCollider, SphereCollider, CapsuleCollider and a convex MeshCollider. 
(Filename:  Line: 1410)

Physics.ClosestPoint can only be used with a BoxCollider, SphereCollider, CapsuleCollider and a convex MeshCollider. 
(Filename:  Line: 1410)

Physics.ClosestPoint can only be used with a BoxCollider, SphereCollider, CapsuleCollider and a convex MeshCollider. 
(Filename:  Line: 1410)

Physics.ClosestPoint can only be used with a BoxCollider, SphereCollider, CapsuleCollider and a convex MeshCollider. 
(Filename:  Line: 1410)

Physics.ClosestPoint can only be used with a BoxCollider, SphereCollider, CapsuleCollider and a convex MeshCollider. 
(Filename:  Line: 1410)

Physics.ClosestPoint can only be used with a BoxCollider, SphereCollider, CapsuleCollider and a convex MeshCollider. 
(Filename:  Line: 1410)

Physics.ClosestPoint can only be used with a BoxCollider, SphereCollider, CapsuleCollider and a convex MeshCollider. 
(Filename:  Line: 1410)

Physics.ClosestPoint can only be used with a BoxCollider, SphereCollider, CapsuleCollider and a convex MeshCollider. 
(Filename:  Line: 1410)

Physics.ClosestPoint can only be used with a BoxCollider, SphereCollider, CapsuleCollider and a convex MeshCollider. 
(Filename:  Line: 1410)

Physics.ClosestPoint can only be used with a BoxCollider, SphereCollider, CapsuleCollider and a convex MeshCollider. 
(Filename:  Line: 1410)

Physics.ClosestPoint can only be used with a BoxCollider, SphereCollider, CapsuleCollider and a convex MeshCollider. 
(Filename:  Line: 1410)

Physics.ClosestPoint can only be used with a BoxCollider, SphereCollider, CapsuleCollider and a convex MeshCollider. 
(Filename:  Line: 1410)

Physics.ClosestPoint can only be used with a BoxCollider, SphereCollider, CapsuleCollider and a convex MeshCollider. 
(Filename:  Line: 1410)

Physics.ClosestPoint can only be used with a BoxCollider, SphereCollider, CapsuleCollider and a convex MeshCollider. 
(Filename:  Line: 1410)

Physics.ClosestPoint can only be used with a BoxCollider, SphereCollider, CapsuleCollider and a convex MeshCollider. 
(Filename:  Line: 1410)

Physics.ClosestPoint can only be used with a BoxCollider, SphereCollider, CapsuleCollider and a convex MeshCollider. 
(Filename:  Line: 1410)

Physics.ClosestPoint can only be used with a BoxCollider, SphereCollider, CapsuleCollider and a convex MeshCollider. 
(Filename:  Line: 1410)

Physics.ClosestPoint can only be used with a BoxCollider, SphereCollider, CapsuleCollider and a convex MeshCollider. 
(Filename:  Line: 1410)

Physics.ClosestPoint can only be used with a BoxCollider, SphereCollider, CapsuleCollider and a convex MeshCollider. 
(Filename:  Line: 1410)

Physics.ClosestPoint can only be used with a BoxCollider, SphereCollider, CapsuleCollider and a convex MeshCollider. 
(Filename:  Line: 1410)

Physics.ClosestPoint can only be used with a BoxCollider, SphereCollider, CapsuleCollider and a convex MeshCollider. 
(Filename:  Line: 1410)

Physics.ClosestPoint can only be used with a BoxCollider, SphereCollider, CapsuleCollider and a convex MeshCollider. 
(Filename:  Line: 1410)

Physics.ClosestPoint can only be used with a BoxCollider, SphereCollider, CapsuleCollider and a convex MeshCollider. 
(Filename:  Line: 1410)

Physics.ClosestPoint can only be used with a BoxCollider, SphereCollider, CapsuleCollider and a convex MeshCollider. 
(Filename:  Line: 1410)

Physics.ClosestPoint can only be used with a BoxCollider, SphereCollider, CapsuleCollider and a convex MeshCollider. 
(Filename:  Line: 1410)

Physics.ClosestPoint can only be used with a BoxCollider, SphereCollider, CapsuleCollider and a convex MeshCollider. 
(Filename:  Line: 1410)

Physics.ClosestPoint can only be used with a BoxCollider, SphereCollider, CapsuleCollider and a convex MeshCollider. 
(Filename:  Line: 1410)

Physics.ClosestPoint can only be used with a BoxCollider, SphereCollider, CapsuleCollider and a convex MeshCollider. 
(Filename:  Line: 1410)

Physics.ClosestPoint can only be used with a BoxCollider, SphereCollider, CapsuleCollider and a convex MeshCollider. 
(Filename:  Line: 1410)

Physics.ClosestPoint can only be used with a BoxCollider, SphereCollider, CapsuleCollider and a convex MeshCollider. 
(Filename:  Line: 1410)

Physics.ClosestPoint can only be used with a BoxCollider, SphereCollider, CapsuleCollider and a convex MeshCollider. 
(Filename:  Line: 1410)

Physics.ClosestPoint can only be used with a BoxCollider, SphereCollider, CapsuleCollider and a convex MeshCollider. 
(Filename:  Line: 1410)

Physics.ClosestPoint can only be used with a BoxCollider, SphereCollider, CapsuleCollider and a convex MeshCollider. 
(Filename:  Line: 1410)

Physics.ClosestPoint can only be used with a BoxCollider, SphereCollider, CapsuleCollider and a convex MeshCollider. 
(Filename:  Line: 1410)

Physics.ClosestPoint can only be used with a BoxCollider, SphereCollider, CapsuleCollider and a convex MeshCollider. 
(Filename:  Line: 1410)

Physics.ClosestPoint can only be used with a BoxCollider, SphereCollider, CapsuleCollider and a convex MeshCollider. 
(Filename:  Line: 1410)

Physics.ClosestPoint can only be used with a BoxCollider, SphereCollider, CapsuleCollider and a convex MeshCollider. 
(Filename:  Line: 1410)

Physics.ClosestPoint can only be used with a BoxCollider, SphereCollider, CapsuleCollider and a convex MeshCollider. 
(Filename:  Line: 1410)

Physics.ClosestPoint can only be used with a BoxCollider, SphereCollider, CapsuleCollider and a convex MeshCollider. 
(Filename:  Line: 1410)

Physics.ClosestPoint can only be used with a BoxCollider, SphereCollider, CapsuleCollider and a convex MeshCollider. 
(Filename:  Line: 1410)

Physics.ClosestPoint can only be used with a BoxCollider, SphereCollider, CapsuleCollider and a convex MeshCollider. 
(Filename:  Line: 1410)

Physics.ClosestPoint can only be used with a BoxCollider, SphereCollider, CapsuleCollider and a convex MeshCollider. 
(Filename:  Line: 1410)

Physics.ClosestPoint can only be used with a BoxCollider, SphereCollider, CapsuleCollider and a convex MeshCollider. 
(Filename:  Line: 1410)

Physics.ClosestPoint can only be used with a BoxCollider, SphereCollider, CapsuleCollider and a convex MeshCollider. 
(Filename:  Line: 1410)

Physics.ClosestPoint can only be used with a BoxCollider, SphereCollider, CapsuleCollider and a convex MeshCollider. 
(Filename:  Line: 1410)

Physics.ClosestPoint can only be used with a BoxCollider, SphereCollider, CapsuleCollider and a convex MeshCollider. 
(Filename:  Line: 1410)

Physics.ClosestPoint can only be used with a BoxCollider, SphereCollider, CapsuleCollider and a convex MeshCollider. 
(Filename:  Line: 1410)

Physics.ClosestPoint can only be used with a BoxCollider, SphereCollider, CapsuleCollider and a convex MeshCollider. 
(Filename:  Line: 1410)

Physics.ClosestPoint can only be used with a BoxCollider, SphereCollider, CapsuleCollider and a convex MeshCollider. 
(Filename:  Line: 1410)

Physics.ClosestPoint can only be used with a BoxCollider, SphereCollider, CapsuleCollider and a convex MeshCollider. 
(Filename:  Line: 1410)

Physics.ClosestPoint can only be used with a BoxCollider, SphereCollider, CapsuleCollider and a convex MeshCollider. 
(Filename:  Line: 1410)

Physics.ClosestPoint can only be used with a BoxCollider, SphereCollider, CapsuleCollider and a convex MeshCollider. 
(Filename:  Line: 1410)

Physics.ClosestPoint can only be used with a BoxCollider, SphereCollider, CapsuleCollider and a convex MeshCollider. 
(Filename:  Line: 1410)

Physics.ClosestPoint can only be used with a BoxCollider, SphereCollider, CapsuleCollider and a convex MeshCollider. 
(Filename:  Line: 1410)

Physics.ClosestPoint can only be used with a BoxCollider, SphereCollider, CapsuleCollider and a convex MeshCollider. 
(Filename:  Line: 1410)

Physics.ClosestPoint can only be used with a BoxCollider, SphereCollider, CapsuleCollider and a convex MeshCollider. 
(Filename:  Line: 1410)

Physics.ClosestPoint can only be used with a BoxCollider, SphereCollider, CapsuleCollider and a convex MeshCollider. 
(Filename:  Line: 1410)

Physics.ClosestPoint can only be used with a BoxCollider, SphereCollider, CapsuleCollider and a convex MeshCollider. 
(Filename:  Line: 1410)

Physics.ClosestPoint can only be used with a BoxCollider, SphereCollider, CapsuleCollider and a convex MeshCollider. 
(Filename:  Line: 1410)

Physics.ClosestPoint can only be used with a BoxCollider, SphereCollider, CapsuleCollider and a convex MeshCollider. 
(Filename:  Line: 1410)

Physics.ClosestPoint can only be used with a BoxCollider, SphereCollider, CapsuleCollider and a convex MeshCollider. 
(Filename:  Line: 1410)

Physics.ClosestPoint can only be used with a BoxCollider, SphereCollider, CapsuleCollider and a convex MeshCollider. 
(Filename:  Line: 1410)

Physics.ClosestPoint can only be used with a BoxCollider, SphereCollider, CapsuleCollider and a convex MeshCollider. 
(Filename:  Line: 1410)

Physics.ClosestPoint can only be used with a BoxCollider, SphereCollider, CapsuleCollider and a convex MeshCollider. 
(Filename:  Line: 1410)

Physics.ClosestPoint can only be used with a BoxCollider, SphereCollider, CapsuleCollider and a convex MeshCollider. 
(Filename:  Line: 1410)

Physics.ClosestPoint can only be used with a BoxCollider, SphereCollider, CapsuleCollider and a convex MeshCollider. 
(Filename:  Line: 1410)

Physics.ClosestPoint can only be used with a BoxCollider, SphereCollider, CapsuleCollider and a convex MeshCollider. 
(Filename:  Line: 1410)

Physics.ClosestPoint can only be used with a BoxCollider, SphereCollider, CapsuleCollider and a convex MeshCollider. 
(Filename:  Line: 1410)

Physics.ClosestPoint can only be used with a BoxCollider, SphereCollider, CapsuleCollider and a convex MeshCollider. 
(Filename:  Line: 1410)

Physics.ClosestPoint can only be used with a BoxCollider, SphereCollider, CapsuleCollider and a convex MeshCollider. 
(Filename:  Line: 1410)

Physics.ClosestPoint can only be used with a BoxCollider, SphereCollider, CapsuleCollider and a convex MeshCollider. 
(Filename:  Line: 1410)

Physics.ClosestPoint can only be used with a BoxCollider, SphereCollider, CapsuleCollider and a convex MeshCollider. 
(Filename:  Line: 1410)

Physics.ClosestPoint can only be used with a BoxCollider, SphereCollider, CapsuleCollider and a convex MeshCollider. 
(Filename:  Line: 1410)

Physics.ClosestPoint can only be used with a BoxCollider, SphereCollider, CapsuleCollider and a convex MeshCollider. 
(Filename:  Line: 1410)

Physics.ClosestPoint can only be used with a BoxCollider, SphereCollider, CapsuleCollider and a convex MeshCollider. 
(Filename:  Line: 1410)

Physics.ClosestPoint can only be used with a BoxCollider, SphereCollider, CapsuleCollider and a convex MeshCollider. 
(Filename:  Line: 1410)

Physics.ClosestPoint can only be used with a BoxCollider, SphereCollider, CapsuleCollider and a convex MeshCollider. 
(Filename:  Line: 1410)

Physics.ClosestPoint can only be used with a BoxCollider, SphereCollider, CapsuleCollider and a convex MeshCollider. 
(Filename:  Line: 1410)

Physics.ClosestPoint can only be used with a BoxCollider, SphereCollider, CapsuleCollider and a convex MeshCollider. 
(Filename:  Line: 1410)

Physics.ClosestPoint can only be used with a BoxCollider, SphereCollider, CapsuleCollider and a convex MeshCollider. 
(Filename:  Line: 1410)

Physics.ClosestPoint can only be used with a BoxCollider, SphereCollider, CapsuleCollider and a convex MeshCollider. 
(Filename:  Line: 1410)

Physics.ClosestPoint can only be used with a BoxCollider, SphereCollider, CapsuleCollider and a convex MeshCollider. 
(Filename:  Line: 1410)

Physics.ClosestPoint can only be used with a BoxCollider, SphereCollider, CapsuleCollider and a convex MeshCollider. 
(Filename:  Line: 1410)

Physics.ClosestPoint can only be used with a BoxCollider, SphereCollider, CapsuleCollider and a convex MeshCollider. 
(Filename:  Line: 1410)

Physics.ClosestPoint can only be used with a BoxCollider, SphereCollider, CapsuleCollider and a convex MeshCollider. 
(Filename:  Line: 1410)

Physics.ClosestPoint can only be used with a BoxCollider, SphereCollider, CapsuleCollider and a convex MeshCollider. 
(Filename:  Line: 1410)

Physics.ClosestPoint can only be used with a BoxCollider, SphereCollider, CapsuleCollider and a convex MeshCollider. 
(Filename:  Line: 1410)

Physics.ClosestPoint can only be used with a BoxCollider, SphereCollider, CapsuleCollider and a convex MeshCollider. 
(Filename:  Line: 1410)

Physics.ClosestPoint can only be used with a BoxCollider, SphereCollider, CapsuleCollider and a convex MeshCollider. 
(Filename:  Line: 1410)

Physics.ClosestPoint can only be used with a BoxCollider, SphereCollider, CapsuleCollider and a convex MeshCollider. 
(Filename:  Line: 1410)

Physics.ClosestPoint can only be used with a BoxCollider, SphereCollider, CapsuleCollider and a convex MeshCollider. 
(Filename:  Line: 1410)

Physics.ClosestPoint can only be used with a BoxCollider, SphereCollider, CapsuleCollider and a convex MeshCollider. 
(Filename:  Line: 1410)

Physics.ClosestPoint can only be used with a BoxCollider, SphereCollider, CapsuleCollider and a convex MeshCollider. 
(Filename:  Line: 1410)

Physics.ClosestPoint can only be used with a BoxCollider, SphereCollider, CapsuleCollider and a convex MeshCollider. 
(Filename:  Line: 1410)

Physics.ClosestPoint can only be used with a BoxCollider, SphereCollider, CapsuleCollider and a convex MeshCollider. 
(Filename:  Line: 1410)

Physics.ClosestPoint can only be used with a BoxCollider, SphereCollider, CapsuleCollider and a convex MeshCollider. 
(Filename:  Line: 1410)

Physics.ClosestPoint can only be used with a BoxCollider, SphereCollider, CapsuleCollider and a convex MeshCollider. 
(Filename:  Line: 1410)

Physics.ClosestPoint can only be used with a BoxCollider, SphereCollider, CapsuleCollider and a convex MeshCollider. 
(Filename:  Line: 1410)

Physics.ClosestPoint can only be used with a BoxCollider, SphereCollider, CapsuleCollider and a convex MeshCollider. 
(Filename:  Line: 1410)

Physics.ClosestPoint can only be used with a BoxCollider, SphereCollider, CapsuleCollider and a convex MeshCollider. 
(Filename:  Line: 1410)

Physics.ClosestPoint can only be used with a BoxCollider, SphereCollider, CapsuleCollider and a convex MeshCollider. 
(Filename:  Line: 1410)

Physics.ClosestPoint can only be used with a BoxCollider, SphereCollider, CapsuleCollider and a convex MeshCollider. 
(Filename:  Line: 1410)

Physics.ClosestPoint can only be used with a BoxCollider, SphereCollider, CapsuleCollider and a convex MeshCollider. 
(Filename:  Line: 1410)

Physics.ClosestPoint can only be used with a BoxCollider, SphereCollider, CapsuleCollider and a convex MeshCollider. 
(Filename:  Line: 1410)

Physics.ClosestPoint can only be used with a BoxCollider, SphereCollider, CapsuleCollider and a convex MeshCollider. 
(Filename:  Line: 1410)

Physics.ClosestPoint can only be used with a BoxCollider, SphereCollider, CapsuleCollider and a convex MeshCollider. 
(Filename:  Line: 1410)

Physics.ClosestPoint can only be used with a BoxCollider, SphereCollider, CapsuleCollider and a convex MeshCollider. 
(Filename:  Line: 1410)

Physics.ClosestPoint can only be used with a BoxCollider, SphereCollider, CapsuleCollider and a convex MeshCollider. 
(Filename:  Line: 1410)

Physics.ClosestPoint can only be used with a BoxCollider, SphereCollider, CapsuleCollider and a convex MeshCollider. 
(Filename:  Line: 1410)

Physics.ClosestPoint can only be used with a BoxCollider, SphereCollider, CapsuleCollider and a convex MeshCollider. 
(Filename:  Line: 1410)

Physics.ClosestPoint can only be used with a BoxCollider, SphereCollider, CapsuleCollider and a convex MeshCollider. 
(Filename:  Line: 1410)

Physics.ClosestPoint can only be used with a BoxCollider, SphereCollider, CapsuleCollider and a convex MeshCollider. 
(Filename:  Line: 1410)

Physics.ClosestPoint can only be used with a BoxCollider, SphereCollider, CapsuleCollider and a convex MeshCollider. 
(Filename:  Line: 1410)

Physics.ClosestPoint can only be used with a BoxCollider, SphereCollider, CapsuleCollider and a convex MeshCollider. 
(Filename:  Line: 1410)

Physics.ClosestPoint can only be used with a BoxCollider, SphereCollider, CapsuleCollider and a convex MeshCollider. 
(Filename:  Line: 1410)

Physics.ClosestPoint can only be used with a BoxCollider, SphereCollider, CapsuleCollider and a convex MeshCollider. 
(Filename:  Line: 1410)

Physics.ClosestPoint can only be used with a BoxCollider, SphereCollider, CapsuleCollider and a convex MeshCollider. 
(Filename:  Line: 1410)

Physics.ClosestPoint can only be used with a BoxCollider, SphereCollider, CapsuleCollider and a convex MeshCollider. 
(Filename:  Line: 1410)

Physics.ClosestPoint can only be used with a BoxCollider, SphereCollider, CapsuleCollider and a convex MeshCollider. 
(Filename:  Line: 1410)

Physics.ClosestPoint can only be used with a BoxCollider, SphereCollider, CapsuleCollider and a convex MeshCollider. 
(Filename:  Line: 1410)

Physics.ClosestPoint can only be used with a BoxCollider, SphereCollider, CapsuleCollider and a convex MeshCollider. 
(Filename:  Line: 1410)

Physics.ClosestPoint can only be used with a BoxCollider, SphereCollider, CapsuleCollider and a convex MeshCollider. 
(Filename:  Line: 1410)

Physics.ClosestPoint can only be used with a BoxCollider, SphereCollider, CapsuleCollider and a convex MeshCollider. 
(Filename:  Line: 1410)

Physics.ClosestPoint can only be used with a BoxCollider, SphereCollider, CapsuleCollider and a convex MeshCollider. 
(Filename:  Line: 1410)

Physics.ClosestPoint can only be used with a BoxCollider, SphereCollider, CapsuleCollider and a convex MeshCollider. 
(Filename:  Line: 1410)

Physics.ClosestPoint can only be used with a BoxCollider, SphereCollider, CapsuleCollider and a convex MeshCollider. 
(Filename:  Line: 1410)

Physics.ClosestPoint can only be used with a BoxCollider, SphereCollider, CapsuleCollider and a convex MeshCollider. 
(Filename:  Line: 1410)

Physics.ClosestPoint can only be used with a BoxCollider, SphereCollider, CapsuleCollider and a convex MeshCollider. 
(Filename:  Line: 1410)

Physics.ClosestPoint can only be used with a BoxCollider, SphereCollider, CapsuleCollider and a convex MeshCollider. 
(Filename:  Line: 1410)

Physics.ClosestPoint can only be used with a BoxCollider, SphereCollider, CapsuleCollider and a convex MeshCollider. 
(Filename:  Line: 1410)

Physics.ClosestPoint can only be used with a BoxCollider, SphereCollider, CapsuleCollider and a convex MeshCollider. 
(Filename:  Line: 1410)

Physics.ClosestPoint can only be used with a BoxCollider, SphereCollider, CapsuleCollider and a convex MeshCollider. 
(Filename:  Line: 1410)

Physics.ClosestPoint can only be used with a BoxCollider, SphereCollider, CapsuleCollider and a convex MeshCollider. 
(Filename:  Line: 1410)

Physics.ClosestPoint can only be used with a BoxCollider, SphereCollider, CapsuleCollider and a convex MeshCollider. 
(Filename:  Line: 1410)

Physics.ClosestPoint can only be used with a BoxCollider, SphereCollider, CapsuleCollider and a convex MeshCollider. 
(Filename:  Line: 1410)

Physics.ClosestPoint can only be used with a BoxCollider, SphereCollider, CapsuleCollider and a convex MeshCollider. 
(Filename:  Line: 1410)

Physics.ClosestPoint can only be used with a BoxCollider, SphereCollider, CapsuleCollider and a convex MeshCollider. 
(Filename:  Line: 1410)

Physics.ClosestPoint can only be used with a BoxCollider, SphereCollider, CapsuleCollider and a convex MeshCollider. 
(Filename:  Line: 1410)

Physics.ClosestPoint can only be used with a BoxCollider, SphereCollider, CapsuleCollider and a convex MeshCollider. 
(Filename:  Line: 1410)

Physics.ClosestPoint can only be used with a BoxCollider, SphereCollider, CapsuleCollider and a convex MeshCollider. 
(Filename:  Line: 1410)

Physics.ClosestPoint can only be used with a BoxCollider, SphereCollider, CapsuleCollider and a convex MeshCollider. 
(Filename:  Line: 1410)

Physics.ClosestPoint can only be used with a BoxCollider, SphereCollider, CapsuleCollider and a convex MeshCollider. 
(Filename:  Line: 1410)

Physics.ClosestPoint can only be used with a BoxCollider, SphereCollider, CapsuleCollider and a convex MeshCollider. 
(Filename:  Line: 1410)

Physics.ClosestPoint can only be used with a BoxCollider, SphereCollider, CapsuleCollider and a convex MeshCollider. 
(Filename:  Line: 1410)

Physics.ClosestPoint can only be used with a BoxCollider, SphereCollider, CapsuleCollider and a convex MeshCollider. 
(Filename:  Line: 1410)

Physics.ClosestPoint can only be used with a BoxCollider, SphereCollider, CapsuleCollider and a convex MeshCollider. 
(Filename:  Line: 1410)

Physics.ClosestPoint can only be used with a BoxCollider, SphereCollider, CapsuleCollider and a convex MeshCollider. 
(Filename:  Line: 1410)

Physics.ClosestPoint can only be used with a BoxCollider, SphereCollider, CapsuleCollider and a convex MeshCollider. 
(Filename:  Line: 1410)

Physics.ClosestPoint can only be used with a BoxCollider, SphereCollider, CapsuleCollider and a convex MeshCollider. 
(Filename:  Line: 1410)

Physics.ClosestPoint can only be used with a BoxCollider, SphereCollider, CapsuleCollider and a convex MeshCollider. 
(Filename:  Line: 1410)

Physics.ClosestPoint can only be used with a BoxCollider, SphereCollider, CapsuleCollider and a convex MeshCollider. 
(Filename:  Line: 1410)

Physics.ClosestPoint can only be used with a BoxCollider, SphereCollider, CapsuleCollider and a convex MeshCollider. 
(Filename:  Line: 1410)

Physics.ClosestPoint can only be used with a BoxCollider, SphereCollider, CapsuleCollider and a convex MeshCollider. 
(Filename:  Line: 1410)

Physics.ClosestPoint can only be used with a BoxCollider, SphereCollider, CapsuleCollider and a convex MeshCollider. 
(Filename:  Line: 1410)

Physics.ClosestPoint can only be used with a BoxCollider, SphereCollider, CapsuleCollider and a convex MeshCollider. 
(Filename:  Line: 1410)

Physics.ClosestPoint can only be used with a BoxCollider, SphereCollider, CapsuleCollider and a convex MeshCollider. 
(Filename:  Line: 1410)

Physics.ClosestPoint can only be used with a BoxCollider, SphereCollider, CapsuleCollider and a convex MeshCollider. 
(Filename:  Line: 1410)

Physics.ClosestPoint can only be used with a BoxCollider, SphereCollider, CapsuleCollider and a convex MeshCollider. 
(Filename:  Line: 1410)

Physics.ClosestPoint can only be used with a BoxCollider, SphereCollider, CapsuleCollider and a convex MeshCollider. 
(Filename:  Line: 1410)

Physics.ClosestPoint can only be used with a BoxCollider, SphereCollider, CapsuleCollider and a convex MeshCollider. 
(Filename:  Line: 1410)

Physics.ClosestPoint can only be used with a BoxCollider, SphereCollider, CapsuleCollider and a convex MeshCollider. 
(Filename:  Line: 1410)

Physics.ClosestPoint can only be used with a BoxCollider, SphereCollider, CapsuleCollider and a convex MeshCollider. 
(Filename:  Line: 1410)

Physics.ClosestPoint can only be used with a BoxCollider, SphereCollider, CapsuleCollider and a convex MeshCollider. 
(Filename:  Line: 1410)

Physics.ClosestPoint can only be used with a BoxCollider, SphereCollider, CapsuleCollider and a convex MeshCollider. 
(Filename:  Line: 1410)

Physics.ClosestPoint can only be used with a BoxCollider, SphereCollider, CapsuleCollider and a convex MeshCollider. 
(Filename:  Line: 1410)

Physics.ClosestPoint can only be used with a BoxCollider, SphereCollider, CapsuleCollider and a convex MeshCollider. 
(Filename:  Line: 1410)

Physics.ClosestPoint can only be used with a BoxCollider, SphereCollider, CapsuleCollider and a convex MeshCollider. 
(Filename:  Line: 1410)

Physics.ClosestPoint can only be used with a BoxCollider, SphereCollider, CapsuleCollider and a convex MeshCollider. 
(Filename:  Line: 1410)

Physics.ClosestPoint can only be used with a BoxCollider, SphereCollider, CapsuleCollider and a convex MeshCollider. 
(Filename:  Line: 1410)

Physics.ClosestPoint can only be used with a BoxCollider, SphereCollider, CapsuleCollider and a convex MeshCollider. 
(Filename:  Line: 1410)

Physics.ClosestPoint can only be used with a BoxCollider, SphereCollider, CapsuleCollider and a convex MeshCollider. 
(Filename:  Line: 1410)

Physics.ClosestPoint can only be used with a BoxCollider, SphereCollider, CapsuleCollider and a convex MeshCollider. 
(Filename:  Line: 1410)

Physics.ClosestPoint can only be used with a BoxCollider, SphereCollider, CapsuleCollider and a convex MeshCollider. 
(Filename:  Line: 1410)

Physics.ClosestPoint can only be used with a BoxCollider, SphereCollider, CapsuleCollider and a convex MeshCollider. 
(Filename:  Line: 1410)

Physics.ClosestPoint can only be used with a BoxCollider, SphereCollider, CapsuleCollider and a convex MeshCollider. 
(Filename:  Line: 1410)

Physics.ClosestPoint can only be used with a BoxCollider, SphereCollider, CapsuleCollider and a convex MeshCollider. 
(Filename:  Line: 1410)

Physics.ClosestPoint can only be used with a BoxCollider, SphereCollider, CapsuleCollider and a convex MeshCollider. 
(Filename:  Line: 1410)

Physics.ClosestPoint can only be used with a BoxCollider, SphereCollider, CapsuleCollider and a convex MeshCollider. 
(Filename:  Line: 1410)

Physics.ClosestPoint can only be used with a BoxCollider, SphereCollider, CapsuleCollider and a convex MeshCollider. 
(Filename:  Line: 1410)

Physics.ClosestPoint can only be used with a BoxCollider, SphereCollider, CapsuleCollider and a convex MeshCollider. 
(Filename:  Line: 1410)

Physics.ClosestPoint can only be used with a BoxCollider, SphereCollider, CapsuleCollider and a convex MeshCollider. 
(Filename:  Line: 1410)

Physics.ClosestPoint can only be used with a BoxCollider, SphereCollider, CapsuleCollider and a convex MeshCollider. 
(Filename:  Line: 1410)

Physics.ClosestPoint can only be used with a BoxCollider, SphereCollider, CapsuleCollider and a convex MeshCollider. 
(Filename:  Line: 1410)

Physics.ClosestPoint can only be used with a BoxCollider, SphereCollider, CapsuleCollider and a convex MeshCollider. 
(Filename:  Line: 1410)

Physics.ClosestPoint can only be used with a BoxCollider, SphereCollider, CapsuleCollider and a convex MeshCollider. 
(Filename:  Line: 1410)

Physics.ClosestPoint can only be used with a BoxCollider, SphereCollider, CapsuleCollider and a convex MeshCollider. 
(Filename:  Line: 1410)

Physics.ClosestPoint can only be used with a BoxCollider, SphereCollider, CapsuleCollider and a convex MeshCollider. 
(Filename:  Line: 1410)

Physics.ClosestPoint can only be used with a BoxCollider, SphereCollider, CapsuleCollider and a convex MeshCollider. 
(Filename:  Line: 1410)

Physics.ClosestPoint can only be used with a BoxCollider, SphereCollider, CapsuleCollider and a convex MeshCollider. 
(Filename:  Line: 1410)

Physics.ClosestPoint can only be used with a BoxCollider, SphereCollider, CapsuleCollider and a convex MeshCollider. 
(Filename:  Line: 1410)

Physics.ClosestPoint can only be used with a BoxCollider, SphereCollider, CapsuleCollider and a convex MeshCollider. 
(Filename:  Line: 1410)

Physics.ClosestPoint can only be used with a BoxCollider, SphereCollider, CapsuleCollider and a convex MeshCollider. 
(Filename:  Line: 1410)

Physics.ClosestPoint can only be used with a BoxCollider, SphereCollider, CapsuleCollider and a convex MeshCollider. 
(Filename:  Line: 1410)

Physics.ClosestPoint can only be used with a BoxCollider, SphereCollider, CapsuleCollider and a convex MeshCollider. 
(Filename:  Line: 1410)

Physics.ClosestPoint can only be used with a BoxCollider, SphereCollider, CapsuleCollider and a convex MeshCollider. 
(Filename:  Line: 1410)

Physics.ClosestPoint can only be used with a BoxCollider, SphereCollider, CapsuleCollider and a convex MeshCollider. 
(Filename:  Line: 1410)

Physics.ClosestPoint can only be used with a BoxCollider, SphereCollider, CapsuleCollider and a convex MeshCollider. 
(Filename:  Line: 1410)

Physics.ClosestPoint can only be used with a BoxCollider, SphereCollider, CapsuleCollider and a convex MeshCollider. 
(Filename:  Line: 1410)

Physics.ClosestPoint can only be used with a BoxCollider, SphereCollider, CapsuleCollider and a convex MeshCollider. 
(Filename:  Line: 1410)

Physics.ClosestPoint can only be used with a BoxCollider, SphereCollider, CapsuleCollider and a convex MeshCollider. 
(Filename:  Line: 1410)

Physics.ClosestPoint can only be used with a BoxCollider, SphereCollider, CapsuleCollider and a convex MeshCollider. 
(Filename:  Line: 1410)

Physics.ClosestPoint can only be used with a BoxCollider, SphereCollider, CapsuleCollider and a convex MeshCollider. 
(Filename:  Line: 1410)

Physics.ClosestPoint can only be used with a BoxCollider, SphereCollider, CapsuleCollider and a convex MeshCollider. 
(Filename:  Line: 1410)

Physics.ClosestPoint can only be used with a BoxCollider, SphereCollider, CapsuleCollider and a convex MeshCollider. 
(Filename:  Line: 1410)

Physics.ClosestPoint can only be used with a BoxCollider, SphereCollider, CapsuleCollider and a convex MeshCollider. 
(Filename:  Line: 1410)

Physics.ClosestPoint can only be used with a BoxCollider, SphereCollider, CapsuleCollider and a convex MeshCollider. 
(Filename:  Line: 1410)

Physics.ClosestPoint can only be used with a BoxCollider, SphereCollider, CapsuleCollider and a convex MeshCollider. 
(Filename:  Line: 1410)

Physics.ClosestPoint can only be used with a BoxCollider, SphereCollider, CapsuleCollider and a convex MeshCollider. 
(Filename:  Line: 1410)

Physics.ClosestPoint can only be used with a BoxCollider, SphereCollider, CapsuleCollider and a convex MeshCollider. 
(Filename:  Line: 1410)

Physics.ClosestPoint can only be used with a BoxCollider, SphereCollider, CapsuleCollider and a convex MeshCollider. 
(Filename:  Line: 1410)

Physics.ClosestPoint can only be used with a BoxCollider, SphereCollider, CapsuleCollider and a convex MeshCollider. 
(Filename:  Line: 1410)

Physics.ClosestPoint can only be used with a BoxCollider, SphereCollider, CapsuleCollider and a convex MeshCollider. 
(Filename:  Line: 1410)

Physics.ClosestPoint can only be used with a BoxCollider, SphereCollider, CapsuleCollider and a convex MeshCollider. 
(Filename:  Line: 1410)

Physics.ClosestPoint can only be used with a BoxCollider, SphereCollider, CapsuleCollider and a convex MeshCollider. 
(Filename:  Line: 1410)

Physics.ClosestPoint can only be used with a BoxCollider, SphereCollider, CapsuleCollider and a convex MeshCollider. 
(Filename:  Line: 1410)

Physics.ClosestPoint can only be used with a BoxCollider, SphereCollider, CapsuleCollider and a convex MeshCollider. 
(Filename:  Line: 1410)

Physics.ClosestPoint can only be used with a BoxCollider, SphereCollider, CapsuleCollider and a convex MeshCollider. 
(Filename:  Line: 1410)

Physics.ClosestPoint can only be used with a BoxCollider, SphereCollider, CapsuleCollider and a convex MeshCollider. 
(Filename:  Line: 1410)

Physics.ClosestPoint can only be used with a BoxCollider, SphereCollider, CapsuleCollider and a convex MeshCollider. 
(Filename:  Line: 1410)

Physics.ClosestPoint can only be used with a BoxCollider, SphereCollider, CapsuleCollider and a convex MeshCollider. 
(Filename:  Line: 1410)

Physics.ClosestPoint can only be used with a BoxCollider, SphereCollider, CapsuleCollider and a convex MeshCollider. 
(Filename:  Line: 1410)

Physics.ClosestPoint can only be used with a BoxCollider, SphereCollider, CapsuleCollider and a convex MeshCollider. 
(Filename:  Line: 1410)

Physics.ClosestPoint can only be used with a BoxCollider, SphereCollider, CapsuleCollider and a convex MeshCollider. 
(Filename:  Line: 1410)

Physics.ClosestPoint can only be used with a BoxCollider, SphereCollider, CapsuleCollider and a convex MeshCollider. 
(Filename:  Line: 1410)

Physics.ClosestPoint can only be used with a BoxCollider, SphereCollider, CapsuleCollider and a convex MeshCollider. 
(Filename:  Line: 1410)

Physics.ClosestPoint can only be used with a BoxCollider, SphereCollider, CapsuleCollider and a convex MeshCollider. 
(Filename:  Line: 1410)

Physics.ClosestPoint can only be used with a BoxCollider, SphereCollider, CapsuleCollider and a convex MeshCollider. 
(Filename:  Line: 1410)

Physics.ClosestPoint can only be used with a BoxCollider, SphereCollider, CapsuleCollider and a convex MeshCollider. 
(Filename:  Line: 1410)

Physics.ClosestPoint can only be used with a BoxCollider, SphereCollider, CapsuleCollider and a convex MeshCollider. 
(Filename:  Line: 1410)

Physics.ClosestPoint can only be used with a BoxCollider, SphereCollider, CapsuleCollider and a convex MeshCollider. 
(Filename:  Line: 1410)

Physics.ClosestPoint can only be used with a BoxCollider, SphereCollider, CapsuleCollider and a convex MeshCollider. 
(Filename:  Line: 1410)

Physics.ClosestPoint can only be used with a BoxCollider, SphereCollider, CapsuleCollider and a convex MeshCollider. 
(Filename:  Line: 1410)

Physics.ClosestPoint can only be used with a BoxCollider, SphereCollider, CapsuleCollider and a convex MeshCollider. 
(Filename:  Line: 1410)

Physics.ClosestPoint can only be used with a BoxCollider, SphereCollider, CapsuleCollider and a convex MeshCollider. 
(Filename:  Line: 1410)

Physics.ClosestPoint can only be used with a BoxCollider, SphereCollider, CapsuleCollider and a convex MeshCollider. 
(Filename:  Line: 1410)

Physics.ClosestPoint can only be used with a BoxCollider, SphereCollider, CapsuleCollider and a convex MeshCollider. 
(Filename:  Line: 1410)

Physics.ClosestPoint can only be used with a BoxCollider, SphereCollider, CapsuleCollider and a convex MeshCollider. 
(Filename:  Line: 1410)

Physics.ClosestPoint can only be used with a BoxCollider, SphereCollider, CapsuleCollider and a convex MeshCollider. 
(Filename:  Line: 1410)

Physics.ClosestPoint can only be used with a BoxCollider, SphereCollider, CapsuleCollider and a convex MeshCollider. 
(Filename:  Line: 1410)

Physics.ClosestPoint can only be used with a BoxCollider, SphereCollider, CapsuleCollider and a convex MeshCollider. 
(Filename:  Line: 1410)

Physics.ClosestPoint can only be used with a BoxCollider, SphereCollider, CapsuleCollider and a convex MeshCollider. 
(Filename:  Line: 1410)

Physics.ClosestPoint can only be used with a BoxCollider, SphereCollider, CapsuleCollider and a convex MeshCollider. 
(Filename:  Line: 1410)

Physics.ClosestPoint can only be used with a BoxCollider, SphereCollider, CapsuleCollider and a convex MeshCollider. 
(Filename:  Line: 1410)

Physics.ClosestPoint can only be used with a BoxCollider, SphereCollider, CapsuleCollider and a convex MeshCollider. 
(Filename:  Line: 1410)

Physics.ClosestPoint can only be used with a BoxCollider, SphereCollider, CapsuleCollider and a convex MeshCollider. 
(Filename:  Line: 1410)

Physics.ClosestPoint can only be used with a BoxCollider, SphereCollider, CapsuleCollider and a convex MeshCollider. 
(Filename:  Line: 1410)

Physics.ClosestPoint can only be used with a BoxCollider, SphereCollider, CapsuleCollider and a convex MeshCollider. 
(Filename:  Line: 1410)

Physics.ClosestPoint can only be used with a BoxCollider, SphereCollider, CapsuleCollider and a convex MeshCollider. 
(Filename:  Line: 1410)

Physics.ClosestPoint can only be used with a BoxCollider, SphereCollider, CapsuleCollider and a convex MeshCollider. 
(Filename:  Line: 1410)

Physics.ClosestPoint can only be used with a BoxCollider, SphereCollider, CapsuleCollider and a convex MeshCollider. 
(Filename:  Line: 1410)

Physics.ClosestPoint can only be used with a BoxCollider, SphereCollider, CapsuleCollider and a convex MeshCollider. 
(Filename:  Line: 1410)

Physics.ClosestPoint can only be used with a BoxCollider, SphereCollider, CapsuleCollider and a convex MeshCollider. 
(Filename:  Line: 1410)

Physics.ClosestPoint can only be used with a BoxCollider, SphereCollider, CapsuleCollider and a convex MeshCollider. 
(Filename:  Line: 1410)

Physics.ClosestPoint can only be used with a BoxCollider, SphereCollider, CapsuleCollider and a convex MeshCollider. 
(Filename:  Line: 1410)

Physics.ClosestPoint can only be used with a BoxCollider, SphereCollider, CapsuleCollider and a convex MeshCollider. 
(Filename:  Line: 1410)

Physics.ClosestPoint can only be used with a BoxCollider, SphereCollider, CapsuleCollider and a convex MeshCollider. 
(Filename:  Line: 1410)

Physics.ClosestPoint can only be used with a BoxCollider, SphereCollider, CapsuleCollider and a convex MeshCollider. 
(Filename:  Line: 1410)

Physics.ClosestPoint can only be used with a BoxCollider, SphereCollider, CapsuleCollider and a convex MeshCollider. 
(Filename:  Line: 1410)

Physics.ClosestPoint can only be used with a BoxCollider, SphereCollider, CapsuleCollider and a convex MeshCollider. 
(Filename:  Line: 1410)

Physics.ClosestPoint can only be used with a BoxCollider, SphereCollider, CapsuleCollider and a convex MeshCollider. 
(Filename:  Line: 1410)

Physics.ClosestPoint can only be used with a BoxCollider, SphereCollider, CapsuleCollider and a convex MeshCollider. 
(Filename:  Line: 1410)

Physics.ClosestPoint can only be used with a BoxCollider, SphereCollider, CapsuleCollider and a convex MeshCollider. 
(Filename:  Line: 1410)

Physics.ClosestPoint can only be used with a BoxCollider, SphereCollider, CapsuleCollider and a convex MeshCollider. 
(Filename:  Line: 1410)

Physics.ClosestPoint can only be used with a BoxCollider, SphereCollider, CapsuleCollider and a convex MeshCollider. 
(Filename:  Line: 1410)

Physics.ClosestPoint can only be used with a BoxCollider, SphereCollider, CapsuleCollider and a convex MeshCollider. 
(Filename:  Line: 1410)

Physics.ClosestPoint can only be used with a BoxCollider, SphereCollider, CapsuleCollider and a convex MeshCollider. 
(Filename:  Line: 1410)

Physics.ClosestPoint can only be used with a BoxCollider, SphereCollider, CapsuleCollider and a convex MeshCollider. 
(Filename:  Line: 1410)

Physics.ClosestPoint can only be used with a BoxCollider, SphereCollider, CapsuleCollider and a convex MeshCollider. 
(Filename:  Line: 1410)

Physics.ClosestPoint can only be used with a BoxCollider, SphereCollider, CapsuleCollider and a convex MeshCollider. 
(Filename:  Line: 1410)

Physics.ClosestPoint can only be used with a BoxCollider, SphereCollider, CapsuleCollider and a convex MeshCollider. 
(Filename:  Line: 1410)

Physics.ClosestPoint can only be used with a BoxCollider, SphereCollider, CapsuleCollider and a convex MeshCollider. 
(Filename:  Line: 1410)

Physics.ClosestPoint can only be used with a BoxCollider, SphereCollider, CapsuleCollider and a convex MeshCollider. 
(Filename:  Line: 1410)

Physics.ClosestPoint can only be used with a BoxCollider, SphereCollider, CapsuleCollider and a convex MeshCollider. 
(Filename:  Line: 1410)

Physics.ClosestPoint can only be used with a BoxCollider, SphereCollider, CapsuleCollider and a convex MeshCollider. 
(Filename:  Line: 1410)

Physics.ClosestPoint can only be used with a BoxCollider, SphereCollider, CapsuleCollider and a convex MeshCollider. 
(Filename:  Line: 1410)

Physics.ClosestPoint can only be used with a BoxCollider, SphereCollider, CapsuleCollider and a convex MeshCollider. 
(Filename:  Line: 1410)

Physics.ClosestPoint can only be used with a BoxCollider, SphereCollider, CapsuleCollider and a convex MeshCollider. 
(Filename:  Line: 1410)

Physics.ClosestPoint can only be used with a BoxCollider, SphereCollider, CapsuleCollider and a convex MeshCollider. 
(Filename:  Line: 1410)

Physics.ClosestPoint can only be used with a BoxCollider, SphereCollider, CapsuleCollider and a convex MeshCollider. 
(Filename:  Line: 1410)

Physics.ClosestPoint can only be used with a BoxCollider, SphereCollider, CapsuleCollider and a convex MeshCollider. 
(Filename:  Line: 1410)

Physics.ClosestPoint can only be used with a BoxCollider, SphereCollider, CapsuleCollider and a convex MeshCollider. 
(Filename:  Line: 1410)

Physics.ClosestPoint can only be used with a BoxCollider, SphereCollider, CapsuleCollider and a convex MeshCollider. 
(Filename:  Line: 1410)

Physics.ClosestPoint can only be used with a BoxCollider, SphereCollider, CapsuleCollider and a convex MeshCollider. 
(Filename:  Line: 1410)

Physics.ClosestPoint can only be used with a BoxCollider, SphereCollider, CapsuleCollider and a convex MeshCollider. 
(Filename:  Line: 1410)

Physics.ClosestPoint can only be used with a BoxCollider, SphereCollider, CapsuleCollider and a convex MeshCollider. 
(Filename:  Line: 1410)

Physics.ClosestPoint can only be used with a BoxCollider, SphereCollider, CapsuleCollider and a convex MeshCollider. 
(Filename:  Line: 1410)

Physics.ClosestPoint can only be used with a BoxCollider, SphereCollider, CapsuleCollider and a convex MeshCollider. 
(Filename:  Line: 1410)

Physics.ClosestPoint can only be used with a BoxCollider, SphereCollider, CapsuleCollider and a convex MeshCollider. 
(Filename:  Line: 1410)

Physics.ClosestPoint can only be used with a BoxCollider, SphereCollider, CapsuleCollider and a convex MeshCollider. 
(Filename:  Line: 1410)

Physics.ClosestPoint can only be used with a BoxCollider, SphereCollider, CapsuleCollider and a convex MeshCollider. 
(Filename:  Line: 1410)

Physics.ClosestPoint can only be used with a BoxCollider, SphereCollider, CapsuleCollider and a convex MeshCollider. 
(Filename:  Line: 1410)

Physics.ClosestPoint can only be used with a BoxCollider, SphereCollider, CapsuleCollider and a convex MeshCollider. 
(Filename:  Line: 1410)

Physics.ClosestPoint can only be used with a BoxCollider, SphereCollider, CapsuleCollider and a convex MeshCollider. 
(Filename:  Line: 1410)

Physics.ClosestPoint can only be used with a BoxCollider, SphereCollider, CapsuleCollider and a convex MeshCollider. 
(Filename:  Line: 1410)

Physics.ClosestPoint can only be used with a BoxCollider, SphereCollider, CapsuleCollider and a convex MeshCollider. 
(Filename:  Line: 1410)

Physics.ClosestPoint can only be used with a BoxCollider, SphereCollider, CapsuleCollider and a convex MeshCollider. 
(Filename:  Line: 1410)

Physics.ClosestPoint can only be used with a BoxCollider, SphereCollider, CapsuleCollider and a convex MeshCollider. 
(Filename:  Line: 1410)

Physics.ClosestPoint can only be used with a BoxCollider, SphereCollider, CapsuleCollider and a convex MeshCollider. 
(Filename:  Line: 1410)

Physics.ClosestPoint can only be used with a BoxCollider, SphereCollider, CapsuleCollider and a convex MeshCollider. 
(Filename:  Line: 1410)

Physics.ClosestPoint can only be used with a BoxCollider, SphereCollider, CapsuleCollider and a convex MeshCollider. 
(Filename:  Line: 1410)

Physics.ClosestPoint can only be used with a BoxCollider, SphereCollider, CapsuleCollider and a convex MeshCollider. 
(Filename:  Line: 1410)

Physics.ClosestPoint can only be used with a BoxCollider, SphereCollider, CapsuleCollider and a convex MeshCollider. 
(Filename:  Line: 1410)

Physics.ClosestPoint can only be used with a BoxCollider, SphereCollider, CapsuleCollider and a convex MeshCollider. 
(Filename:  Line: 1410)

Physics.ClosestPoint can only be used with a BoxCollider, SphereCollider, CapsuleCollider and a convex MeshCollider. 
(Filename:  Line: 1410)

Physics.ClosestPoint can only be used with a BoxCollider, SphereCollider, CapsuleCollider and a convex MeshCollider. 
(Filename:  Line: 1410)

Physics.ClosestPoint can only be used with a BoxCollider, SphereCollider, CapsuleCollider and a convex MeshCollider. 
(Filename:  Line: 1410)

Physics.ClosestPoint can only be used with a BoxCollider, SphereCollider, CapsuleCollider and a convex MeshCollider. 
(Filename:  Line: 1410)

Physics.ClosestPoint can only be used with a BoxCollider, SphereCollider, CapsuleCollider and a convex MeshCollider. 
(Filename:  Line: 1410)

Physics.ClosestPoint can only be used with a BoxCollider, SphereCollider, CapsuleCollider and a convex MeshCollider. 
(Filename:  Line: 1410)

Physics.ClosestPoint can only be used with a BoxCollider, SphereCollider, CapsuleCollider and a convex MeshCollider. 
(Filename:  Line: 1410)

Physics.ClosestPoint can only be used with a BoxCollider, SphereCollider, CapsuleCollider and a convex MeshCollider. 
(Filename:  Line: 1410)

Physics.ClosestPoint can only be used with a BoxCollider, SphereCollider, CapsuleCollider and a convex MeshCollider. 
(Filename:  Line: 1410)

Physics.ClosestPoint can only be used with a BoxCollider, SphereCollider, CapsuleCollider and a convex MeshCollider. 
(Filename:  Line: 1410)

Physics.ClosestPoint can only be used with a BoxCollider, SphereCollider, CapsuleCollider and a convex MeshCollider. 
(Filename:  Line: 1410)

Physics.ClosestPoint can only be used with a BoxCollider, SphereCollider, CapsuleCollider and a convex MeshCollider. 
(Filename:  Line: 1410)

Physics.ClosestPoint can only be used with a BoxCollider, SphereCollider, CapsuleCollider and a convex MeshCollider. 
(Filename:  Line: 1410)

Physics.ClosestPoint can only be used with a BoxCollider, SphereCollider, CapsuleCollider and a convex MeshCollider. 
(Filename:  Line: 1410)

Physics.ClosestPoint can only be used with a BoxCollider, SphereCollider, CapsuleCollider and a convex MeshCollider. 
(Filename:  Line: 1410)

Physics.ClosestPoint can only be used with a BoxCollider, SphereCollider, CapsuleCollider and a convex MeshCollider. 
(Filename:  Line: 1410)

Physics.ClosestPoint can only be used with a BoxCollider, SphereCollider, CapsuleCollider and a convex MeshCollider. 
(Filename:  Line: 1410)

Physics.ClosestPoint can only be used with a BoxCollider, SphereCollider, CapsuleCollider and a convex MeshCollider. 
(Filename:  Line: 1410)

Physics.ClosestPoint can only be used with a BoxCollider, SphereCollider, CapsuleCollider and a convex MeshCollider. 
(Filename:  Line: 1410)

Physics.ClosestPoint can only be used with a BoxCollider, SphereCollider, CapsuleCollider and a convex MeshCollider. 
(Filename:  Line: 1410)

Physics.ClosestPoint can only be used with a BoxCollider, SphereCollider, CapsuleCollider and a convex MeshCollider. 
(Filename:  Line: 1410)

Physics.ClosestPoint can only be used with a BoxCollider, SphereCollider, CapsuleCollider and a convex MeshCollider. 
(Filename:  Line: 1410)

Physics.ClosestPoint can only be used with a BoxCollider, SphereCollider, CapsuleCollider and a convex MeshCollider. 
(Filename:  Line: 1410)

Physics.ClosestPoint can only be used with a BoxCollider, SphereCollider, CapsuleCollider and a convex MeshCollider. 
(Filename:  Line: 1410)

Physics.ClosestPoint can only be used with a BoxCollider, SphereCollider, CapsuleCollider and a convex MeshCollider. 
(Filename:  Line: 1410)

Physics.ClosestPoint can only be used with a BoxCollider, SphereCollider, CapsuleCollider and a convex MeshCollider. 
(Filename:  Line: 1410)

Physics.ClosestPoint can only be used with a BoxCollider, SphereCollider, CapsuleCollider and a convex MeshCollider. 
(Filename:  Line: 1410)

Physics.ClosestPoint can only be used with a BoxCollider, SphereCollider, CapsuleCollider and a convex MeshCollider. 
(Filename:  Line: 1410)

Physics.ClosestPoint can only be used with a BoxCollider, SphereCollider, CapsuleCollider and a convex MeshCollider. 
(Filename:  Line: 1410)

Physics.ClosestPoint can only be used with a BoxCollider, SphereCollider, CapsuleCollider and a convex MeshCollider. 
(Filename:  Line: 1410)

Physics.ClosestPoint can only be used with a BoxCollider, SphereCollider, CapsuleCollider and a convex MeshCollider. 
(Filename:  Line: 1410)

Move dist: 148833, added this one: 33 
(Filename: ./Runtime/Export/Debug/Debug.bindings.h Line: 35)

swim dist: 0, added this one: 0 
(Filename: ./Runtime/Export/Debug/Debug.bindings.h Line: 35)

Physics.ClosestPoint can only be used with a BoxCollider, SphereCollider, CapsuleCollider and a convex MeshCollider. 
(Filename:  Line: 1410)

Physics.ClosestPoint can only be used with a BoxCollider, SphereCollider, CapsuleCollider and a convex MeshCollider. 
(Filename:  Line: 1410)

Physics.ClosestPoint can only be used with a BoxCollider, SphereCollider, CapsuleCollider and a convex MeshCollider. 
(Filename:  Line: 1410)

Physics.ClosestPoint can only be used with a BoxCollider, SphereCollider, CapsuleCollider and a convex MeshCollider. 
(Filename:  Line: 1410)

Physics.ClosestPoint can only be used with a BoxCollider, SphereCollider, CapsuleCollider and a convex MeshCollider. 
(Filename:  Line: 1410)

Physics.ClosestPoint can only be used with a BoxCollider, SphereCollider, CapsuleCollider and a convex MeshCollider. 
(Filename:  Line: 1410)

Physics.ClosestPoint can only be used with a BoxCollider, SphereCollider, CapsuleCollider and a convex MeshCollider. 
(Filename:  Line: 1410)

Physics.ClosestPoint can only be used with a BoxCollider, SphereCollider, CapsuleCollider and a convex MeshCollider. 
(Filename:  Line: 1410)

Physics.ClosestPoint can only be used with a BoxCollider, SphereCollider, CapsuleCollider and a convex MeshCollider. 
(Filename:  Line: 1410)

Physics.ClosestPoint can only be used with a BoxCollider, SphereCollider, CapsuleCollider and a convex MeshCollider. 
(Filename:  Line: 1410)

Physics.ClosestPoint can only be used with a BoxCollider, SphereCollider, CapsuleCollider and a convex MeshCollider. 
(Filename:  Line: 1410)

Physics.ClosestPoint can only be used with a BoxCollider, SphereCollider, CapsuleCollider and a convex MeshCollider. 
(Filename:  Line: 1410)

Physics.ClosestPoint can only be used with a BoxCollider, SphereCollider, CapsuleCollider and a convex MeshCollider. 
(Filename:  Line: 1410)

Physics.ClosestPoint can only be used with a BoxCollider, SphereCollider, CapsuleCollider and a convex MeshCollider. 
(Filename:  Line: 1410)

Physics.ClosestPoint can only be used with a BoxCollider, SphereCollider, CapsuleCollider and a convex MeshCollider. 
(Filename:  Line: 1410)

attacking. stoponattack: False 
(Filename: ./Runtime/Export/Debug/Debug.bindings.h Line: 35)

Physics.ClosestPoint can only be used with a BoxCollider, SphereCollider, CapsuleCollider and a convex MeshCollider. 
(Filename:  Line: 1410)

Physics.ClosestPoint can only be used with a BoxCollider, SphereCollider, CapsuleCollider and a convex MeshCollider. 
(Filename:  Line: 1410)

Physics.ClosestPoint can only be used with a BoxCollider, SphereCollider, CapsuleCollider and a convex MeshCollider. 
(Filename:  Line: 1410)

Physics.ClosestPoint can only be used with a BoxCollider, SphereCollider, CapsuleCollider and a convex MeshCollider. 
(Filename:  Line: 1410)

Physics.ClosestPoint can only be used with a BoxCollider, SphereCollider, CapsuleCollider and a convex MeshCollider. 
(Filename:  Line: 1410)

Physics.ClosestPoint can only be used with a BoxCollider, SphereCollider, CapsuleCollider and a convex MeshCollider. 
(Filename:  Line: 1410)

Physics.ClosestPoint can only be used with a BoxCollider, SphereCollider, CapsuleCollider and a convex MeshCollider. 
(Filename:  Line: 1410)

Physics.ClosestPoint can only be used with a BoxCollider, SphereCollider, CapsuleCollider and a convex MeshCollider. 
(Filename:  Line: 1410)

Physics.ClosestPoint can only be used with a BoxCollider, SphereCollider, CapsuleCollider and a convex MeshCollider. 
(Filename:  Line: 1410)

Physics.ClosestPoint can only be used with a BoxCollider, SphereCollider, CapsuleCollider and a convex MeshCollider. 
(Filename:  Line: 1410)

Physics.ClosestPoint can only be used with a BoxCollider, SphereCollider, CapsuleCollider and a convex MeshCollider. 
(Filename:  Line: 1410)

Physics.ClosestPoint can only be used with a BoxCollider, SphereCollider, CapsuleCollider and a convex MeshCollider. 
(Filename:  Line: 1410)

Physics.ClosestPoint can only be used with a BoxCollider, SphereCollider, CapsuleCollider and a convex MeshCollider. 
(Filename:  Line: 1410)

Physics.ClosestPoint can only be used with a BoxCollider, SphereCollider, CapsuleCollider and a convex MeshCollider. 
(Filename:  Line: 1410)

Physics.ClosestPoint can only be used with a BoxCollider, SphereCollider, CapsuleCollider and a convex MeshCollider. 
(Filename:  Line: 1410)

Physics.ClosestPoint can only be used with a BoxCollider, SphereCollider, CapsuleCollider and a convex MeshCollider. 
(Filename:  Line: 1410)

Physics.ClosestPoint can only be used with a BoxCollider, SphereCollider, CapsuleCollider and a convex MeshCollider. 
(Filename:  Line: 1410)

Physics.ClosestPoint can only be used with a BoxCollider, SphereCollider, CapsuleCollider and a convex MeshCollider. 
(Filename:  Line: 1410)

Physics.ClosestPoint can only be used with a BoxCollider, SphereCollider, CapsuleCollider and a convex MeshCollider. 
(Filename:  Line: 1410)

Physics.ClosestPoint can only be used with a BoxCollider, SphereCollider, CapsuleCollider and a convex MeshCollider. 
(Filename:  Line: 1410)

Physics.ClosestPoint can only be used with a BoxCollider, SphereCollider, CapsuleCollider and a convex MeshCollider. 
(Filename:  Line: 1410)

Physics.ClosestPoint can only be used with a BoxCollider, SphereCollider, CapsuleCollider and a convex MeshCollider. 
(Filename:  Line: 1410)

Physics.ClosestPoint can only be used with a BoxCollider, SphereCollider, CapsuleCollider and a convex MeshCollider. 
(Filename:  Line: 1410)

Jumps: 2596 
(Filename: ./Runtime/Export/Debug/Debug.bindings.h Line: 35)

y component: -0.9843034 
(Filename: ./Runtime/Export/Debug/Debug.bindings.h Line: 35)

launch angle: 2.510726 
(Filename: ./Runtime/Export/Debug/Debug.bindings.h Line: 35)

mob id: 1, in mob manager: True 
(Filename: ./Runtime/Export/Debug/Debug.bindings.h Line: 35)

setting damage to: 30 
(Filename: ./Runtime/Export/Debug/Debug.bindings.h Line: 35)

dequeing 
(Filename: ./Runtime/Export/Debug/Debug.bindings.h Line: 35)

spawning food from id: 49 
(Filename: ./Runtime/Export/Debug/Debug.bindings.h Line: 35)

dequeing 
(Filename: ./Runtime/Export/Debug/Debug.bindings.h Line: 35)

spawning food from id: 49 
(Filename: ./Runtime/Export/Debug/Debug.bindings.h Line: 35)

dequeing 
(Filename: ./Runtime/Export/Debug/Debug.bindings.h Line: 35)

spawning food from id: 49 
(Filename: ./Runtime/Export/Debug/Debug.bindings.h Line: 35)

dequeing 
(Filename: ./Runtime/Export/Debug/Debug.bindings.h Line: 35)

spawning food from id: 49 
(Filename: ./Runtime/Export/Debug/Debug.bindings.h Line: 35)

berserk multiplier: 0 
(Filename: ./Runtime/Export/Debug/Debug.bindings.h Line: 35)

berserk multiplier: 0 
(Filename: ./Runtime/Export/Debug/Debug.bindings.h Line: 35)

Kinematic body only supports Speculative Continuous collision detection 
(Filename:  Line: 748)

object: 9 picked up by player: 1 
(Filename: ./Runtime/Export/Debug/Debug.bindings.h Line: 35)

overlay set to: 0.6 
(Filename: ./Runtime/Export/Debug/Debug.bindings.h Line: 35)

overlay set to: 0.6 
(Filename: ./Runtime/Export/Debug/Debug.bindings.h Line: 35)

dequeing 
(Filename: ./Runtime/Export/Debug/Debug.bindings.h Line: 35)

spawning food from id: 115 
(Filename: ./Runtime/Export/Debug/Debug.bindings.h Line: 35)

dequeing 
(Filename: ./Runtime/Export/Debug/Debug.bindings.h Line: 35)

spawning food from id: 115 
(Filename: ./Runtime/Export/Debug/Debug.bindings.h Line: 35)

dequeing 
(Filename: ./Runtime/Export/Debug/Debug.bindings.h Line: 35)

spawning food from id: 115 
(Filename: ./Runtime/Export/Debug/Debug.bindings.h Line: 35)

dequeing 
(Filename: ./Runtime/Export/Debug/Debug.bindings.h Line: 35)

spawning food from id: 115 
(Filename: ./Runtime/Export/Debug/Debug.bindings.h Line: 35)

Move dist: 148845, added this one: 12 
(Filename: ./Runtime/Export/Debug/Debug.bindings.h Line: 35)

swim dist: 0, added this one: 0 
(Filename: ./Runtime/Export/Debug/Debug.bindings.h Line: 35)

overlay set to: 0.6 
(Filename: ./Runtime/Export/Debug/Debug.bindings.h Line: 35)

Physics.ClosestPoint can only be used with a BoxCollider, SphereCollider, CapsuleCollider and a convex MeshCollider. 
(Filename:  Line: 1410)

Physics.ClosestPoint can only be used with a BoxCollider, SphereCollider, CapsuleCollider and a convex MeshCollider. 
(Filename:  Line: 1410)

Physics.ClosestPoint can only be used with a BoxCollider, SphereCollider, CapsuleCollider and a convex MeshCollider. 
(Filename:  Line: 1410)

Physics.ClosestPoint can only be used with a BoxCollider, SphereCollider, CapsuleCollider and a convex MeshCollider. 
(Filename:  Line: 1410)

Physics.ClosestPoint can only be used with a BoxCollider, SphereCollider, CapsuleCollider and a convex MeshCollider. 
(Filename:  Line: 1410)

Physics.ClosestPoint can only be used with a BoxCollider, SphereCollider, CapsuleCollider and a convex MeshCollider. 
(Filename:  Line: 1410)

Physics.ClosestPoint can only be used with a BoxCollider, SphereCollider, CapsuleCollider and a convex MeshCollider. 
(Filename:  Line: 1410)

Physics.ClosestPoint can only be used with a BoxCollider, SphereCollider, CapsuleCollider and a convex MeshCollider. 
(Filename:  Line: 1410)

Physics.ClosestPoint can only be used with a BoxCollider, SphereCollider, CapsuleCollider and a convex MeshCollider. 
(Filename:  Line: 1410)

Physics.ClosestPoint can only be used with a BoxCollider, SphereCollider, CapsuleCollider and a convex MeshCollider. 
(Filename:  Line: 1410)

Physics.ClosestPoint can only be used with a BoxCollider, SphereCollider, CapsuleCollider and a convex MeshCollider. 
(Filename:  Line: 1410)

Physics.ClosestPoint can only be used with a BoxCollider, SphereCollider, CapsuleCollider and a convex MeshCollider. 
(Filename:  Line: 1410)

Physics.ClosestPoint can only be used with a BoxCollider, SphereCollider, CapsuleCollider and a convex MeshCollider. 
(Filename:  Line: 1410)

Physics.ClosestPoint can only be used with a BoxCollider, SphereCollider, CapsuleCollider and a convex MeshCollider. 
(Filename:  Line: 1410)

Physics.ClosestPoint can only be used with a BoxCollider, SphereCollider, CapsuleCollider and a convex MeshCollider. 
(Filename:  Line: 1410)

Physics.ClosestPoint can only be used with a BoxCollider, SphereCollider, CapsuleCollider and a convex MeshCollider. 
(Filename:  Line: 1410)

Physics.ClosestPoint can only be used with a BoxCollider, SphereCollider, CapsuleCollider and a convex MeshCollider. 
(Filename:  Line: 1410)

Physics.ClosestPoint can only be used with a BoxCollider, SphereCollider, CapsuleCollider and a convex MeshCollider. 
(Filename:  Line: 1410)

Physics.ClosestPoint can only be used with a BoxCollider, SphereCollider, CapsuleCollider and a convex MeshCollider. 
(Filename:  Line: 1410)

Physics.ClosestPoint can only be used with a BoxCollider, SphereCollider, CapsuleCollider and a convex MeshCollider. 
(Filename:  Line: 1410)

Physics.ClosestPoint can only be used with a BoxCollider, SphereCollider, CapsuleCollider and a convex MeshCollider. 
(Filename:  Line: 1410)

Physics.ClosestPoint can only be used with a BoxCollider, SphereCollider, CapsuleCollider and a convex MeshCollider. 
(Filename:  Line: 1410)

Physics.ClosestPoint can only be used with a BoxCollider, SphereCollider, CapsuleCollider and a convex MeshCollider. 
(Filename:  Line: 1410)

Physics.ClosestPoint can only be used with a BoxCollider, SphereCollider, CapsuleCollider and a convex MeshCollider. 
(Filename:  Line: 1410)

Physics.ClosestPoint can only be used with a BoxCollider, SphereCollider, CapsuleCollider and a convex MeshCollider. 
(Filename:  Line: 1410)

Physics.ClosestPoint can only be used with a BoxCollider, SphereCollider, CapsuleCollider and a convex MeshCollider. 
(Filename:  Line: 1410)

Physics.ClosestPoint can only be used with a BoxCollider, SphereCollider, CapsuleCollider and a convex MeshCollider. 
(Filename:  Line: 1410)

Physics.ClosestPoint can only be used with a BoxCollider, SphereCollider, CapsuleCollider and a convex MeshCollider. 
(Filename:  Line: 1410)

Physics.ClosestPoint can only be used with a BoxCollider, SphereCollider, CapsuleCollider and a convex MeshCollider. 
(Filename:  Line: 1410)

Physics.ClosestPoint can only be used with a BoxCollider, SphereCollider, CapsuleCollider and a convex MeshCollider. 
(Filename:  Line: 1410)

Physics.ClosestPoint can only be used with a BoxCollider, SphereCollider, CapsuleCollider and a convex MeshCollider. 
(Filename:  Line: 1410)

Physics.ClosestPoint can only be used with a BoxCollider, SphereCollider, CapsuleCollider and a convex MeshCollider. 
(Filename:  Line: 1410)

Physics.ClosestPoint can only be used with a BoxCollider, SphereCollider, CapsuleCollider and a convex MeshCollider. 
(Filename:  Line: 1410)

Physics.ClosestPoint can only be used with a BoxCollider, SphereCollider, CapsuleCollider and a convex MeshCollider. 
(Filename:  Line: 1410)

Physics.ClosestPoint can only be used with a BoxCollider, SphereCollider, CapsuleCollider and a convex MeshCollider. 
(Filename:  Line: 1410)

Physics.ClosestPoint can only be used with a BoxCollider, SphereCollider, CapsuleCollider and a convex MeshCollider. 
(Filename:  Line: 1410)

Physics.ClosestPoint can only be used with a BoxCollider, SphereCollider, CapsuleCollider and a convex MeshCollider. 
(Filename:  Line: 1410)

Physics.ClosestPoint can only be used with a BoxCollider, SphereCollider, CapsuleCollider and a convex MeshCollider. 
(Filename:  Line: 1410)

Physics.ClosestPoint can only be used with a BoxCollider, SphereCollider, CapsuleCollider and a convex MeshCollider. 
(Filename:  Line: 1410)

Physics.ClosestPoint can only be used with a BoxCollider, SphereCollider, CapsuleCollider and a convex MeshCollider. 
(Filename:  Line: 1410)

Physics.ClosestPoint can only be used with a BoxCollider, SphereCollider, CapsuleCollider and a convex MeshCollider. 
(Filename:  Line: 1410)

Physics.ClosestPoint can only be used with a BoxCollider, SphereCollider, CapsuleCollider and a convex MeshCollider. 
(Filename:  Line: 1410)

Physics.ClosestPoint can only be used with a BoxCollider, SphereCollider, CapsuleCollider and a convex MeshCollider. 
(Filename:  Line: 1410)

Physics.ClosestPoint can only be used with a BoxCollider, SphereCollider, CapsuleCollider and a convex MeshCollider. 
(Filename:  Line: 1410)

Physics.ClosestPoint can only be used with a BoxCollider, SphereCollider, CapsuleCollider and a convex MeshCollider. 
(Filename:  Line: 1410)

Physics.ClosestPoint can only be used with a BoxCollider, SphereCollider, CapsuleCollider and a convex MeshCollider. 
(Filename:  Line: 1410)

Physics.ClosestPoint can only be used with a BoxCollider, SphereCollider, CapsuleCollider and a convex MeshCollider. 
(Filename:  Line: 1410)

Physics.ClosestPoint can only be used with a BoxCollider, SphereCollider, CapsuleCollider and a convex MeshCollider. 
(Filename:  Line: 1410)

Physics.ClosestPoint can only be used with a BoxCollider, SphereCollider, CapsuleCollider and a convex MeshCollider. 
(Filename:  Line: 1410)

Physics.ClosestPoint can only be used with a BoxCollider, SphereCollider, CapsuleCollider and a convex MeshCollider. 
(Filename:  Line: 1410)

Physics.ClosestPoint can only be used with a BoxCollider, SphereCollider, CapsuleCollider and a convex MeshCollider. 
(Filename:  Line: 1410)

Physics.ClosestPoint can only be used with a BoxCollider, SphereCollider, CapsuleCollider and a convex MeshCollider. 
(Filename:  Line: 1410)

Physics.ClosestPoint can only be used with a BoxCollider, SphereCollider, CapsuleCollider and a convex MeshCollider. 
(Filename:  Line: 1410)

Physics.ClosestPoint can only be used with a BoxCollider, SphereCollider, CapsuleCollider and a convex MeshCollider. 
(Filename:  Line: 1410)

Physics.ClosestPoint can only be used with a BoxCollider, SphereCollider, CapsuleCollider and a convex MeshCollider. 
(Filename:  Line: 1410)

Physics.ClosestPoint can only be used with a BoxCollider, SphereCollider, CapsuleCollider and a convex MeshCollider. 
(Filename:  Line: 1410)

Physics.ClosestPoint can only be used with a BoxCollider, SphereCollider, CapsuleCollider and a convex MeshCollider. 
(Filename:  Line: 1410)

Physics.ClosestPoint can only be used with a BoxCollider, SphereCollider, CapsuleCollider and a convex MeshCollider. 
(Filename:  Line: 1410)

Physics.ClosestPoint can only be used with a BoxCollider, SphereCollider, CapsuleCollider and a convex MeshCollider. 
(Filename:  Line: 1410)

Physics.ClosestPoint can only be used with a BoxCollider, SphereCollider, CapsuleCollider and a convex MeshCollider. 
(Filename:  Line: 1410)

Physics.ClosestPoint can only be used with a BoxCollider, SphereCollider, CapsuleCollider and a convex MeshCollider. 
(Filename:  Line: 1410)

Physics.ClosestPoint can only be used with a BoxCollider, SphereCollider, CapsuleCollider and a convex MeshCollider. 
(Filename:  Line: 1410)

Physics.ClosestPoint can only be used with a BoxCollider, SphereCollider, CapsuleCollider and a convex MeshCollider. 
(Filename:  Line: 1410)

Physics.ClosestPoint can only be used with a BoxCollider, SphereCollider, CapsuleCollider and a convex MeshCollider. 
(Filename:  Line: 1410)

Physics.ClosestPoint can only be used with a BoxCollider, SphereCollider, CapsuleCollider and a convex MeshCollider. 
(Filename:  Line: 1410)

Physics.ClosestPoint can only be used with a BoxCollider, SphereCollider, CapsuleCollider and a convex MeshCollider. 
(Filename:  Line: 1410)

Physics.ClosestPoint can only be used with a BoxCollider, SphereCollider, CapsuleCollider and a convex MeshCollider. 
(Filename:  Line: 1410)

Physics.ClosestPoint can only be used with a BoxCollider, SphereCollider, CapsuleCollider and a convex MeshCollider. 
(Filename:  Line: 1410)

Physics.ClosestPoint can only be used with a BoxCollider, SphereCollider, CapsuleCollider and a convex MeshCollider. 
(Filename:  Line: 1410)

Physics.ClosestPoint can only be used with a BoxCollider, SphereCollider, CapsuleCollider and a convex MeshCollider. 
(Filename:  Line: 1410)

Physics.ClosestPoint can only be used with a BoxCollider, SphereCollider, CapsuleCollider and a convex MeshCollider. 
(Filename:  Line: 1410)

Physics.ClosestPoint can only be used with a BoxCollider, SphereCollider, CapsuleCollider and a convex MeshCollider. 
(Filename:  Line: 1410)

Physics.ClosestPoint can only be used with a BoxCollider, SphereCollider, CapsuleCollider and a convex MeshCollider. 
(Filename:  Line: 1410)

Physics.ClosestPoint can only be used with a BoxCollider, SphereCollider, CapsuleCollider and a convex MeshCollider. 
(Filename:  Line: 1410)

Physics.ClosestPoint can only be used with a BoxCollider, SphereCollider, CapsuleCollider and a convex MeshCollider. 
(Filename:  Line: 1410)

Physics.ClosestPoint can only be used with a BoxCollider, SphereCollider, CapsuleCollider and a convex MeshCollider. 
(Filename:  Line: 1410)

Physics.ClosestPoint can only be used with a BoxCollider, SphereCollider, CapsuleCollider and a convex MeshCollider. 
(Filename:  Line: 1410)

Physics.ClosestPoint can only be used with a BoxCollider, SphereCollider, CapsuleCollider and a convex MeshCollider. 
(Filename:  Line: 1410)

Physics.ClosestPoint can only be used with a BoxCollider, SphereCollider, CapsuleCollider and a convex MeshCollider. 
(Filename:  Line: 1410)

Physics.ClosestPoint can only be used with a BoxCollider, SphereCollider, CapsuleCollider and a convex MeshCollider. 
(Filename:  Line: 1410)

Physics.ClosestPoint can only be used with a BoxCollider, SphereCollider, CapsuleCollider and a convex MeshCollider. 
(Filename:  Line: 1410)

Physics.ClosestPoint can only be used with a BoxCollider, SphereCollider, CapsuleCollider and a convex MeshCollider. 
(Filename:  Line: 1410)

Physics.ClosestPoint can only be used with a BoxCollider, SphereCollider, CapsuleCollider and a convex MeshCollider. 
(Filename:  Line: 1410)

Physics.ClosestPoint can only be used with a BoxCollider, SphereCollider, CapsuleCollider and a convex MeshCollider. 
(Filename:  Line: 1410)

Physics.ClosestPoint can only be used with a BoxCollider, SphereCollider, CapsuleCollider and a convex MeshCollider. 
(Filename:  Line: 1410)

Physics.ClosestPoint can only be used with a BoxCollider, SphereCollider, CapsuleCollider and a convex MeshCollider. 
(Filename:  Line: 1410)

Physics.ClosestPoint can only be used with a BoxCollider, SphereCollider, CapsuleCollider and a convex MeshCollider. 
(Filename:  Line: 1410)

Physics.ClosestPoint can only be used with a BoxCollider, SphereCollider, CapsuleCollider and a convex MeshCollider. 
(Filename:  Line: 1410)

Physics.ClosestPoint can only be used with a BoxCollider, SphereCollider, CapsuleCollider and a convex MeshCollider. 
(Filename:  Line: 1410)

Physics.ClosestPoint can only be used with a BoxCollider, SphereCollider, CapsuleCollider and a convex MeshCollider. 
(Filename:  Line: 1410)

Physics.ClosestPoint can only be used with a BoxCollider, SphereCollider, CapsuleCollider and a convex MeshCollider. 
(Filename:  Line: 1410)

Physics.ClosestPoint can only be used with a BoxCollider, SphereCollider, CapsuleCollider and a convex MeshCollider. 
(Filename:  Line: 1410)

Physics.ClosestPoint can only be used with a BoxCollider, SphereCollider, CapsuleCollider and a convex MeshCollider. 
(Filename:  Line: 1410)

Physics.ClosestPoint can only be used with a BoxCollider, SphereCollider, CapsuleCollider and a convex MeshCollider. 
(Filename:  Line: 1410)

Physics.ClosestPoint can only be used with a BoxCollider, SphereCollider, CapsuleCollider and a convex MeshCollider. 
(Filename:  Line: 1410)

Physics.ClosestPoint can only be used with a BoxCollider, SphereCollider, CapsuleCollider and a convex MeshCollider. 
(Filename:  Line: 1410)

Physics.ClosestPoint can only be used with a BoxCollider, SphereCollider, CapsuleCollider and a convex MeshCollider. 
(Filename:  Line: 1410)

Physics.ClosestPoint can only be used with a BoxCollider, SphereCollider, CapsuleCollider and a convex MeshCollider. 
(Filename:  Line: 1410)

Physics.ClosestPoint can only be used with a BoxCollider, SphereCollider, CapsuleCollider and a convex MeshCollider. 
(Filename:  Line: 1410)

Physics.ClosestPoint can only be used with a BoxCollider, SphereCollider, CapsuleCollider and a convex MeshCollider. 
(Filename:  Line: 1410)

Physics.ClosestPoint can only be used with a BoxCollider, SphereCollider, CapsuleCollider and a convex MeshCollider. 
(Filename:  Line: 1410)

Physics.ClosestPoint can only be used with a BoxCollider, SphereCollider, CapsuleCollider and a convex MeshCollider. 
(Filename:  Line: 1410)

Physics.ClosestPoint can only be used with a BoxCollider, SphereCollider, CapsuleCollider and a convex MeshCollider. 
(Filename:  Line: 1410)

Physics.ClosestPoint can only be used with a BoxCollider, SphereCollider, CapsuleCollider and a convex MeshCollider. 
(Filename:  Line: 1410)

Physics.ClosestPoint can only be used with a BoxCollider, SphereCollider, CapsuleCollider and a convex MeshCollider. 
(Filename:  Line: 1410)

Physics.ClosestPoint can only be used with a BoxCollider, SphereCollider, CapsuleCollider and a convex MeshCollider. 
(Filename:  Line: 1410)

Physics.ClosestPoint can only be used with a BoxCollider, SphereCollider, CapsuleCollider and a convex MeshCollider. 
(Filename:  Line: 1410)

Physics.ClosestPoint can only be used with a BoxCollider, SphereCollider, CapsuleCollider and a convex MeshCollider. 
(Filename:  Line: 1410)

Physics.ClosestPoint can only be used with a BoxCollider, SphereCollider, CapsuleCollider and a convex MeshCollider. 
(Filename:  Line: 1410)

Physics.ClosestPoint can only be used with a BoxCollider, SphereCollider, CapsuleCollider and a convex MeshCollider. 
(Filename:  Line: 1410)

Physics.ClosestPoint can only be used with a BoxCollider, SphereCollider, CapsuleCollider and a convex MeshCollider. 
(Filename:  Line: 1410)

Physics.ClosestPoint can only be used with a BoxCollider, SphereCollider, CapsuleCollider and a convex MeshCollider. 
(Filename:  Line: 1410)

Physics.ClosestPoint can only be used with a BoxCollider, SphereCollider, CapsuleCollider and a convex MeshCollider. 
(Filename:  Line: 1410)

Physics.ClosestPoint can only be used with a BoxCollider, SphereCollider, CapsuleCollider and a convex MeshCollider. 
(Filename:  Line: 1410)

Physics.ClosestPoint can only be used with a BoxCollider, SphereCollider, CapsuleCollider and a convex MeshCollider. 
(Filename:  Line: 1410)

Physics.ClosestPoint can only be used with a BoxCollider, SphereCollider, CapsuleCollider and a convex MeshCollider. 
(Filename:  Line: 1410)

Physics.ClosestPoint can only be used with a BoxCollider, SphereCollider, CapsuleCollider and a convex MeshCollider. 
(Filename:  Line: 1410)

Physics.ClosestPoint can only be used with a BoxCollider, SphereCollider, CapsuleCollider and a convex MeshCollider. 
(Filename:  Line: 1410)

Physics.ClosestPoint can only be used with a BoxCollider, SphereCollider, CapsuleCollider and a convex MeshCollider. 
(Filename:  Line: 1410)

Physics.ClosestPoint can only be used with a BoxCollider, SphereCollider, CapsuleCollider and a convex MeshCollider. 
(Filename:  Line: 1410)

Physics.ClosestPoint can only be used with a BoxCollider, SphereCollider, CapsuleCollider and a convex MeshCollider. 
(Filename:  Line: 1410)

Physics.ClosestPoint can only be used with a BoxCollider, SphereCollider, CapsuleCollider and a convex MeshCollider. 
(Filename:  Line: 1410)

Physics.ClosestPoint can only be used with a BoxCollider, SphereCollider, CapsuleCollider and a convex MeshCollider. 
(Filename:  Line: 1410)

Physics.ClosestPoint can only be used with a BoxCollider, SphereCollider, CapsuleCollider and a convex MeshCollider. 
(Filename:  Line: 1410)

Physics.ClosestPoint can only be used with a BoxCollider, SphereCollider, CapsuleCollider and a convex MeshCollider. 
(Filename:  Line: 1410)

Physics.ClosestPoint can only be used with a BoxCollider, SphereCollider, CapsuleCollider and a convex MeshCollider. 
(Filename:  Line: 1410)

Physics.ClosestPoint can only be used with a BoxCollider, SphereCollider, CapsuleCollider and a convex MeshCollider. 
(Filename:  Line: 1410)

Physics.ClosestPoint can only be used with a BoxCollider, SphereCollider, CapsuleCollider and a convex MeshCollider. 
(Filename:  Line: 1410)

Physics.ClosestPoint can only be used with a BoxCollider, SphereCollider, CapsuleCollider and a convex MeshCollider. 
(Filename:  Line: 1410)

Physics.ClosestPoint can only be used with a BoxCollider, SphereCollider, CapsuleCollider and a convex MeshCollider. 
(Filename:  Line: 1410)

Physics.ClosestPoint can only be used with a BoxCollider, SphereCollider, CapsuleCollider and a convex MeshCollider. 
(Filename:  Line: 1410)

Physics.ClosestPoint can only be used with a BoxCollider, SphereCollider, CapsuleCollider and a convex MeshCollider. 
(Filename:  Line: 1410)

Physics.ClosestPoint can only be used with a BoxCollider, SphereCollider, CapsuleCollider and a convex MeshCollider. 
(Filename:  Line: 1410)

Physics.ClosestPoint can only be used with a BoxCollider, SphereCollider, CapsuleCollider and a convex MeshCollider. 
(Filename:  Line: 1410)

Physics.ClosestPoint can only be used with a BoxCollider, SphereCollider, CapsuleCollider and a convex MeshCollider. 
(Filename:  Line: 1410)

Physics.ClosestPoint can only be used with a BoxCollider, SphereCollider, CapsuleCollider and a convex MeshCollider. 
(Filename:  Line: 1410)

Physics.ClosestPoint can only be used with a BoxCollider, SphereCollider, CapsuleCollider and a convex MeshCollider. 
(Filename:  Line: 1410)

Physics.ClosestPoint can only be used with a BoxCollider, SphereCollider, CapsuleCollider and a convex MeshCollider. 
(Filename:  Line: 1410)

Physics.ClosestPoint can only be used with a BoxCollider, SphereCollider, CapsuleCollider and a convex MeshCollider. 
(Filename:  Line: 1410)

Physics.ClosestPoint can only be used with a BoxCollider, SphereCollider, CapsuleCollider and a convex MeshCollider. 
(Filename:  Line: 1410)

Physics.ClosestPoint can only be used with a BoxCollider, SphereCollider, CapsuleCollider and a convex MeshCollider. 
(Filename:  Line: 1410)

Physics.ClosestPoint can only be used with a BoxCollider, SphereCollider, CapsuleCollider and a convex MeshCollider. 
(Filename:  Line: 1410)

Physics.ClosestPoint can only be used with a BoxCollider, SphereCollider, CapsuleCollider and a convex MeshCollider. 
(Filename:  Line: 1410)

Physics.ClosestPoint can only be used with a BoxCollider, SphereCollider, CapsuleCollider and a convex MeshCollider. 
(Filename:  Line: 1410)

Physics.ClosestPoint can only be used with a BoxCollider, SphereCollider, CapsuleCollider and a convex MeshCollider. 
(Filename:  Line: 1410)

Physics.ClosestPoint can only be used with a BoxCollider, SphereCollider, CapsuleCollider and a convex MeshCollider. 
(Filename:  Line: 1410)

Physics.ClosestPoint can only be used with a BoxCollider, SphereCollider, CapsuleCollider and a convex MeshCollider. 
(Filename:  Line: 1410)

Physics.ClosestPoint can only be used with a BoxCollider, SphereCollider, CapsuleCollider and a convex MeshCollider. 
(Filename:  Line: 1410)

Physics.ClosestPoint can only be used with a BoxCollider, SphereCollider, CapsuleCollider and a convex MeshCollider. 
(Filename:  Line: 1410)

Physics.ClosestPoint can only be used with a BoxCollider, SphereCollider, CapsuleCollider and a convex MeshCollider. 
(Filename:  Line: 1410)

Physics.ClosestPoint can only be used with a BoxCollider, SphereCollider, CapsuleCollider and a convex MeshCollider. 
(Filename:  Line: 1410)

Physics.ClosestPoint can only be used with a BoxCollider, SphereCollider, CapsuleCollider and a convex MeshCollider. 
(Filename:  Line: 1410)

Physics.ClosestPoint can only be used with a BoxCollider, SphereCollider, CapsuleCollider and a convex MeshCollider. 
(Filename:  Line: 1410)

Physics.ClosestPoint can only be used with a BoxCollider, SphereCollider, CapsuleCollider and a convex MeshCollider. 
(Filename:  Line: 1410)

Physics.ClosestPoint can only be used with a BoxCollider, SphereCollider, CapsuleCollider and a convex MeshCollider. 
(Filename:  Line: 1410)

Physics.ClosestPoint can only be used with a BoxCollider, SphereCollider, CapsuleCollider and a convex MeshCollider. 
(Filename:  Line: 1410)

Physics.ClosestPoint can only be used with a BoxCollider, SphereCollider, CapsuleCollider and a convex MeshCollider. 
(Filename:  Line: 1410)

Physics.ClosestPoint can only be used with a BoxCollider, SphereCollider, CapsuleCollider and a convex MeshCollider. 
(Filename:  Line: 1410)

Physics.ClosestPoint can only be used with a BoxCollider, SphereCollider, CapsuleCollider and a convex MeshCollider. 
(Filename:  Line: 1410)

Physics.ClosestPoint can only be used with a BoxCollider, SphereCollider, CapsuleCollider and a convex MeshCollider. 
(Filename:  Line: 1410)

Physics.ClosestPoint can only be used with a BoxCollider, SphereCollider, CapsuleCollider and a convex MeshCollider. 
(Filename:  Line: 1410)

Physics.ClosestPoint can only be used with a BoxCollider, SphereCollider, CapsuleCollider and a convex MeshCollider. 
(Filename:  Line: 1410)

Physics.ClosestPoint can only be used with a BoxCollider, SphereCollider, CapsuleCollider and a convex MeshCollider. 
(Filename:  Line: 1410)

Physics.ClosestPoint can only be used with a BoxCollider, SphereCollider, CapsuleCollider and a convex MeshCollider. 
(Filename:  Line: 1410)

Physics.ClosestPoint can only be used with a BoxCollider, SphereCollider, CapsuleCollider and a convex MeshCollider. 
(Filename:  Line: 1410)

Physics.ClosestPoint can only be used with a BoxCollider, SphereCollider, CapsuleCollider and a convex MeshCollider. 
(Filename:  Line: 1410)

Physics.ClosestPoint can only be used with a BoxCollider, SphereCollider, CapsuleCollider and a convex MeshCollider. 
(Filename:  Line: 1410)

Physics.ClosestPoint can only be used with a BoxCollider, SphereCollider, CapsuleCollider and a convex MeshCollider. 
(Filename:  Line: 1410)

Physics.ClosestPoint can only be used with a BoxCollider, SphereCollider, CapsuleCollider and a convex MeshCollider. 
(Filename:  Line: 1410)

Physics.ClosestPoint can only be used with a BoxCollider, SphereCollider, CapsuleCollider and a convex MeshCollider. 
(Filename:  Line: 1410)

Physics.ClosestPoint can only be used with a BoxCollider, SphereCollider, CapsuleCollider and a convex MeshCollider. 
(Filename:  Line: 1410)

berserk multiplier: 0 
(Filename: ./Runtime/Export/Debug/Debug.bindings.h Line: 35)

Physics.ClosestPoint can only be used with a BoxCollider, SphereCollider, CapsuleCollider and a convex MeshCollider. 
(Filename:  Line: 1410)

Physics.ClosestPoint can only be used with a BoxCollider, SphereCollider, CapsuleCollider and a convex MeshCollider. 
(Filename:  Line: 1410)

Physics.ClosestPoint can only be used with a BoxCollider, SphereCollider, CapsuleCollider and a convex MeshCollider. 
(Filename:  Line: 1410)

Move dist: 148861, added this one: 16 
(Filename: ./Runtime/Export/Debug/Debug.bindings.h Line: 35)

swim dist: 0, added this one: 0 
(Filename: ./Runtime/Export/Debug/Debug.bindings.h Line: 35)

i built something 
(Filename: ./Runtime/Export/Debug/Debug.bindings.h Line: 35)

unlocked station: 100 
(Filename: ./Runtime/Export/Debug/Debug.bindings.h Line: 35)

Builds: 84 
(Filename: ./Runtime/Export/Debug/Debug.bindings.h Line: 35)

attacking. stoponattack: False 
(Filename: ./Runtime/Export/Debug/Debug.bindings.h Line: 35)

overlay set to: 0.6 
(Filename: ./Runtime/Export/Debug/Debug.bindings.h Line: 35)

overlay set to: 0.6 
(Filename: ./Runtime/Export/Debug/Debug.bindings.h Line: 35)

overlay set to: 0.6 
(Filename: ./Runtime/Export/Debug/Debug.bindings.h Line: 35)

unlocked station: 100 
(Filename: ./Runtime/Export/Debug/Debug.bindings.h Line: 35)

y component: -0.9844195 
(Filename: ./Runtime/Export/Debug/Debug.bindings.h Line: 35)

launch angle: 1.116685 
(Filename: ./Runtime/Export/Debug/Debug.bindings.h Line: 35)

mob id: 1, in mob manager: True 
(Filename: ./Runtime/Export/Debug/Debug.bindings.h Line: 35)

setting damage to: 30 
(Filename: ./Runtime/Export/Debug/Debug.bindings.h Line: 35)

Move dist: 148865, added this one: 4 
(Filename: ./Runtime/Export/Debug/Debug.bindings.h Line: 35)

swim dist: 0, added this one: 0 
(Filename: ./Runtime/Export/Debug/Debug.bindings.h Line: 35)

overlay set to: 0.6 
(Filename: ./Runtime/Export/Debug/Debug.bindings.h Line: 35)

overlay set to: 0.6 
(Filename: ./Runtime/Export/Debug/Debug.bindings.h Line: 35)

overlay set to: 0.6 
(Filename: ./Runtime/Export/Debug/Debug.bindings.h Line: 35)

dequeing 
(Filename: ./Runtime/Export/Debug/Debug.bindings.h Line: 35)

spawning food from id: 42 
(Filename: ./Runtime/Export/Debug/Debug.bindings.h Line: 35)

dequeing 
(Filename: ./Runtime/Export/Debug/Debug.bindings.h Line: 35)

spawning food from id: 42 
(Filename: ./Runtime/Export/Debug/Debug.bindings.h Line: 35)

dequeing 
(Filename: ./Runtime/Export/Debug/Debug.bindings.h Line: 35)

spawning food from id: 42 
(Filename: ./Runtime/Export/Debug/Debug.bindings.h Line: 35)

dequeing 
(Filename: ./Runtime/Export/Debug/Debug.bindings.h Line: 35)

spawning food from id: 42 
(Filename: ./Runtime/Export/Debug/Debug.bindings.h Line: 35)

overlay set to: 0.6 
(Filename: ./Runtime/Export/Debug/Debug.bindings.h Line: 35)

overlay set to: 0.6 
(Filename: ./Runtime/Export/Debug/Debug.bindings.h Line: 35)

overlay set to: 0.6 
(Filename: ./Runtime/Export/Debug/Debug.bindings.h Line: 35)

overlay set to: 0.6 
(Filename: ./Runtime/Export/Debug/Debug.bindings.h Line: 35)

overlay set to: 0.6 
(Filename: ./Runtime/Export/Debug/Debug.bindings.h Line: 35)

overlay set to: 0.6 
(Filename: ./Runtime/Export/Debug/Debug.bindings.h Line: 35)

overlay set to: 0.6 
(Filename: ./Runtime/Export/Debug/Debug.bindings.h Line: 35)

overlay set to: 0.6 
(Filename: ./Runtime/Export/Debug/Debug.bindings.h Line: 35)

overlay set to: 0.6 
(Filename: ./Runtime/Export/Debug/Debug.bindings.h Line: 35)

overlay set to: 0.6 
(Filename: ./Runtime/Export/Debug/Debug.bindings.h Line: 35)

overlay set to: 0.6 
(Filename: ./Runtime/Export/Debug/Debug.bindings.h Line: 35)

overlay set to: 0.6 
(Filename: ./Runtime/Export/Debug/Debug.bindings.h Line: 35)

overlay set to: 0.6 
(Filename: ./Runtime/Export/Debug/Debug.bindings.h Line: 35)

overlay set to: 0.6 
(Filename: ./Runtime/Export/Debug/Debug.bindings.h Line: 35)

Move dist: 148865, added this one: 0 
(Filename: ./Runtime/Export/Debug/Debug.bindings.h Line: 35)

swim dist: 0, added this one: 0 
(Filename: ./Runtime/Export/Debug/Debug.bindings.h Line: 35)

overlay set to: 0.6 
(Filename: ./Runtime/Export/Debug/Debug.bindings.h Line: 35)

overlay set to: 0.6 
(Filename: ./Runtime/Export/Debug/Debug.bindings.h Line: 35)

overlay set to: 0.6 
(Filename: ./Runtime/Export/Debug/Debug.bindings.h Line: 35)

dequeing 
(Filename: ./Runtime/Export/Debug/Debug.bindings.h Line: 35)

spawning food from id: 88 
(Filename: ./Runtime/Export/Debug/Debug.bindings.h Line: 35)

dequeing 
(Filename: ./Runtime/Export/Debug/Debug.bindings.h Line: 35)

spawning food from id: 88 
(Filename: ./Runtime/Export/Debug/Debug.bindings.h Line: 35)

dequeing 
(Filename: ./Runtime/Export/Debug/Debug.bindings.h Line: 35)

spawning food from id: 88 
(Filename: ./Runtime/Export/Debug/Debug.bindings.h Line: 35)

dequeing 
(Filename: ./Runtime/Export/Debug/Debug.bindings.h Line: 35)

spawning food from id: 88 
(Filename: ./Runtime/Export/Debug/Debug.bindings.h Line: 35)

Jumps: 2597 
(Filename: ./Runtime/Export/Debug/Debug.bindings.h Line: 35)

setting grass mesh 
(Filename: ./Runtime/Export/Debug/Debug.bindings.h Line: 35)

dequeing 
(Filename: ./Runtime/Export/Debug/Debug.bindings.h Line: 35)

spawning food from id: 267 
(Filename: ./Runtime/Export/Debug/Debug.bindings.h Line: 35)

dequeing 
(Filename: ./Runtime/Export/Debug/Debug.bindings.h Line: 35)

spawning food from id: 267 
(Filename: ./Runtime/Export/Debug/Debug.bindings.h Line: 35)

dequeing 
(Filename: ./Runtime/Export/Debug/Debug.bindings.h Line: 35)

spawning food from id: 267 
(Filename: ./Runtime/Export/Debug/Debug.bindings.h Line: 35)

dequeing 
(Filename: ./Runtime/Export/Debug/Debug.bindings.h Line: 35)

spawning food from id: 267 
(Filename: ./Runtime/Export/Debug/Debug.bindings.h Line: 35)

dequeing 
(Filename: ./Runtime/Export/Debug/Debug.bindings.h Line: 35)

spawning food from id: 267 
(Filename: ./Runtime/Export/Debug/Debug.bindings.h Line: 35)

Jumps: 2598 
(Filename: ./Runtime/Export/Debug/Debug.bindings.h Line: 35)

changing scale lol 
(Filename: ./Runtime/Export/Debug/Debug.bindings.h Line: 35)

object hit from: 1 
(Filename: ./Runtime/Export/Debug/Debug.bindings.h Line: 35)

dequeing 
(Filename: ./Runtime/Export/Debug/Debug.bindings.h Line: 35)

spawning mob from id: 2 
(Filename: ./Runtime/Export/Debug/Debug.bindings.h Line: 35)

queue: 8 
(Filename: ./Runtime/Export/Debug/Debug.bindings.h Line: 35)

dequeing 
(Filename: ./Runtime/Export/Debug/Debug.bindings.h Line: 35)

spawning mob from id: 2 
(Filename: ./Runtime/Export/Debug/Debug.bindings.h Line: 35)

queue: 7 
(Filename: ./Runtime/Export/Debug/Debug.bindings.h Line: 35)

dequeing 
(Filename: ./Runtime/Export/Debug/Debug.bindings.h Line: 35)

spawning mob from id: 2 
(Filename: ./Runtime/Export/Debug/Debug.bindings.h Line: 35)

queue: 6 
(Filename: ./Runtime/Export/Debug/Debug.bindings.h Line: 35)

dequeing 
(Filename: ./Runtime/Export/Debug/Debug.bindings.h Line: 35)

spawning mob from id: 2 
(Filename: ./Runtime/Export/Debug/Debug.bindings.h Line: 35)

queue: 5 
(Filename: ./Runtime/Export/Debug/Debug.bindings.h Line: 35)

dequeing 
(Filename: ./Runtime/Export/Debug/Debug.bindings.h Line: 35)

spawning mob from id: 2 
(Filename: ./Runtime/Export/Debug/Debug.bindings.h Line: 35)

queue: 4 
(Filename: ./Runtime/Export/Debug/Debug.bindings.h Line: 35)

dequeing 
(Filename: ./Runtime/Export/Debug/Debug.bindings.h Line: 35)

spawning mob from id: 2 
(Filename: ./Runtime/Export/Debug/Debug.bindings.h Line: 35)

queue: 3 
(Filename: ./Runtime/Export/Debug/Debug.bindings.h Line: 35)

dequeing 
(Filename: ./Runtime/Export/Debug/Debug.bindings.h Line: 35)

spawning mob from id: 2 
(Filename: ./Runtime/Export/Debug/Debug.bindings.h Line: 35)

queue: 2 
(Filename: ./Runtime/Export/Debug/Debug.bindings.h Line: 35)

dequeing 
(Filename: ./Runtime/Export/Debug/Debug.bindings.h Line: 35)

spawning mob from id: 2 
(Filename: ./Runtime/Export/Debug/Debug.bindings.h Line: 35)

queue: 1 
(Filename: ./Runtime/Export/Debug/Debug.bindings.h Line: 35)

dequeing 
(Filename: ./Runtime/Export/Debug/Debug.bindings.h Line: 35)

spawning food from id: 109 
(Filename: ./Runtime/Export/Debug/Debug.bindings.h Line: 35)

dequeing 
(Filename: ./Runtime/Export/Debug/Debug.bindings.h Line: 35)

spawning food from id: 109 
(Filename: ./Runtime/Export/Debug/Debug.bindings.h Line: 35)

dequeing 
(Filename: ./Runtime/Export/Debug/Debug.bindings.h Line: 35)

spawning food from id: 109 
(Filename: ./Runtime/Export/Debug/Debug.bindings.h Line: 35)

dequeing 
(Filename: ./Runtime/Export/Debug/Debug.bindings.h Line: 35)

spawning food from id: 109 
(Filename: ./Runtime/Export/Debug/Debug.bindings.h Line: 35)

changing scale lol 
(Filename: ./Runtime/Export/Debug/Debug.bindings.h Line: 35)

object hit from: 1 
(Filename: ./Runtime/Export/Debug/Debug.bindings.h Line: 35)

Move dist: 148896, added this one: 31 
(Filename: ./Runtime/Export/Debug/Debug.bindings.h Line: 35)

swim dist: 0, added this one: 0 
(Filename: ./Runtime/Export/Debug/Debug.bindings.h Line: 35)

Jumps: 2599 
(Filename: ./Runtime/Export/Debug/Debug.bindings.h Line: 35)

changing scale lol 
(Filename: ./Runtime/Export/Debug/Debug.bindings.h Line: 35)

object hit from: 1 
(Filename: ./Runtime/Export/Debug/Debug.bindings.h Line: 35)

changing scale lol 
(Filename: ./Runtime/Export/Debug/Debug.bindings.h Line: 35)

object hit from: 1 
(Filename: ./Runtime/Export/Debug/Debug.bindings.h Line: 35)

setting grass mesh 
(Filename: ./Runtime/Export/Debug/Debug.bindings.h Line: 35)

changing scale lol 
(Filename: ./Runtime/Export/Debug/Debug.bindings.h Line: 35)

object hit from: 1 
(Filename: ./Runtime/Export/Debug/Debug.bindings.h Line: 35)

changing scale lol 
(Filename: ./Runtime/Export/Debug/Debug.bindings.h Line: 35)

object hit from: 1 
(Filename: ./Runtime/Export/Debug/Debug.bindings.h Line: 35)

Move dist: 148953, added this one: 57 
(Filename: ./Runtime/Export/Debug/Debug.bindings.h Line: 35)

swim dist: 0, added this one: 0 
(Filename: ./Runtime/Export/Debug/Debug.bindings.h Line: 35)

changing scale lol 
(Filename: ./Runtime/Export/Debug/Debug.bindings.h Line: 35)

object hit from: 1 
(Filename: ./Runtime/Export/Debug/Debug.bindings.h Line: 35)

dropping item 
(Filename: ./Runtime/Export/Debug/Debug.bindings.h Line: 35)

object: 10 picked up by player: 1 
(Filename: ./Runtime/Export/Debug/Debug.bindings.h Line: 35)

setting grass mesh 
(Filename: ./Runtime/Export/Debug/Debug.bindings.h Line: 35)

Move dist: 148998, added this one: 45 
(Filename: ./Runtime/Export/Debug/Debug.bindings.h Line: 35)

swim dist: 0, added this one: 0 
(Filename: ./Runtime/Export/Debug/Debug.bindings.h Line: 35)

object: 11 picked up by player: 0 
(Filename: ./Runtime/Export/Debug/Debug.bindings.h Line: 35)

checking 
(Filename: ./Runtime/Export/Debug/Debug.bindings.h Line: 35)

sending pickup now from: 0 
(Filename: ./Runtime/Export/Debug/Debug.bindings.h Line: 35)

dequeing 
(Filename: ./Runtime/Export/Debug/Debug.bindings.h Line: 35)

spawning food from id: 289 
(Filename: ./Runtime/Export/Debug/Debug.bindings.h Line: 35)

dequeing 
(Filename: ./Runtime/Export/Debug/Debug.bindings.h Line: 35)

spawning food from id: 289 
(Filename: ./Runtime/Export/Debug/Debug.bindings.h Line: 35)

dequeing 
(Filename: ./Runtime/Export/Debug/Debug.bindings.h Line: 35)

spawning food from id: 289 
(Filename: ./Runtime/Export/Debug/Debug.bindings.h Line: 35)

dequeing 
(Filename: ./Runtime/Export/Debug/Debug.bindings.h Line: 35)

spawning food from id: 289 
(Filename: ./Runtime/Export/Debug/Debug.bindings.h Line: 35)

dequeing 
(Filename: ./Runtime/Export/Debug/Debug.bindings.h Line: 35)

spawning food from id: 289 
(Filename: ./Runtime/Export/Debug/Debug.bindings.h Line: 35)

setting grass mesh 
(Filename: ./Runtime/Export/Debug/Debug.bindings.h Line: 35)

Jumps: 2600 
(Filename: ./Runtime/Export/Debug/Debug.bindings.h Line: 35)

Move dist: 149046, added this one: 48 
(Filename: ./Runtime/Export/Debug/Debug.bindings.h Line: 35)

swim dist: 0, added this one: 0 
(Filename: ./Runtime/Export/Debug/Debug.bindings.h Line: 35)

setting grass mesh 
(Filename: ./Runtime/Export/Debug/Debug.bindings.h Line: 35)

dequeing 
(Filename: ./Runtime/Export/Debug/Debug.bindings.h Line: 35)

spawning mob from id: 8 
(Filename: ./Runtime/Export/Debug/Debug.bindings.h Line: 35)

queue: 3 
(Filename: ./Runtime/Export/Debug/Debug.bindings.h Line: 35)

dequeing 
(Filename: ./Runtime/Export/Debug/Debug.bindings.h Line: 35)

spawning mob from id: 8 
(Filename: ./Runtime/Export/Debug/Debug.bindings.h Line: 35)

queue: 2 
(Filename: ./Runtime/Export/Debug/Debug.bindings.h Line: 35)

dequeing 
(Filename: ./Runtime/Export/Debug/Debug.bindings.h Line: 35)

spawning mob from id: 8 
(Filename: ./Runtime/Export/Debug/Debug.bindings.h Line: 35)

queue: 1 
(Filename: ./Runtime/Export/Debug/Debug.bindings.h Line: 35)

dequeing 
(Filename: ./Runtime/Export/Debug/Debug.bindings.h Line: 35)

spawning mob from id: 306 
(Filename: ./Runtime/Export/Debug/Debug.bindings.h Line: 35)

queue: 3 
(Filename: ./Runtime/Export/Debug/Debug.bindings.h Line: 35)

dequeing 
(Filename: ./Runtime/Export/Debug/Debug.bindings.h Line: 35)

spawning mob from id: 306 
(Filename: ./Runtime/Export/Debug/Debug.bindings.h Line: 35)

queue: 2 
(Filename: ./Runtime/Export/Debug/Debug.bindings.h Line: 35)

dequeing 
(Filename: ./Runtime/Export/Debug/Debug.bindings.h Line: 35)

spawning mob from id: 306 
(Filename: ./Runtime/Export/Debug/Debug.bindings.h Line: 35)

queue: 1 
(Filename: ./Runtime/Export/Debug/Debug.bindings.h Line: 35)

setting grass mesh 
(Filename: ./Runtime/Export/Debug/Debug.bindings.h Line: 35)

Move dist: 149093, added this one: 47 
(Filename: ./Runtime/Export/Debug/Debug.bindings.h Line: 35)

swim dist: 0, added this one: 0 
(Filename: ./Runtime/Export/Debug/Debug.bindings.h Line: 35)

dequeing 
(Filename: ./Runtime/Export/Debug/Debug.bindings.h Line: 35)

spawning food from id: 237 
(Filename: ./Runtime/Export/Debug/Debug.bindings.h Line: 35)

dequeing 
(Filename: ./Runtime/Export/Debug/Debug.bindings.h Line: 35)

spawning food from id: 237 
(Filename: ./Runtime/Export/Debug/Debug.bindings.h Line: 35)

dequeing 
(Filename: ./Runtime/Export/Debug/Debug.bindings.h Line: 35)

spawning food from id: 237 
(Filename: ./Runtime/Export/Debug/Debug.bindings.h Line: 35)

dequeing 
(Filename: ./Runtime/Export/Debug/Debug.bindings.h Line: 35)

spawning food from id: 237 
(Filename: ./Runtime/Export/Debug/Debug.bindings.h Line: 35)

dequeing 
(Filename: ./Runtime/Export/Debug/Debug.bindings.h Line: 35)

spawning food from id: 237 
(Filename: ./Runtime/Export/Debug/Debug.bindings.h Line: 35)

Physics.ClosestPoint can only be used with a BoxCollider, SphereCollider, CapsuleCollider and a convex MeshCollider. 
(Filename:  Line: 1410)

Physics.ClosestPoint can only be used with a BoxCollider, SphereCollider, CapsuleCollider and a convex MeshCollider. 
(Filename:  Line: 1410)

Physics.ClosestPoint can only be used with a BoxCollider, SphereCollider, CapsuleCollider and a convex MeshCollider. 
(Filename:  Line: 1410)

Physics.ClosestPoint can only be used with a BoxCollider, SphereCollider, CapsuleCollider and a convex MeshCollider. 
(Filename:  Line: 1410)

Physics.ClosestPoint can only be used with a BoxCollider, SphereCollider, CapsuleCollider and a convex MeshCollider. 
(Filename:  Line: 1410)

Physics.ClosestPoint can only be used with a BoxCollider, SphereCollider, CapsuleCollider and a convex MeshCollider. 
(Filename:  Line: 1410)

Physics.ClosestPoint can only be used with a BoxCollider, SphereCollider, CapsuleCollider and a convex MeshCollider. 
(Filename:  Line: 1410)

Physics.ClosestPoint can only be used with a BoxCollider, SphereCollider, CapsuleCollider and a convex MeshCollider. 
(Filename:  Line: 1410)

Physics.ClosestPoint can only be used with a BoxCollider, SphereCollider, CapsuleCollider and a convex MeshCollider. 
(Filename:  Line: 1410)

Physics.ClosestPoint can only be used with a BoxCollider, SphereCollider, CapsuleCollider and a convex MeshCollider. 
(Filename:  Line: 1410)

Physics.ClosestPoint can only be used with a BoxCollider, SphereCollider, CapsuleCollider and a convex MeshCollider. 
(Filename:  Line: 1410)

Physics.ClosestPoint can only be used with a BoxCollider, SphereCollider, CapsuleCollider and a convex MeshCollider. 
(Filename:  Line: 1410)

Physics.ClosestPoint can only be used with a BoxCollider, SphereCollider, CapsuleCollider and a convex MeshCollider. 
(Filename:  Line: 1410)

Physics.ClosestPoint can only be used with a BoxCollider, SphereCollider, CapsuleCollider and a convex MeshCollider. 
(Filename:  Line: 1410)

Physics.ClosestPoint can only be used with a BoxCollider, SphereCollider, CapsuleCollider and a convex MeshCollider. 
(Filename:  Line: 1410)

Physics.ClosestPoint can only be used with a BoxCollider, SphereCollider, CapsuleCollider and a convex MeshCollider. 
(Filename:  Line: 1410)

Physics.ClosestPoint can only be used with a BoxCollider, SphereCollider, CapsuleCollider and a convex MeshCollider. 
(Filename:  Line: 1410)

Physics.ClosestPoint can only be used with a BoxCollider, SphereCollider, CapsuleCollider and a convex MeshCollider. 
(Filename:  Line: 1410)

Physics.ClosestPoint can only be used with a BoxCollider, SphereCollider, CapsuleCollider and a convex MeshCollider. 
(Filename:  Line: 1410)

Physics.ClosestPoint can only be used with a BoxCollider, SphereCollider, CapsuleCollider and a convex MeshCollider. 
(Filename:  Line: 1410)

Physics.ClosestPoint can only be used with a BoxCollider, SphereCollider, CapsuleCollider and a convex MeshCollider. 
(Filename:  Line: 1410)

Physics.ClosestPoint can only be used with a BoxCollider, SphereCollider, CapsuleCollider and a convex MeshCollider. 
(Filename:  Line: 1410)

Physics.ClosestPoint can only be used with a BoxCollider, SphereCollider, CapsuleCollider and a convex MeshCollider. 
(Filename:  Line: 1410)

Physics.ClosestPoint can only be used with a BoxCollider, SphereCollider, CapsuleCollider and a convex MeshCollider. 
(Filename:  Line: 1410)

Physics.ClosestPoint can only be used with a BoxCollider, SphereCollider, CapsuleCollider and a convex MeshCollider. 
(Filename:  Line: 1410)

Physics.ClosestPoint can only be used with a BoxCollider, SphereCollider, CapsuleCollider and a convex MeshCollider. 
(Filename:  Line: 1410)

Physics.ClosestPoint can only be used with a BoxCollider, SphereCollider, CapsuleCollider and a convex MeshCollider. 
(Filename:  Line: 1410)

Physics.ClosestPoint can only be used with a BoxCollider, SphereCollider, CapsuleCollider and a convex MeshCollider. 
(Filename:  Line: 1410)

Physics.ClosestPoint can only be used with a BoxCollider, SphereCollider, CapsuleCollider and a convex MeshCollider. 
(Filename:  Line: 1410)

Physics.ClosestPoint can only be used with a BoxCollider, SphereCollider, CapsuleCollider and a convex MeshCollider. 
(Filename:  Line: 1410)

Physics.ClosestPoint can only be used with a BoxCollider, SphereCollider, CapsuleCollider and a convex MeshCollider. 
(Filename:  Line: 1410)

Physics.ClosestPoint can only be used with a BoxCollider, SphereCollider, CapsuleCollider and a convex MeshCollider. 
(Filename:  Line: 1410)

Physics.ClosestPoint can only be used with a BoxCollider, SphereCollider, CapsuleCollider and a convex MeshCollider. 
(Filename:  Line: 1410)

Physics.ClosestPoint can only be used with a BoxCollider, SphereCollider, CapsuleCollider and a convex MeshCollider. 
(Filename:  Line: 1410)

Physics.ClosestPoint can only be used with a BoxCollider, SphereCollider, CapsuleCollider and a convex MeshCollider. 
(Filename:  Line: 1410)

Physics.ClosestPoint can only be used with a BoxCollider, SphereCollider, CapsuleCollider and a convex MeshCollider. 
(Filename:  Line: 1410)

Physics.ClosestPoint can only be used with a BoxCollider, SphereCollider, CapsuleCollider and a convex MeshCollider. 
(Filename:  Line: 1410)

Physics.ClosestPoint can only be used with a BoxCollider, SphereCollider, CapsuleCollider and a convex MeshCollider. 
(Filename:  Line: 1410)

Physics.ClosestPoint can only be used with a BoxCollider, SphereCollider, CapsuleCollider and a convex MeshCollider. 
(Filename:  Line: 1410)

Physics.ClosestPoint can only be used with a BoxCollider, SphereCollider, CapsuleCollider and a convex MeshCollider. 
(Filename:  Line: 1410)

Physics.ClosestPoint can only be used with a BoxCollider, SphereCollider, CapsuleCollider and a convex MeshCollider. 
(Filename:  Line: 1410)

Physics.ClosestPoint can only be used with a BoxCollider, SphereCollider, CapsuleCollider and a convex MeshCollider. 
(Filename:  Line: 1410)

Physics.ClosestPoint can only be used with a BoxCollider, SphereCollider, CapsuleCollider and a convex MeshCollider. 
(Filename:  Line: 1410)

Physics.ClosestPoint can only be used with a BoxCollider, SphereCollider, CapsuleCollider and a convex MeshCollider. 
(Filename:  Line: 1410)

Physics.ClosestPoint can only be used with a BoxCollider, SphereCollider, CapsuleCollider and a convex MeshCollider. 
(Filename:  Line: 1410)

Physics.ClosestPoint can only be used with a BoxCollider, SphereCollider, CapsuleCollider and a convex MeshCollider. 
(Filename:  Line: 1410)

Physics.ClosestPoint can only be used with a BoxCollider, SphereCollider, CapsuleCollider and a convex MeshCollider. 
(Filename:  Line: 1410)

Physics.ClosestPoint can only be used with a BoxCollider, SphereCollider, CapsuleCollider and a convex MeshCollider. 
(Filename:  Line: 1410)

Physics.ClosestPoint can only be used with a BoxCollider, SphereCollider, CapsuleCollider and a convex MeshCollider. 
(Filename:  Line: 1410)

Physics.ClosestPoint can only be used with a BoxCollider, SphereCollider, CapsuleCollider and a convex MeshCollider. 
(Filename:  Line: 1410)

Physics.ClosestPoint can only be used with a BoxCollider, SphereCollider, CapsuleCollider and a convex MeshCollider. 
(Filename:  Line: 1410)

Physics.ClosestPoint can only be used with a BoxCollider, SphereCollider, CapsuleCollider and a convex MeshCollider. 
(Filename:  Line: 1410)

Physics.ClosestPoint can only be used with a BoxCollider, SphereCollider, CapsuleCollider and a convex MeshCollider. 
(Filename:  Line: 1410)

Physics.ClosestPoint can only be used with a BoxCollider, SphereCollider, CapsuleCollider and a convex MeshCollider. 
(Filename:  Line: 1410)

Physics.ClosestPoint can only be used with a BoxCollider, SphereCollider, CapsuleCollider and a convex MeshCollider. 
(Filename:  Line: 1410)

Physics.ClosestPoint can only be used with a BoxCollider, SphereCollider, CapsuleCollider and a convex MeshCollider. 
(Filename:  Line: 1410)

Physics.ClosestPoint can only be used with a BoxCollider, SphereCollider, CapsuleCollider and a convex MeshCollider. 
(Filename:  Line: 1410)

Physics.ClosestPoint can only be used with a BoxCollider, SphereCollider, CapsuleCollider and a convex MeshCollider. 
(Filename:  Line: 1410)

Physics.ClosestPoint can only be used with a BoxCollider, SphereCollider, CapsuleCollider and a convex MeshCollider. 
(Filename:  Line: 1410)

Physics.ClosestPoint can only be used with a BoxCollider, SphereCollider, CapsuleCollider and a convex MeshCollider. 
(Filename:  Line: 1410)

Physics.ClosestPoint can only be used with a BoxCollider, SphereCollider, CapsuleCollider and a convex MeshCollider. 
(Filename:  Line: 1410)

Physics.ClosestPoint can only be used with a BoxCollider, SphereCollider, CapsuleCollider and a convex MeshCollider. 
(Filename:  Line: 1410)

Physics.ClosestPoint can only be used with a BoxCollider, SphereCollider, CapsuleCollider and a convex MeshCollider. 
(Filename:  Line: 1410)

Physics.ClosestPoint can only be used with a BoxCollider, SphereCollider, CapsuleCollider and a convex MeshCollider. 
(Filename:  Line: 1410)

Physics.ClosestPoint can only be used with a BoxCollider, SphereCollider, CapsuleCollider and a convex MeshCollider. 
(Filename:  Line: 1410)

Physics.ClosestPoint can only be used with a BoxCollider, SphereCollider, CapsuleCollider and a convex MeshCollider. 
(Filename:  Line: 1410)

Physics.ClosestPoint can only be used with a BoxCollider, SphereCollider, CapsuleCollider and a convex MeshCollider. 
(Filename:  Line: 1410)

Physics.ClosestPoint can only be used with a BoxCollider, SphereCollider, CapsuleCollider and a convex MeshCollider. 
(Filename:  Line: 1410)

Physics.ClosestPoint can only be used with a BoxCollider, SphereCollider, CapsuleCollider and a convex MeshCollider. 
(Filename:  Line: 1410)

Physics.ClosestPoint can only be used with a BoxCollider, SphereCollider, CapsuleCollider and a convex MeshCollider. 
(Filename:  Line: 1410)

Physics.ClosestPoint can only be used with a BoxCollider, SphereCollider, CapsuleCollider and a convex MeshCollider. 
(Filename:  Line: 1410)

Physics.ClosestPoint can only be used with a BoxCollider, SphereCollider, CapsuleCollider and a convex MeshCollider. 
(Filename:  Line: 1410)

Physics.ClosestPoint can only be used with a BoxCollider, SphereCollider, CapsuleCollider and a convex MeshCollider. 
(Filename:  Line: 1410)

Physics.ClosestPoint can only be used with a BoxCollider, SphereCollider, CapsuleCollider and a convex MeshCollider. 
(Filename:  Line: 1410)

Physics.ClosestPoint can only be used with a BoxCollider, SphereCollider, CapsuleCollider and a convex MeshCollider. 
(Filename:  Line: 1410)

Physics.ClosestPoint can only be used with a BoxCollider, SphereCollider, CapsuleCollider and a convex MeshCollider. 
(Filename:  Line: 1410)

Physics.ClosestPoint can only be used with a BoxCollider, SphereCollider, CapsuleCollider and a convex MeshCollider. 
(Filename:  Line: 1410)

Physics.ClosestPoint can only be used with a BoxCollider, SphereCollider, CapsuleCollider and a convex MeshCollider. 
(Filename:  Line: 1410)

Physics.ClosestPoint can only be used with a BoxCollider, SphereCollider, CapsuleCollider and a convex MeshCollider. 
(Filename:  Line: 1410)

Physics.ClosestPoint can only be used with a BoxCollider, SphereCollider, CapsuleCollider and a convex MeshCollider. 
(Filename:  Line: 1410)

Physics.ClosestPoint can only be used with a BoxCollider, SphereCollider, CapsuleCollider and a convex MeshCollider. 
(Filename:  Line: 1410)

Physics.ClosestPoint can only be used with a BoxCollider, SphereCollider, CapsuleCollider and a convex MeshCollider. 
(Filename:  Line: 1410)

Physics.ClosestPoint can only be used with a BoxCollider, SphereCollider, CapsuleCollider and a convex MeshCollider. 
(Filename:  Line: 1410)

Physics.ClosestPoint can only be used with a BoxCollider, SphereCollider, CapsuleCollider and a convex MeshCollider. 
(Filename:  Line: 1410)

Physics.ClosestPoint can only be used with a BoxCollider, SphereCollider, CapsuleCollider and a convex MeshCollider. 
(Filename:  Line: 1410)

Physics.ClosestPoint can only be used with a BoxCollider, SphereCollider, CapsuleCollider and a convex MeshCollider. 
(Filename:  Line: 1410)

Physics.ClosestPoint can only be used with a BoxCollider, SphereCollider, CapsuleCollider and a convex MeshCollider. 
(Filename:  Line: 1410)

Physics.ClosestPoint can only be used with a BoxCollider, SphereCollider, CapsuleCollider and a convex MeshCollider. 
(Filename:  Line: 1410)

Physics.ClosestPoint can only be used with a BoxCollider, SphereCollider, CapsuleCollider and a convex MeshCollider. 
(Filename:  Line: 1410)

unlocked station: 100 
(Filename: ./Runtime/Export/Debug/Debug.bindings.h Line: 35)

dequeing 
(Filename: ./Runtime/Export/Debug/Debug.bindings.h Line: 35)

spawning food from id: 55 
(Filename: ./Runtime/Export/Debug/Debug.bindings.h Line: 35)

dequeing 
(Filename: ./Runtime/Export/Debug/Debug.bindings.h Line: 35)

spawning food from id: 55 
(Filename: ./Runtime/Export/Debug/Debug.bindings.h Line: 35)

dequeing 
(Filename: ./Runtime/Export/Debug/Debug.bindings.h Line: 35)

spawning food from id: 55 
(Filename: ./Runtime/Export/Debug/Debug.bindings.h Line: 35)

dequeing 
(Filename: ./Runtime/Export/Debug/Debug.bindings.h Line: 35)

spawning food from id: 55 
(Filename: ./Runtime/Export/Debug/Debug.bindings.h Line: 35)

dequeing 
(Filename: ./Runtime/Export/Debug/Debug.bindings.h Line: 35)

spawning food from id: 258 
(Filename: ./Runtime/Export/Debug/Debug.bindings.h Line: 35)

dequeing 
(Filename: ./Runtime/Export/Debug/Debug.bindings.h Line: 35)

spawning food from id: 258 
(Filename: ./Runtime/Export/Debug/Debug.bindings.h Line: 35)

dequeing 
(Filename: ./Runtime/Export/Debug/Debug.bindings.h Line: 35)

spawning food from id: 258 
(Filename: ./Runtime/Export/Debug/Debug.bindings.h Line: 35)

dequeing 
(Filename: ./Runtime/Export/Debug/Debug.bindings.h Line: 35)

spawning food from id: 258 
(Filename: ./Runtime/Export/Debug/Debug.bindings.h Line: 35)

dequeing 
(Filename: ./Runtime/Export/Debug/Debug.bindings.h Line: 35)

spawning food from id: 258 
(Filename: ./Runtime/Export/Debug/Debug.bindings.h Line: 35)

Move dist: 149120, added this one: 27 
(Filename: ./Runtime/Export/Debug/Debug.bindings.h Line: 35)

swim dist: 0, added this one: 0 
(Filename: ./Runtime/Export/Debug/Debug.bindings.h Line: 35)

overlay set to: 0.6 
(Filename: ./Runtime/Export/Debug/Debug.bindings.h Line: 35)

overlay set to: 0.6 
(Filename: ./Runtime/Export/Debug/Debug.bindings.h Line: 35)

overlay set to: 0.6 
(Filename: ./Runtime/Export/Debug/Debug.bindings.h Line: 35)

overlay set to: 0.6 
(Filename: ./Runtime/Export/Debug/Debug.bindings.h Line: 35)

overlay set to: 0.6 
(Filename: ./Runtime/Export/Debug/Debug.bindings.h Line: 35)

overlay set to: 0.6 
(Filename: ./Runtime/Export/Debug/Debug.bindings.h Line: 35)

overlay set to: 0.6 
(Filename: ./Runtime/Export/Debug/Debug.bindings.h Line: 35)

overlay set to: 0.6 
(Filename: ./Runtime/Export/Debug/Debug.bindings.h Line: 35)

overlay set to: 0.6 
(Filename: ./Runtime/Export/Debug/Debug.bindings.h Line: 35)

dequeing 
(Filename: ./Runtime/Export/Debug/Debug.bindings.h Line: 35)

spawning food from id: 35 
(Filename: ./Runtime/Export/Debug/Debug.bindings.h Line: 35)

dequeing 
(Filename: ./Runtime/Export/Debug/Debug.bindings.h Line: 35)

spawning food from id: 35 
(Filename: ./Runtime/Export/Debug/Debug.bindings.h Line: 35)

dequeing 
(Filename: ./Runtime/Export/Debug/Debug.bindings.h Line: 35)

spawning food from id: 35 
(Filename: ./Runtime/Export/Debug/Debug.bindings.h Line: 35)

dequeing 
(Filename: ./Runtime/Export/Debug/Debug.bindings.h Line: 35)

spawning food from id: 35 
(Filename: ./Runtime/Export/Debug/Debug.bindings.h Line: 35)

Physics.ClosestPoint can only be used with a BoxCollider, SphereCollider, CapsuleCollider and a convex MeshCollider. 
(Filename:  Line: 1410)

Physics.ClosestPoint can only be used with a BoxCollider, SphereCollider, CapsuleCollider and a convex MeshCollider. 
(Filename:  Line: 1410)

Physics.ClosestPoint can only be used with a BoxCollider, SphereCollider, CapsuleCollider and a convex MeshCollider. 
(Filename:  Line: 1410)

Physics.ClosestPoint can only be used with a BoxCollider, SphereCollider, CapsuleCollider and a convex MeshCollider. 
(Filename:  Line: 1410)

Physics.ClosestPoint can only be used with a BoxCollider, SphereCollider, CapsuleCollider and a convex MeshCollider. 
(Filename:  Line: 1410)

Physics.ClosestPoint can only be used with a BoxCollider, SphereCollider, CapsuleCollider and a convex MeshCollider. 
(Filename:  Line: 1410)

Physics.ClosestPoint can only be used with a BoxCollider, SphereCollider, CapsuleCollider and a convex MeshCollider. 
(Filename:  Line: 1410)

Physics.ClosestPoint can only be used with a BoxCollider, SphereCollider, CapsuleCollider and a convex MeshCollider. 
(Filename:  Line: 1410)

Physics.ClosestPoint can only be used with a BoxCollider, SphereCollider, CapsuleCollider and a convex MeshCollider. 
(Filename:  Line: 1410)

Physics.ClosestPoint can only be used with a BoxCollider, SphereCollider, CapsuleCollider and a convex MeshCollider. 
(Filename:  Line: 1410)

Physics.ClosestPoint can only be used with a BoxCollider, SphereCollider, CapsuleCollider and a convex MeshCollider. 
(Filename:  Line: 1410)

Physics.ClosestPoint can only be used with a BoxCollider, SphereCollider, CapsuleCollider and a convex MeshCollider. 
(Filename:  Line: 1410)

Physics.ClosestPoint can only be used with a BoxCollider, SphereCollider, CapsuleCollider and a convex MeshCollider. 
(Filename:  Line: 1410)

Physics.ClosestPoint can only be used with a BoxCollider, SphereCollider, CapsuleCollider and a convex MeshCollider. 
(Filename:  Line: 1410)

Physics.ClosestPoint can only be used with a BoxCollider, SphereCollider, CapsuleCollider and a convex MeshCollider. 
(Filename:  Line: 1410)

Physics.ClosestPoint can only be used with a BoxCollider, SphereCollider, CapsuleCollider and a convex MeshCollider. 
(Filename:  Line: 1410)

Physics.ClosestPoint can only be used with a BoxCollider, SphereCollider, CapsuleCollider and a convex MeshCollider. 
(Filename:  Line: 1410)

Physics.ClosestPoint can only be used with a BoxCollider, SphereCollider, CapsuleCollider and a convex MeshCollider. 
(Filename:  Line: 1410)

Physics.ClosestPoint can only be used with a BoxCollider, SphereCollider, CapsuleCollider and a convex MeshCollider. 
(Filename:  Line: 1410)

Physics.ClosestPoint can only be used with a BoxCollider, SphereCollider, CapsuleCollider and a convex MeshCollider. 
(Filename:  Line: 1410)

Physics.ClosestPoint can only be used with a BoxCollider, SphereCollider, CapsuleCollider and a convex MeshCollider. 
(Filename:  Line: 1410)

Physics.ClosestPoint can only be used with a BoxCollider, SphereCollider, CapsuleCollider and a convex MeshCollider. 
(Filename:  Line: 1410)

Physics.ClosestPoint can only be used with a BoxCollider, SphereCollider, CapsuleCollider and a convex MeshCollider. 
(Filename:  Line: 1410)

Physics.ClosestPoint can only be used with a BoxCollider, SphereCollider, CapsuleCollider and a convex MeshCollider. 
(Filename:  Line: 1410)

Physics.ClosestPoint can only be used with a BoxCollider, SphereCollider, CapsuleCollider and a convex MeshCollider. 
(Filename:  Line: 1410)

Physics.ClosestPoint can only be used with a BoxCollider, SphereCollider, CapsuleCollider and a convex MeshCollider. 
(Filename:  Line: 1410)

Physics.ClosestPoint can only be used with a BoxCollider, SphereCollider, CapsuleCollider and a convex MeshCollider. 
(Filename:  Line: 1410)

Physics.ClosestPoint can only be used with a BoxCollider, SphereCollider, CapsuleCollider and a convex MeshCollider. 
(Filename:  Line: 1410)

Physics.ClosestPoint can only be used with a BoxCollider, SphereCollider, CapsuleCollider and a convex MeshCollider. 
(Filename:  Line: 1410)

Physics.ClosestPoint can only be used with a BoxCollider, SphereCollider, CapsuleCollider and a convex MeshCollider. 
(Filename:  Line: 1410)

Physics.ClosestPoint can only be used with a BoxCollider, SphereCollider, CapsuleCollider and a convex MeshCollider. 
(Filename:  Line: 1410)

Physics.ClosestPoint can only be used with a BoxCollider, SphereCollider, CapsuleCollider and a convex MeshCollider. 
(Filename:  Line: 1410)

Physics.ClosestPoint can only be used with a BoxCollider, SphereCollider, CapsuleCollider and a convex MeshCollider. 
(Filename:  Line: 1410)

Physics.ClosestPoint can only be used with a BoxCollider, SphereCollider, CapsuleCollider and a convex MeshCollider. 
(Filename:  Line: 1410)

Physics.ClosestPoint can only be used with a BoxCollider, SphereCollider, CapsuleCollider and a convex MeshCollider. 
(Filename:  Line: 1410)

Physics.ClosestPoint can only be used with a BoxCollider, SphereCollider, CapsuleCollider and a convex MeshCollider. 
(Filename:  Line: 1410)

Physics.ClosestPoint can only be used with a BoxCollider, SphereCollider, CapsuleCollider and a convex MeshCollider. 
(Filename:  Line: 1410)

Physics.ClosestPoint can only be used with a BoxCollider, SphereCollider, CapsuleCollider and a convex MeshCollider. 
(Filename:  Line: 1410)

Physics.ClosestPoint can only be used with a BoxCollider, SphereCollider, CapsuleCollider and a convex MeshCollider. 
(Filename:  Line: 1410)

Physics.ClosestPoint can only be used with a BoxCollider, SphereCollider, CapsuleCollider and a convex MeshCollider. 
(Filename:  Line: 1410)

Physics.ClosestPoint can only be used with a BoxCollider, SphereCollider, CapsuleCollider and a convex MeshCollider. 
(Filename:  Line: 1410)

Physics.ClosestPoint can only be used with a BoxCollider, SphereCollider, CapsuleCollider and a convex MeshCollider. 
(Filename:  Line: 1410)

Physics.ClosestPoint can only be used with a BoxCollider, SphereCollider, CapsuleCollider and a convex MeshCollider. 
(Filename:  Line: 1410)

Physics.ClosestPoint can only be used with a BoxCollider, SphereCollider, CapsuleCollider and a convex MeshCollider. 
(Filename:  Line: 1410)

Physics.ClosestPoint can only be used with a BoxCollider, SphereCollider, CapsuleCollider and a convex MeshCollider. 
(Filename:  Line: 1410)

Physics.ClosestPoint can only be used with a BoxCollider, SphereCollider, CapsuleCollider and a convex MeshCollider. 
(Filename:  Line: 1410)

player1 now True chest10020 
(Filename: ./Runtime/Export/Debug/Debug.bindings.h Line: 35)

Physics.ClosestPoint can only be used with a BoxCollider, SphereCollider, CapsuleCollider and a convex MeshCollider. 
(Filename:  Line: 1410)

Physics.ClosestPoint can only be used with a BoxCollider, SphereCollider, CapsuleCollider and a convex MeshCollider. 
(Filename:  Line: 1410)

Physics.ClosestPoint can only be used with a BoxCollider, SphereCollider, CapsuleCollider and a convex MeshCollider. 
(Filename:  Line: 1410)

Physics.ClosestPoint can only be used with a BoxCollider, SphereCollider, CapsuleCollider and a convex MeshCollider. 
(Filename:  Line: 1410)

Physics.ClosestPoint can only be used with a BoxCollider, SphereCollider, CapsuleCollider and a convex MeshCollider. 
(Filename:  Line: 1410)

Physics.ClosestPoint can only be used with a BoxCollider, SphereCollider, CapsuleCollider and a convex MeshCollider. 
(Filename:  Line: 1410)

Physics.ClosestPoint can only be used with a BoxCollider, SphereCollider, CapsuleCollider and a convex MeshCollider. 
(Filename:  Line: 1410)

Physics.ClosestPoint can only be used with a BoxCollider, SphereCollider, CapsuleCollider and a convex MeshCollider. 
(Filename:  Line: 1410)

Physics.ClosestPoint can only be used with a BoxCollider, SphereCollider, CapsuleCollider and a convex MeshCollider. 
(Filename:  Line: 1410)

Physics.ClosestPoint can only be used with a BoxCollider, SphereCollider, CapsuleCollider and a convex MeshCollider. 
(Filename:  Line: 1410)

Physics.ClosestPoint can only be used with a BoxCollider, SphereCollider, CapsuleCollider and a convex MeshCollider. 
(Filename:  Line: 1410)

Physics.ClosestPoint can only be used with a BoxCollider, SphereCollider, CapsuleCollider and a convex MeshCollider. 
(Filename:  Line: 1410)

Physics.ClosestPoint can only be used with a BoxCollider, SphereCollider, CapsuleCollider and a convex MeshCollider. 
(Filename:  Line: 1410)

Physics.ClosestPoint can only be used with a BoxCollider, SphereCollider, CapsuleCollider and a convex MeshCollider. 
(Filename:  Line: 1410)

Physics.ClosestPoint can only be used with a BoxCollider, SphereCollider, CapsuleCollider and a convex MeshCollider. 
(Filename:  Line: 1410)

Physics.ClosestPoint can only be used with a BoxCollider, SphereCollider, CapsuleCollider and a convex MeshCollider. 
(Filename:  Line: 1410)

Physics.ClosestPoint can only be used with a BoxCollider, SphereCollider, CapsuleCollider and a convex MeshCollider. 
(Filename:  Line: 1410)

Physics.ClosestPoint can only be used with a BoxCollider, SphereCollider, CapsuleCollider and a convex MeshCollider. 
(Filename:  Line: 1410)

Physics.ClosestPoint can only be used with a BoxCollider, SphereCollider, CapsuleCollider and a convex MeshCollider. 
(Filename:  Line: 1410)

Physics.ClosestPoint can only be used with a BoxCollider, SphereCollider, CapsuleCollider and a convex MeshCollider. 
(Filename:  Line: 1410)

Physics.ClosestPoint can only be used with a BoxCollider, SphereCollider, CapsuleCollider and a convex MeshCollider. 
(Filename:  Line: 1410)

Physics.ClosestPoint can only be used with a BoxCollider, SphereCollider, CapsuleCollider and a convex MeshCollider. 
(Filename:  Line: 1410)

Physics.ClosestPoint can only be used with a BoxCollider, SphereCollider, CapsuleCollider and a convex MeshCollider. 
(Filename:  Line: 1410)

Physics.ClosestPoint can only be used with a BoxCollider, SphereCollider, CapsuleCollider and a convex MeshCollider. 
(Filename:  Line: 1410)

Physics.ClosestPoint can only be used with a BoxCollider, SphereCollider, CapsuleCollider and a convex MeshCollider. 
(Filename:  Line: 1410)

Physics.ClosestPoint can only be used with a BoxCollider, SphereCollider, CapsuleCollider and a convex MeshCollider. 
(Filename:  Line: 1410)

Physics.ClosestPoint can only be used with a BoxCollider, SphereCollider, CapsuleCollider and a convex MeshCollider. 
(Filename:  Line: 1410)

Physics.ClosestPoint can only be used with a BoxCollider, SphereCollider, CapsuleCollider and a convex MeshCollider. 
(Filename:  Line: 1410)

Physics.ClosestPoint can only be used with a BoxCollider, SphereCollider, CapsuleCollider and a convex MeshCollider. 
(Filename:  Line: 1410)

Physics.ClosestPoint can only be used with a BoxCollider, SphereCollider, CapsuleCollider and a convex MeshCollider. 
(Filename:  Line: 1410)

Physics.ClosestPoint can only be used with a BoxCollider, SphereCollider, CapsuleCollider and a convex MeshCollider. 
(Filename:  Line: 1410)

Physics.ClosestPoint can only be used with a BoxCollider, SphereCollider, CapsuleCollider and a convex MeshCollider. 
(Filename:  Line: 1410)

Physics.ClosestPoint can only be used with a BoxCollider, SphereCollider, CapsuleCollider and a convex MeshCollider. 
(Filename:  Line: 1410)

Physics.ClosestPoint can only be used with a BoxCollider, SphereCollider, CapsuleCollider and a convex MeshCollider. 
(Filename:  Line: 1410)

Physics.ClosestPoint can only be used with a BoxCollider, SphereCollider, CapsuleCollider and a convex MeshCollider. 
(Filename:  Line: 1410)

Physics.ClosestPoint can only be used with a BoxCollider, SphereCollider, CapsuleCollider and a convex MeshCollider. 
(Filename:  Line: 1410)

Physics.ClosestPoint can only be used with a BoxCollider, SphereCollider, CapsuleCollider and a convex MeshCollider. 
(Filename:  Line: 1410)

Physics.ClosestPoint can only be used with a BoxCollider, SphereCollider, CapsuleCollider and a convex MeshCollider. 
(Filename:  Line: 1410)

Physics.ClosestPoint can only be used with a BoxCollider, SphereCollider, CapsuleCollider and a convex MeshCollider. 
(Filename:  Line: 1410)

Physics.ClosestPoint can only be used with a BoxCollider, SphereCollider, CapsuleCollider and a convex MeshCollider. 
(Filename:  Line: 1410)

Physics.ClosestPoint can only be used with a BoxCollider, SphereCollider, CapsuleCollider and a convex MeshCollider. 
(Filename:  Line: 1410)

Physics.ClosestPoint can only be used with a BoxCollider, SphereCollider, CapsuleCollider and a convex MeshCollider. 
(Filename:  Line: 1410)

Physics.ClosestPoint can only be used with a BoxCollider, SphereCollider, CapsuleCollider and a convex MeshCollider. 
(Filename:  Line: 1410)

Physics.ClosestPoint can only be used with a BoxCollider, SphereCollider, CapsuleCollider and a convex MeshCollider. 
(Filename:  Line: 1410)

Physics.ClosestPoint can only be used with a BoxCollider, SphereCollider, CapsuleCollider and a convex MeshCollider. 
(Filename:  Line: 1410)

Physics.ClosestPoint can only be used with a BoxCollider, SphereCollider, CapsuleCollider and a convex MeshCollider. 
(Filename:  Line: 1410)

Physics.ClosestPoint can only be used with a BoxCollider, SphereCollider, CapsuleCollider and a convex MeshCollider. 
(Filename:  Line: 1410)

Physics.ClosestPoint can only be used with a BoxCollider, SphereCollider, CapsuleCollider and a convex MeshCollider. 
(Filename:  Line: 1410)

Physics.ClosestPoint can only be used with a BoxCollider, SphereCollider, CapsuleCollider and a convex MeshCollider. 
(Filename:  Line: 1410)

Physics.ClosestPoint can only be used with a BoxCollider, SphereCollider, CapsuleCollider and a convex MeshCollider. 
(Filename:  Line: 1410)

Physics.ClosestPoint can only be used with a BoxCollider, SphereCollider, CapsuleCollider and a convex MeshCollider. 
(Filename:  Line: 1410)

Physics.ClosestPoint can only be used with a BoxCollider, SphereCollider, CapsuleCollider and a convex MeshCollider. 
(Filename:  Line: 1410)

Physics.ClosestPoint can only be used with a BoxCollider, SphereCollider, CapsuleCollider and a convex MeshCollider. 
(Filename:  Line: 1410)

Physics.ClosestPoint can only be used with a BoxCollider, SphereCollider, CapsuleCollider and a convex MeshCollider. 
(Filename:  Line: 1410)

Physics.ClosestPoint can only be used with a BoxCollider, SphereCollider, CapsuleCollider and a convex MeshCollider. 
(Filename:  Line: 1410)

received chest update 
(Filename: ./Runtime/Export/Debug/Debug.bindings.h Line: 35)

now sending to other players 
(Filename: ./Runtime/Export/Debug/Debug.bindings.h Line: 35)

dequeing 
(Filename: ./Runtime/Export/Debug/Debug.bindings.h Line: 35)

spawning food from id: 191 
(Filename: ./Runtime/Export/Debug/Debug.bindings.h Line: 35)

dequeing 
(Filename: ./Runtime/Export/Debug/Debug.bindings.h Line: 35)

spawning food from id: 191 
(Filename: ./Runtime/Export/Debug/Debug.bindings.h Line: 35)

dequeing 
(Filename: ./Runtime/Export/Debug/Debug.bindings.h Line: 35)

spawning food from id: 191 
(Filename: ./Runtime/Export/Debug/Debug.bindings.h Line: 35)

dequeing 
(Filename: ./Runtime/Export/Debug/Debug.bindings.h Line: 35)

spawning food from id: 191 
(Filename: ./Runtime/Export/Debug/Debug.bindings.h Line: 35)

dequeing 
(Filename: ./Runtime/Export/Debug/Debug.bindings.h Line: 35)

spawning food from id: 191 
(Filename: ./Runtime/Export/Debug/Debug.bindings.h Line: 35)

received chest update 
(Filename: ./Runtime/Export/Debug/Debug.bindings.h Line: 35)

now sending to other players 
(Filename: ./Runtime/Export/Debug/Debug.bindings.h Line: 35)

Move dist: 149153, added this one: 33 
(Filename: ./Runtime/Export/Debug/Debug.bindings.h Line: 35)

swim dist: 0, added this one: 0 
(Filename: ./Runtime/Export/Debug/Debug.bindings.h Line: 35)

player1 now False chest10020 
(Filename: ./Runtime/Export/Debug/Debug.bindings.h Line: 35)

berserk multiplier: 0 
(Filename: ./Runtime/Export/Debug/Debug.bindings.h Line: 35)

changing scale lol 
(Filename: ./Runtime/Export/Debug/Debug.bindings.h Line: 35)

object hit from: 0 
(Filename: ./Runtime/Export/Debug/Debug.bindings.h Line: 35)

berserk multiplier: 0 
(Filename: ./Runtime/Export/Debug/Debug.bindings.h Line: 35)

changing scale lol 
(Filename: ./Runtime/Export/Debug/Debug.bindings.h Line: 35)

object hit from: 0 
(Filename: ./Runtime/Export/Debug/Debug.bindings.h Line: 35)

berserk multiplier: 0 
(Filename: ./Runtime/Export/Debug/Debug.bindings.h Line: 35)

changing scale lol 
(Filename: ./Runtime/Export/Debug/Debug.bindings.h Line: 35)

object hit from: 0 
(Filename: ./Runtime/Export/Debug/Debug.bindings.h Line: 35)

player1 now True chest10019 
(Filename: ./Runtime/Export/Debug/Debug.bindings.h Line: 35)

Move dist: 149163, added this one: 10 
(Filename: ./Runtime/Export/Debug/Debug.bindings.h Line: 35)

swim dist: 0, added this one: 0 
(Filename: ./Runtime/Export/Debug/Debug.bindings.h Line: 35)

berserk multiplier: 0 
(Filename: ./Runtime/Export/Debug/Debug.bindings.h Line: 35)

changing scale lol 
(Filename: ./Runtime/Export/Debug/Debug.bindings.h Line: 35)

object hit from: 0 
(Filename: ./Runtime/Export/Debug/Debug.bindings.h Line: 35)

received chest update 
(Filename: ./Runtime/Export/Debug/Debug.bindings.h Line: 35)

now sending to other players 
(Filename: ./Runtime/Export/Debug/Debug.bindings.h Line: 35)

received chest update 
(Filename: ./Runtime/Export/Debug/Debug.bindings.h Line: 35)

now sending to other players 
(Filename: ./Runtime/Export/Debug/Debug.bindings.h Line: 35)

berserk multiplier: 0 
(Filename: ./Runtime/Export/Debug/Debug.bindings.h Line: 35)

changing scale lol 
(Filename: ./Runtime/Export/Debug/Debug.bindings.h Line: 35)

object hit from: 0 
(Filename: ./Runtime/Export/Debug/Debug.bindings.h Line: 35)

dropping item 
(Filename: ./Runtime/Export/Debug/Debug.bindings.h Line: 35)

received chest update 
(Filename: ./Runtime/Export/Debug/Debug.bindings.h Line: 35)

now sending to other players 
(Filename: ./Runtime/Export/Debug/Debug.bindings.h Line: 35)

object: 12 picked up by player: 0 
(Filename: ./Runtime/Export/Debug/Debug.bindings.h Line: 35)

checking 
(Filename: ./Runtime/Export/Debug/Debug.bindings.h Line: 35)

sending pickup now from: 0 
(Filename: ./Runtime/Export/Debug/Debug.bindings.h Line: 35)

player1 now False chest10019 
(Filename: ./Runtime/Export/Debug/Debug.bindings.h Line: 35)

Jumps: 2601 
(Filename: ./Runtime/Export/Debug/Debug.bindings.h Line: 35)

setting grass mesh 
(Filename: ./Runtime/Export/Debug/Debug.bindings.h Line: 35)

added to available cell 
(Filename: ./Runtime/Export/Debug/Debug.bindings.h Line: 35)

checking 
(Filename: ./Runtime/Export/Debug/Debug.bindings.h Line: 35)

Unlocking hard 
(Filename: ./Runtime/Export/Debug/Debug.bindings.h Line: 35)

sending pickup interact now from: 0 
(Filename: ./Runtime/Export/Debug/Debug.bindings.h Line: 35)

Move dist: 149189, added this one: 26 
(Filename: ./Runtime/Export/Debug/Debug.bindings.h Line: 35)

swim dist: 0, added this one: 0 
(Filename: ./Runtime/Export/Debug/Debug.bindings.h Line: 35)

checking 
(Filename: ./Runtime/Export/Debug/Debug.bindings.h Line: 35)

sending pickup interact now from: 0 
(Filename: ./Runtime/Export/Debug/Debug.bindings.h Line: 35)

checking 
(Filename: ./Runtime/Export/Debug/Debug.bindings.h Line: 35)

sending pickup interact now from: 0 
(Filename: ./Runtime/Export/Debug/Debug.bindings.h Line: 35)

Jumps: 2602 
(Filename: ./Runtime/Export/Debug/Debug.bindings.h Line: 35)

dequeing 
(Filename: ./Runtime/Export/Debug/Debug.bindings.h Line: 35)

spawning food from id: 44 
(Filename: ./Runtime/Export/Debug/Debug.bindings.h Line: 35)

dequeing 
(Filename: ./Runtime/Export/Debug/Debug.bindings.h Line: 35)

spawning food from id: 44 
(Filename: ./Runtime/Export/Debug/Debug.bindings.h Line: 35)

dequeing 
(Filename: ./Runtime/Export/Debug/Debug.bindings.h Line: 35)

spawning food from id: 44 
(Filename: ./Runtime/Export/Debug/Debug.bindings.h Line: 35)

dequeing 
(Filename: ./Runtime/Export/Debug/Debug.bindings.h Line: 35)

spawning food from id: 44 
(Filename: ./Runtime/Export/Debug/Debug.bindings.h Line: 35)

setting grass mesh 
(Filename: ./Runtime/Export/Debug/Debug.bindings.h Line: 35)

Jumps: 2603 
(Filename: ./Runtime/Export/Debug/Debug.bindings.h Line: 35)

setting grass mesh 
(Filename: ./Runtime/Export/Debug/Debug.bindings.h Line: 35)

Move dist: 149244, added this one: 55 
(Filename: ./Runtime/Export/Debug/Debug.bindings.h Line: 35)

swim dist: 0, added this one: 0 
(Filename: ./Runtime/Export/Debug/Debug.bindings.h Line: 35)

Jumps: 2604 
(Filename: ./Runtime/Export/Debug/Debug.bindings.h Line: 35)

dequeing 
(Filename: ./Runtime/Export/Debug/Debug.bindings.h Line: 35)

spawning mob from id: 5 
(Filename: ./Runtime/Export/Debug/Debug.bindings.h Line: 35)

queue: 3 
(Filename: ./Runtime/Export/Debug/Debug.bindings.h Line: 35)

dequeing 
(Filename: ./Runtime/Export/Debug/Debug.bindings.h Line: 35)

spawning mob from id: 5 
(Filename: ./Runtime/Export/Debug/Debug.bindings.h Line: 35)

queue: 2 
(Filename: ./Runtime/Export/Debug/Debug.bindings.h Line: 35)

dequeing 
(Filename: ./Runtime/Export/Debug/Debug.bindings.h Line: 35)

spawning mob from id: 5 
(Filename: ./Runtime/Export/Debug/Debug.bindings.h Line: 35)

queue: 1 
(Filename: ./Runtime/Export/Debug/Debug.bindings.h Line: 35)

dequeing 
(Filename: ./Runtime/Export/Debug/Debug.bindings.h Line: 35)

spawning mob from id: 303 
(Filename: ./Runtime/Export/Debug/Debug.bindings.h Line: 35)

queue: 3 
(Filename: ./Runtime/Export/Debug/Debug.bindings.h Line: 35)

dequeing 
(Filename: ./Runtime/Export/Debug/Debug.bindings.h Line: 35)

spawning mob from id: 303 
(Filename: ./Runtime/Export/Debug/Debug.bindings.h Line: 35)

queue: 2 
(Filename: ./Runtime/Export/Debug/Debug.bindings.h Line: 35)

dequeing 
(Filename: ./Runtime/Export/Debug/Debug.bindings.h Line: 35)

spawning mob from id: 303 
(Filename: ./Runtime/Export/Debug/Debug.bindings.h Line: 35)

queue: 1 
(Filename: ./Runtime/Export/Debug/Debug.bindings.h Line: 35)

dequeing 
(Filename: ./Runtime/Export/Debug/Debug.bindings.h Line: 35)

spawning mob from id: 26 
(Filename: ./Runtime/Export/Debug/Debug.bindings.h Line: 35)

queue: 3 
(Filename: ./Runtime/Export/Debug/Debug.bindings.h Line: 35)

dequeing 
(Filename: ./Runtime/Export/Debug/Debug.bindings.h Line: 35)

spawning mob from id: 26 
(Filename: ./Runtime/Export/Debug/Debug.bindings.h Line: 35)

queue: 2 
(Filename: ./Runtime/Export/Debug/Debug.bindings.h Line: 35)

dequeing 
(Filename: ./Runtime/Export/Debug/Debug.bindings.h Line: 35)

spawning mob from id: 26 
(Filename: ./Runtime/Export/Debug/Debug.bindings.h Line: 35)

queue: 1 
(Filename: ./Runtime/Export/Debug/Debug.bindings.h Line: 35)

dequeing 
(Filename: ./Runtime/Export/Debug/Debug.bindings.h Line: 35)

spawning food from id: 136 
(Filename: ./Runtime/Export/Debug/Debug.bindings.h Line: 35)

dequeing 
(Filename: ./Runtime/Export/Debug/Debug.bindings.h Line: 35)

spawning food from id: 136 
(Filename: ./Runtime/Export/Debug/Debug.bindings.h Line: 35)

dequeing 
(Filename: ./Runtime/Export/Debug/Debug.bindings.h Line: 35)

spawning food from id: 136 
(Filename: ./Runtime/Export/Debug/Debug.bindings.h Line: 35)

dequeing 
(Filename: ./Runtime/Export/Debug/Debug.bindings.h Line: 35)

spawning food from id: 136 
(Filename: ./Runtime/Export/Debug/Debug.bindings.h Line: 35)

Jumps: 2605 
(Filename: ./Runtime/Export/Debug/Debug.bindings.h Line: 35)

Found ship. Not sending 
(Filename: ./Runtime/Export/Debug/Debug.bindings.h Line: 35)

server sending ship update 
(Filename: ./Runtime/Export/Debug/Debug.bindings.h Line: 35)

setting grass mesh 
(Filename: ./Runtime/Export/Debug/Debug.bindings.h Line: 35)

Move dist: 149298, added this one: 54 
(Filename: ./Runtime/Export/Debug/Debug.bindings.h Line: 35)

swim dist: 0, added this one: 0 
(Filename: ./Runtime/Export/Debug/Debug.bindings.h Line: 35)

sending new request to chest10004, use: True 
(Filename: ./Runtime/Export/Debug/Debug.bindings.h Line: 35)

player0 now True chest10004 
(Filename: ./Runtime/Export/Debug/Debug.bindings.h Line: 35)

Checking loot, cells: 21 
(Filename: ./Runtime/Export/Debug/Debug.bindings.h Line: 35)

added to available cell 
(Filename: ./Runtime/Export/Debug/Debug.bindings.h Line: 35)

checking 
(Filename: ./Runtime/Export/Debug/Debug.bindings.h Line: 35)

Unlocking hard 
(Filename: ./Runtime/Export/Debug/Debug.bindings.h Line: 35)

received chest update 
(Filename: ./Runtime/Export/Debug/Debug.bindings.h Line: 35)

now sending to other players 
(Filename: ./Runtime/Export/Debug/Debug.bindings.h Line: 35)

added to available cell 
(Filename: ./Runtime/Export/Debug/Debug.bindings.h Line: 35)

checking 
(Filename: ./Runtime/Export/Debug/Debug.bindings.h Line: 35)

Unlocking hard 
(Filename: ./Runtime/Export/Debug/Debug.bindings.h Line: 35)

received chest update 
(Filename: ./Runtime/Export/Debug/Debug.bindings.h Line: 35)

now sending to other players 
(Filename: ./Runtime/Export/Debug/Debug.bindings.h Line: 35)

Move dist: 149327, added this one: 29 
(Filename: ./Runtime/Export/Debug/Debug.bindings.h Line: 35)

swim dist: 0, added this one: 0 
(Filename: ./Runtime/Export/Debug/Debug.bindings.h Line: 35)

closing chest 
(Filename: ./Runtime/Export/Debug/Debug.bindings.h Line: 35)

sending new request to chest10004, use: False 
(Filename: ./Runtime/Export/Debug/Debug.bindings.h Line: 35)

player0 now False chest10004 
(Filename: ./Runtime/Export/Debug/Debug.bindings.h Line: 35)

attacking. stoponattack: False 
(Filename: ./Runtime/Export/Debug/Debug.bindings.h Line: 35)

y component: 0.0766785 
(Filename: ./Runtime/Export/Debug/Debug.bindings.h Line: 35)

launch angle: 1.193439 
(Filename: ./Runtime/Export/Debug/Debug.bindings.h Line: 35)

mob id: 1, in mob manager: True 
(Filename: ./Runtime/Export/Debug/Debug.bindings.h Line: 35)

setting damage to: 30 
(Filename: ./Runtime/Export/Debug/Debug.bindings.h Line: 35)

dequeing 
(Filename: ./Runtime/Export/Debug/Debug.bindings.h Line: 35)

spawning food from id: 290 
(Filename: ./Runtime/Export/Debug/Debug.bindings.h Line: 35)

dequeing 
(Filename: ./Runtime/Export/Debug/Debug.bindings.h Line: 35)

spawning food from id: 290 
(Filename: ./Runtime/Export/Debug/Debug.bindings.h Line: 35)

dequeing 
(Filename: ./Runtime/Export/Debug/Debug.bindings.h Line: 35)

spawning food from id: 290 
(Filename: ./Runtime/Export/Debug/Debug.bindings.h Line: 35)

dequeing 
(Filename: ./Runtime/Export/Debug/Debug.bindings.h Line: 35)

spawning food from id: 290 
(Filename: ./Runtime/Export/Debug/Debug.bindings.h Line: 35)

dequeing 
(Filename: ./Runtime/Export/Debug/Debug.bindings.h Line: 35)

spawning food from id: 290 
(Filename: ./Runtime/Export/Debug/Debug.bindings.h Line: 35)

berserk multiplier: 0 
(Filename: ./Runtime/Export/Debug/Debug.bindings.h Line: 35)

changing scale lol 
(Filename: ./Runtime/Export/Debug/Debug.bindings.h Line: 35)

object hit from: 0 
(Filename: ./Runtime/Export/Debug/Debug.bindings.h Line: 35)

Move dist: 149360, added this one: 33 
(Filename: ./Runtime/Export/Debug/Debug.bindings.h Line: 35)

swim dist: 0, added this one: 0 
(Filename: ./Runtime/Export/Debug/Debug.bindings.h Line: 35)

berserk multiplier: 0 
(Filename: ./Runtime/Export/Debug/Debug.bindings.h Line: 35)

changing scale lol 
(Filename: ./Runtime/Export/Debug/Debug.bindings.h Line: 35)

object hit from: 0 
(Filename: ./Runtime/Export/Debug/Debug.bindings.h Line: 35)

attacking. stoponattack: False 
(Filename: ./Runtime/Export/Debug/Debug.bindings.h Line: 35)

berserk multiplier: 0 
(Filename: ./Runtime/Export/Debug/Debug.bindings.h Line: 35)

changing scale lol 
(Filename: ./Runtime/Export/Debug/Debug.bindings.h Line: 35)

object hit from: 0 
(Filename: ./Runtime/Export/Debug/Debug.bindings.h Line: 35)

y component: -0.2171891 
(Filename: ./Runtime/Export/Debug/Debug.bindings.h Line: 35)

launch angle: 0.9745046 
(Filename: ./Runtime/Export/Debug/Debug.bindings.h Line: 35)

mob id: 1, in mob manager: True 
(Filename: ./Runtime/Export/Debug/Debug.bindings.h Line: 35)

setting damage to: 30 
(Filename: ./Runtime/Export/Debug/Debug.bindings.h Line: 35)

berserk multiplier: 0 
(Filename: ./Runtime/Export/Debug/Debug.bindings.h Line: 35)

changing scale lol 
(Filename: ./Runtime/Export/Debug/Debug.bindings.h Line: 35)

object hit from: 0 
(Filename: ./Runtime/Export/Debug/Debug.bindings.h Line: 35)

dequeing 
(Filename: ./Runtime/Export/Debug/Debug.bindings.h Line: 35)

spawning food from id: 170 
(Filename: ./Runtime/Export/Debug/Debug.bindings.h Line: 35)

dequeing 
(Filename: ./Runtime/Export/Debug/Debug.bindings.h Line: 35)

spawning food from id: 170 
(Filename: ./Runtime/Export/Debug/Debug.bindings.h Line: 35)

dequeing 
(Filename: ./Runtime/Export/Debug/Debug.bindings.h Line: 35)

spawning food from id: 170 
(Filename: ./Runtime/Export/Debug/Debug.bindings.h Line: 35)

dequeing 
(Filename: ./Runtime/Export/Debug/Debug.bindings.h Line: 35)

spawning food from id: 170 
(Filename: ./Runtime/Export/Debug/Debug.bindings.h Line: 35)

dequeing 
(Filename: ./Runtime/Export/Debug/Debug.bindings.h Line: 35)

spawning food from id: 170 
(Filename: ./Runtime/Export/Debug/Debug.bindings.h Line: 35)

berserk multiplier: 0 
(Filename: ./Runtime/Export/Debug/Debug.bindings.h Line: 35)

changing scale lol 
(Filename: ./Runtime/Export/Debug/Debug.bindings.h Line: 35)

object hit from: 0 
(Filename: ./Runtime/Export/Debug/Debug.bindings.h Line: 35)

Move dist: 149361, added this one: 1 
(Filename: ./Runtime/Export/Debug/Debug.bindings.h Line: 35)

swim dist: 0, added this one: 0 
(Filename: ./Runtime/Export/Debug/Debug.bindings.h Line: 35)

berserk multiplier: 0 
(Filename: ./Runtime/Export/Debug/Debug.bindings.h Line: 35)

changing scale lol 
(Filename: ./Runtime/Export/Debug/Debug.bindings.h Line: 35)

object hit from: 0 
(Filename: ./Runtime/Export/Debug/Debug.bindings.h Line: 35)

berserk multiplier: 0 
(Filename: ./Runtime/Export/Debug/Debug.bindings.h Line: 35)

changing scale lol 
(Filename: ./Runtime/Export/Debug/Debug.bindings.h Line: 35)

object hit from: 0 
(Filename: ./Runtime/Export/Debug/Debug.bindings.h Line: 35)

berserk multiplier: 0 
(Filename: ./Runtime/Export/Debug/Debug.bindings.h Line: 35)

changing scale lol 
(Filename: ./Runtime/Export/Debug/Debug.bindings.h Line: 35)

object hit from: 0 
(Filename: ./Runtime/Export/Debug/Debug.bindings.h Line: 35)

berserk multiplier: 0 
(Filename: ./Runtime/Export/Debug/Debug.bindings.h Line: 35)

changing scale lol 
(Filename: ./Runtime/Export/Debug/Debug.bindings.h Line: 35)

object hit from: 0 
(Filename: ./Runtime/Export/Debug/Debug.bindings.h Line: 35)

Move dist: 149361, added this one: 0 
(Filename: ./Runtime/Export/Debug/Debug.bindings.h Line: 35)

swim dist: 0, added this one: 0 
(Filename: ./Runtime/Export/Debug/Debug.bindings.h Line: 35)

berserk multiplier: 0 
(Filename: ./Runtime/Export/Debug/Debug.bindings.h Line: 35)

changing scale lol 
(Filename: ./Runtime/Export/Debug/Debug.bindings.h Line: 35)

object hit from: 0 
(Filename: ./Runtime/Export/Debug/Debug.bindings.h Line: 35)

berserk multiplier: 0 
(Filename: ./Runtime/Export/Debug/Debug.bindings.h Line: 35)

changing scale lol 
(Filename: ./Runtime/Export/Debug/Debug.bindings.h Line: 35)

object hit from: 0 
(Filename: ./Runtime/Export/Debug/Debug.bindings.h Line: 35)

dequeing 
(Filename: ./Runtime/Export/Debug/Debug.bindings.h Line: 35)

spawning food from id: 165 
(Filename: ./Runtime/Export/Debug/Debug.bindings.h Line: 35)

dequeing 
(Filename: ./Runtime/Export/Debug/Debug.bindings.h Line: 35)

spawning food from id: 165 
(Filename: ./Runtime/Export/Debug/Debug.bindings.h Line: 35)

dequeing 
(Filename: ./Runtime/Export/Debug/Debug.bindings.h Line: 35)

spawning food from id: 165 
(Filename: ./Runtime/Export/Debug/Debug.bindings.h Line: 35)

dequeing 
(Filename: ./Runtime/Export/Debug/Debug.bindings.h Line: 35)

spawning food from id: 165 
(Filename: ./Runtime/Export/Debug/Debug.bindings.h Line: 35)

berserk multiplier: 0 
(Filename: ./Runtime/Export/Debug/Debug.bindings.h Line: 35)

changing scale lol 
(Filename: ./Runtime/Export/Debug/Debug.bindings.h Line: 35)

object hit from: 0 
(Filename: ./Runtime/Export/Debug/Debug.bindings.h Line: 35)

berserk multiplier: 0 
(Filename: ./Runtime/Export/Debug/Debug.bindings.h Line: 35)

changing scale lol 
(Filename: ./Runtime/Export/Debug/Debug.bindings.h Line: 35)

object hit from: 0 
(Filename: ./Runtime/Export/Debug/Debug.bindings.h Line: 35)

Move dist: 149362, added this one: 1 
(Filename: ./Runtime/Export/Debug/Debug.bindings.h Line: 35)

swim dist: 0, added this one: 0 
(Filename: ./Runtime/Export/Debug/Debug.bindings.h Line: 35)

berserk multiplier: 0 
(Filename: ./Runtime/Export/Debug/Debug.bindings.h Line: 35)

changing scale lol 
(Filename: ./Runtime/Export/Debug/Debug.bindings.h Line: 35)

object hit from: 0 
(Filename: ./Runtime/Export/Debug/Debug.bindings.h Line: 35)

berserk multiplier: 0 
(Filename: ./Runtime/Export/Debug/Debug.bindings.h Line: 35)

changing scale lol 
(Filename: ./Runtime/Export/Debug/Debug.bindings.h Line: 35)

object hit from: 0 
(Filename: ./Runtime/Export/Debug/Debug.bindings.h Line: 35)

dropping item 
(Filename: ./Runtime/Export/Debug/Debug.bindings.h Line: 35)

object: 14 picked up by player: 0 
(Filename: ./Runtime/Export/Debug/Debug.bindings.h Line: 35)

added to available cell 
(Filename: ./Runtime/Export/Debug/Debug.bindings.h Line: 35)

checking 
(Filename: ./Runtime/Export/Debug/Debug.bindings.h Line: 35)

Unlocking hard 
(Filename: ./Runtime/Export/Debug/Debug.bindings.h Line: 35)

sending pickup now from: 0 
(Filename: ./Runtime/Export/Debug/Debug.bindings.h Line: 35)

object: 13 picked up by player: 0 
(Filename: ./Runtime/Export/Debug/Debug.bindings.h Line: 35)

checking 
(Filename: ./Runtime/Export/Debug/Debug.bindings.h Line: 35)

sending pickup now from: 0 
(Filename: ./Runtime/Export/Debug/Debug.bindings.h Line: 35)

berserk multiplier: 0 
(Filename: ./Runtime/Export/Debug/Debug.bindings.h Line: 35)

changing scale lol 
(Filename: ./Runtime/Export/Debug/Debug.bindings.h Line: 35)

object hit from: 0 
(Filename: ./Runtime/Export/Debug/Debug.bindings.h Line: 35)

Move dist: 149370, added this one: 8 
(Filename: ./Runtime/Export/Debug/Debug.bindings.h Line: 35)

swim dist: 0, added this one: 0 
(Filename: ./Runtime/Export/Debug/Debug.bindings.h Line: 35)

dequeing 
(Filename: ./Runtime/Export/Debug/Debug.bindings.h Line: 35)

spawning food from id: 173 
(Filename: ./Runtime/Export/Debug/Debug.bindings.h Line: 35)

dequeing 
(Filename: ./Runtime/Export/Debug/Debug.bindings.h Line: 35)

spawning food from id: 173 
(Filename: ./Runtime/Export/Debug/Debug.bindings.h Line: 35)

dequeing 
(Filename: ./Runtime/Export/Debug/Debug.bindings.h Line: 35)

spawning food from id: 173 
(Filename: ./Runtime/Export/Debug/Debug.bindings.h Line: 35)

dequeing 
(Filename: ./Runtime/Export/Debug/Debug.bindings.h Line: 35)

spawning food from id: 173 
(Filename: ./Runtime/Export/Debug/Debug.bindings.h Line: 35)

dequeing 
(Filename: ./Runtime/Export/Debug/Debug.bindings.h Line: 35)

spawning food from id: 173 
(Filename: ./Runtime/Export/Debug/Debug.bindings.h Line: 35)

berserk multiplier: 0 
(Filename: ./Runtime/Export/Debug/Debug.bindings.h Line: 35)

changing scale lol 
(Filename: ./Runtime/Export/Debug/Debug.bindings.h Line: 35)

object hit from: 0 
(Filename: ./Runtime/Export/Debug/Debug.bindings.h Line: 35)

berserk multiplier: 0 
(Filename: ./Runtime/Export/Debug/Debug.bindings.h Line: 35)

changing scale lol 
(Filename: ./Runtime/Export/Debug/Debug.bindings.h Line: 35)

object hit from: 0 
(Filename: ./Runtime/Export/Debug/Debug.bindings.h Line: 35)

berserk multiplier: 0 
(Filename: ./Runtime/Export/Debug/Debug.bindings.h Line: 35)

changing scale lol 
(Filename: ./Runtime/Export/Debug/Debug.bindings.h Line: 35)

object hit from: 0 
(Filename: ./Runtime/Export/Debug/Debug.bindings.h Line: 35)

players alive:  2 
(Filename: ./Runtime/Export/Debug/Debug.bindings.h Line: 35)

total weight: 2.25 
(Filename: ./Runtime/Export/Debug/Debug.bindings.h Line: 35)

offset: (27.6, 0.0, -26.2) 
(Filename: ./Runtime/Export/Debug/Debug.bindings.h Line: 35)

spawned new mob with id: 35 
(Filename: ./Runtime/Export/Debug/Debug.bindings.h Line: 35)

berserk multiplier: 0 
(Filename: ./Runtime/Export/Debug/Debug.bindings.h Line: 35)

changing scale lol 
(Filename: ./Runtime/Export/Debug/Debug.bindings.h Line: 35)

object hit from: 0 
(Filename: ./Runtime/Export/Debug/Debug.bindings.h Line: 35)

Move dist: 149371, added this one: 1 
(Filename: ./Runtime/Export/Debug/Debug.bindings.h Line: 35)

swim dist: 0, added this one: 0 
(Filename: ./Runtime/Export/Debug/Debug.bindings.h Line: 35)

berserk multiplier: 0 
(Filename: ./Runtime/Export/Debug/Debug.bindings.h Line: 35)

changing scale lol 
(Filename: ./Runtime/Export/Debug/Debug.bindings.h Line: 35)

object hit from: 0 
(Filename: ./Runtime/Export/Debug/Debug.bindings.h Line: 35)

berserk multiplier: 0 
(Filename: ./Runtime/Export/Debug/Debug.bindings.h Line: 35)

changing scale lol 
(Filename: ./Runtime/Export/Debug/Debug.bindings.h Line: 35)

object hit from: 0 
(Filename: ./Runtime/Export/Debug/Debug.bindings.h Line: 35)

berserk multiplier: 0 
(Filename: ./Runtime/Export/Debug/Debug.bindings.h Line: 35)

changing scale lol 
(Filename: ./Runtime/Export/Debug/Debug.bindings.h Line: 35)

object hit from: 0 
(Filename: ./Runtime/Export/Debug/Debug.bindings.h Line: 35)

attacking. stoponattack: False 
(Filename: ./Runtime/Export/Debug/Debug.bindings.h Line: 35)

y component: -0.08829526 
(Filename: ./Runtime/Export/Debug/Debug.bindings.h Line: 35)

launch angle: 0.8860943 
(Filename: ./Runtime/Export/Debug/Debug.bindings.h Line: 35)

mob id: 1, in mob manager: True 
(Filename: ./Runtime/Export/Debug/Debug.bindings.h Line: 35)

setting damage to: 30 
(Filename: ./Runtime/Export/Debug/Debug.bindings.h Line: 35)

berserk multiplier: 0 
(Filename: ./Runtime/Export/Debug/Debug.bindings.h Line: 35)

changing scale lol 
(Filename: ./Runtime/Export/Debug/Debug.bindings.h Line: 35)

object hit from: 0 
(Filename: ./Runtime/Export/Debug/Debug.bindings.h Line: 35)

Move dist: 149373, added this one: 2 
(Filename: ./Runtime/Export/Debug/Debug.bindings.h Line: 35)

swim dist: 0, added this one: 0 
(Filename: ./Runtime/Export/Debug/Debug.bindings.h Line: 35)

berserk multiplier: 0 
(Filename: ./Runtime/Export/Debug/Debug.bindings.h Line: 35)

changing scale lol 
(Filename: ./Runtime/Export/Debug/Debug.bindings.h Line: 35)

object hit from: 0 
(Filename: ./Runtime/Export/Debug/Debug.bindings.h Line: 35)

berserk multiplier: 0 
(Filename: ./Runtime/Export/Debug/Debug.bindings.h Line: 35)

changing scale lol 
(Filename: ./Runtime/Export/Debug/Debug.bindings.h Line: 35)

object hit from: 0 
(Filename: ./Runtime/Export/Debug/Debug.bindings.h Line: 35)

players alive:  2 
(Filename: ./Runtime/Export/Debug/Debug.bindings.h Line: 35)

Counting enemy: Goblin(Clone) 
(Filename: ./Runtime/Export/Debug/Debug.bindings.h Line: 35)

total weight: 2.25 
(Filename: ./Runtime/Export/Debug/Debug.bindings.h Line: 35)

offset: (45.3, 0.0, 23.8) 
(Filename: ./Runtime/Export/Debug/Debug.bindings.h Line: 35)

spawned new mob with id: 36 
(Filename: ./Runtime/Export/Debug/Debug.bindings.h Line: 35)

attacking. stoponattack: False 
(Filename: ./Runtime/Export/Debug/Debug.bindings.h Line: 35)

berserk multiplier: 0 
(Filename: ./Runtime/Export/Debug/Debug.bindings.h Line: 35)

changing scale lol 
(Filename: ./Runtime/Export/Debug/Debug.bindings.h Line: 35)

object hit from: 0 
(Filename: ./Runtime/Export/Debug/Debug.bindings.h Line: 35)

berserk multiplier: 0 
(Filename: ./Runtime/Export/Debug/Debug.bindings.h Line: 35)

changing scale lol 
(Filename: ./Runtime/Export/Debug/Debug.bindings.h Line: 35)

object hit from: 0 
(Filename: ./Runtime/Export/Debug/Debug.bindings.h Line: 35)

Move dist: 149373, added this one: 0 
(Filename: ./Runtime/Export/Debug/Debug.bindings.h Line: 35)

swim dist: 0, added this one: 0 
(Filename: ./Runtime/Export/Debug/Debug.bindings.h Line: 35)

mob id: 35, in mob manager: True 
(Filename: ./Runtime/Export/Debug/Debug.bindings.h Line: 35)

setting damage to: 15 
(Filename: ./Runtime/Export/Debug/Debug.bindings.h Line: 35)

Player0 took 5 damage from 0 and had armor 0 
(Filename: ./Runtime/Export/Debug/Debug.bindings.h Line: 35)

estimated hp left: 95, ratio: 0.95, maxhp: 100 
(Filename: ./Runtime/Export/Debug/Debug.bindings.h Line: 35)

Player took damage from mob btw lol 
(Filename: ./Runtime/Export/Debug/Debug.bindings.h Line: 35)

recevied player hit. Damage: 5, ratio: 0.95from: 0, to: 0 
(Filename: ./Runtime/Export/Debug/Debug.bindings.h Line: 35)

changing scale lol 
(Filename: ./Runtime/Export/Debug/Debug.bindings.h Line: 35)

object hit from: 0 
(Filename: ./Runtime/Export/Debug/Debug.bindings.h Line: 35)

nope 
(Filename: ./Runtime/Export/Debug/Debug.bindings.h Line: 35)

sent update 
(Filename: ./Runtime/Export/Debug/Debug.bindings.h Line: 35)

berserk multiplier: 0 
(Filename: ./Runtime/Export/Debug/Debug.bindings.h Line: 35)

changing scale lol 
(Filename: ./Runtime/Export/Debug/Debug.bindings.h Line: 35)

object hit from: 0 
(Filename: ./Runtime/Export/Debug/Debug.bindings.h Line: 35)

dropping item 
(Filename: ./Runtime/Export/Debug/Debug.bindings.h Line: 35)

object: 16 picked up by player: 0 
(Filename: ./Runtime/Export/Debug/Debug.bindings.h Line: 35)

checking 
(Filename: ./Runtime/Export/Debug/Debug.bindings.h Line: 35)

sending pickup now from: 0 
(Filename: ./Runtime/Export/Debug/Debug.bindings.h Line: 35)

object: 15 picked up by player: 0 
(Filename: ./Runtime/Export/Debug/Debug.bindings.h Line: 35)

checking 
(Filename: ./Runtime/Export/Debug/Debug.bindings.h Line: 35)

sending pickup now from: 0 
(Filename: ./Runtime/Export/Debug/Debug.bindings.h Line: 35)

players alive:  2 
(Filename: ./Runtime/Export/Debug/Debug.bindings.h Line: 35)

Counting enemy: Goblin(Clone) 
(Filename: ./Runtime/Export/Debug/Debug.bindings.h Line: 35)

Counting enemy: Goblin(Clone) 
(Filename: ./Runtime/Export/Debug/Debug.bindings.h Line: 35)

total weight: 2.25 
(Filename: ./Runtime/Export/Debug/Debug.bindings.h Line: 35)

offset: (9.9, 0.0, 32.2) 
(Filename: ./Runtime/Export/Debug/Debug.bindings.h Line: 35)

spawned new mob with id: 37 
(Filename: ./Runtime/Export/Debug/Debug.bindings.h Line: 35)

attacking. stoponattack: False 
(Filename: ./Runtime/Export/Debug/Debug.bindings.h Line: 35)

berserk multiplier: 0 
(Filename: ./Runtime/Export/Debug/Debug.bindings.h Line: 35)

Mob took 12 damage from 0. 
(Filename: ./Runtime/Export/Debug/Debug.bindings.h Line: 35)

Player0 took 5 damage from 0 and had armor 0 
(Filename: ./Runtime/Export/Debug/Debug.bindings.h Line: 35)

estimated hp left: 90, ratio: 0.9, maxhp: 100 
(Filename: ./Runtime/Export/Debug/Debug.bindings.h Line: 35)

Player took damage from mob btw lol 
(Filename: ./Runtime/Export/Debug/Debug.bindings.h Line: 35)

recevied player hit. Damage: 5, ratio: 0.9from: 0, to: 0 
(Filename: ./Runtime/Export/Debug/Debug.bindings.h Line: 35)

nope 
(Filename: ./Runtime/Export/Debug/Debug.bindings.h Line: 35)

sent update 
(Filename: ./Runtime/Export/Debug/Debug.bindings.h Line: 35)

attacking. stoponattack: False 
(Filename: ./Runtime/Export/Debug/Debug.bindings.h Line: 35)

berserk multiplier: 0 
(Filename: ./Runtime/Export/Debug/Debug.bindings.h Line: 35)

Mob took 15 damage from 0. 
(Filename: ./Runtime/Export/Debug/Debug.bindings.h Line: 35)

Move dist: 149397, added this one: 24 
(Filename: ./Runtime/Export/Debug/Debug.bindings.h Line: 35)

swim dist: 0, added this one: 0 
(Filename: ./Runtime/Export/Debug/Debug.bindings.h Line: 35)

y component: -0.09582629 
(Filename: ./Runtime/Export/Debug/Debug.bindings.h Line: 35)

launch angle: 0.7901207 
(Filename: ./Runtime/Export/Debug/Debug.bindings.h Line: 35)

mob id: 1, in mob manager: True 
(Filename: ./Runtime/Export/Debug/Debug.bindings.h Line: 35)

setting damage to: 30 
(Filename: ./Runtime/Export/Debug/Debug.bindings.h Line: 35)

attacking. stoponattack: False 
(Filename: ./Runtime/Export/Debug/Debug.bindings.h Line: 35)

berserk multiplier: 0 
(Filename: ./Runtime/Export/Debug/Debug.bindings.h Line: 35)

Mob took 21 damage from 0. 
(Filename: ./Runtime/Export/Debug/Debug.bindings.h Line: 35)

attacking. stoponattack: False 
(Filename: ./Runtime/Export/Debug/Debug.bindings.h Line: 35)

berserk multiplier: 0 
(Filename: ./Runtime/Export/Debug/Debug.bindings.h Line: 35)

Mob took 5 damage from 0. 
(Filename: ./Runtime/Export/Debug/Debug.bindings.h Line: 35)

Is buff: False 
(Filename: ./Runtime/Export/Debug/Debug.bindings.h Line: 35)

Killcount: 926, allkills: 926, bowkills: 4, buffkills: 39, Cow Kills: 175, chunks: 4, gronks: 0, guardians: 0, goblins: 335Woodman kills: 96 
(Filename: ./Runtime/Export/Debug/Debug.bindings.h Line: 35)

mob id: 36, in mob manager: True 
(Filename: ./Runtime/Export/Debug/Debug.bindings.h Line: 35)

setting damage to: 15 
(Filename: ./Runtime/Export/Debug/Debug.bindings.h Line: 35)

object: 17 picked up by player: 0 
(Filename: ./Runtime/Export/Debug/Debug.bindings.h Line: 35)

added to available cell 
(Filename: ./Runtime/Export/Debug/Debug.bindings.h Line: 35)

checking 
(Filename: ./Runtime/Export/Debug/Debug.bindings.h Line: 35)

Unlocking hard 
(Filename: ./Runtime/Export/Debug/Debug.bindings.h Line: 35)

sending pickup now from: 0 
(Filename: ./Runtime/Export/Debug/Debug.bindings.h Line: 35)

attacking. stoponattack: False 
(Filename: ./Runtime/Export/Debug/Debug.bindings.h Line: 35)

berserk multiplier: 0 
(Filename: ./Runtime/Export/Debug/Debug.bindings.h Line: 35)

Mob took 14 damage from 0. 
(Filename: ./Runtime/Export/Debug/Debug.bindings.h Line: 35)

Move dist: 149428, added this one: 31 
(Filename: ./Runtime/Export/Debug/Debug.bindings.h Line: 35)

swim dist: 0, added this one: 0 
(Filename: ./Runtime/Export/Debug/Debug.bindings.h Line: 35)

berserk multiplier: 0 
(Filename: ./Runtime/Export/Debug/Debug.bindings.h Line: 35)

Mob took 12 damage from 0. 
(Filename: ./Runtime/Export/Debug/Debug.bindings.h Line: 35)

players alive:  2 
(Filename: ./Runtime/Export/Debug/Debug.bindings.h Line: 35)

Counting enemy: Goblin(Clone) 
(Filename: ./Runtime/Export/Debug/Debug.bindings.h Line: 35)

Counting enemy: LilDave(Clone) 
(Filename: ./Runtime/Export/Debug/Debug.bindings.h Line: 35)

total weight: 2.25 
(Filename: ./Runtime/Export/Debug/Debug.bindings.h Line: 35)

offset: (-19.0, 0.0, -38.8) 
(Filename: ./Runtime/Export/Debug/Debug.bindings.h Line: 35)

spawned new mob with id: 38 
(Filename: ./Runtime/Export/Debug/Debug.bindings.h Line: 35)

attacking. stoponattack: False 
(Filename: ./Runtime/Export/Debug/Debug.bindings.h Line: 35)

berserk multiplier: 0 
(Filename: ./Runtime/Export/Debug/Debug.bindings.h Line: 35)

Mob took 30 damage from 0. 
(Filename: ./Runtime/Export/Debug/Debug.bindings.h Line: 35)

Is buff: False 
(Filename: ./Runtime/Export/Debug/Debug.bindings.h Line: 35)

Killcount: 927, allkills: 927, bowkills: 4, buffkills: 39, Cow Kills: 175, chunks: 4, gronks: 0, guardians: 0, goblins: 335Woodman kills: 96 
(Filename: ./Runtime/Export/Debug/Debug.bindings.h Line: 35)

object: 18 picked up by player: 0 
(Filename: ./Runtime/Export/Debug/Debug.bindings.h Line: 35)

checking 
(Filename: ./Runtime/Export/Debug/Debug.bindings.h Line: 35)

sending pickup now from: 0 
(Filename: ./Runtime/Export/Debug/Debug.bindings.h Line: 35)

attacking. stoponattack: False 
(Filename: ./Runtime/Export/Debug/Debug.bindings.h Line: 35)

Jumps: 2606 
(Filename: ./Runtime/Export/Debug/Debug.bindings.h Line: 35)

setting grass mesh 
(Filename: ./Runtime/Export/Debug/Debug.bindings.h Line: 35)

attacking. stoponattack: False 
(Filename: ./Runtime/Export/Debug/Debug.bindings.h Line: 35)

attacking. stoponattack: False 
(Filename: ./Runtime/Export/Debug/Debug.bindings.h Line: 35)

Jumps: 2607 
(Filename: ./Runtime/Export/Debug/Debug.bindings.h Line: 35)

y component: -0.9429406 
(Filename: ./Runtime/Export/Debug/Debug.bindings.h Line: 35)

launch angle: -0.4412335 
(Filename: ./Runtime/Export/Debug/Debug.bindings.h Line: 35)

mob id: 1, in mob manager: True 
(Filename: ./Runtime/Export/Debug/Debug.bindings.h Line: 35)

setting damage to: 30 
(Filename: ./Runtime/Export/Debug/Debug.bindings.h Line: 35)

Move dist: 149475, added this one: 47 
(Filename: ./Runtime/Export/Debug/Debug.bindings.h Line: 35)

swim dist: 0, added this one: 0 
(Filename: ./Runtime/Export/Debug/Debug.bindings.h Line: 35)

Jumps: 2608 
(Filename: ./Runtime/Export/Debug/Debug.bindings.h Line: 35)

attacking. stoponattack: False 
(Filename: ./Runtime/Export/Debug/Debug.bindings.h Line: 35)

setting grass mesh 
(Filename: ./Runtime/Export/Debug/Debug.bindings.h Line: 35)

players alive:  2 
(Filename: ./Runtime/Export/Debug/Debug.bindings.h Line: 35)

Counting enemy: Goblin(Clone) 
(Filename: ./Runtime/Export/Debug/Debug.bindings.h Line: 35)

Counting enemy: Goblin(Clone) 
(Filename: ./Runtime/Export/Debug/Debug.bindings.h Line: 35)

total weight: 2.25 
(Filename: ./Runtime/Export/Debug/Debug.bindings.h Line: 35)

offset: (51.5, 0.0, 7.4) 
(Filename: ./Runtime/Export/Debug/Debug.bindings.h Line: 35)

spawned new mob with id: 39 
(Filename: ./Runtime/Export/Debug/Debug.bindings.h Line: 35)

Jumps: 2609 
(Filename: ./Runtime/Export/Debug/Debug.bindings.h Line: 35)

attacking. stoponattack: False 
(Filename: ./Runtime/Export/Debug/Debug.bindings.h Line: 35)

setting grass mesh 
(Filename: ./Runtime/Export/Debug/Debug.bindings.h Line: 35)

y component: -0.8282595 
(Filename: ./Runtime/Export/Debug/Debug.bindings.h Line: 35)

launch angle: -1.417228 
(Filename: ./Runtime/Export/Debug/Debug.bindings.h Line: 35)

mob id: 1, in mob manager: True 
(Filename: ./Runtime/Export/Debug/Debug.bindings.h Line: 35)

setting damage to: 30 
(Filename: ./Runtime/Export/Debug/Debug.bindings.h Line: 35)

Move dist: 149527, added this one: 52 
(Filename: ./Runtime/Export/Debug/Debug.bindings.h Line: 35)

swim dist: 0, added this one: 0 
(Filename: ./Runtime/Export/Debug/Debug.bindings.h Line: 35)

someone is leaving lobby 
(Filename: ./Runtime/Export/Debug/Debug.bindings.h Line: 35)

attacking. stoponattack: False 
(Filename: ./Runtime/Export/Debug/Debug.bindings.h Line: 35)

changing scale lol 
(Filename: ./Runtime/Export/Debug/Debug.bindings.h Line: 35)

object hit from: 0 
(Filename: ./Runtime/Export/Debug/Debug.bindings.h Line: 35)

added to available cell 
(Filename: ./Runtime/Export/Debug/Debug.bindings.h Line: 35)

checking 
(Filename: ./Runtime/Export/Debug/Debug.bindings.h Line: 35)

Unlocking hard 
(Filename: ./Runtime/Export/Debug/Debug.bindings.h Line: 35)

sending pickup interact now from: 0 
(Filename: ./Runtime/Export/Debug/Debug.bindings.h Line: 35)

checking 
(Filename: ./Runtime/Export/Debug/Debug.bindings.h Line: 35)

sending pickup interact now from: 0 
(Filename: ./Runtime/Export/Debug/Debug.bindings.h Line: 35)

Move dist: 149552, added this one: 25 
(Filename: ./Runtime/Export/Debug/Debug.bindings.h Line: 35)

swim dist: 0, added this one: 0 
(Filename: ./Runtime/Export/Debug/Debug.bindings.h Line: 35)

attacking. stoponattack: False 
(Filename: ./Runtime/Export/Debug/Debug.bindings.h Line: 35)

checking 
(Filename: ./Runtime/Export/Debug/Debug.bindings.h Line: 35)

sending pickup interact now from: 0 
(Filename: ./Runtime/Export/Debug/Debug.bindings.h Line: 35)

changing scale lol 
(Filename: ./Runtime/Export/Debug/Debug.bindings.h Line: 35)

object hit from: 0 
(Filename: ./Runtime/Export/Debug/Debug.bindings.h Line: 35)

players alive:  2 
(Filename: ./Runtime/Export/Debug/Debug.bindings.h Line: 35)

Counting enemy: Goblin(Clone) 
(Filename: ./Runtime/Export/Debug/Debug.bindings.h Line: 35)

Counting enemy: Goblin(Clone) 
(Filename: ./Runtime/Export/Debug/Debug.bindings.h Line: 35)

Counting enemy: LilDave(Clone) 
(Filename: ./Runtime/Export/Debug/Debug.bindings.h Line: 35)

total weight: 2.25 
(Filename: ./Runtime/Export/Debug/Debug.bindings.h Line: 35)

Move dist: 149581, added this one: 29 
(Filename: ./Runtime/Export/Debug/Debug.bindings.h Line: 35)

swim dist: 0, added this one: 0 
(Filename: ./Runtime/Export/Debug/Debug.bindings.h Line: 35)

attacking. stoponattack: False 
(Filename: ./Runtime/Export/Debug/Debug.bindings.h Line: 35)

attacking. stoponattack: False 
(Filename: ./Runtime/Export/Debug/Debug.bindings.h Line: 35)

attacking. stoponattack: False 
(Filename: ./Runtime/Export/Debug/Debug.bindings.h Line: 35)

mob id: 36, in mob manager: True 
(Filename: ./Runtime/Export/Debug/Debug.bindings.h Line: 35)

setting damage to: 15 
(Filename: ./Runtime/Export/Debug/Debug.bindings.h Line: 35)

mob id: 38, in mob manager: True 
(Filename: ./Runtime/Export/Debug/Debug.bindings.h Line: 35)

setting damage to: 15 
(Filename: ./Runtime/Export/Debug/Debug.bindings.h Line: 35)

setting grass mesh 
(Filename: ./Runtime/Export/Debug/Debug.bindings.h Line: 35)

dequeing 
(Filename: ./Runtime/Export/Debug/Debug.bindings.h Line: 35)

spawning food from id: 45 
(Filename: ./Runtime/Export/Debug/Debug.bindings.h Line: 35)

players alive:  2 
(Filename: ./Runtime/Export/Debug/Debug.bindings.h Line: 35)

Counting enemy: Goblin(Clone) 
(Filename: ./Runtime/Export/Debug/Debug.bindings.h Line: 35)

Counting enemy: Goblin(Clone) 
(Filename: ./Runtime/Export/Debug/Debug.bindings.h Line: 35)

Counting enemy: LilDave(Clone) 
(Filename: ./Runtime/Export/Debug/Debug.bindings.h Line: 35)

total weight: 2.25 
(Filename: ./Runtime/Export/Debug/Debug.bindings.h Line: 35)

attacking. stoponattack: False 
(Filename: ./Runtime/Export/Debug/Debug.bindings.h Line: 35)

Jumps: 2610 
(Filename: ./Runtime/Export/Debug/Debug.bindings.h Line: 35)

attacking. stoponattack: False 
(Filename: ./Runtime/Export/Debug/Debug.bindings.h Line: 35)

attacking. stoponattack: False 
(Filename: ./Runtime/Export/Debug/Debug.bindings.h Line: 35)

Move dist: 149631, added this one: 50 
(Filename: ./Runtime/Export/Debug/Debug.bindings.h Line: 35)

swim dist: 0, added this one: 0 
(Filename: ./Runtime/Export/Debug/Debug.bindings.h Line: 35)

attacking. stoponattack: False 
(Filename: ./Runtime/Export/Debug/Debug.bindings.h Line: 35)

attacking. stoponattack: False 
(Filename: ./Runtime/Export/Debug/Debug.bindings.h Line: 35)

attacking. stoponattack: False 
(Filename: ./Runtime/Export/Debug/Debug.bindings.h Line: 35)

attacking. stoponattack: False 
(Filename: ./Runtime/Export/Debug/Debug.bindings.h Line: 35)

players alive:  2 
(Filename: ./Runtime/Export/Debug/Debug.bindings.h Line: 35)

Counting enemy: Goblin(Clone) 
(Filename: ./Runtime/Export/Debug/Debug.bindings.h Line: 35)

Counting enemy: Goblin(Clone) 
(Filename: ./Runtime/Export/Debug/Debug.bindings.h Line: 35)

Counting enemy: LilDave(Clone) 
(Filename: ./Runtime/Export/Debug/Debug.bindings.h Line: 35)

total weight: 2.25 
(Filename: ./Runtime/Export/Debug/Debug.bindings.h Line: 35)

attacking. stoponattack: False 
(Filename: ./Runtime/Export/Debug/Debug.bindings.h Line: 35)

attacking. stoponattack: False 
(Filename: ./Runtime/Export/Debug/Debug.bindings.h Line: 35)

attacking. stoponattack: False 
(Filename: ./Runtime/Export/Debug/Debug.bindings.h Line: 35)

setting grass mesh 
(Filename: ./Runtime/Export/Debug/Debug.bindings.h Line: 35)

attacking. stoponattack: False 
(Filename: ./Runtime/Export/Debug/Debug.bindings.h Line: 35)

mob id: 36, in mob manager: True 
(Filename: ./Runtime/Export/Debug/Debug.bindings.h Line: 35)

setting damage to: 15 
(Filename: ./Runtime/Export/Debug/Debug.bindings.h Line: 35)

attacking. stoponattack: False 
(Filename: ./Runtime/Export/Debug/Debug.bindings.h Line: 35)

Move dist: 149666, added this one: 35 
(Filename: ./Runtime/Export/Debug/Debug.bindings.h Line: 35)

swim dist: 0, added this one: 0 
(Filename: ./Runtime/Export/Debug/Debug.bindings.h Line: 35)

attacking. stoponattack: False 
(Filename: ./Runtime/Export/Debug/Debug.bindings.h Line: 35)

Red shrooms eaten: 21 
(Filename: ./Runtime/Export/Debug/Debug.bindings.h Line: 35)

attacking. stoponattack: False 
(Filename: ./Runtime/Export/Debug/Debug.bindings.h Line: 35)

nope 
(Filename: ./Runtime/Export/Debug/Debug.bindings.h Line: 35)

sent update 
(Filename: ./Runtime/Export/Debug/Debug.bindings.h Line: 35)

attacking. stoponattack: False 
(Filename: ./Runtime/Export/Debug/Debug.bindings.h Line: 35)

Mob took 13 damage from 1. 
(Filename: ./Runtime/Export/Debug/Debug.bindings.h Line: 35)

attacking. stoponattack: False 
(Filename: ./Runtime/Export/Debug/Debug.bindings.h Line: 35)

attacking. stoponattack: False 
(Filename: ./Runtime/Export/Debug/Debug.bindings.h Line: 35)

Mob took 13 damage from 1. 
(Filename: ./Runtime/Export/Debug/Debug.bindings.h Line: 35)

mob id: 38, in mob manager: True 
(Filename: ./Runtime/Export/Debug/Debug.bindings.h Line: 35)

setting damage to: 15 
(Filename: ./Runtime/Export/Debug/Debug.bindings.h Line: 35)

players alive:  2 
(Filename: ./Runtime/Export/Debug/Debug.bindings.h Line: 35)

Counting enemy: Goblin(Clone) 
(Filename: ./Runtime/Export/Debug/Debug.bindings.h Line: 35)

Counting enemy: Goblin(Clone) 
(Filename: ./Runtime/Export/Debug/Debug.bindings.h Line: 35)

Counting enemy: LilDave(Clone) 
(Filename: ./Runtime/Export/Debug/Debug.bindings.h Line: 35)

total weight: 2.25 
(Filename: ./Runtime/Export/Debug/Debug.bindings.h Line: 35)

Move dist: 149700, added this one: 34 
(Filename: ./Runtime/Export/Debug/Debug.bindings.h Line: 35)

swim dist: 0, added this one: 0 
(Filename: ./Runtime/Export/Debug/Debug.bindings.h Line: 35)

attacking. stoponattack: False 
(Filename: ./Runtime/Export/Debug/Debug.bindings.h Line: 35)

Mob took 14 damage from 1. 
(Filename: ./Runtime/Export/Debug/Debug.bindings.h Line: 35)

attacking. stoponattack: False 
(Filename: ./Runtime/Export/Debug/Debug.bindings.h Line: 35)

attacking. stoponattack: False 
(Filename: ./Runtime/Export/Debug/Debug.bindings.h Line: 35)

setting grass mesh 
(Filename: ./Runtime/Export/Debug/Debug.bindings.h Line: 35)

setting grass mesh 
(Filename: ./Runtime/Export/Debug/Debug.bindings.h Line: 35)

attacking. stoponattack: False 
(Filename: ./Runtime/Export/Debug/Debug.bindings.h Line: 35)

Mob took 19 damage from 1. 
(Filename: ./Runtime/Export/Debug/Debug.bindings.h Line: 35)

attacking. stoponattack: False 
(Filename: ./Runtime/Export/Debug/Debug.bindings.h Line: 35)

Move dist: 149734, added this one: 34 
(Filename: ./Runtime/Export/Debug/Debug.bindings.h Line: 35)

swim dist: 0, added this one: 0 
(Filename: ./Runtime/Export/Debug/Debug.bindings.h Line: 35)

berserk multiplier: 0 
(Filename: ./Runtime/Export/Debug/Debug.bindings.h Line: 35)

Mob took 39 damage from 0. 
(Filename: ./Runtime/Export/Debug/Debug.bindings.h Line: 35)

players alive:  2 
(Filename: ./Runtime/Export/Debug/Debug.bindings.h Line: 35)

Counting enemy: Goblin(Clone) 
(Filename: ./Runtime/Export/Debug/Debug.bindings.h Line: 35)

Counting enemy: LilDave(Clone) 
(Filename: ./Runtime/Export/Debug/Debug.bindings.h Line: 35)

total weight: 2.25 
(Filename: ./Runtime/Export/Debug/Debug.bindings.h Line: 35)

offset: (27.8, 0.0, -40.2) 
(Filename: ./Runtime/Export/Debug/Debug.bindings.h Line: 35)

spawned new mob with id: 40 
(Filename: ./Runtime/Export/Debug/Debug.bindings.h Line: 35)

attacking. stoponattack: False 
(Filename: ./Runtime/Export/Debug/Debug.bindings.h Line: 35)

berserk multiplier: 0 
(Filename: ./Runtime/Export/Debug/Debug.bindings.h Line: 35)

Mob took 30 damage from 0. 
(Filename: ./Runtime/Export/Debug/Debug.bindings.h Line: 35)

Is buff: False 
(Filename: ./Runtime/Export/Debug/Debug.bindings.h Line: 35)

Killcount: 928, allkills: 928, bowkills: 4, buffkills: 39, Cow Kills: 175, chunks: 4, gronks: 0, guardians: 0, goblins: 336Woodman kills: 96 
(Filename: ./Runtime/Export/Debug/Debug.bindings.h Line: 35)

Mob took 15 damage from 0. 
(Filename: ./Runtime/Export/Debug/Debug.bindings.h Line: 35)

object: 20 picked up by player: 0 
(Filename: ./Runtime/Export/Debug/Debug.bindings.h Line: 35)

checking 
(Filename: ./Runtime/Export/Debug/Debug.bindings.h Line: 35)

sending pickup now from: 0 
(Filename: ./Runtime/Export/Debug/Debug.bindings.h Line: 35)

object: 21 picked up by player: 0 
(Filename: ./Runtime/Export/Debug/Debug.bindings.h Line: 35)

checking 
(Filename: ./Runtime/Export/Debug/Debug.bindings.h Line: 35)

sending pickup now from: 0 
(Filename: ./Runtime/Export/Debug/Debug.bindings.h Line: 35)

berserk multiplier: 0 
(Filename: ./Runtime/Export/Debug/Debug.bindings.h Line: 35)

attacking. stoponattack: False 
(Filename: ./Runtime/Export/Debug/Debug.bindings.h Line: 35)

berserk multiplier: 0 
(Filename: ./Runtime/Export/Debug/Debug.bindings.h Line: 35)

Mob took 41 damage from 0. 
(Filename: ./Runtime/Export/Debug/Debug.bindings.h Line: 35)

Is buff: False 
(Filename: ./Runtime/Export/Debug/Debug.bindings.h Line: 35)

Killcount: 929, allkills: 929, bowkills: 4, buffkills: 39, Cow Kills: 175, chunks: 4, gronks: 0, guardians: 0, goblins: 336Woodman kills: 96 
(Filename: ./Runtime/Export/Debug/Debug.bindings.h Line: 35)

Move dist: 149770, added this one: 36 
(Filename: ./Runtime/Export/Debug/Debug.bindings.h Line: 35)

swim dist: 0, added this one: 0 
(Filename: ./Runtime/Export/Debug/Debug.bindings.h Line: 35)

players alive:  2 
(Filename: ./Runtime/Export/Debug/Debug.bindings.h Line: 35)

Counting enemy: Goblin(Clone) 
(Filename: ./Runtime/Export/Debug/Debug.bindings.h Line: 35)

total weight: 2.25 
(Filename: ./Runtime/Export/Debug/Debug.bindings.h Line: 35)

offset: (8.2, 0.0, 17.4) 
(Filename: ./Runtime/Export/Debug/Debug.bindings.h Line: 35)

spawned new mob with id: 41 
(Filename: ./Runtime/Export/Debug/Debug.bindings.h Line: 35)

object: 22 picked up by player: 0 
(Filename: ./Runtime/Export/Debug/Debug.bindings.h Line: 35)

checking 
(Filename: ./Runtime/Export/Debug/Debug.bindings.h Line: 35)

sending pickup now from: 0 
(Filename: ./Runtime/Export/Debug/Debug.bindings.h Line: 35)

attacking. stoponattack: False 
(Filename: ./Runtime/Export/Debug/Debug.bindings.h Line: 35)

changing scale lol 
(Filename: ./Runtime/Export/Debug/Debug.bindings.h Line: 35)

object hit from: 1 
(Filename: ./Runtime/Export/Debug/Debug.bindings.h Line: 35)

changing scale lol 
(Filename: ./Runtime/Export/Debug/Debug.bindings.h Line: 35)

object hit from: 1 
(Filename: ./Runtime/Export/Debug/Debug.bindings.h Line: 35)

changing scale lol 
(Filename: ./Runtime/Export/Debug/Debug.bindings.h Line: 35)

object hit from: 1 
(Filename: ./Runtime/Export/Debug/Debug.bindings.h Line: 35)

changing scale lol 
(Filename: ./Runtime/Export/Debug/Debug.bindings.h Line: 35)

object hit from: 1 
(Filename: ./Runtime/Export/Debug/Debug.bindings.h Line: 35)

changing scale lol 
(Filename: ./Runtime/Export/Debug/Debug.bindings.h Line: 35)

object hit from: 1 
(Filename: ./Runtime/Export/Debug/Debug.bindings.h Line: 35)

changing scale lol 
(Filename: ./Runtime/Export/Debug/Debug.bindings.h Line: 35)

object hit from: 1 
(Filename: ./Runtime/Export/Debug/Debug.bindings.h Line: 35)

Player1 took 5 damage from 1 and had armor 0 
(Filename: ./Runtime/Export/Debug/Debug.bindings.h Line: 35)

estimated hp left: 95, ratio: 0.95, maxhp: 100 
(Filename: ./Runtime/Export/Debug/Debug.bindings.h Line: 35)

Player took damage from mob btw lol 
(Filename: ./Runtime/Export/Debug/Debug.bindings.h Line: 35)

recevied player hit. Damage: 5, ratio: 0.95from: 1, to: 1 
(Filename: ./Runtime/Export/Debug/Debug.bindings.h Line: 35)

Player1 took 0 damage from 1 and had armor 0 
(Filename: ./Runtime/Export/Debug/Debug.bindings.h Line: 35)

estimated hp left: 95, ratio: 0.95, maxhp: 100 
(Filename: ./Runtime/Export/Debug/Debug.bindings.h Line: 35)

Player took damage from mob btw lol 
(Filename: ./Runtime/Export/Debug/Debug.bindings.h Line: 35)

recevied player hit. Damage: 0, ratio: 0.95from: 1, to: 1 
(Filename: ./Runtime/Export/Debug/Debug.bindings.h Line: 35)

berserk multiplier: 0 
(Filename: ./Runtime/Export/Debug/Debug.bindings.h Line: 35)

mob id: 40, in mob manager: True 
(Filename: ./Runtime/Export/Debug/Debug.bindings.h Line: 35)

setting damage to: 15 
(Filename: ./Runtime/Export/Debug/Debug.bindings.h Line: 35)

Player1 took 5 damage from 1 and had armor 0 
(Filename: ./Runtime/Export/Debug/Debug.bindings.h Line: 35)

estimated hp left: 90, ratio: 0.9, maxhp: 100 
(Filename: ./Runtime/Export/Debug/Debug.bindings.h Line: 35)

Player took damage from mob btw lol 
(Filename: ./Runtime/Export/Debug/Debug.bindings.h Line: 35)

recevied player hit. Damage: 5, ratio: 0.9from: 1, to: 1 
(Filename: ./Runtime/Export/Debug/Debug.bindings.h Line: 35)

setting grass mesh 
(Filename: ./Runtime/Export/Debug/Debug.bindings.h Line: 35)

berserk multiplier: 0 
(Filename: ./Runtime/Export/Debug/Debug.bindings.h Line: 35)

Mob took 8 damage from 0. 
(Filename: ./Runtime/Export/Debug/Debug.bindings.h Line: 35)

attacking. stoponattack: False 
(Filename: ./Runtime/Export/Debug/Debug.bindings.h Line: 35)

berserk multiplier: 0 
(Filename: ./Runtime/Export/Debug/Debug.bindings.h Line: 35)

Mob took 8 damage from 0. 
(Filename: ./Runtime/Export/Debug/Debug.bindings.h Line: 35)

Mob took 13 damage from 1. 
(Filename: ./Runtime/Export/Debug/Debug.bindings.h Line: 35)

Move dist: 149807, added this one: 37 
(Filename: ./Runtime/Export/Debug/Debug.bindings.h Line: 35)

swim dist: 0, added this one: 0 
(Filename: ./Runtime/Export/Debug/Debug.bindings.h Line: 35)

attacking. stoponattack: False 
(Filename: ./Runtime/Export/Debug/Debug.bindings.h Line: 35)

attacking. stoponattack: False 
(Filename: ./Runtime/Export/Debug/Debug.bindings.h Line: 35)

berserk multiplier: 0 
(Filename: ./Runtime/Export/Debug/Debug.bindings.h Line: 35)

Mob took 23 damage from 0. 
(Filename: ./Runtime/Export/Debug/Debug.bindings.h Line: 35)

Mob took 8 damage from 1. 
(Filename: ./Runtime/Export/Debug/Debug.bindings.h Line: 35)

mob id: 41, in mob manager: True 
(Filename: ./Runtime/Export/Debug/Debug.bindings.h Line: 35)

setting damage to: 22.5 
(Filename: ./Runtime/Export/Debug/Debug.bindings.h Line: 35)

berserk multiplier: 0 
(Filename: ./Runtime/Export/Debug/Debug.bindings.h Line: 35)

Mob took 15 damage from 1. 
(Filename: ./Runtime/Export/Debug/Debug.bindings.h Line: 35)

attacking. stoponattack: False 
(Filename: ./Runtime/Export/Debug/Debug.bindings.h Line: 35)

attacking. stoponattack: False 
(Filename: ./Runtime/Export/Debug/Debug.bindings.h Line: 35)

players alive:  2 
(Filename: ./Runtime/Export/Debug/Debug.bindings.h Line: 35)

Counting enemy: Goblin(Clone) 
(Filename: ./Runtime/Export/Debug/Debug.bindings.h Line: 35)

Counting enemy: Goblin(Clone) 
(Filename: ./Runtime/Export/Debug/Debug.bindings.h Line: 35)

total weight: 2.25 
(Filename: ./Runtime/Export/Debug/Debug.bindings.h Line: 35)

offset: (16.4, 0.0, -2.9) 
(Filename: ./Runtime/Export/Debug/Debug.bindings.h Line: 35)

spawned new mob with id: 42 
(Filename: ./Runtime/Export/Debug/Debug.bindings.h Line: 35)

berserk multiplier: 0 
(Filename: ./Runtime/Export/Debug/Debug.bindings.h Line: 35)

Mob took 11 damage from 0. 
(Filename: ./Runtime/Export/Debug/Debug.bindings.h Line: 35)

Mob took 7 damage from 1. 
(Filename: ./Runtime/Export/Debug/Debug.bindings.h Line: 35)

attacking. stoponattack: False 
(Filename: ./Runtime/Export/Debug/Debug.bindings.h Line: 35)

berserk multiplier: 0 
(Filename: ./Runtime/Export/Debug/Debug.bindings.h Line: 35)

Mob took 14 damage from 0. 
(Filename: ./Runtime/Export/Debug/Debug.bindings.h Line: 35)

Is buff: False 
(Filename: ./Runtime/Export/Debug/Debug.bindings.h Line: 35)

Killcount: 930, allkills: 930, bowkills: 4, buffkills: 39, Cow Kills: 175, chunks: 4, gronks: 0, guardians: 0, goblins: 337Woodman kills: 96 
(Filename: ./Runtime/Export/Debug/Debug.bindings.h Line: 35)

Mob took 17 damage from 1. 
(Filename: ./Runtime/Export/Debug/Debug.bindings.h Line: 35)

Move dist: 149840, added this one: 33 
(Filename: ./Runtime/Export/Debug/Debug.bindings.h Line: 35)

swim dist: 0, added this one: 0 
(Filename: ./Runtime/Export/Debug/Debug.bindings.h Line: 35)

object: 23 picked up by player: 0 
(Filename: ./Runtime/Export/Debug/Debug.bindings.h Line: 35)

checking 
(Filename: ./Runtime/Export/Debug/Debug.bindings.h Line: 35)

sending pickup now from: 0 
(Filename: ./Runtime/Export/Debug/Debug.bindings.h Line: 35)

Mob took 12 damage from 1. 
(Filename: ./Runtime/Export/Debug/Debug.bindings.h Line: 35)

Mob took 18 damage from 1. 
(Filename: ./Runtime/Export/Debug/Debug.bindings.h Line: 35)

attacking. stoponattack: False 
(Filename: ./Runtime/Export/Debug/Debug.bindings.h Line: 35)

berserk multiplier: 0 
(Filename: ./Runtime/Export/Debug/Debug.bindings.h Line: 35)

Player1 took 4 damage from 1 and had armor 0 
(Filename: ./Runtime/Export/Debug/Debug.bindings.h Line: 35)

estimated hp left: 92, ratio: 0.92, maxhp: 100 
(Filename: ./Runtime/Export/Debug/Debug.bindings.h Line: 35)

Player took damage from mob btw lol 
(Filename: ./Runtime/Export/Debug/Debug.bindings.h Line: 35)

recevied player hit. Damage: 4, ratio: 0.92from: 1, to: 1 
(Filename: ./Runtime/Export/Debug/Debug.bindings.h Line: 35)

Mob took 17 damage from 1. 
(Filename: ./Runtime/Export/Debug/Debug.bindings.h Line: 35)

object: 24 picked up by player: 0 
(Filename: ./Runtime/Export/Debug/Debug.bindings.h Line: 35)

checking 
(Filename: ./Runtime/Export/Debug/Debug.bindings.h Line: 35)

sending pickup now from: 0 
(Filename: ./Runtime/Export/Debug/Debug.bindings.h Line: 35)

players alive:  2 
(Filename: ./Runtime/Export/Debug/Debug.bindings.h Line: 35)

Max sruvived days: 11 
(Filename: ./Runtime/Export/Debug/Debug.bindings.h Line: 35)

attacking. stoponattack: False 
(Filename: ./Runtime/Export/Debug/Debug.bindings.h Line: 35)

Move dist: 149873, added this one: 33 
(Filename: ./Runtime/Export/Debug/Debug.bindings.h Line: 35)

swim dist: 0, added this one: 0 
(Filename: ./Runtime/Export/Debug/Debug.bindings.h Line: 35)

berserk multiplier: 0 
(Filename: ./Runtime/Export/Debug/Debug.bindings.h Line: 35)

Mob took 9 damage from 0. 
(Filename: ./Runtime/Export/Debug/Debug.bindings.h Line: 35)

Mob took 13 damage from 1. 
(Filename: ./Runtime/Export/Debug/Debug.bindings.h Line: 35)

berserk multiplier: 0 
(Filename: ./Runtime/Export/Debug/Debug.bindings.h Line: 35)

object: 25 picked up by player: 1 
(Filename: ./Runtime/Export/Debug/Debug.bindings.h Line: 35)

setting grass mesh 
(Filename: ./Runtime/Export/Debug/Debug.bindings.h Line: 35)

Move dist: 149906, added this one: 33 
(Filename: ./Runtime/Export/Debug/Debug.bindings.h Line: 35)

swim dist: 0, added this one: 0 
(Filename: ./Runtime/Export/Debug/Debug.bindings.h Line: 35)

changing scale lol 
(Filename: ./Runtime/Export/Debug/Debug.bindings.h Line: 35)

object hit from: 1 
(Filename: ./Runtime/Export/Debug/Debug.bindings.h Line: 35)

changing scale lol 
(Filename: ./Runtime/Export/Debug/Debug.bindings.h Line: 35)

object hit from: 1 
(Filename: ./Runtime/Export/Debug/Debug.bindings.h Line: 35)

changing scale lol 
(Filename: ./Runtime/Export/Debug/Debug.bindings.h Line: 35)

object hit from: 1 
(Filename: ./Runtime/Export/Debug/Debug.bindings.h Line: 35)

dropping item 
(Filename: ./Runtime/Export/Debug/Debug.bindings.h Line: 35)

Move dist: 149939, added this one: 33 
(Filename: ./Runtime/Export/Debug/Debug.bindings.h Line: 35)

swim dist: 0, added this one: 0 
(Filename: ./Runtime/Export/Debug/Debug.bindings.h Line: 35)

taking money 
(Filename: ./Runtime/Export/Debug/Debug.bindings.h Line: 35)

Chests opened: 385 
(Filename: ./Runtime/Export/Debug/Debug.bindings.h Line: 35)

Kinematic body only supports Speculative Continuous collision detection 
(Filename:  Line: 748)

sending pickup interact now from: 0 
(Filename: ./Runtime/Export/Debug/Debug.bindings.h Line: 35)

object: 27 picked up by player: 0 
(Filename: ./Runtime/Export/Debug/Debug.bindings.h Line: 35)

sending pickup now from: 0 
(Filename: ./Runtime/Export/Debug/Debug.bindings.h Line: 35)

object: 26 picked up by player: 1 
(Filename: ./Runtime/Export/Debug/Debug.bindings.h Line: 35)

setting grass mesh 
(Filename: ./Runtime/Export/Debug/Debug.bindings.h Line: 35)

changing scale lol 
(Filename: ./Runtime/Export/Debug/Debug.bindings.h Line: 35)

object hit from: 1 
(Filename: ./Runtime/Export/Debug/Debug.bindings.h Line: 35)

changing scale lol 
(Filename: ./Runtime/Export/Debug/Debug.bindings.h Line: 35)

object hit from: 1 
(Filename: ./Runtime/Export/Debug/Debug.bindings.h Line: 35)

Move dist: 149972, added this one: 33 
(Filename: ./Runtime/Export/Debug/Debug.bindings.h Line: 35)

swim dist: 0, added this one: 0 
(Filename: ./Runtime/Export/Debug/Debug.bindings.h Line: 35)

changing scale lol 
(Filename: ./Runtime/Export/Debug/Debug.bindings.h Line: 35)

object hit from: 1 
(Filename: ./Runtime/Export/Debug/Debug.bindings.h Line: 35)

changing scale lol 
(Filename: ./Runtime/Export/Debug/Debug.bindings.h Line: 35)

object hit from: 1 
(Filename: ./Runtime/Export/Debug/Debug.bindings.h Line: 35)

setting grass mesh 
(Filename: ./Runtime/Export/Debug/Debug.bindings.h Line: 35)

setting grass mesh 
(Filename: ./Runtime/Export/Debug/Debug.bindings.h Line: 35)

checking 
(Filename: ./Runtime/Export/Debug/Debug.bindings.h Line: 35)

sending pickup interact now from: 0 
(Filename: ./Runtime/Export/Debug/Debug.bindings.h Line: 35)

Move dist: 150006, added this one: 34 
(Filename: ./Runtime/Export/Debug/Debug.bindings.h Line: 35)

swim dist: 0, added this one: 0 
(Filename: ./Runtime/Export/Debug/Debug.bindings.h Line: 35)

checking 
(Filename: ./Runtime/Export/Debug/Debug.bindings.h Line: 35)

sending pickup interact now from: 0 
(Filename: ./Runtime/Export/Debug/Debug.bindings.h Line: 35)

checking 
(Filename: ./Runtime/Export/Debug/Debug.bindings.h Line: 35)

sending pickup interact now from: 0 
(Filename: ./Runtime/Export/Debug/Debug.bindings.h Line: 35)

Move dist: 150040, added this one: 34 
(Filename: ./Runtime/Export/Debug/Debug.bindings.h Line: 35)

swim dist: 0, added this one: 0 
(Filename: ./Runtime/Export/Debug/Debug.bindings.h Line: 35)

checking 
(Filename: ./Runtime/Export/Debug/Debug.bindings.h Line: 35)

sending pickup interact now from: 0 
(Filename: ./Runtime/Export/Debug/Debug.bindings.h Line: 35)

setting grass mesh 
(Filename: ./Runtime/Export/Debug/Debug.bindings.h Line: 35)

taking money 
(Filename: ./Runtime/Export/Debug/Debug.bindings.h Line: 35)

Chests opened: 387 
(Filename: ./Runtime/Export/Debug/Debug.bindings.h Line: 35)

Kinematic body only supports Speculative Continuous collision detection 
(Filename:  Line: 748)

sending pickup interact now from: 0 
(Filename: ./Runtime/Export/Debug/Debug.bindings.h Line: 35)

object: 28 picked up by player: 0 
(Filename: ./Runtime/Export/Debug/Debug.bindings.h Line: 35)

sending pickup now from: 0 
(Filename: ./Runtime/Export/Debug/Debug.bindings.h Line: 35)

Move dist: 150072, added this one: 32 
(Filename: ./Runtime/Export/Debug/Debug.bindings.h Line: 35)

swim dist: 0, added this one: 0 
(Filename: ./Runtime/Export/Debug/Debug.bindings.h Line: 35)

berserk multiplier: 0 
(Filename: ./Runtime/Export/Debug/Debug.bindings.h Line: 35)

changing scale lol 
(Filename: ./Runtime/Export/Debug/Debug.bindings.h Line: 35)

object hit from: 0 
(Filename: ./Runtime/Export/Debug/Debug.bindings.h Line: 35)

berserk multiplier: 0 
(Filename: ./Runtime/Export/Debug/Debug.bindings.h Line: 35)

changing scale lol 
(Filename: ./Runtime/Export/Debug/Debug.bindings.h Line: 35)

object hit from: 0 
(Filename: ./Runtime/Export/Debug/Debug.bindings.h Line: 35)

berserk multiplier: 0 
(Filename: ./Runtime/Export/Debug/Debug.bindings.h Line: 35)

changing scale lol 
(Filename: ./Runtime/Export/Debug/Debug.bindings.h Line: 35)

object hit from: 0 
(Filename: ./Runtime/Export/Debug/Debug.bindings.h Line: 35)

Move dist: 150103, added this one: 31 
(Filename: ./Runtime/Export/Debug/Debug.bindings.h Line: 35)

swim dist: 0, added this one: 0 
(Filename: ./Runtime/Export/Debug/Debug.bindings.h Line: 35)

berserk multiplier: 0 
(Filename: ./Runtime/Export/Debug/Debug.bindings.h Line: 35)

changing scale lol 
(Filename: ./Runtime/Export/Debug/Debug.bindings.h Line: 35)

object hit from: 0 
(Filename: ./Runtime/Export/Debug/Debug.bindings.h Line: 35)

berserk multiplier: 0 
(Filename: ./Runtime/Export/Debug/Debug.bindings.h Line: 35)

changing scale lol 
(Filename: ./Runtime/Export/Debug/Debug.bindings.h Line: 35)

object hit from: 0 
(Filename: ./Runtime/Export/Debug/Debug.bindings.h Line: 35)

berserk multiplier: 0 
(Filename: ./Runtime/Export/Debug/Debug.bindings.h Line: 35)

changing scale lol 
(Filename: ./Runtime/Export/Debug/Debug.bindings.h Line: 35)

object hit from: 0 
(Filename: ./Runtime/Export/Debug/Debug.bindings.h Line: 35)

berserk multiplier: 0 
(Filename: ./Runtime/Export/Debug/Debug.bindings.h Line: 35)

changing scale lol 
(Filename: ./Runtime/Export/Debug/Debug.bindings.h Line: 35)

object hit from: 0 
(Filename: ./Runtime/Export/Debug/Debug.bindings.h Line: 35)

Move dist: 150130, added this one: 27 
(Filename: ./Runtime/Export/Debug/Debug.bindings.h Line: 35)

swim dist: 0, added this one: 0 
(Filename: ./Runtime/Export/Debug/Debug.bindings.h Line: 35)

berserk multiplier: 0 
(Filename: ./Runtime/Export/Debug/Debug.bindings.h Line: 35)

changing scale lol 
(Filename: ./Runtime/Export/Debug/Debug.bindings.h Line: 35)

object hit from: 0 
(Filename: ./Runtime/Export/Debug/Debug.bindings.h Line: 35)

berserk multiplier: 0 
(Filename: ./Runtime/Export/Debug/Debug.bindings.h Line: 35)

changing scale lol 
(Filename: ./Runtime/Export/Debug/Debug.bindings.h Line: 35)

object hit from: 0 
(Filename: ./Runtime/Export/Debug/Debug.bindings.h Line: 35)

dropping item 
(Filename: ./Runtime/Export/Debug/Debug.bindings.h Line: 35)

object: 29 picked up by player: 0 
(Filename: ./Runtime/Export/Debug/Debug.bindings.h Line: 35)

checking 
(Filename: ./Runtime/Export/Debug/Debug.bindings.h Line: 35)

sending pickup now from: 0 
(Filename: ./Runtime/Export/Debug/Debug.bindings.h Line: 35)

Move dist: 150161, added this one: 31 
(Filename: ./Runtime/Export/Debug/Debug.bindings.h Line: 35)

swim dist: 0, added this one: 0 
(Filename: ./Runtime/Export/Debug/Debug.bindings.h Line: 35)

berserk multiplier: 0 
(Filename: ./Runtime/Export/Debug/Debug.bindings.h Line: 35)

berserk multiplier: 0 
(Filename: ./Runtime/Export/Debug/Debug.bindings.h Line: 35)

setting grass mesh 
(Filename: ./Runtime/Export/Debug/Debug.bindings.h Line: 35)

setting grass mesh 
(Filename: ./Runtime/Export/Debug/Debug.bindings.h Line: 35)

Move dist: 150195, added this one: 34 
(Filename: ./Runtime/Export/Debug/Debug.bindings.h Line: 35)

swim dist: 0, added this one: 0 
(Filename: ./Runtime/Export/Debug/Debug.bindings.h Line: 35)

Move dist: 150229, added this one: 34 
(Filename: ./Runtime/Export/Debug/Debug.bindings.h Line: 35)

swim dist: 0, added this one: 0 
(Filename: ./Runtime/Export/Debug/Debug.bindings.h Line: 35)

berserk multiplier: 0 
(Filename: ./Runtime/Export/Debug/Debug.bindings.h Line: 35)

setting grass mesh 
(Filename: ./Runtime/Export/Debug/Debug.bindings.h Line: 35)

dequeing 
(Filename: ./Runtime/Export/Debug/Debug.bindings.h Line: 35)

spawning food from id: 45 
(Filename: ./Runtime/Export/Debug/Debug.bindings.h Line: 35)

dequeing 
(Filename: ./Runtime/Export/Debug/Debug.bindings.h Line: 35)

spawning food from id: 45 
(Filename: ./Runtime/Export/Debug/Debug.bindings.h Line: 35)

dequeing 
(Filename: ./Runtime/Export/Debug/Debug.bindings.h Line: 35)

spawning food from id: 45 
(Filename: ./Runtime/Export/Debug/Debug.bindings.h Line: 35)

Move dist: 150263, added this one: 34 
(Filename: ./Runtime/Export/Debug/Debug.bindings.h Line: 35)

swim dist: 0, added this one: 0 
(Filename: ./Runtime/Export/Debug/Debug.bindings.h Line: 35)

checking 
(Filename: ./Runtime/Export/Debug/Debug.bindings.h Line: 35)

sending pickup interact now from: 0 
(Filename: ./Runtime/Export/Debug/Debug.bindings.h Line: 35)

overlay set to: 0.6 
(Filename: ./Runtime/Export/Debug/Debug.bindings.h Line: 35)

overlay set to: 0.6 
(Filename: ./Runtime/Export/Debug/Debug.bindings.h Line: 35)

unlocked station: 100 
(Filename: ./Runtime/Export/Debug/Debug.bindings.h Line: 35)

dequeing 
(Filename: ./Runtime/Export/Debug/Debug.bindings.h Line: 35)

spawning food from id: 278 
(Filename: ./Runtime/Export/Debug/Debug.bindings.h Line: 35)

dequeing 
(Filename: ./Runtime/Export/Debug/Debug.bindings.h Line: 35)

spawning food from id: 278 
(Filename: ./Runtime/Export/Debug/Debug.bindings.h Line: 35)

dequeing 
(Filename: ./Runtime/Export/Debug/Debug.bindings.h Line: 35)

spawning food from id: 278 
(Filename: ./Runtime/Export/Debug/Debug.bindings.h Line: 35)

overlay set to: 0.6 
(Filename: ./Runtime/Export/Debug/Debug.bindings.h Line: 35)

Move dist: 150287, added this one: 24 
(Filename: ./Runtime/Export/Debug/Debug.bindings.h Line: 35)

swim dist: 0, added this one: 0 
(Filename: ./Runtime/Export/Debug/Debug.bindings.h Line: 35)

overlay set to: 0.6 
(Filename: ./Runtime/Export/Debug/Debug.bindings.h Line: 35)

setting grass mesh 
(Filename: ./Runtime/Export/Debug/Debug.bindings.h Line: 35)

Move dist: 150307, added this one: 20 
(Filename: ./Runtime/Export/Debug/Debug.bindings.h Line: 35)

swim dist: 0, added this one: 0 
(Filename: ./Runtime/Export/Debug/Debug.bindings.h Line: 35)

setting grass mesh 
(Filename: ./Runtime/Export/Debug/Debug.bindings.h Line: 35)

checking 
(Filename: ./Runtime/Export/Debug/Debug.bindings.h Line: 35)

sending pickup interact now from: 0 
(Filename: ./Runtime/Export/Debug/Debug.bindings.h Line: 35)

berserk multiplier: 0 
(Filename: ./Runtime/Export/Debug/Debug.bindings.h Line: 35)

berserk multiplier: 0 
(Filename: ./Runtime/Export/Debug/Debug.bindings.h Line: 35)

berserk multiplier: 0 
(Filename: ./Runtime/Export/Debug/Debug.bindings.h Line: 35)

berserk multiplier: 0 
(Filename: ./Runtime/Export/Debug/Debug.bindings.h Line: 35)

attacking. stoponattack: False 
(Filename: ./Runtime/Export/Debug/Debug.bindings.h Line: 35)

Move dist: 150331, added this one: 24 
(Filename: ./Runtime/Export/Debug/Debug.bindings.h Line: 35)

swim dist: 0, added this one: 0 
(Filename: ./Runtime/Export/Debug/Debug.bindings.h Line: 35)

berserk multiplier: 0 
(Filename: ./Runtime/Export/Debug/Debug.bindings.h Line: 35)

berserk multiplier: 0 
(Filename: ./Runtime/Export/Debug/Debug.bindings.h Line: 35)

setting grass mesh 
(Filename: ./Runtime/Export/Debug/Debug.bindings.h Line: 35)

y component: 0.07061987 
(Filename: ./Runtime/Export/Debug/Debug.bindings.h Line: 35)

launch angle: -1.346549 
(Filename: ./Runtime/Export/Debug/Debug.bindings.h Line: 35)

mob id: 1, in mob manager: True 
(Filename: ./Runtime/Export/Debug/Debug.bindings.h Line: 35)

setting damage to: 30 
(Filename: ./Runtime/Export/Debug/Debug.bindings.h Line: 35)

changing scale lol 
(Filename: ./Runtime/Export/Debug/Debug.bindings.h Line: 35)

object hit from: 0 
(Filename: ./Runtime/Export/Debug/Debug.bindings.h Line: 35)

changing scale lol 
(Filename: ./Runtime/Export/Debug/Debug.bindings.h Line: 35)

object hit from: 0 
(Filename: ./Runtime/Export/Debug/Debug.bindings.h Line: 35)

Physics.ClosestPoint can only be used with a BoxCollider, SphereCollider, CapsuleCollider and a convex MeshCollider. 
(Filename:  Line: 1410)

Physics.ClosestPoint can only be used with a BoxCollider, SphereCollider, CapsuleCollider and a convex MeshCollider. 
(Filename:  Line: 1410)

Physics.ClosestPoint can only be used with a BoxCollider, SphereCollider, CapsuleCollider and a convex MeshCollider. 
(Filename:  Line: 1410)

Physics.ClosestPoint can only be used with a BoxCollider, SphereCollider, CapsuleCollider and a convex MeshCollider. 
(Filename:  Line: 1410)

Physics.ClosestPoint can only be used with a BoxCollider, SphereCollider, CapsuleCollider and a convex MeshCollider. 
(Filename:  Line: 1410)

Physics.ClosestPoint can only be used with a BoxCollider, SphereCollider, CapsuleCollider and a convex MeshCollider. 
(Filename:  Line: 1410)

Physics.ClosestPoint can only be used with a BoxCollider, SphereCollider, CapsuleCollider and a convex MeshCollider. 
(Filename:  Line: 1410)

Physics.ClosestPoint can only be used with a BoxCollider, SphereCollider, CapsuleCollider and a convex MeshCollider. 
(Filename:  Line: 1410)

Physics.ClosestPoint can only be used with a BoxCollider, SphereCollider, CapsuleCollider and a convex MeshCollider. 
(Filename:  Line: 1410)

Physics.ClosestPoint can only be used with a BoxCollider, SphereCollider, CapsuleCollider and a convex MeshCollider. 
(Filename:  Line: 1410)

Physics.ClosestPoint can only be used with a BoxCollider, SphereCollider, CapsuleCollider and a convex MeshCollider. 
(Filename:  Line: 1410)

Physics.ClosestPoint can only be used with a BoxCollider, SphereCollider, CapsuleCollider and a convex MeshCollider. 
(Filename:  Line: 1410)

Physics.ClosestPoint can only be used with a BoxCollider, SphereCollider, CapsuleCollider and a convex MeshCollider. 
(Filename:  Line: 1410)

Physics.ClosestPoint can only be used with a BoxCollider, SphereCollider, CapsuleCollider and a convex MeshCollider. 
(Filename:  Line: 1410)

Physics.ClosestPoint can only be used with a BoxCollider, SphereCollider, CapsuleCollider and a convex MeshCollider. 
(Filename:  Line: 1410)

Physics.ClosestPoint can only be used with a BoxCollider, SphereCollider, CapsuleCollider and a convex MeshCollider. 
(Filename:  Line: 1410)

Physics.ClosestPoint can only be used with a BoxCollider, SphereCollider, CapsuleCollider and a convex MeshCollider. 
(Filename:  Line: 1410)

Physics.ClosestPoint can only be used with a BoxCollider, SphereCollider, CapsuleCollider and a convex MeshCollider. 
(Filename:  Line: 1410)

Physics.ClosestPoint can only be used with a BoxCollider, SphereCollider, CapsuleCollider and a convex MeshCollider. 
(Filename:  Line: 1410)

Physics.ClosestPoint can only be used with a BoxCollider, SphereCollider, CapsuleCollider and a convex MeshCollider. 
(Filename:  Line: 1410)

Physics.ClosestPoint can only be used with a BoxCollider, SphereCollider, CapsuleCollider and a convex MeshCollider. 
(Filename:  Line: 1410)

Physics.ClosestPoint can only be used with a BoxCollider, SphereCollider, CapsuleCollider and a convex MeshCollider. 
(Filename:  Line: 1410)

Physics.ClosestPoint can only be used with a BoxCollider, SphereCollider, CapsuleCollider and a convex MeshCollider. 
(Filename:  Line: 1410)

Physics.ClosestPoint can only be used with a BoxCollider, SphereCollider, CapsuleCollider and a convex MeshCollider. 
(Filename:  Line: 1410)

Physics.ClosestPoint can only be used with a BoxCollider, SphereCollider, CapsuleCollider and a convex MeshCollider. 
(Filename:  Line: 1410)

Physics.ClosestPoint can only be used with a BoxCollider, SphereCollider, CapsuleCollider and a convex MeshCollider. 
(Filename:  Line: 1410)

Physics.ClosestPoint can only be used with a BoxCollider, SphereCollider, CapsuleCollider and a convex MeshCollider. 
(Filename:  Line: 1410)

Physics.ClosestPoint can only be used with a BoxCollider, SphereCollider, CapsuleCollider and a convex MeshCollider. 
(Filename:  Line: 1410)

Physics.ClosestPoint can only be used with a BoxCollider, SphereCollider, CapsuleCollider and a convex MeshCollider. 
(Filename:  Line: 1410)

Physics.ClosestPoint can only be used with a BoxCollider, SphereCollider, CapsuleCollider and a convex MeshCollider. 
(Filename:  Line: 1410)

Physics.ClosestPoint can only be used with a BoxCollider, SphereCollider, CapsuleCollider and a convex MeshCollider. 
(Filename:  Line: 1410)

Physics.ClosestPoint can only be used with a BoxCollider, SphereCollider, CapsuleCollider and a convex MeshCollider. 
(Filename:  Line: 1410)

Physics.ClosestPoint can only be used with a BoxCollider, SphereCollider, CapsuleCollider and a convex MeshCollider. 
(Filename:  Line: 1410)

Physics.ClosestPoint can only be used with a BoxCollider, SphereCollider, CapsuleCollider and a convex MeshCollider. 
(Filename:  Line: 1410)

Physics.ClosestPoint can only be used with a BoxCollider, SphereCollider, CapsuleCollider and a convex MeshCollider. 
(Filename:  Line: 1410)

Physics.ClosestPoint can only be used with a BoxCollider, SphereCollider, CapsuleCollider and a convex MeshCollider. 
(Filename:  Line: 1410)

Physics.ClosestPoint can only be used with a BoxCollider, SphereCollider, CapsuleCollider and a convex MeshCollider. 
(Filename:  Line: 1410)

Physics.ClosestPoint can only be used with a BoxCollider, SphereCollider, CapsuleCollider and a convex MeshCollider. 
(Filename:  Line: 1410)

Physics.ClosestPoint can only be used with a BoxCollider, SphereCollider, CapsuleCollider and a convex MeshCollider. 
(Filename:  Line: 1410)

Physics.ClosestPoint can only be used with a BoxCollider, SphereCollider, CapsuleCollider and a convex MeshCollider. 
(Filename:  Line: 1410)

Physics.ClosestPoint can only be used with a BoxCollider, SphereCollider, CapsuleCollider and a convex MeshCollider. 
(Filename:  Line: 1410)

Physics.ClosestPoint can only be used with a BoxCollider, SphereCollider, CapsuleCollider and a convex MeshCollider. 
(Filename:  Line: 1410)

Physics.ClosestPoint can only be used with a BoxCollider, SphereCollider, CapsuleCollider and a convex MeshCollider. 
(Filename:  Line: 1410)

Physics.ClosestPoint can only be used with a BoxCollider, SphereCollider, CapsuleCollider and a convex MeshCollider. 
(Filename:  Line: 1410)

Physics.ClosestPoint can only be used with a BoxCollider, SphereCollider, CapsuleCollider and a convex MeshCollider. 
(Filename:  Line: 1410)

Physics.ClosestPoint can only be used with a BoxCollider, SphereCollider, CapsuleCollider and a convex MeshCollider. 
(Filename:  Line: 1410)

Physics.ClosestPoint can only be used with a BoxCollider, SphereCollider, CapsuleCollider and a convex MeshCollider. 
(Filename:  Line: 1410)

Physics.ClosestPoint can only be used with a BoxCollider, SphereCollider, CapsuleCollider and a convex MeshCollider. 
(Filename:  Line: 1410)

Physics.ClosestPoint can only be used with a BoxCollider, SphereCollider, CapsuleCollider and a convex MeshCollider. 
(Filename:  Line: 1410)

Physics.ClosestPoint can only be used with a BoxCollider, SphereCollider, CapsuleCollider and a convex MeshCollider. 
(Filename:  Line: 1410)

Physics.ClosestPoint can only be used with a BoxCollider, SphereCollider, CapsuleCollider and a convex MeshCollider. 
(Filename:  Line: 1410)

Physics.ClosestPoint can only be used with a BoxCollider, SphereCollider, CapsuleCollider and a convex MeshCollider. 
(Filename:  Line: 1410)

Physics.ClosestPoint can only be used with a BoxCollider, SphereCollider, CapsuleCollider and a convex MeshCollider. 
(Filename:  Line: 1410)

Physics.ClosestPoint can only be used with a BoxCollider, SphereCollider, CapsuleCollider and a convex MeshCollider. 
(Filename:  Line: 1410)

Physics.ClosestPoint can only be used with a BoxCollider, SphereCollider, CapsuleCollider and a convex MeshCollider. 
(Filename:  Line: 1410)

Physics.ClosestPoint can only be used with a BoxCollider, SphereCollider, CapsuleCollider and a convex MeshCollider. 
(Filename:  Line: 1410)

Physics.ClosestPoint can only be used with a BoxCollider, SphereCollider, CapsuleCollider and a convex MeshCollider. 
(Filename:  Line: 1410)

Physics.ClosestPoint can only be used with a BoxCollider, SphereCollider, CapsuleCollider and a convex MeshCollider. 
(Filename:  Line: 1410)

Physics.ClosestPoint can only be used with a BoxCollider, SphereCollider, CapsuleCollider and a convex MeshCollider. 
(Filename:  Line: 1410)

Physics.ClosestPoint can only be used with a BoxCollider, SphereCollider, CapsuleCollider and a convex MeshCollider. 
(Filename:  Line: 1410)

Physics.ClosestPoint can only be used with a BoxCollider, SphereCollider, CapsuleCollider and a convex MeshCollider. 
(Filename:  Line: 1410)

Physics.ClosestPoint can only be used with a BoxCollider, SphereCollider, CapsuleCollider and a convex MeshCollider. 
(Filename:  Line: 1410)

Physics.ClosestPoint can only be used with a BoxCollider, SphereCollider, CapsuleCollider and a convex MeshCollider. 
(Filename:  Line: 1410)

Physics.ClosestPoint can only be used with a BoxCollider, SphereCollider, CapsuleCollider and a convex MeshCollider. 
(Filename:  Line: 1410)

Physics.ClosestPoint can only be used with a BoxCollider, SphereCollider, CapsuleCollider and a convex MeshCollider. 
(Filename:  Line: 1410)

Physics.ClosestPoint can only be used with a BoxCollider, SphereCollider, CapsuleCollider and a convex MeshCollider. 
(Filename:  Line: 1410)

Physics.ClosestPoint can only be used with a BoxCollider, SphereCollider, CapsuleCollider and a convex MeshCollider. 
(Filename:  Line: 1410)

Physics.ClosestPoint can only be used with a BoxCollider, SphereCollider, CapsuleCollider and a convex MeshCollider. 
(Filename:  Line: 1410)

Physics.ClosestPoint can only be used with a BoxCollider, SphereCollider, CapsuleCollider and a convex MeshCollider. 
(Filename:  Line: 1410)

Physics.ClosestPoint can only be used with a BoxCollider, SphereCollider, CapsuleCollider and a convex MeshCollider. 
(Filename:  Line: 1410)

Physics.ClosestPoint can only be used with a BoxCollider, SphereCollider, CapsuleCollider and a convex MeshCollider. 
(Filename:  Line: 1410)

Physics.ClosestPoint can only be used with a BoxCollider, SphereCollider, CapsuleCollider and a convex MeshCollider. 
(Filename:  Line: 1410)

Physics.ClosestPoint can only be used with a BoxCollider, SphereCollider, CapsuleCollider and a convex MeshCollider. 
(Filename:  Line: 1410)

Physics.ClosestPoint can only be used with a BoxCollider, SphereCollider, CapsuleCollider and a convex MeshCollider. 
(Filename:  Line: 1410)

Physics.ClosestPoint can only be used with a BoxCollider, SphereCollider, CapsuleCollider and a convex MeshCollider. 
(Filename:  Line: 1410)

Physics.ClosestPoint can only be used with a BoxCollider, SphereCollider, CapsuleCollider and a convex MeshCollider. 
(Filename:  Line: 1410)

Physics.ClosestPoint can only be used with a BoxCollider, SphereCollider, CapsuleCollider and a convex MeshCollider. 
(Filename:  Line: 1410)

Physics.ClosestPoint can only be used with a BoxCollider, SphereCollider, CapsuleCollider and a convex MeshCollider. 
(Filename:  Line: 1410)

Physics.ClosestPoint can only be used with a BoxCollider, SphereCollider, CapsuleCollider and a convex MeshCollider. 
(Filename:  Line: 1410)

Physics.ClosestPoint can only be used with a BoxCollider, SphereCollider, CapsuleCollider and a convex MeshCollider. 
(Filename:  Line: 1410)

Physics.ClosestPoint can only be used with a BoxCollider, SphereCollider, CapsuleCollider and a convex MeshCollider. 
(Filename:  Line: 1410)

Physics.ClosestPoint can only be used with a BoxCollider, SphereCollider, CapsuleCollider and a convex MeshCollider. 
(Filename:  Line: 1410)

Physics.ClosestPoint can only be used with a BoxCollider, SphereCollider, CapsuleCollider and a convex MeshCollider. 
(Filename:  Line: 1410)

Physics.ClosestPoint can only be used with a BoxCollider, SphereCollider, CapsuleCollider and a convex MeshCollider. 
(Filename:  Line: 1410)

Physics.ClosestPoint can only be used with a BoxCollider, SphereCollider, CapsuleCollider and a convex MeshCollider. 
(Filename:  Line: 1410)

Physics.ClosestPoint can only be used with a BoxCollider, SphereCollider, CapsuleCollider and a convex MeshCollider. 
(Filename:  Line: 1410)

Physics.ClosestPoint can only be used with a BoxCollider, SphereCollider, CapsuleCollider and a convex MeshCollider. 
(Filename:  Line: 1410)

Physics.ClosestPoint can only be used with a BoxCollider, SphereCollider, CapsuleCollider and a convex MeshCollider. 
(Filename:  Line: 1410)

Physics.ClosestPoint can only be used with a BoxCollider, SphereCollider, CapsuleCollider and a convex MeshCollider. 
(Filename:  Line: 1410)

Physics.ClosestPoint can only be used with a BoxCollider, SphereCollider, CapsuleCollider and a convex MeshCollider. 
(Filename:  Line: 1410)

Physics.ClosestPoint can only be used with a BoxCollider, SphereCollider, CapsuleCollider and a convex MeshCollider. 
(Filename:  Line: 1410)

Physics.ClosestPoint can only be used with a BoxCollider, SphereCollider, CapsuleCollider and a convex MeshCollider. 
(Filename:  Line: 1410)

Physics.ClosestPoint can only be used with a BoxCollider, SphereCollider, CapsuleCollider and a convex MeshCollider. 
(Filename:  Line: 1410)

Physics.ClosestPoint can only be used with a BoxCollider, SphereCollider, CapsuleCollider and a convex MeshCollider. 
(Filename:  Line: 1410)

Physics.ClosestPoint can only be used with a BoxCollider, SphereCollider, CapsuleCollider and a convex MeshCollider. 
(Filename:  Line: 1410)

Physics.ClosestPoint can only be used with a BoxCollider, SphereCollider, CapsuleCollider and a convex MeshCollider. 
(Filename:  Line: 1410)

Physics.ClosestPoint can only be used with a BoxCollider, SphereCollider, CapsuleCollider and a convex MeshCollider. 
(Filename:  Line: 1410)

Physics.ClosestPoint can only be used with a BoxCollider, SphereCollider, CapsuleCollider and a convex MeshCollider. 
(Filename:  Line: 1410)

Physics.ClosestPoint can only be used with a BoxCollider, SphereCollider, CapsuleCollider and a convex MeshCollider. 
(Filename:  Line: 1410)

Physics.ClosestPoint can only be used with a BoxCollider, SphereCollider, CapsuleCollider and a convex MeshCollider. 
(Filename:  Line: 1410)

Physics.ClosestPoint can only be used with a BoxCollider, SphereCollider, CapsuleCollider and a convex MeshCollider. 
(Filename:  Line: 1410)

Physics.ClosestPoint can only be used with a BoxCollider, SphereCollider, CapsuleCollider and a convex MeshCollider. 
(Filename:  Line: 1410)

Physics.ClosestPoint can only be used with a BoxCollider, SphereCollider, CapsuleCollider and a convex MeshCollider. 
(Filename:  Line: 1410)

Physics.ClosestPoint can only be used with a BoxCollider, SphereCollider, CapsuleCollider and a convex MeshCollider. 
(Filename:  Line: 1410)

Physics.ClosestPoint can only be used with a BoxCollider, SphereCollider, CapsuleCollider and a convex MeshCollider. 
(Filename:  Line: 1410)

Physics.ClosestPoint can only be used with a BoxCollider, SphereCollider, CapsuleCollider and a convex MeshCollider. 
(Filename:  Line: 1410)

Physics.ClosestPoint can only be used with a BoxCollider, SphereCollider, CapsuleCollider and a convex MeshCollider. 
(Filename:  Line: 1410)

Physics.ClosestPoint can only be used with a BoxCollider, SphereCollider, CapsuleCollider and a convex MeshCollider. 
(Filename:  Line: 1410)

Physics.ClosestPoint can only be used with a BoxCollider, SphereCollider, CapsuleCollider and a convex MeshCollider. 
(Filename:  Line: 1410)

Physics.ClosestPoint can only be used with a BoxCollider, SphereCollider, CapsuleCollider and a convex MeshCollider. 
(Filename:  Line: 1410)

Physics.ClosestPoint can only be used with a BoxCollider, SphereCollider, CapsuleCollider and a convex MeshCollider. 
(Filename:  Line: 1410)

Physics.ClosestPoint can only be used with a BoxCollider, SphereCollider, CapsuleCollider and a convex MeshCollider. 
(Filename:  Line: 1410)

Physics.ClosestPoint can only be used with a BoxCollider, SphereCollider, CapsuleCollider and a convex MeshCollider. 
(Filename:  Line: 1410)

Physics.ClosestPoint can only be used with a BoxCollider, SphereCollider, CapsuleCollider and a convex MeshCollider. 
(Filename:  Line: 1410)

Physics.ClosestPoint can only be used with a BoxCollider, SphereCollider, CapsuleCollider and a convex MeshCollider. 
(Filename:  Line: 1410)

Physics.ClosestPoint can only be used with a BoxCollider, SphereCollider, CapsuleCollider and a convex MeshCollider. 
(Filename:  Line: 1410)

Physics.ClosestPoint can only be used with a BoxCollider, SphereCollider, CapsuleCollider and a convex MeshCollider. 
(Filename:  Line: 1410)

Physics.ClosestPoint can only be used with a BoxCollider, SphereCollider, CapsuleCollider and a convex MeshCollider. 
(Filename:  Line: 1410)

Physics.ClosestPoint can only be used with a BoxCollider, SphereCollider, CapsuleCollider and a convex MeshCollider. 
(Filename:  Line: 1410)

Physics.ClosestPoint can only be used with a BoxCollider, SphereCollider, CapsuleCollider and a convex MeshCollider. 
(Filename:  Line: 1410)

Physics.ClosestPoint can only be used with a BoxCollider, SphereCollider, CapsuleCollider and a convex MeshCollider. 
(Filename:  Line: 1410)

Physics.ClosestPoint can only be used with a BoxCollider, SphereCollider, CapsuleCollider and a convex MeshCollider. 
(Filename:  Line: 1410)

Physics.ClosestPoint can only be used with a BoxCollider, SphereCollider, CapsuleCollider and a convex MeshCollider. 
(Filename:  Line: 1410)

Physics.ClosestPoint can only be used with a BoxCollider, SphereCollider, CapsuleCollider and a convex MeshCollider. 
(Filename:  Line: 1410)

Physics.ClosestPoint can only be used with a BoxCollider, SphereCollider, CapsuleCollider and a convex MeshCollider. 
(Filename:  Line: 1410)

Physics.ClosestPoint can only be used with a BoxCollider, SphereCollider, CapsuleCollider and a convex MeshCollider. 
(Filename:  Line: 1410)

Physics.ClosestPoint can only be used with a BoxCollider, SphereCollider, CapsuleCollider and a convex MeshCollider. 
(Filename:  Line: 1410)

Physics.ClosestPoint can only be used with a BoxCollider, SphereCollider, CapsuleCollider and a convex MeshCollider. 
(Filename:  Line: 1410)

Physics.ClosestPoint can only be used with a BoxCollider, SphereCollider, CapsuleCollider and a convex MeshCollider. 
(Filename:  Line: 1410)

Physics.ClosestPoint can only be used with a BoxCollider, SphereCollider, CapsuleCollider and a convex MeshCollider. 
(Filename:  Line: 1410)

Physics.ClosestPoint can only be used with a BoxCollider, SphereCollider, CapsuleCollider and a convex MeshCollider. 
(Filename:  Line: 1410)

Physics.ClosestPoint can only be used with a BoxCollider, SphereCollider, CapsuleCollider and a convex MeshCollider. 
(Filename:  Line: 1410)

Physics.ClosestPoint can only be used with a BoxCollider, SphereCollider, CapsuleCollider and a convex MeshCollider. 
(Filename:  Line: 1410)

Physics.ClosestPoint can only be used with a BoxCollider, SphereCollider, CapsuleCollider and a convex MeshCollider. 
(Filename:  Line: 1410)

Physics.ClosestPoint can only be used with a BoxCollider, SphereCollider, CapsuleCollider and a convex MeshCollider. 
(Filename:  Line: 1410)

Physics.ClosestPoint can only be used with a BoxCollider, SphereCollider, CapsuleCollider and a convex MeshCollider. 
(Filename:  Line: 1410)

Physics.ClosestPoint can only be used with a BoxCollider, SphereCollider, CapsuleCollider and a convex MeshCollider. 
(Filename:  Line: 1410)

setting grass mesh 
(Filename: ./Runtime/Export/Debug/Debug.bindings.h Line: 35)

attacking. stoponattack: False 
(Filename: ./Runtime/Export/Debug/Debug.bindings.h Line: 35)

Move dist: 150367, added this one: 36 
(Filename: ./Runtime/Export/Debug/Debug.bindings.h Line: 35)

swim dist: 0, added this one: 0 
(Filename: ./Runtime/Export/Debug/Debug.bindings.h Line: 35)

y component: -0.1852552 
(Filename: ./Runtime/Export/Debug/Debug.bindings.h Line: 35)

launch angle: -1.532881 
(Filename: ./Runtime/Export/Debug/Debug.bindings.h Line: 35)

mob id: 1, in mob manager: True 
(Filename: ./Runtime/Export/Debug/Debug.bindings.h Line: 35)

setting damage to: 30 
(Filename: ./Runtime/Export/Debug/Debug.bindings.h Line: 35)

changing scale lol 
(Filename: ./Runtime/Export/Debug/Debug.bindings.h Line: 35)

object hit from: 0 
(Filename: ./Runtime/Export/Debug/Debug.bindings.h Line: 35)

changing scale lol 
(Filename: ./Runtime/Export/Debug/Debug.bindings.h Line: 35)

object hit from: 0 
(Filename: ./Runtime/Export/Debug/Debug.bindings.h Line: 35)

Kicking player: gutt_heter_finger with id 1 
(Filename: ./Runtime/Export/Debug/Debug.bindings.h Line: 35)

Player 1 has disconnected 
(Filename: ./Runtime/Export/Debug/Debug.bindings.h Line: 35)

berserk multiplier: 0 
(Filename: ./Runtime/Export/Debug/Debug.bindings.h Line: 35)

Physics.ClosestPoint can only be used with a BoxCollider, SphereCollider, CapsuleCollider and a convex MeshCollider. 
(Filename:  Line: 1410)

Physics.ClosestPoint can only be used with a BoxCollider, SphereCollider, CapsuleCollider and a convex MeshCollider. 
(Filename:  Line: 1410)

Physics.ClosestPoint can only be used with a BoxCollider, SphereCollider, CapsuleCollider and a convex MeshCollider. 
(Filename:  Line: 1410)

Mob took 8 damage from 0. 
(Filename: ./Runtime/Export/Debug/Debug.bindings.h Line: 35)

attacking. stoponattack: False 
(Filename: ./Runtime/Export/Debug/Debug.bindings.h Line: 35)

Physics.ClosestPoint can only be used with a BoxCollider, SphereCollider, CapsuleCollider and a convex MeshCollider. 
(Filename:  Line: 1410)

Physics.ClosestPoint can only be used with a BoxCollider, SphereCollider, CapsuleCollider and a convex MeshCollider. 
(Filename:  Line: 1410)

Physics.ClosestPoint can only be used with a BoxCollider, SphereCollider, CapsuleCollider and a convex MeshCollider. 
(Filename:  Line: 1410)

Physics.ClosestPoint can only be used with a BoxCollider, SphereCollider, CapsuleCollider and a convex MeshCollider. 
(Filename:  Line: 1410)

Physics.ClosestPoint can only be used with a BoxCollider, SphereCollider, CapsuleCollider and a convex MeshCollider. 
(Filename:  Line: 1410)

Physics.ClosestPoint can only be used with a BoxCollider, SphereCollider, CapsuleCollider and a convex MeshCollider. 
(Filename:  Line: 1410)

Physics.ClosestPoint can only be used with a BoxCollider, SphereCollider, CapsuleCollider and a convex MeshCollider. 
(Filename:  Line: 1410)

Physics.ClosestPoint can only be used with a BoxCollider, SphereCollider, CapsuleCollider and a convex MeshCollider. 
(Filename:  Line: 1410)

Physics.ClosestPoint can only be used with a BoxCollider, SphereCollider, CapsuleCollider and a convex MeshCollider. 
(Filename:  Line: 1410)

Physics.ClosestPoint can only be used with a BoxCollider, SphereCollider, CapsuleCollider and a convex MeshCollider. 
(Filename:  Line: 1410)

Physics.ClosestPoint can only be used with a BoxCollider, SphereCollider, CapsuleCollider and a convex MeshCollider. 
(Filename:  Line: 1410)

Physics.ClosestPoint can only be used with a BoxCollider, SphereCollider, CapsuleCollider and a convex MeshCollider. 
(Filename:  Line: 1410)

Physics.ClosestPoint can only be used with a BoxCollider, SphereCollider, CapsuleCollider and a convex MeshCollider. 
(Filename:  Line: 1410)

Physics.ClosestPoint can only be used with a BoxCollider, SphereCollider, CapsuleCollider and a convex MeshCollider. 
(Filename:  Line: 1410)

Physics.ClosestPoint can only be used with a BoxCollider, SphereCollider, CapsuleCollider and a convex MeshCollider. 
(Filename:  Line: 1410)

Physics.ClosestPoint can only be used with a BoxCollider, SphereCollider, CapsuleCollider and a convex MeshCollider. 
(Filename:  Line: 1410)

Physics.ClosestPoint can only be used with a BoxCollider, SphereCollider, CapsuleCollider and a convex MeshCollider. 
(Filename:  Line: 1410)

Physics.ClosestPoint can only be used with a BoxCollider, SphereCollider, CapsuleCollider and a convex MeshCollider. 
(Filename:  Line: 1410)

Physics.ClosestPoint can only be used with a BoxCollider, SphereCollider, CapsuleCollider and a convex MeshCollider. 
(Filename:  Line: 1410)

Physics.ClosestPoint can only be used with a BoxCollider, SphereCollider, CapsuleCollider and a convex MeshCollider. 
(Filename:  Line: 1410)

Physics.ClosestPoint can only be used with a BoxCollider, SphereCollider, CapsuleCollider and a convex MeshCollider. 
(Filename:  Line: 1410)

Physics.ClosestPoint can only be used with a BoxCollider, SphereCollider, CapsuleCollider and a convex MeshCollider. 
(Filename:  Line: 1410)

Physics.ClosestPoint can only be used with a BoxCollider, SphereCollider, CapsuleCollider and a convex MeshCollider. 
(Filename:  Line: 1410)

berserk multiplier: 0 
(Filename: ./Runtime/Export/Debug/Debug.bindings.h Line: 35)

Mob took 20 damage from 0. 
(Filename: ./Runtime/Export/Debug/Debug.bindings.h Line: 35)

Physics.ClosestPoint can only be used with a BoxCollider, SphereCollider, CapsuleCollider and a convex MeshCollider. 
(Filename:  Line: 1410)

Physics.ClosestPoint can only be used with a BoxCollider, SphereCollider, CapsuleCollider and a convex MeshCollider. 
(Filename:  Line: 1410)

Physics.ClosestPoint can only be used with a BoxCollider, SphereCollider, CapsuleCollider and a convex MeshCollider. 
(Filename:  Line: 1410)

Physics.ClosestPoint can only be used with a BoxCollider, SphereCollider, CapsuleCollider and a convex MeshCollider. 
(Filename:  Line: 1410)

Physics.ClosestPoint can only be used with a BoxCollider, SphereCollider, CapsuleCollider and a convex MeshCollider. 
(Filename:  Line: 1410)

Physics.ClosestPoint can only be used with a BoxCollider, SphereCollider, CapsuleCollider and a convex MeshCollider. 
(Filename:  Line: 1410)

Physics.ClosestPoint can only be used with a BoxCollider, SphereCollider, CapsuleCollider and a convex MeshCollider. 
(Filename:  Line: 1410)

y component: -0.9580333 
(Filename: ./Runtime/Export/Debug/Debug.bindings.h Line: 35)

launch angle: -2.812942 
(Filename: ./Runtime/Export/Debug/Debug.bindings.h Line: 35)

mob id: 1, in mob manager: True 
(Filename: ./Runtime/Export/Debug/Debug.bindings.h Line: 35)

setting damage to: 30 
(Filename: ./Runtime/Export/Debug/Debug.bindings.h Line: 35)

Physics.ClosestPoint can only be used with a BoxCollider, SphereCollider, CapsuleCollider and a convex MeshCollider. 
(Filename:  Line: 1410)

Physics.ClosestPoint can only be used with a BoxCollider, SphereCollider, CapsuleCollider and a convex MeshCollider. 
(Filename:  Line: 1410)

Physics.ClosestPoint can only be used with a BoxCollider, SphereCollider, CapsuleCollider and a convex MeshCollider. 
(Filename:  Line: 1410)

Physics.ClosestPoint can only be used with a BoxCollider, SphereCollider, CapsuleCollider and a convex MeshCollider. 
(Filename:  Line: 1410)

Physics.ClosestPoint can only be used with a BoxCollider, SphereCollider, CapsuleCollider and a convex MeshCollider. 
(Filename:  Line: 1410)

Physics.ClosestPoint can only be used with a BoxCollider, SphereCollider, CapsuleCollider and a convex MeshCollider. 
(Filename:  Line: 1410)

Physics.ClosestPoint can only be used with a BoxCollider, SphereCollider, CapsuleCollider and a convex MeshCollider. 
(Filename:  Line: 1410)

Physics.ClosestPoint can only be used with a BoxCollider, SphereCollider, CapsuleCollider and a convex MeshCollider. 
(Filename:  Line: 1410)

Physics.ClosestPoint can only be used with a BoxCollider, SphereCollider, CapsuleCollider and a convex MeshCollider. 
(Filename:  Line: 1410)

Physics.ClosestPoint can only be used with a BoxCollider, SphereCollider, CapsuleCollider and a convex MeshCollider. 
(Filename:  Line: 1410)

Physics.ClosestPoint can only be used with a BoxCollider, SphereCollider, CapsuleCollider and a convex MeshCollider. 
(Filename:  Line: 1410)

Player0 took 14 damage from 0 and had armor 0 
(Filename: ./Runtime/Export/Debug/Debug.bindings.h Line: 35)

estimated hp left: 86, ratio: 0.7166666, maxhp: 120 
(Filename: ./Runtime/Export/Debug/Debug.bindings.h Line: 35)

Player took damage from mob btw lol 
(Filename: ./Runtime/Export/Debug/Debug.bindings.h Line: 35)

recevied player hit. Damage: 14, ratio: 0.7166666from: 0, to: 0 
(Filename: ./Runtime/Export/Debug/Debug.bindings.h Line: 35)

Physics.ClosestPoint can only be used with a BoxCollider, SphereCollider, CapsuleCollider and a convex MeshCollider. 
(Filename:  Line: 1410)

nope 
(Filename: ./Runtime/Export/Debug/Debug.bindings.h Line: 35)

sent update 
(Filename: ./Runtime/Export/Debug/Debug.bindings.h Line: 35)

Physics.ClosestPoint can only be used with a BoxCollider, SphereCollider, CapsuleCollider and a convex MeshCollider. 
(Filename:  Line: 1410)

changing scale lol 
(Filename: ./Runtime/Export/Debug/Debug.bindings.h Line: 35)

object hit from: 0 
(Filename: ./Runtime/Export/Debug/Debug.bindings.h Line: 35)

Physics.ClosestPoint can only be used with a BoxCollider, SphereCollider, CapsuleCollider and a convex MeshCollider. 
(Filename:  Line: 1410)

Physics.ClosestPoint can only be used with a BoxCollider, SphereCollider, CapsuleCollider and a convex MeshCollider. 
(Filename:  Line: 1410)

Physics.ClosestPoint can only be used with a BoxCollider, SphereCollider, CapsuleCollider and a convex MeshCollider. 
(Filename:  Line: 1410)

Physics.ClosestPoint can only be used with a BoxCollider, SphereCollider, CapsuleCollider and a convex MeshCollider. 
(Filename:  Line: 1410)

Physics.ClosestPoint can only be used with a BoxCollider, SphereCollider, CapsuleCollider and a convex MeshCollider. 
(Filename:  Line: 1410)

Physics.ClosestPoint can only be used with a BoxCollider, SphereCollider, CapsuleCollider and a convex MeshCollider. 
(Filename:  Line: 1410)

Physics.ClosestPoint can only be used with a BoxCollider, SphereCollider, CapsuleCollider and a convex MeshCollider. 
(Filename:  Line: 1410)

Physics.ClosestPoint can only be used with a BoxCollider, SphereCollider, CapsuleCollider and a convex MeshCollider. 
(Filename:  Line: 1410)

Physics.ClosestPoint can only be used with a BoxCollider, SphereCollider, CapsuleCollider and a convex MeshCollider. 
(Filename:  Line: 1410)

Physics.ClosestPoint can only be used with a BoxCollider, SphereCollider, CapsuleCollider and a convex MeshCollider. 
(Filename:  Line: 1410)

Physics.ClosestPoint can only be used with a BoxCollider, SphereCollider, CapsuleCollider and a convex MeshCollider. 
(Filename:  Line: 1410)

Physics.ClosestPoint can only be used with a BoxCollider, SphereCollider, CapsuleCollider and a convex MeshCollider. 
(Filename:  Line: 1410)

Physics.ClosestPoint can only be used with a BoxCollider, SphereCollider, CapsuleCollider and a convex MeshCollider. 
(Filename:  Line: 1410)

Physics.ClosestPoint can only be used with a BoxCollider, SphereCollider, CapsuleCollider and a convex MeshCollider. 
(Filename:  Line: 1410)

Physics.ClosestPoint can only be used with a BoxCollider, SphereCollider, CapsuleCollider and a convex MeshCollider. 
(Filename:  Line: 1410)

Physics.ClosestPoint can only be used with a BoxCollider, SphereCollider, CapsuleCollider and a convex MeshCollider. 
(Filename:  Line: 1410)

Physics.ClosestPoint can only be used with a BoxCollider, SphereCollider, CapsuleCollider and a convex MeshCollider. 
(Filename:  Line: 1410)

Physics.ClosestPoint can only be used with a BoxCollider, SphereCollider, CapsuleCollider and a convex MeshCollider. 
(Filename:  Line: 1410)

Physics.ClosestPoint can only be used with a BoxCollider, SphereCollider, CapsuleCollider and a convex MeshCollider. 
(Filename:  Line: 1410)

Physics.ClosestPoint can only be used with a BoxCollider, SphereCollider, CapsuleCollider and a convex MeshCollider. 
(Filename:  Line: 1410)

berserk multiplier: 0 
(Filename: ./Runtime/Export/Debug/Debug.bindings.h Line: 35)

Physics.ClosestPoint can only be used with a BoxCollider, SphereCollider, CapsuleCollider and a convex MeshCollider. 
(Filename:  Line: 1410)

Physics.ClosestPoint can only be used with a BoxCollider, SphereCollider, CapsuleCollider and a convex MeshCollider. 
(Filename:  Line: 1410)

Physics.ClosestPoint can only be used with a BoxCollider, SphereCollider, CapsuleCollider and a convex MeshCollider. 
(Filename:  Line: 1410)

Mob took 18 damage from 0. 
(Filename: ./Runtime/Export/Debug/Debug.bindings.h Line: 35)

Move dist: 150400, added this one: 33 
(Filename: ./Runtime/Export/Debug/Debug.bindings.h Line: 35)

swim dist: 0, added this one: 0 
(Filename: ./Runtime/Export/Debug/Debug.bindings.h Line: 35)

Physics.ClosestPoint can only be used with a BoxCollider, SphereCollider, CapsuleCollider and a convex MeshCollider. 
(Filename:  Line: 1410)

Physics.ClosestPoint can only be used with a BoxCollider, SphereCollider, CapsuleCollider and a convex MeshCollider. 
(Filename:  Line: 1410)

Physics.ClosestPoint can only be used with a BoxCollider, SphereCollider, CapsuleCollider and a convex MeshCollider. 
(Filename:  Line: 1410)

Physics.ClosestPoint can only be used with a BoxCollider, SphereCollider, CapsuleCollider and a convex MeshCollider. 
(Filename:  Line: 1410)

Physics.ClosestPoint can only be used with a BoxCollider, SphereCollider, CapsuleCollider and a convex MeshCollider. 
(Filename:  Line: 1410)

Physics.ClosestPoint can only be used with a BoxCollider, SphereCollider, CapsuleCollider and a convex MeshCollider. 
(Filename:  Line: 1410)

Physics.ClosestPoint can only be used with a BoxCollider, SphereCollider, CapsuleCollider and a convex MeshCollider. 
(Filename:  Line: 1410)

Physics.ClosestPoint can only be used with a BoxCollider, SphereCollider, CapsuleCollider and a convex MeshCollider. 
(Filename:  Line: 1410)

Physics.ClosestPoint can only be used with a BoxCollider, SphereCollider, CapsuleCollider and a convex MeshCollider. 
(Filename:  Line: 1410)

Physics.ClosestPoint can only be used with a BoxCollider, SphereCollider, CapsuleCollider and a convex MeshCollider. 
(Filename:  Line: 1410)

Physics.ClosestPoint can only be used with a BoxCollider, SphereCollider, CapsuleCollider and a convex MeshCollider. 
(Filename:  Line: 1410)

Physics.ClosestPoint can only be used with a BoxCollider, SphereCollider, CapsuleCollider and a convex MeshCollider. 
(Filename:  Line: 1410)

Physics.ClosestPoint can only be used with a BoxCollider, SphereCollider, CapsuleCollider and a convex MeshCollider. 
(Filename:  Line: 1410)

Physics.ClosestPoint can only be used with a BoxCollider, SphereCollider, CapsuleCollider and a convex MeshCollider. 
(Filename:  Line: 1410)

Physics.ClosestPoint can only be used with a BoxCollider, SphereCollider, CapsuleCollider and a convex MeshCollider. 
(Filename:  Line: 1410)

Physics.ClosestPoint can only be used with a BoxCollider, SphereCollider, CapsuleCollider and a convex MeshCollider. 
(Filename:  Line: 1410)

Physics.ClosestPoint can only be used with a BoxCollider, SphereCollider, CapsuleCollider and a convex MeshCollider. 
(Filename:  Line: 1410)

berserk multiplier: 0 
(Filename: ./Runtime/Export/Debug/Debug.bindings.h Line: 35)

Mob took 38 damage from 0. 
(Filename: ./Runtime/Export/Debug/Debug.bindings.h Line: 35)

Physics.ClosestPoint can only be used with a BoxCollider, SphereCollider, CapsuleCollider and a convex MeshCollider. 
(Filename:  Line: 1410)

Physics.ClosestPoint can only be used with a BoxCollider, SphereCollider, CapsuleCollider and a convex MeshCollider. 
(Filename:  Line: 1410)

Physics.ClosestPoint can only be used with a BoxCollider, SphereCollider, CapsuleCollider and a convex MeshCollider. 
(Filename:  Line: 1410)

attacking. stoponattack: False 
(Filename: ./Runtime/Export/Debug/Debug.bindings.h Line: 35)

Physics.ClosestPoint can only be used with a BoxCollider, SphereCollider, CapsuleCollider and a convex MeshCollider. 
(Filename:  Line: 1410)

Physics.ClosestPoint can only be used with a BoxCollider, SphereCollider, CapsuleCollider and a convex MeshCollider. 
(Filename:  Line: 1410)

Physics.ClosestPoint can only be used with a BoxCollider, SphereCollider, CapsuleCollider and a convex MeshCollider. 
(Filename:  Line: 1410)

Physics.ClosestPoint can only be used with a BoxCollider, SphereCollider, CapsuleCollider and a convex MeshCollider. 
(Filename:  Line: 1410)

Physics.ClosestPoint can only be used with a BoxCollider, SphereCollider, CapsuleCollider and a convex MeshCollider. 
(Filename:  Line: 1410)

Physics.ClosestPoint can only be used with a BoxCollider, SphereCollider, CapsuleCollider and a convex MeshCollider. 
(Filename:  Line: 1410)

Physics.ClosestPoint can only be used with a BoxCollider, SphereCollider, CapsuleCollider and a convex MeshCollider. 
(Filename:  Line: 1410)

Physics.ClosestPoint can only be used with a BoxCollider, SphereCollider, CapsuleCollider and a convex MeshCollider. 
(Filename:  Line: 1410)

Physics.ClosestPoint can only be used with a BoxCollider, SphereCollider, CapsuleCollider and a convex MeshCollider. 
(Filename:  Line: 1410)

Physics.ClosestPoint can only be used with a BoxCollider, SphereCollider, CapsuleCollider and a convex MeshCollider. 
(Filename:  Line: 1410)

Physics.ClosestPoint can only be used with a BoxCollider, SphereCollider, CapsuleCollider and a convex MeshCollider. 
(Filename:  Line: 1410)

Physics.ClosestPoint can only be used with a BoxCollider, SphereCollider, CapsuleCollider and a convex MeshCollider. 
(Filename:  Line: 1410)

Physics.ClosestPoint can only be used with a BoxCollider, SphereCollider, CapsuleCollider and a convex MeshCollider. 
(Filename:  Line: 1410)

Physics.ClosestPoint can only be used with a BoxCollider, SphereCollider, CapsuleCollider and a convex MeshCollider. 
(Filename:  Line: 1410)

Physics.ClosestPoint can only be used with a BoxCollider, SphereCollider, CapsuleCollider and a convex MeshCollider. 
(Filename:  Line: 1410)

Physics.ClosestPoint can only be used with a BoxCollider, SphereCollider, CapsuleCollider and a convex MeshCollider. 
(Filename:  Line: 1410)

Physics.ClosestPoint can only be used with a BoxCollider, SphereCollider, CapsuleCollider and a convex MeshCollider. 
(Filename:  Line: 1410)

Physics.ClosestPoint can only be used with a BoxCollider, SphereCollider, CapsuleCollider and a convex MeshCollider. 
(Filename:  Line: 1410)

Physics.ClosestPoint can only be used with a BoxCollider, SphereCollider, CapsuleCollider and a convex MeshCollider. 
(Filename:  Line: 1410)

Physics.ClosestPoint can only be used with a BoxCollider, SphereCollider, CapsuleCollider and a convex MeshCollider. 
(Filename:  Line: 1410)

Physics.ClosestPoint can only be used with a BoxCollider, SphereCollider, CapsuleCollider and a convex MeshCollider. 
(Filename:  Line: 1410)

Physics.ClosestPoint can only be used with a BoxCollider, SphereCollider, CapsuleCollider and a convex MeshCollider. 
(Filename:  Line: 1410)

Physics.ClosestPoint can only be used with a BoxCollider, SphereCollider, CapsuleCollider and a convex MeshCollider. 
(Filename:  Line: 1410)

Physics.ClosestPoint can only be used with a BoxCollider, SphereCollider, CapsuleCollider and a convex MeshCollider. 
(Filename:  Line: 1410)

Physics.ClosestPoint can only be used with a BoxCollider, SphereCollider, CapsuleCollider and a convex MeshCollider. 
(Filename:  Line: 1410)

Physics.ClosestPoint can only be used with a BoxCollider, SphereCollider, CapsuleCollider and a convex MeshCollider. 
(Filename:  Line: 1410)

Physics.ClosestPoint can only be used with a BoxCollider, SphereCollider, CapsuleCollider and a convex MeshCollider. 
(Filename:  Line: 1410)

Physics.ClosestPoint can only be used with a BoxCollider, SphereCollider, CapsuleCollider and a convex MeshCollider. 
(Filename:  Line: 1410)

Physics.ClosestPoint can only be used with a BoxCollider, SphereCollider, CapsuleCollider and a convex MeshCollider. 
(Filename:  Line: 1410)

Physics.ClosestPoint can only be used with a BoxCollider, SphereCollider, CapsuleCollider and a convex MeshCollider. 
(Filename:  Line: 1410)

Physics.ClosestPoint can only be used with a BoxCollider, SphereCollider, CapsuleCollider and a convex MeshCollider. 
(Filename:  Line: 1410)

Physics.ClosestPoint can only be used with a BoxCollider, SphereCollider, CapsuleCollider and a convex MeshCollider. 
(Filename:  Line: 1410)

Physics.ClosestPoint can only be used with a BoxCollider, SphereCollider, CapsuleCollider and a convex MeshCollider. 
(Filename:  Line: 1410)

Physics.ClosestPoint can only be used with a BoxCollider, SphereCollider, CapsuleCollider and a convex MeshCollider. 
(Filename:  Line: 1410)

Physics.ClosestPoint can only be used with a BoxCollider, SphereCollider, CapsuleCollider and a convex MeshCollider. 
(Filename:  Line: 1410)

Physics.ClosestPoint can only be used with a BoxCollider, SphereCollider, CapsuleCollider and a convex MeshCollider. 
(Filename:  Line: 1410)

Physics.ClosestPoint can only be used with a BoxCollider, SphereCollider, CapsuleCollider and a convex MeshCollider. 
(Filename:  Line: 1410)

Physics.ClosestPoint can only be used with a BoxCollider, SphereCollider, CapsuleCollider and a convex MeshCollider. 
(Filename:  Line: 1410)

Physics.ClosestPoint can only be used with a BoxCollider, SphereCollider, CapsuleCollider and a convex MeshCollider. 
(Filename:  Line: 1410)

Physics.ClosestPoint can only be used with a BoxCollider, SphereCollider, CapsuleCollider and a convex MeshCollider. 
(Filename:  Line: 1410)

Physics.ClosestPoint can only be used with a BoxCollider, SphereCollider, CapsuleCollider and a convex MeshCollider. 
(Filename:  Line: 1410)

Physics.ClosestPoint can only be used with a BoxCollider, SphereCollider, CapsuleCollider and a convex MeshCollider. 
(Filename:  Line: 1410)

Physics.ClosestPoint can only be used with a BoxCollider, SphereCollider, CapsuleCollider and a convex MeshCollider. 
(Filename:  Line: 1410)

Physics.ClosestPoint can only be used with a BoxCollider, SphereCollider, CapsuleCollider and a convex MeshCollider. 
(Filename:  Line: 1410)

Physics.ClosestPoint can only be used with a BoxCollider, SphereCollider, CapsuleCollider and a convex MeshCollider. 
(Filename:  Line: 1410)

Physics.ClosestPoint can only be used with a BoxCollider, SphereCollider, CapsuleCollider and a convex MeshCollider. 
(Filename:  Line: 1410)

Physics.ClosestPoint can only be used with a BoxCollider, SphereCollider, CapsuleCollider and a convex MeshCollider. 
(Filename:  Line: 1410)

Physics.ClosestPoint can only be used with a BoxCollider, SphereCollider, CapsuleCollider and a convex MeshCollider. 
(Filename:  Line: 1410)

Physics.ClosestPoint can only be used with a BoxCollider, SphereCollider, CapsuleCollider and a convex MeshCollider. 
(Filename:  Line: 1410)

Physics.ClosestPoint can only be used with a BoxCollider, SphereCollider, CapsuleCollider and a convex MeshCollider. 
(Filename:  Line: 1410)

Physics.ClosestPoint can only be used with a BoxCollider, SphereCollider, CapsuleCollider and a convex MeshCollider. 
(Filename:  Line: 1410)

Physics.ClosestPoint can only be used with a BoxCollider, SphereCollider, CapsuleCollider and a convex MeshCollider. 
(Filename:  Line: 1410)

Physics.ClosestPoint can only be used with a BoxCollider, SphereCollider, CapsuleCollider and a convex MeshCollider. 
(Filename:  Line: 1410)

Physics.ClosestPoint can only be used with a BoxCollider, SphereCollider, CapsuleCollider and a convex MeshCollider. 
(Filename:  Line: 1410)

Physics.ClosestPoint can only be used with a BoxCollider, SphereCollider, CapsuleCollider and a convex MeshCollider. 
(Filename:  Line: 1410)

Physics.ClosestPoint can only be used with a BoxCollider, SphereCollider, CapsuleCollider and a convex MeshCollider. 
(Filename:  Line: 1410)

Physics.ClosestPoint can only be used with a BoxCollider, SphereCollider, CapsuleCollider and a convex MeshCollider. 
(Filename:  Line: 1410)

Physics.ClosestPoint can only be used with a BoxCollider, SphereCollider, CapsuleCollider and a convex MeshCollider. 
(Filename:  Line: 1410)

Physics.ClosestPoint can only be used with a BoxCollider, SphereCollider, CapsuleCollider and a convex MeshCollider. 
(Filename:  Line: 1410)

Physics.ClosestPoint can only be used with a BoxCollider, SphereCollider, CapsuleCollider and a convex MeshCollider. 
(Filename:  Line: 1410)

Physics.ClosestPoint can only be used with a BoxCollider, SphereCollider, CapsuleCollider and a convex MeshCollider. 
(Filename:  Line: 1410)

Physics.ClosestPoint can only be used with a BoxCollider, SphereCollider, CapsuleCollider and a convex MeshCollider. 
(Filename:  Line: 1410)

Physics.ClosestPoint can only be used with a BoxCollider, SphereCollider, CapsuleCollider and a convex MeshCollider. 
(Filename:  Line: 1410)

Physics.ClosestPoint can only be used with a BoxCollider, SphereCollider, CapsuleCollider and a convex MeshCollider. 
(Filename:  Line: 1410)

Physics.ClosestPoint can only be used with a BoxCollider, SphereCollider, CapsuleCollider and a convex MeshCollider. 
(Filename:  Line: 1410)

Physics.ClosestPoint can only be used with a BoxCollider, SphereCollider, CapsuleCollider and a convex MeshCollider. 
(Filename:  Line: 1410)

Physics.ClosestPoint can only be used with a BoxCollider, SphereCollider, CapsuleCollider and a convex MeshCollider. 
(Filename:  Line: 1410)

Physics.ClosestPoint can only be used with a BoxCollider, SphereCollider, CapsuleCollider and a convex MeshCollider. 
(Filename:  Line: 1410)

Physics.ClosestPoint can only be used with a BoxCollider, SphereCollider, CapsuleCollider and a convex MeshCollider. 
(Filename:  Line: 1410)

berserk multiplier: 0 
(Filename: ./Runtime/Export/Debug/Debug.bindings.h Line: 35)

Mob took 28 damage from 0. 
(Filename: ./Runtime/Export/Debug/Debug.bindings.h Line: 35)

Physics.ClosestPoint can only be used with a BoxCollider, SphereCollider, CapsuleCollider and a convex MeshCollider. 
(Filename:  Line: 1410)

Physics.ClosestPoint can only be used with a BoxCollider, SphereCollider, CapsuleCollider and a convex MeshCollider. 
(Filename:  Line: 1410)

Physics.ClosestPoint can only be used with a BoxCollider, SphereCollider, CapsuleCollider and a convex MeshCollider. 
(Filename:  Line: 1410)

Physics.ClosestPoint can only be used with a BoxCollider, SphereCollider, CapsuleCollider and a convex MeshCollider. 
(Filename:  Line: 1410)

Physics.ClosestPoint can only be used with a BoxCollider, SphereCollider, CapsuleCollider and a convex MeshCollider. 
(Filename:  Line: 1410)

Physics.ClosestPoint can only be used with a BoxCollider, SphereCollider, CapsuleCollider and a convex MeshCollider. 
(Filename:  Line: 1410)

Physics.ClosestPoint can only be used with a BoxCollider, SphereCollider, CapsuleCollider and a convex MeshCollider. 
(Filename:  Line: 1410)

Physics.ClosestPoint can only be used with a BoxCollider, SphereCollider, CapsuleCollider and a convex MeshCollider. 
(Filename:  Line: 1410)

Physics.ClosestPoint can only be used with a BoxCollider, SphereCollider, CapsuleCollider and a convex MeshCollider. 
(Filename:  Line: 1410)

Physics.ClosestPoint can only be used with a BoxCollider, SphereCollider, CapsuleCollider and a convex MeshCollider. 
(Filename:  Line: 1410)

Physics.ClosestPoint can only be used with a BoxCollider, SphereCollider, CapsuleCollider and a convex MeshCollider. 
(Filename:  Line: 1410)

Physics.ClosestPoint can only be used with a BoxCollider, SphereCollider, CapsuleCollider and a convex MeshCollider. 
(Filename:  Line: 1410)

Physics.ClosestPoint can only be used with a BoxCollider, SphereCollider, CapsuleCollider and a convex MeshCollider. 
(Filename:  Line: 1410)

Physics.ClosestPoint can only be used with a BoxCollider, SphereCollider, CapsuleCollider and a convex MeshCollider. 
(Filename:  Line: 1410)

Physics.ClosestPoint can only be used with a BoxCollider, SphereCollider, CapsuleCollider and a convex MeshCollider. 
(Filename:  Line: 1410)

Physics.ClosestPoint can only be used with a BoxCollider, SphereCollider, CapsuleCollider and a convex MeshCollider. 
(Filename:  Line: 1410)

Physics.ClosestPoint can only be used with a BoxCollider, SphereCollider, CapsuleCollider and a convex MeshCollider. 
(Filename:  Line: 1410)

Physics.ClosestPoint can only be used with a BoxCollider, SphereCollider, CapsuleCollider and a convex MeshCollider. 
(Filename:  Line: 1410)

Physics.ClosestPoint can only be used with a BoxCollider, SphereCollider, CapsuleCollider and a convex MeshCollider. 
(Filename:  Line: 1410)

Physics.ClosestPoint can only be used with a BoxCollider, SphereCollider, CapsuleCollider and a convex MeshCollider. 
(Filename:  Line: 1410)

Physics.ClosestPoint can only be used with a BoxCollider, SphereCollider, CapsuleCollider and a convex MeshCollider. 
(Filename:  Line: 1410)

Physics.ClosestPoint can only be used with a BoxCollider, SphereCollider, CapsuleCollider and a convex MeshCollider. 
(Filename:  Line: 1410)

Physics.ClosestPoint can only be used with a BoxCollider, SphereCollider, CapsuleCollider and a convex MeshCollider. 
(Filename:  Line: 1410)

Physics.ClosestPoint can only be used with a BoxCollider, SphereCollider, CapsuleCollider and a convex MeshCollider. 
(Filename:  Line: 1410)

Physics.ClosestPoint can only be used with a BoxCollider, SphereCollider, CapsuleCollider and a convex MeshCollider. 
(Filename:  Line: 1410)

Physics.ClosestPoint can only be used with a BoxCollider, SphereCollider, CapsuleCollider and a convex MeshCollider. 
(Filename:  Line: 1410)

Physics.ClosestPoint can only be used with a BoxCollider, SphereCollider, CapsuleCollider and a convex MeshCollider. 
(Filename:  Line: 1410)

Physics.ClosestPoint can only be used with a BoxCollider, SphereCollider, CapsuleCollider and a convex MeshCollider. 
(Filename:  Line: 1410)

Physics.ClosestPoint can only be used with a BoxCollider, SphereCollider, CapsuleCollider and a convex MeshCollider. 
(Filename:  Line: 1410)

Physics.ClosestPoint can only be used with a BoxCollider, SphereCollider, CapsuleCollider and a convex MeshCollider. 
(Filename:  Line: 1410)

Physics.ClosestPoint can only be used with a BoxCollider, SphereCollider, CapsuleCollider and a convex MeshCollider. 
(Filename:  Line: 1410)

Physics.ClosestPoint can only be used with a BoxCollider, SphereCollider, CapsuleCollider and a convex MeshCollider. 
(Filename:  Line: 1410)

Physics.ClosestPoint can only be used with a BoxCollider, SphereCollider, CapsuleCollider and a convex MeshCollider. 
(Filename:  Line: 1410)

Physics.ClosestPoint can only be used with a BoxCollider, SphereCollider, CapsuleCollider and a convex MeshCollider. 
(Filename:  Line: 1410)

Physics.ClosestPoint can only be used with a BoxCollider, SphereCollider, CapsuleCollider and a convex MeshCollider. 
(Filename:  Line: 1410)

Physics.ClosestPoint can only be used with a BoxCollider, SphereCollider, CapsuleCollider and a convex MeshCollider. 
(Filename:  Line: 1410)

Physics.ClosestPoint can only be used with a BoxCollider, SphereCollider, CapsuleCollider and a convex MeshCollider. 
(Filename:  Line: 1410)

Physics.ClosestPoint can only be used with a BoxCollider, SphereCollider, CapsuleCollider and a convex MeshCollider. 
(Filename:  Line: 1410)

Physics.ClosestPoint can only be used with a BoxCollider, SphereCollider, CapsuleCollider and a convex MeshCollider. 
(Filename:  Line: 1410)

Physics.ClosestPoint can only be used with a BoxCollider, SphereCollider, CapsuleCollider and a convex MeshCollider. 
(Filename:  Line: 1410)

Physics.ClosestPoint can only be used with a BoxCollider, SphereCollider, CapsuleCollider and a convex MeshCollider. 
(Filename:  Line: 1410)

Physics.ClosestPoint can only be used with a BoxCollider, SphereCollider, CapsuleCollider and a convex MeshCollider. 
(Filename:  Line: 1410)

Physics.ClosestPoint can only be used with a BoxCollider, SphereCollider, CapsuleCollider and a convex MeshCollider. 
(Filename:  Line: 1410)

Physics.ClosestPoint can only be used with a BoxCollider, SphereCollider, CapsuleCollider and a convex MeshCollider. 
(Filename:  Line: 1410)

Physics.ClosestPoint can only be used with a BoxCollider, SphereCollider, CapsuleCollider and a convex MeshCollider. 
(Filename:  Line: 1410)

Physics.ClosestPoint can only be used with a BoxCollider, SphereCollider, CapsuleCollider and a convex MeshCollider. 
(Filename:  Line: 1410)

Physics.ClosestPoint can only be used with a BoxCollider, SphereCollider, CapsuleCollider and a convex MeshCollider. 
(Filename:  Line: 1410)

Physics.ClosestPoint can only be used with a BoxCollider, SphereCollider, CapsuleCollider and a convex MeshCollider. 
(Filename:  Line: 1410)

Physics.ClosestPoint can only be used with a BoxCollider, SphereCollider, CapsuleCollider and a convex MeshCollider. 
(Filename:  Line: 1410)

Physics.ClosestPoint can only be used with a BoxCollider, SphereCollider, CapsuleCollider and a convex MeshCollider. 
(Filename:  Line: 1410)

Physics.ClosestPoint can only be used with a BoxCollider, SphereCollider, CapsuleCollider and a convex MeshCollider. 
(Filename:  Line: 1410)

Physics.ClosestPoint can only be used with a BoxCollider, SphereCollider, CapsuleCollider and a convex MeshCollider. 
(Filename:  Line: 1410)

Physics.ClosestPoint can only be used with a BoxCollider, SphereCollider, CapsuleCollider and a convex MeshCollider. 
(Filename:  Line: 1410)

Physics.ClosestPoint can only be used with a BoxCollider, SphereCollider, CapsuleCollider and a convex MeshCollider. 
(Filename:  Line: 1410)

Physics.ClosestPoint can only be used with a BoxCollider, SphereCollider, CapsuleCollider and a convex MeshCollider. 
(Filename:  Line: 1410)

Physics.ClosestPoint can only be used with a BoxCollider, SphereCollider, CapsuleCollider and a convex MeshCollider. 
(Filename:  Line: 1410)

Physics.ClosestPoint can only be used with a BoxCollider, SphereCollider, CapsuleCollider and a convex MeshCollider. 
(Filename:  Line: 1410)

Physics.ClosestPoint can only be used with a BoxCollider, SphereCollider, CapsuleCollider and a convex MeshCollider. 
(Filename:  Line: 1410)

Physics.ClosestPoint can only be used with a BoxCollider, SphereCollider, CapsuleCollider and a convex MeshCollider. 
(Filename:  Line: 1410)

Physics.ClosestPoint can only be used with a BoxCollider, SphereCollider, CapsuleCollider and a convex MeshCollider. 
(Filename:  Line: 1410)

Physics.ClosestPoint can only be used with a BoxCollider, SphereCollider, CapsuleCollider and a convex MeshCollider. 
(Filename:  Line: 1410)

Physics.ClosestPoint can only be used with a BoxCollider, SphereCollider, CapsuleCollider and a convex MeshCollider. 
(Filename:  Line: 1410)

Physics.ClosestPoint can only be used with a BoxCollider, SphereCollider, CapsuleCollider and a convex MeshCollider. 
(Filename:  Line: 1410)

Physics.ClosestPoint can only be used with a BoxCollider, SphereCollider, CapsuleCollider and a convex MeshCollider. 
(Filename:  Line: 1410)

Physics.ClosestPoint can only be used with a BoxCollider, SphereCollider, CapsuleCollider and a convex MeshCollider. 
(Filename:  Line: 1410)

Physics.ClosestPoint can only be used with a BoxCollider, SphereCollider, CapsuleCollider and a convex MeshCollider. 
(Filename:  Line: 1410)

Physics.ClosestPoint can only be used with a BoxCollider, SphereCollider, CapsuleCollider and a convex MeshCollider. 
(Filename:  Line: 1410)

Physics.ClosestPoint can only be used with a BoxCollider, SphereCollider, CapsuleCollider and a convex MeshCollider. 
(Filename:  Line: 1410)

Physics.ClosestPoint can only be used with a BoxCollider, SphereCollider, CapsuleCollider and a convex MeshCollider. 
(Filename:  Line: 1410)

Physics.ClosestPoint can only be used with a BoxCollider, SphereCollider, CapsuleCollider and a convex MeshCollider. 
(Filename:  Line: 1410)

Physics.ClosestPoint can only be used with a BoxCollider, SphereCollider, CapsuleCollider and a convex MeshCollider. 
(Filename:  Line: 1410)

Physics.ClosestPoint can only be used with a BoxCollider, SphereCollider, CapsuleCollider and a convex MeshCollider. 
(Filename:  Line: 1410)

Physics.ClosestPoint can only be used with a BoxCollider, SphereCollider, CapsuleCollider and a convex MeshCollider. 
(Filename:  Line: 1410)

Physics.ClosestPoint can only be used with a BoxCollider, SphereCollider, CapsuleCollider and a convex MeshCollider. 
(Filename:  Line: 1410)

Physics.ClosestPoint can only be used with a BoxCollider, SphereCollider, CapsuleCollider and a convex MeshCollider. 
(Filename:  Line: 1410)

Physics.ClosestPoint can only be used with a BoxCollider, SphereCollider, CapsuleCollider and a convex MeshCollider. 
(Filename:  Line: 1410)

Physics.ClosestPoint can only be used with a BoxCollider, SphereCollider, CapsuleCollider and a convex MeshCollider. 
(Filename:  Line: 1410)

Physics.ClosestPoint can only be used with a BoxCollider, SphereCollider, CapsuleCollider and a convex MeshCollider. 
(Filename:  Line: 1410)

Physics.ClosestPoint can only be used with a BoxCollider, SphereCollider, CapsuleCollider and a convex MeshCollider. 
(Filename:  Line: 1410)

Physics.ClosestPoint can only be used with a BoxCollider, SphereCollider, CapsuleCollider and a convex MeshCollider. 
(Filename:  Line: 1410)

Physics.ClosestPoint can only be used with a BoxCollider, SphereCollider, CapsuleCollider and a convex MeshCollider. 
(Filename:  Line: 1410)

Physics.ClosestPoint can only be used with a BoxCollider, SphereCollider, CapsuleCollider and a convex MeshCollider. 
(Filename:  Line: 1410)

Physics.ClosestPoint can only be used with a BoxCollider, SphereCollider, CapsuleCollider and a convex MeshCollider. 
(Filename:  Line: 1410)

Physics.ClosestPoint can only be used with a BoxCollider, SphereCollider, CapsuleCollider and a convex MeshCollider. 
(Filename:  Line: 1410)

Physics.ClosestPoint can only be used with a BoxCollider, SphereCollider, CapsuleCollider and a convex MeshCollider. 
(Filename:  Line: 1410)

Physics.ClosestPoint can only be used with a BoxCollider, SphereCollider, CapsuleCollider and a convex MeshCollider. 
(Filename:  Line: 1410)

Physics.ClosestPoint can only be used with a BoxCollider, SphereCollider, CapsuleCollider and a convex MeshCollider. 
(Filename:  Line: 1410)

Physics.ClosestPoint can only be used with a BoxCollider, SphereCollider, CapsuleCollider and a convex MeshCollider. 
(Filename:  Line: 1410)

Physics.ClosestPoint can only be used with a BoxCollider, SphereCollider, CapsuleCollider and a convex MeshCollider. 
(Filename:  Line: 1410)

Physics.ClosestPoint can only be used with a BoxCollider, SphereCollider, CapsuleCollider and a convex MeshCollider. 
(Filename:  Line: 1410)

Physics.ClosestPoint can only be used with a BoxCollider, SphereCollider, CapsuleCollider and a convex MeshCollider. 
(Filename:  Line: 1410)

Physics.ClosestPoint can only be used with a BoxCollider, SphereCollider, CapsuleCollider and a convex MeshCollider. 
(Filename:  Line: 1410)

Physics.ClosestPoint can only be used with a BoxCollider, SphereCollider, CapsuleCollider and a convex MeshCollider. 
(Filename:  Line: 1410)

Physics.ClosestPoint can only be used with a BoxCollider, SphereCollider, CapsuleCollider and a convex MeshCollider. 
(Filename:  Line: 1410)

Physics.ClosestPoint can only be used with a BoxCollider, SphereCollider, CapsuleCollider and a convex MeshCollider. 
(Filename:  Line: 1410)

Physics.ClosestPoint can only be used with a BoxCollider, SphereCollider, CapsuleCollider and a convex MeshCollider. 
(Filename:  Line: 1410)

Physics.ClosestPoint can only be used with a BoxCollider, SphereCollider, CapsuleCollider and a convex MeshCollider. 
(Filename:  Line: 1410)

Physics.ClosestPoint can only be used with a BoxCollider, SphereCollider, CapsuleCollider and a convex MeshCollider. 
(Filename:  Line: 1410)

Physics.ClosestPoint can only be used with a BoxCollider, SphereCollider, CapsuleCollider and a convex MeshCollider. 
(Filename:  Line: 1410)

Physics.ClosestPoint can only be used with a BoxCollider, SphereCollider, CapsuleCollider and a convex MeshCollider. 
(Filename:  Line: 1410)

Physics.ClosestPoint can only be used with a BoxCollider, SphereCollider, CapsuleCollider and a convex MeshCollider. 
(Filename:  Line: 1410)

Physics.ClosestPoint can only be used with a BoxCollider, SphereCollider, CapsuleCollider and a convex MeshCollider. 
(Filename:  Line: 1410)

Physics.ClosestPoint can only be used with a BoxCollider, SphereCollider, CapsuleCollider and a convex MeshCollider. 
(Filename:  Line: 1410)

Physics.ClosestPoint can only be used with a BoxCollider, SphereCollider, CapsuleCollider and a convex MeshCollider. 
(Filename:  Line: 1410)

Physics.ClosestPoint can only be used with a BoxCollider, SphereCollider, CapsuleCollider and a convex MeshCollider. 
(Filename:  Line: 1410)

Physics.ClosestPoint can only be used with a BoxCollider, SphereCollider, CapsuleCollider and a convex MeshCollider. 
(Filename:  Line: 1410)

Physics.ClosestPoint can only be used with a BoxCollider, SphereCollider, CapsuleCollider and a convex MeshCollider. 
(Filename:  Line: 1410)

Physics.ClosestPoint can only be used with a BoxCollider, SphereCollider, CapsuleCollider and a convex MeshCollider. 
(Filename:  Line: 1410)

Physics.ClosestPoint can only be used with a BoxCollider, SphereCollider, CapsuleCollider and a convex MeshCollider. 
(Filename:  Line: 1410)

Physics.ClosestPoint can only be used with a BoxCollider, SphereCollider, CapsuleCollider and a convex MeshCollider. 
(Filename:  Line: 1410)

Physics.ClosestPoint can only be used with a BoxCollider, SphereCollider, CapsuleCollider and a convex MeshCollider. 
(Filename:  Line: 1410)

Physics.ClosestPoint can only be used with a BoxCollider, SphereCollider, CapsuleCollider and a convex MeshCollider. 
(Filename:  Line: 1410)

Physics.ClosestPoint can only be used with a BoxCollider, SphereCollider, CapsuleCollider and a convex MeshCollider. 
(Filename:  Line: 1410)

Physics.ClosestPoint can only be used with a BoxCollider, SphereCollider, CapsuleCollider and a convex MeshCollider. 
(Filename:  Line: 1410)

Physics.ClosestPoint can only be used with a BoxCollider, SphereCollider, CapsuleCollider and a convex MeshCollider. 
(Filename:  Line: 1410)

Physics.ClosestPoint can only be used with a BoxCollider, SphereCollider, CapsuleCollider and a convex MeshCollider. 
(Filename:  Line: 1410)

Physics.ClosestPoint can only be used with a BoxCollider, SphereCollider, CapsuleCollider and a convex MeshCollider. 
(Filename:  Line: 1410)

Physics.ClosestPoint can only be used with a BoxCollider, SphereCollider, CapsuleCollider and a convex MeshCollider. 
(Filename:  Line: 1410)

Physics.ClosestPoint can only be used with a BoxCollider, SphereCollider, CapsuleCollider and a convex MeshCollider. 
(Filename:  Line: 1410)

Physics.ClosestPoint can only be used with a BoxCollider, SphereCollider, CapsuleCollider and a convex MeshCollider. 
(Filename:  Line: 1410)

Physics.ClosestPoint can only be used with a BoxCollider, SphereCollider, CapsuleCollider and a convex MeshCollider. 
(Filename:  Line: 1410)

Physics.ClosestPoint can only be used with a BoxCollider, SphereCollider, CapsuleCollider and a convex MeshCollider. 
(Filename:  Line: 1410)

Physics.ClosestPoint can only be used with a BoxCollider, SphereCollider, CapsuleCollider and a convex MeshCollider. 
(Filename:  Line: 1410)

Physics.ClosestPoint can only be used with a BoxCollider, SphereCollider, CapsuleCollider and a convex MeshCollider. 
(Filename:  Line: 1410)

Physics.ClosestPoint can only be used with a BoxCollider, SphereCollider, CapsuleCollider and a convex MeshCollider. 
(Filename:  Line: 1410)

Physics.ClosestPoint can only be used with a BoxCollider, SphereCollider, CapsuleCollider and a convex MeshCollider. 
(Filename:  Line: 1410)

Physics.ClosestPoint can only be used with a BoxCollider, SphereCollider, CapsuleCollider and a convex MeshCollider. 
(Filename:  Line: 1410)

Physics.ClosestPoint can only be used with a BoxCollider, SphereCollider, CapsuleCollider and a convex MeshCollider. 
(Filename:  Line: 1410)

Physics.ClosestPoint can only be used with a BoxCollider, SphereCollider, CapsuleCollider and a convex MeshCollider. 
(Filename:  Line: 1410)

Physics.ClosestPoint can only be used with a BoxCollider, SphereCollider, CapsuleCollider and a convex MeshCollider. 
(Filename:  Line: 1410)

Physics.ClosestPoint can only be used with a BoxCollider, SphereCollider, CapsuleCollider and a convex MeshCollider. 
(Filename:  Line: 1410)

Physics.ClosestPoint can only be used with a BoxCollider, SphereCollider, CapsuleCollider and a convex MeshCollider. 
(Filename:  Line: 1410)

Physics.ClosestPoint can only be used with a BoxCollider, SphereCollider, CapsuleCollider and a convex MeshCollider. 
(Filename:  Line: 1410)

Physics.ClosestPoint can only be used with a BoxCollider, SphereCollider, CapsuleCollider and a convex MeshCollider. 
(Filename:  Line: 1410)

Physics.ClosestPoint can only be used with a BoxCollider, SphereCollider, CapsuleCollider and a convex MeshCollider. 
(Filename:  Line: 1410)

Physics.ClosestPoint can only be used with a BoxCollider, SphereCollider, CapsuleCollider and a convex MeshCollider. 
(Filename:  Line: 1410)

Physics.ClosestPoint can only be used with a BoxCollider, SphereCollider, CapsuleCollider and a convex MeshCollider. 
(Filename:  Line: 1410)

Physics.ClosestPoint can only be used with a BoxCollider, SphereCollider, CapsuleCollider and a convex MeshCollider. 
(Filename:  Line: 1410)

Physics.ClosestPoint can only be used with a BoxCollider, SphereCollider, CapsuleCollider and a convex MeshCollider. 
(Filename:  Line: 1410)

Physics.ClosestPoint can only be used with a BoxCollider, SphereCollider, CapsuleCollider and a convex MeshCollider. 
(Filename:  Line: 1410)

Physics.ClosestPoint can only be used with a BoxCollider, SphereCollider, CapsuleCollider and a convex MeshCollider. 
(Filename:  Line: 1410)

Physics.ClosestPoint can only be used with a BoxCollider, SphereCollider, CapsuleCollider and a convex MeshCollider. 
(Filename:  Line: 1410)

Physics.ClosestPoint can only be used with a BoxCollider, SphereCollider, CapsuleCollider and a convex MeshCollider. 
(Filename:  Line: 1410)

Physics.ClosestPoint can only be used with a BoxCollider, SphereCollider, CapsuleCollider and a convex MeshCollider. 
(Filename:  Line: 1410)

Physics.ClosestPoint can only be used with a BoxCollider, SphereCollider, CapsuleCollider and a convex MeshCollider. 
(Filename:  Line: 1410)

Physics.ClosestPoint can only be used with a BoxCollider, SphereCollider, CapsuleCollider and a convex MeshCollider. 
(Filename:  Line: 1410)

Physics.ClosestPoint can only be used with a BoxCollider, SphereCollider, CapsuleCollider and a convex MeshCollider. 
(Filename:  Line: 1410)

Physics.ClosestPoint can only be used with a BoxCollider, SphereCollider, CapsuleCollider and a convex MeshCollider. 
(Filename:  Line: 1410)

Physics.ClosestPoint can only be used with a BoxCollider, SphereCollider, CapsuleCollider and a convex MeshCollider. 
(Filename:  Line: 1410)

Physics.ClosestPoint can only be used with a BoxCollider, SphereCollider, CapsuleCollider and a convex MeshCollider. 
(Filename:  Line: 1410)

Physics.ClosestPoint can only be used with a BoxCollider, SphereCollider, CapsuleCollider and a convex MeshCollider. 
(Filename:  Line: 1410)

Physics.ClosestPoint can only be used with a BoxCollider, SphereCollider, CapsuleCollider and a convex MeshCollider. 
(Filename:  Line: 1410)

Physics.ClosestPoint can only be used with a BoxCollider, SphereCollider, CapsuleCollider and a convex MeshCollider. 
(Filename:  Line: 1410)

Physics.ClosestPoint can only be used with a BoxCollider, SphereCollider, CapsuleCollider and a convex MeshCollider. 
(Filename:  Line: 1410)

Physics.ClosestPoint can only be used with a BoxCollider, SphereCollider, CapsuleCollider and a convex MeshCollider. 
(Filename:  Line: 1410)

Physics.ClosestPoint can only be used with a BoxCollider, SphereCollider, CapsuleCollider and a convex MeshCollider. 
(Filename:  Line: 1410)

Physics.ClosestPoint can only be used with a BoxCollider, SphereCollider, CapsuleCollider and a convex MeshCollider. 
(Filename:  Line: 1410)

Physics.ClosestPoint can only be used with a BoxCollider, SphereCollider, CapsuleCollider and a convex MeshCollider. 
(Filename:  Line: 1410)

Physics.ClosestPoint can only be used with a BoxCollider, SphereCollider, CapsuleCollider and a convex MeshCollider. 
(Filename:  Line: 1410)

Physics.ClosestPoint can only be used with a BoxCollider, SphereCollider, CapsuleCollider and a convex MeshCollider. 
(Filename:  Line: 1410)

Physics.ClosestPoint can only be used with a BoxCollider, SphereCollider, CapsuleCollider and a convex MeshCollider. 
(Filename:  Line: 1410)

Physics.ClosestPoint can only be used with a BoxCollider, SphereCollider, CapsuleCollider and a convex MeshCollider. 
(Filename:  Line: 1410)

Physics.ClosestPoint can only be used with a BoxCollider, SphereCollider, CapsuleCollider and a convex MeshCollider. 
(Filename:  Line: 1410)

Physics.ClosestPoint can only be used with a BoxCollider, SphereCollider, CapsuleCollider and a convex MeshCollider. 
(Filename:  Line: 1410)

Physics.ClosestPoint can only be used with a BoxCollider, SphereCollider, CapsuleCollider and a convex MeshCollider. 
(Filename:  Line: 1410)

Physics.ClosestPoint can only be used with a BoxCollider, SphereCollider, CapsuleCollider and a convex MeshCollider. 
(Filename:  Line: 1410)

Physics.ClosestPoint can only be used with a BoxCollider, SphereCollider, CapsuleCollider and a convex MeshCollider. 
(Filename:  Line: 1410)

Physics.ClosestPoint can only be used with a BoxCollider, SphereCollider, CapsuleCollider and a convex MeshCollider. 
(Filename:  Line: 1410)

Physics.ClosestPoint can only be used with a BoxCollider, SphereCollider, CapsuleCollider and a convex MeshCollider. 
(Filename:  Line: 1410)

berserk multiplier: 0 
(Filename: ./Runtime/Export/Debug/Debug.bindings.h Line: 35)

Mob took 34 damage from 0. 
(Filename: ./Runtime/Export/Debug/Debug.bindings.h Line: 35)

Is buff: False 
(Filename: ./Runtime/Export/Debug/Debug.bindings.h Line: 35)

Killcount: 931, allkills: 931, bowkills: 4, buffkills: 39, Cow Kills: 175, chunks: 4, gronks: 0, guardians: 0, goblins: 337Woodman kills: 96 
(Filename: ./Runtime/Export/Debug/Debug.bindings.h Line: 35)

object: 31 picked up by player: 0 
(Filename: ./Runtime/Export/Debug/Debug.bindings.h Line: 35)

checking 
(Filename: ./Runtime/Export/Debug/Debug.bindings.h Line: 35)

sending pickup now from: 0 
(Filename: ./Runtime/Export/Debug/Debug.bindings.h Line: 35)

object: 30 picked up by player: 0 
(Filename: ./Runtime/Export/Debug/Debug.bindings.h Line: 35)

checking 
(Filename: ./Runtime/Export/Debug/Debug.bindings.h Line: 35)

sending pickup now from: 0 
(Filename: ./Runtime/Export/Debug/Debug.bindings.h Line: 35)

Physics.ClosestPoint can only be used with a BoxCollider, SphereCollider, CapsuleCollider and a convex MeshCollider. 
(Filename:  Line: 1410)

Physics.ClosestPoint can only be used with a BoxCollider, SphereCollider, CapsuleCollider and a convex MeshCollider. 
(Filename:  Line: 1410)

Physics.ClosestPoint can only be used with a BoxCollider, SphereCollider, CapsuleCollider and a convex MeshCollider. 
(Filename:  Line: 1410)

Physics.ClosestPoint can only be used with a BoxCollider, SphereCollider, CapsuleCollider and a convex MeshCollider. 
(Filename:  Line: 1410)

Physics.ClosestPoint can only be used with a BoxCollider, SphereCollider, CapsuleCollider and a convex MeshCollider. 
(Filename:  Line: 1410)

Physics.ClosestPoint can only be used with a BoxCollider, SphereCollider, CapsuleCollider and a convex MeshCollider. 
(Filename:  Line: 1410)

Physics.ClosestPoint can only be used with a BoxCollider, SphereCollider, CapsuleCollider and a convex MeshCollider. 
(Filename:  Line: 1410)

Physics.ClosestPoint can only be used with a BoxCollider, SphereCollider, CapsuleCollider and a convex MeshCollider. 
(Filename:  Line: 1410)

Physics.ClosestPoint can only be used with a BoxCollider, SphereCollider, CapsuleCollider and a convex MeshCollider. 
(Filename:  Line: 1410)

Physics.ClosestPoint can only be used with a BoxCollider, SphereCollider, CapsuleCollider and a convex MeshCollider. 
(Filename:  Line: 1410)

Physics.ClosestPoint can only be used with a BoxCollider, SphereCollider, CapsuleCollider and a convex MeshCollider. 
(Filename:  Line: 1410)

Physics.ClosestPoint can only be used with a BoxCollider, SphereCollider, CapsuleCollider and a convex MeshCollider. 
(Filename:  Line: 1410)

Physics.ClosestPoint can only be used with a BoxCollider, SphereCollider, CapsuleCollider and a convex MeshCollider. 
(Filename:  Line: 1410)

Physics.ClosestPoint can only be used with a BoxCollider, SphereCollider, CapsuleCollider and a convex MeshCollider. 
(Filename:  Line: 1410)

Physics.ClosestPoint can only be used with a BoxCollider, SphereCollider, CapsuleCollider and a convex MeshCollider. 
(Filename:  Line: 1410)

Physics.ClosestPoint can only be used with a BoxCollider, SphereCollider, CapsuleCollider and a convex MeshCollider. 
(Filename:  Line: 1410)

Physics.ClosestPoint can only be used with a BoxCollider, SphereCollider, CapsuleCollider and a convex MeshCollider. 
(Filename:  Line: 1410)

Physics.ClosestPoint can only be used with a BoxCollider, SphereCollider, CapsuleCollider and a convex MeshCollider. 
(Filename:  Line: 1410)

Physics.ClosestPoint can only be used with a BoxCollider, SphereCollider, CapsuleCollider and a convex MeshCollider. 
(Filename:  Line: 1410)

Physics.ClosestPoint can only be used with a BoxCollider, SphereCollider, CapsuleCollider and a convex MeshCollider. 
(Filename:  Line: 1410)

Physics.ClosestPoint can only be used with a BoxCollider, SphereCollider, CapsuleCollider and a convex MeshCollider. 
(Filename:  Line: 1410)

Physics.ClosestPoint can only be used with a BoxCollider, SphereCollider, CapsuleCollider and a convex MeshCollider. 
(Filename:  Line: 1410)

Physics.ClosestPoint can only be used with a BoxCollider, SphereCollider, CapsuleCollider and a convex MeshCollider. 
(Filename:  Line: 1410)

Physics.ClosestPoint can only be used with a BoxCollider, SphereCollider, CapsuleCollider and a convex MeshCollider. 
(Filename:  Line: 1410)

Physics.ClosestPoint can only be used with a BoxCollider, SphereCollider, CapsuleCollider and a convex MeshCollider. 
(Filename:  Line: 1410)

Physics.ClosestPoint can only be used with a BoxCollider, SphereCollider, CapsuleCollider and a convex MeshCollider. 
(Filename:  Line: 1410)

Physics.ClosestPoint can only be used with a BoxCollider, SphereCollider, CapsuleCollider and a convex MeshCollider. 
(Filename:  Line: 1410)

Physics.ClosestPoint can only be used with a BoxCollider, SphereCollider, CapsuleCollider and a convex MeshCollider. 
(Filename:  Line: 1410)

Physics.ClosestPoint can only be used with a BoxCollider, SphereCollider, CapsuleCollider and a convex MeshCollider. 
(Filename:  Line: 1410)

Physics.ClosestPoint can only be used with a BoxCollider, SphereCollider, CapsuleCollider and a convex MeshCollider. 
(Filename:  Line: 1410)

Physics.ClosestPoint can only be used with a BoxCollider, SphereCollider, CapsuleCollider and a convex MeshCollider. 
(Filename:  Line: 1410)

Physics.ClosestPoint can only be used with a BoxCollider, SphereCollider, CapsuleCollider and a convex MeshCollider. 
(Filename:  Line: 1410)

Physics.ClosestPoint can only be used with a BoxCollider, SphereCollider, CapsuleCollider and a convex MeshCollider. 
(Filename:  Line: 1410)

Physics.ClosestPoint can only be used with a BoxCollider, SphereCollider, CapsuleCollider and a convex MeshCollider. 
(Filename:  Line: 1410)

Physics.ClosestPoint can only be used with a BoxCollider, SphereCollider, CapsuleCollider and a convex MeshCollider. 
(Filename:  Line: 1410)

Physics.ClosestPoint can only be used with a BoxCollider, SphereCollider, CapsuleCollider and a convex MeshCollider. 
(Filename:  Line: 1410)

Physics.ClosestPoint can only be used with a BoxCollider, SphereCollider, CapsuleCollider and a convex MeshCollider. 
(Filename:  Line: 1410)

Physics.ClosestPoint can only be used with a BoxCollider, SphereCollider, CapsuleCollider and a convex MeshCollider. 
(Filename:  Line: 1410)

Physics.ClosestPoint can only be used with a BoxCollider, SphereCollider, CapsuleCollider and a convex MeshCollider. 
(Filename:  Line: 1410)

Physics.ClosestPoint can only be used with a BoxCollider, SphereCollider, CapsuleCollider and a convex MeshCollider. 
(Filename:  Line: 1410)

Physics.ClosestPoint can only be used with a BoxCollider, SphereCollider, CapsuleCollider and a convex MeshCollider. 
(Filename:  Line: 1410)

Physics.ClosestPoint can only be used with a BoxCollider, SphereCollider, CapsuleCollider and a convex MeshCollider. 
(Filename:  Line: 1410)

Physics.ClosestPoint can only be used with a BoxCollider, SphereCollider, CapsuleCollider and a convex MeshCollider. 
(Filename:  Line: 1410)

Physics.ClosestPoint can only be used with a BoxCollider, SphereCollider, CapsuleCollider and a convex MeshCollider. 
(Filename:  Line: 1410)

Physics.ClosestPoint can only be used with a BoxCollider, SphereCollider, CapsuleCollider and a convex MeshCollider. 
(Filename:  Line: 1410)

Physics.ClosestPoint can only be used with a BoxCollider, SphereCollider, CapsuleCollider and a convex MeshCollider. 
(Filename:  Line: 1410)

Physics.ClosestPoint can only be used with a BoxCollider, SphereCollider, CapsuleCollider and a convex MeshCollider. 
(Filename:  Line: 1410)

Physics.ClosestPoint can only be used with a BoxCollider, SphereCollider, CapsuleCollider and a convex MeshCollider. 
(Filename:  Line: 1410)

Physics.ClosestPoint can only be used with a BoxCollider, SphereCollider, CapsuleCollider and a convex MeshCollider. 
(Filename:  Line: 1410)

Physics.ClosestPoint can only be used with a BoxCollider, SphereCollider, CapsuleCollider and a convex MeshCollider. 
(Filename:  Line: 1410)

Physics.ClosestPoint can only be used with a BoxCollider, SphereCollider, CapsuleCollider and a convex MeshCollider. 
(Filename:  Line: 1410)

Physics.ClosestPoint can only be used with a BoxCollider, SphereCollider, CapsuleCollider and a convex MeshCollider. 
(Filename:  Line: 1410)

Physics.ClosestPoint can only be used with a BoxCollider, SphereCollider, CapsuleCollider and a convex MeshCollider. 
(Filename:  Line: 1410)

Physics.ClosestPoint can only be used with a BoxCollider, SphereCollider, CapsuleCollider and a convex MeshCollider. 
(Filename:  Line: 1410)

Physics.ClosestPoint can only be used with a BoxCollider, SphereCollider, CapsuleCollider and a convex MeshCollider. 
(Filename:  Line: 1410)

Physics.ClosestPoint can only be used with a BoxCollider, SphereCollider, CapsuleCollider and a convex MeshCollider. 
(Filename:  Line: 1410)

Physics.ClosestPoint can only be used with a BoxCollider, SphereCollider, CapsuleCollider and a convex MeshCollider. 
(Filename:  Line: 1410)

Physics.ClosestPoint can only be used with a BoxCollider, SphereCollider, CapsuleCollider and a convex MeshCollider. 
(Filename:  Line: 1410)

Physics.ClosestPoint can only be used with a BoxCollider, SphereCollider, CapsuleCollider and a convex MeshCollider. 
(Filename:  Line: 1410)

Physics.ClosestPoint can only be used with a BoxCollider, SphereCollider, CapsuleCollider and a convex MeshCollider. 
(Filename:  Line: 1410)

Physics.ClosestPoint can only be used with a BoxCollider, SphereCollider, CapsuleCollider and a convex MeshCollider. 
(Filename:  Line: 1410)

Physics.ClosestPoint can only be used with a BoxCollider, SphereCollider, CapsuleCollider and a convex MeshCollider. 
(Filename:  Line: 1410)

Physics.ClosestPoint can only be used with a BoxCollider, SphereCollider, CapsuleCollider and a convex MeshCollider. 
(Filename:  Line: 1410)

Physics.ClosestPoint can only be used with a BoxCollider, SphereCollider, CapsuleCollider and a convex MeshCollider. 
(Filename:  Line: 1410)

Physics.ClosestPoint can only be used with a BoxCollider, SphereCollider, CapsuleCollider and a convex MeshCollider. 
(Filename:  Line: 1410)

Physics.ClosestPoint can only be used with a BoxCollider, SphereCollider, CapsuleCollider and a convex MeshCollider. 
(Filename:  Line: 1410)

Physics.ClosestPoint can only be used with a BoxCollider, SphereCollider, CapsuleCollider and a convex MeshCollider. 
(Filename:  Line: 1410)

Physics.ClosestPoint can only be used with a BoxCollider, SphereCollider, CapsuleCollider and a convex MeshCollider. 
(Filename:  Line: 1410)

Physics.ClosestPoint can only be used with a BoxCollider, SphereCollider, CapsuleCollider and a convex MeshCollider. 
(Filename:  Line: 1410)

Physics.ClosestPoint can only be used with a BoxCollider, SphereCollider, CapsuleCollider and a convex MeshCollider. 
(Filename:  Line: 1410)

Physics.ClosestPoint can only be used with a BoxCollider, SphereCollider, CapsuleCollider and a convex MeshCollider. 
(Filename:  Line: 1410)

Physics.ClosestPoint can only be used with a BoxCollider, SphereCollider, CapsuleCollider and a convex MeshCollider. 
(Filename:  Line: 1410)

Physics.ClosestPoint can only be used with a BoxCollider, SphereCollider, CapsuleCollider and a convex MeshCollider. 
(Filename:  Line: 1410)

Physics.ClosestPoint can only be used with a BoxCollider, SphereCollider, CapsuleCollider and a convex MeshCollider. 
(Filename:  Line: 1410)

Physics.ClosestPoint can only be used with a BoxCollider, SphereCollider, CapsuleCollider and a convex MeshCollider. 
(Filename:  Line: 1410)

Physics.ClosestPoint can only be used with a BoxCollider, SphereCollider, CapsuleCollider and a convex MeshCollider. 
(Filename:  Line: 1410)

Physics.ClosestPoint can only be used with a BoxCollider, SphereCollider, CapsuleCollider and a convex MeshCollider. 
(Filename:  Line: 1410)

Physics.ClosestPoint can only be used with a BoxCollider, SphereCollider, CapsuleCollider and a convex MeshCollider. 
(Filename:  Line: 1410)

Physics.ClosestPoint can only be used with a BoxCollider, SphereCollider, CapsuleCollider and a convex MeshCollider. 
(Filename:  Line: 1410)

Physics.ClosestPoint can only be used with a BoxCollider, SphereCollider, CapsuleCollider and a convex MeshCollider. 
(Filename:  Line: 1410)

Physics.ClosestPoint can only be used with a BoxCollider, SphereCollider, CapsuleCollider and a convex MeshCollider. 
(Filename:  Line: 1410)

Physics.ClosestPoint can only be used with a BoxCollider, SphereCollider, CapsuleCollider and a convex MeshCollider. 
(Filename:  Line: 1410)

Physics.ClosestPoint can only be used with a BoxCollider, SphereCollider, CapsuleCollider and a convex MeshCollider. 
(Filename:  Line: 1410)

Physics.ClosestPoint can only be used with a BoxCollider, SphereCollider, CapsuleCollider and a convex MeshCollider. 
(Filename:  Line: 1410)

Physics.ClosestPoint can only be used with a BoxCollider, SphereCollider, CapsuleCollider and a convex MeshCollider. 
(Filename:  Line: 1410)

Physics.ClosestPoint can only be used with a BoxCollider, SphereCollider, CapsuleCollider and a convex MeshCollider. 
(Filename:  Line: 1410)

Physics.ClosestPoint can only be used with a BoxCollider, SphereCollider, CapsuleCollider and a convex MeshCollider. 
(Filename:  Line: 1410)

Physics.ClosestPoint can only be used with a BoxCollider, SphereCollider, CapsuleCollider and a convex MeshCollider. 
(Filename:  Line: 1410)

Move dist: 150434, added this one: 34 
(Filename: ./Runtime/Export/Debug/Debug.bindings.h Line: 35)

swim dist: 0, added this one: 0 
(Filename: ./Runtime/Export/Debug/Debug.bindings.h Line: 35)

unlocked station: 100 
(Filename: ./Runtime/Export/Debug/Debug.bindings.h Line: 35)

NullReferenceException: Object reference not set to an instance of an object
  at ServerHandle.PlayerPosition (System.Int32 fromClient, Packet packet) [0x0000b] in <67f488ac102f478da1b726e8e3339fbe>:0 
  at SteamPacketManager.HandlePacket (System.Nullable`1[T] p2Packet, System.Int32 channel) [0x000ed] in <67f488ac102f478da1b726e8e3339fbe>:0 
  at SteamPacketManager.CheckForPackets () [0x00014] in <67f488ac102f478da1b726e8e3339fbe>:0 
  at SteamPacketManager.Update () [0x00005] in <67f488ac102f478da1b726e8e3339fbe>:0 
 
(Filename: <67f488ac102f478da1b726e8e3339fbe> Line: 0)

NullReferenceException: Object reference not set to an instance of an object
  at ServerHandle.PlayerPosition (System.Int32 fromClient, Packet packet) [0x0000b] in <67f488ac102f478da1b726e8e3339fbe>:0 
  at SteamPacketManager.HandlePacket (System.Nullable`1[T] p2Packet, System.Int32 channel) [0x000ed] in <67f488ac102f478da1b726e8e3339fbe>:0 
  at SteamPacketManager.CheckForPackets () [0x00014] in <67f488ac102f478da1b726e8e3339fbe>:0 
  at SteamPacketManager.Update () [0x00005] in <67f488ac102f478da1b726e8e3339fbe>:0 
 
(Filename: <67f488ac102f478da1b726e8e3339fbe> Line: 0)

NullReferenceException: Object reference not set to an instance of an object
  at ServerHandle.PlayerPosition (System.Int32 fromClient, Packet packet) [0x0000b] in <67f488ac102f478da1b726e8e3339fbe>:0 
  at SteamPacketManager.HandlePacket (System.Nullable`1[T] p2Packet, System.Int32 channel) [0x000ed] in <67f488ac102f478da1b726e8e3339fbe>:0 
  at SteamPacketManager.CheckForPackets () [0x00014] in <67f488ac102f478da1b726e8e3339fbe>:0 
  at SteamPacketManager.Update () [0x00005] in <67f488ac102f478da1b726e8e3339fbe>:0 
 
(Filename: <67f488ac102f478da1b726e8e3339fbe> Line: 0)

NullReferenceException: Object reference not set to an instance of an object
  at ServerHandle.PlayerHitObject (System.Int32 fromClient, Packet packet) [0x0000b] in <67f488ac102f478da1b726e8e3339fbe>:0 
  at SteamPacketManager.HandlePacket (System.Nullable`1[T] p2Packet, System.Int32 channel) [0x000ed] in <67f488ac102f478da1b726e8e3339fbe>:0 
  at SteamPacketManager.CheckForPackets () [0x00014] in <67f488ac102f478da1b726e8e3339fbe>:0 
  at SteamPacketManager.Update () [0x00005] in <67f488ac102f478da1b726e8e3339fbe>:0 
 
(Filename: <67f488ac102f478da1b726e8e3339fbe> Line: 0)

NullReferenceException: Object reference not set to an instance of an object
  at ServerHandle.PlayerPosition (System.Int32 fromClient, Packet packet) [0x0000b] in <67f488ac102f478da1b726e8e3339fbe>:0 
  at SteamPacketManager.HandlePacket (System.Nullable`1[T] p2Packet, System.Int32 channel) [0x000ed] in <67f488ac102f478da1b726e8e3339fbe>:0 
  at SteamPacketManager.CheckForPackets () [0x00014] in <67f488ac102f478da1b726e8e3339fbe>:0 
  at SteamPacketManager.Update () [0x00005] in <67f488ac102f478da1b726e8e3339fbe>:0 
 
(Filename: <67f488ac102f478da1b726e8e3339fbe> Line: 0)

NullReferenceException: Object reference not set to an instance of an object
  at ServerHandle.PlayerPosition (System.Int32 fromClient, Packet packet) [0x0000b] in <67f488ac102f478da1b726e8e3339fbe>:0 
  at SteamPacketManager.HandlePacket (System.Nullable`1[T] p2Packet, System.Int32 channel) [0x000ed] in <67f488ac102f478da1b726e8e3339fbe>:0 
  at SteamPacketManager.CheckForPackets () [0x00014] in <67f488ac102f478da1b726e8e3339fbe>:0 
  at SteamPacketManager.Update () [0x00005] in <67f488ac102f478da1b726e8e3339fbe>:0 
 
(Filename: <67f488ac102f478da1b726e8e3339fbe> Line: 0)

NullReferenceException: Object reference not set to an instance of an object
  at ServerHandle.PlayerRotation (System.Int32 fromClient, Packet packet) [0x0000b] in <67f488ac102f478da1b726e8e3339fbe>:0 
  at SteamPacketManager.HandlePacket (System.Nullable`1[T] p2Packet, System.Int32 channel) [0x000ed] in <67f488ac102f478da1b726e8e3339fbe>:0 
  at SteamPacketManager.CheckForPackets () [0x00014] in <67f488ac102f478da1b726e8e3339fbe>:0 
  at SteamPacketManager.Update () [0x00005] in <67f488ac102f478da1b726e8e3339fbe>:0 
 
(Filename: <67f488ac102f478da1b726e8e3339fbe> Line: 0)

NullReferenceException: Object reference not set to an instance of an object
  at ServerHandle.PlayerPosition (System.Int32 fromClient, Packet packet) [0x0000b] in <67f488ac102f478da1b726e8e3339fbe>:0 
  at SteamPacketManager.HandlePacket (System.Nullable`1[T] p2Packet, System.Int32 channel) [0x000ed] in <67f488ac102f478da1b726e8e3339fbe>:0 
  at SteamPacketManager.CheckForPackets () [0x00014] in <67f488ac102f478da1b726e8e3339fbe>:0 
  at SteamPacketManager.Update () [0x00005] in <67f488ac102f478da1b726e8e3339fbe>:0 
 
(Filename: <67f488ac102f478da1b726e8e3339fbe> Line: 0)

NullReferenceException: Object reference not set to an instance of an object
  at ServerHandle.PlayerPosition (System.Int32 fromClient, Packet packet) [0x0000b] in <67f488ac102f478da1b726e8e3339fbe>:0 
  at SteamPacketManager.HandlePacket (System.Nullable`1[T] p2Packet, System.Int32 channel) [0x000ed] in <67f488ac102f478da1b726e8e3339fbe>:0 
  at SteamPacketManager.CheckForPackets () [0x00014] in <67f488ac102f478da1b726e8e3339fbe>:0 
  at SteamPacketManager.Update () [0x00005] in <67f488ac102f478da1b726e8e3339fbe>:0 
 
(Filename: <67f488ac102f478da1b726e8e3339fbe> Line: 0)

NullReferenceException: Object reference not set to an instance of an object
  at ServerHandle.PlayerPosition (System.Int32 fromClient, Packet packet) [0x0000b] in <67f488ac102f478da1b726e8e3339fbe>:0 
  at SteamPacketManager.HandlePacket (System.Nullable`1[T] p2Packet, System.Int32 channel) [0x000ed] in <67f488ac102f478da1b726e8e3339fbe>:0 
  at SteamPacketManager.CheckForPackets () [0x00014] in <67f488ac102f478da1b726e8e3339fbe>:0 
  at SteamPacketManager.Update () [0x00005] in <67f488ac102f478da1b726e8e3339fbe>:0 
 
(Filename: <67f488ac102f478da1b726e8e3339fbe> Line: 0)

NullReferenceException: Object reference not set to an instance of an object
  at ServerHandle.PingReceived (System.Int32 fromClient, Packet packet) [0x0000b] in <67f488ac102f478da1b726e8e3339fbe>:0 
  at SteamPacketManager.HandlePacket (System.Nullable`1[T] p2Packet, System.Int32 channel) [0x000ed] in <67f488ac102f478da1b726e8e3339fbe>:0 
  at SteamPacketManager.CheckForPackets () [0x00014] in <67f488ac102f478da1b726e8e3339fbe>:0 
  at SteamPacketManager.Update () [0x00005] in <67f488ac102f478da1b726e8e3339fbe>:0 
 
(Filename: <67f488ac102f478da1b726e8e3339fbe> Line: 0)

NullReferenceException: Object reference not set to an instance of an object
  at ServerHandle.PlayerPosition (System.Int32 fromClient, Packet packet) [0x0000b] in <67f488ac102f478da1b726e8e3339fbe>:0 
  at SteamPacketManager.HandlePacket (System.Nullable`1[T] p2Packet, System.Int32 channel) [0x000ed] in <67f488ac102f478da1b726e8e3339fbe>:0 
  at SteamPacketManager.CheckForPackets () [0x00014] in <67f488ac102f478da1b726e8e3339fbe>:0 
  at SteamPacketManager.Update () [0x00005] in <67f488ac102f478da1b726e8e3339fbe>:0 
 
(Filename: <67f488ac102f478da1b726e8e3339fbe> Line: 0)

NullReferenceException: Object reference not set to an instance of an object
  at ServerHandle.PlayerPosition (System.Int32 fromClient, Packet packet) [0x0000b] in <67f488ac102f478da1b726e8e3339fbe>:0 
  at SteamPacketManager.HandlePacket (System.Nullable`1[T] p2Packet, System.Int32 channel) [0x000ed] in <67f488ac102f478da1b726e8e3339fbe>:0 
  at SteamPacketManager.CheckForPackets () [0x00014] in <67f488ac102f478da1b726e8e3339fbe>:0 
  at SteamPacketManager.Update () [0x00005] in <67f488ac102f478da1b726e8e3339fbe>:0 
 
(Filename: <67f488ac102f478da1b726e8e3339fbe> Line: 0)

NullReferenceException: Object reference not set to an instance of an object
  at ServerHandle.PlayerPosition (System.Int32 fromClient, Packet packet) [0x0000b] in <67f488ac102f478da1b726e8e3339fbe>:0 
  at SteamPacketManager.HandlePacket (System.Nullable`1[T] p2Packet, System.Int32 channel) [0x000ed] in <67f488ac102f478da1b726e8e3339fbe>:0 
  at SteamPacketManager.CheckForPackets () [0x00014] in <67f488ac102f478da1b726e8e3339fbe>:0 
  at SteamPacketManager.Update () [0x00005] in <67f488ac102f478da1b726e8e3339fbe>:0 
 
(Filename: <67f488ac102f478da1b726e8e3339fbe> Line: 0)

NullReferenceException: Object reference not set to an instance of an object
  at ServerHandle.PlayerPosition (System.Int32 fromClient, Packet packet) [0x0000b] in <67f488ac102f478da1b726e8e3339fbe>:0 
  at SteamPacketManager.HandlePacket (System.Nullable`1[T] p2Packet, System.Int32 channel) [0x000ed] in <67f488ac102f478da1b726e8e3339fbe>:0 
  at SteamPacketManager.CheckForPackets () [0x00014] in <67f488ac102f478da1b726e8e3339fbe>:0 
  at SteamPacketManager.Update () [0x00005] in <67f488ac102f478da1b726e8e3339fbe>:0 
 
(Filename: <67f488ac102f478da1b726e8e3339fbe> Line: 0)

NullReferenceException: Object reference not set to an instance of an object
  at ServerHandle.PlayerPosition (System.Int32 fromClient, Packet packet) [0x0000b] in <67f488ac102f478da1b726e8e3339fbe>:0 
  at SteamPacketManager.HandlePacket (System.Nullable`1[T] p2Packet, System.Int32 channel) [0x000ed] in <67f488ac102f478da1b726e8e3339fbe>:0 
  at SteamPacketManager.CheckForPackets () [0x00014] in <67f488ac102f478da1b726e8e3339fbe>:0 
  at SteamPacketManager.Update () [0x00005] in <67f488ac102f478da1b726e8e3339fbe>:0 
 
(Filename: <67f488ac102f478da1b726e8e3339fbe> Line: 0)

NullReferenceException: Object reference not set to an instance of an object
  at ServerHandle.PlayerPosition (System.Int32 fromClient, Packet packet) [0x0000b] in <67f488ac102f478da1b726e8e3339fbe>:0 
  at SteamPacketManager.HandlePacket (System.Nullable`1[T] p2Packet, System.Int32 channel) [0x000ed] in <67f488ac102f478da1b726e8e3339fbe>:0 
  at SteamPacketManager.CheckForPackets () [0x00014] in <67f488ac102f478da1b726e8e3339fbe>:0 
  at SteamPacketManager.Update () [0x00005] in <67f488ac102f478da1b726e8e3339fbe>:0 
 
(Filename: <67f488ac102f478da1b726e8e3339fbe> Line: 0)

NullReferenceException: Object reference not set to an instance of an object
  at ServerHandle.PlayerPosition (System.Int32 fromClient, Packet packet) [0x0000b] in <67f488ac102f478da1b726e8e3339fbe>:0 
  at SteamPacketManager.HandlePacket (System.Nullable`1[T] p2Packet, System.Int32 channel) [0x000ed] in <67f488ac102f478da1b726e8e3339fbe>:0 
  at SteamPacketManager.CheckForPackets () [0x00014] in <67f488ac102f478da1b726e8e3339fbe>:0 
  at SteamPacketManager.Update () [0x00005] in <67f488ac102f478da1b726e8e3339fbe>:0 
 
(Filename: <67f488ac102f478da1b726e8e3339fbe> Line: 0)

NullReferenceException: Object reference not set to an instance of an object
  at ServerHandle.PlayerPosition (System.Int32 fromClient, Packet packet) [0x0000b] in <67f488ac102f478da1b726e8e3339fbe>:0 
  at SteamPacketManager.HandlePacket (System.Nullable`1[T] p2Packet, System.Int32 channel) [0x000ed] in <67f488ac102f478da1b726e8e3339fbe>:0 
  at SteamPacketManager.CheckForPackets () [0x00014] in <67f488ac102f478da1b726e8e3339fbe>:0 
  at SteamPacketManager.Update () [0x00005] in <67f488ac102f478da1b726e8e3339fbe>:0 
 
(Filename: <67f488ac102f478da1b726e8e3339fbe> Line: 0)

NullReferenceException: Object reference not set to an instance of an object
  at ServerHandle.WeaponInHand (System.Int32 fromClient, Packet packet) [0x0000b] in <67f488ac102f478da1b726e8e3339fbe>:0 
  at SteamPacketManager.HandlePacket (System.Nullable`1[T] p2Packet, System.Int32 channel) [0x000ed] in <67f488ac102f478da1b726e8e3339fbe>:0 
  at SteamPacketManager.CheckForPackets () [0x00014] in <67f488ac102f478da1b726e8e3339fbe>:0 
  at SteamPacketManager.Update () [0x00005] in <67f488ac102f478da1b726e8e3339fbe>:0 
 
(Filename: <67f488ac102f478da1b726e8e3339fbe> Line: 0)

NullReferenceException: Object reference not set to an instance of an object
  at ServerHandle.PlayerPosition (System.Int32 fromClient, Packet packet) [0x0000b] in <67f488ac102f478da1b726e8e3339fbe>:0 
  at SteamPacketManager.HandlePacket (System.Nullable`1[T] p2Packet, System.Int32 channel) [0x000ed] in <67f488ac102f478da1b726e8e3339fbe>:0 
  at SteamPacketManager.CheckForPackets () [0x00014] in <67f488ac102f478da1b726e8e3339fbe>:0 
  at SteamPacketManager.Update () [0x00005] in <67f488ac102f478da1b726e8e3339fbe>:0 
 
(Filename: <67f488ac102f478da1b726e8e3339fbe> Line: 0)

NullReferenceException: Object reference not set to an instance of an object
  at ServerHandle.PlayerPosition (System.Int32 fromClient, Packet packet) [0x0000b] in <67f488ac102f478da1b726e8e3339fbe>:0 
  at SteamPacketManager.HandlePacket (System.Nullable`1[T] p2Packet, System.Int32 channel) [0x000ed] in <67f488ac102f478da1b726e8e3339fbe>:0 
  at SteamPacketManager.CheckForPackets () [0x00014] in <67f488ac102f478da1b726e8e3339fbe>:0 
  at SteamPacketManager.Update () [0x00005] in <67f488ac102f478da1b726e8e3339fbe>:0 
 
(Filename: <67f488ac102f478da1b726e8e3339fbe> Line: 0)

NullReferenceException: Object reference not set to an instance of an object
  at ServerHandle.PingReceived (System.Int32 fromClient, Packet packet) [0x0000b] in <67f488ac102f478da1b726e8e3339fbe>:0 
  at SteamPacketManager.HandlePacket (System.Nullable`1[T] p2Packet, System.Int32 channel) [0x000ed] in <67f488ac102f478da1b726e8e3339fbe>:0 
  at SteamPacketManager.CheckForPackets () [0x00014] in <67f488ac102f478da1b726e8e3339fbe>:0 
  at SteamPacketManager.Update () [0x00005] in <67f488ac102f478da1b726e8e3339fbe>:0 
 
(Filename: <67f488ac102f478da1b726e8e3339fbe> Line: 0)

NullReferenceException: Object reference not set to an instance of an object
  at ServerHandle.PingReceived (System.Int32 fromClient, Packet packet) [0x0000b] in <67f488ac102f478da1b726e8e3339fbe>:0 
  at SteamPacketManager.HandlePacket (System.Nullable`1[T] p2Packet, System.Int32 channel) [0x000ed] in <67f488ac102f478da1b726e8e3339fbe>:0 
  at SteamPacketManager.CheckForPackets () [0x00014] in <67f488ac102f478da1b726e8e3339fbe>:0 
  at SteamPacketManager.Update () [0x00005] in <67f488ac102f478da1b726e8e3339fbe>:0 
 
(Filename: <67f488ac102f478da1b726e8e3339fbe> Line: 0)

NullReferenceException: Object reference not set to an instance of an object
  at ServerHandle.PingReceived (System.Int32 fromClient, Packet packet) [0x0000b] in <67f488ac102f478da1b726e8e3339fbe>:0 
  at SteamPacketManager.HandlePacket (System.Nullable`1[T] p2Packet, System.Int32 channel) [0x000ed] in <67f488ac102f478da1b726e8e3339fbe>:0 
  at SteamPacketManager.CheckForPackets () [0x00014] in <67f488ac102f478da1b726e8e3339fbe>:0 
  at SteamPacketManager.Update () [0x00005] in <67f488ac102f478da1b726e8e3339fbe>:0 
 
(Filename: <67f488ac102f478da1b726e8e3339fbe> Line: 0)

NullReferenceException: Object reference not set to an instance of an object
  at ServerHandle.PingReceived (System.Int32 fromClient, Packet packet) [0x0000b] in <67f488ac102f478da1b726e8e3339fbe>:0 
  at SteamPacketManager.HandlePacket (System.Nullable`1[T] p2Packet, System.Int32 channel) [0x000ed] in <67f488ac102f478da1b726e8e3339fbe>:0 
  at SteamPacketManager.CheckForPackets () [0x00014] in <67f488ac102f478da1b726e8e3339fbe>:0 
  at SteamPacketManager.Update () [0x00005] in <67f488ac102f478da1b726e8e3339fbe>:0 
 
(Filename: <67f488ac102f478da1b726e8e3339fbe> Line: 0)

NullReferenceException: Object reference not set to an instance of an object
  at ServerHandle.PingReceived (System.Int32 fromClient, Packet packet) [0x0000b] in <67f488ac102f478da1b726e8e3339fbe>:0 
  at SteamPacketManager.HandlePacket (System.Nullable`1[T] p2Packet, System.Int32 channel) [0x000ed] in <67f488ac102f478da1b726e8e3339fbe>:0 
  at SteamPacketManager.CheckForPackets () [0x00014] in <67f488ac102f478da1b726e8e3339fbe>:0 
  at SteamPacketManager.Update () [0x00005] in <67f488ac102f478da1b726e8e3339fbe>:0 
 
(Filename: <67f488ac102f478da1b726e8e3339fbe> Line: 0)

NullReferenceException: Object reference not set to an instance of an object
  at ServerHandle.PingReceived (System.Int32 fromClient, Packet packet) [0x0000b] in <67f488ac102f478da1b726e8e3339fbe>:0 
  at SteamPacketManager.HandlePacket (System.Nullable`1[T] p2Packet, System.Int32 channel) [0x000ed] in <67f488ac102f478da1b726e8e3339fbe>:0 
  at SteamPacketManager.CheckForPackets () [0x00014] in <67f488ac102f478da1b726e8e3339fbe>:0 
  at SteamPacketManager.Update () [0x00005] in <67f488ac102f478da1b726e8e3339fbe>:0 
 
(Filename: <67f488ac102f478da1b726e8e3339fbe> Line: 0)

NullReferenceException: Object reference not set to an instance of an object
  at ServerHandle.PingReceived (System.Int32 fromClient, Packet packet) [0x0000b] in <67f488ac102f478da1b726e8e3339fbe>:0 
  at SteamPacketManager.HandlePacket (System.Nullable`1[T] p2Packet, System.Int32 channel) [0x000ed] in <67f488ac102f478da1b726e8e3339fbe>:0 
  at SteamPacketManager.CheckForPackets () [0x00014] in <67f488ac102f478da1b726e8e3339fbe>:0 
  at SteamPacketManager.Update () [0x00005] in <67f488ac102f478da1b726e8e3339fbe>:0 
 
(Filename: <67f488ac102f478da1b726e8e3339fbe> Line: 0)

NullReferenceException: Object reference not set to an instance of an object
  at ServerHandle.PingReceived (System.Int32 fromClient, Packet packet) [0x0000b] in <67f488ac102f478da1b726e8e3339fbe>:0 
  at SteamPacketManager.HandlePacket (System.Nullable`1[T] p2Packet, System.Int32 channel) [0x000ed] in <67f488ac102f478da1b726e8e3339fbe>:0 
  at SteamPacketManager.CheckForPackets () [0x00014] in <67f488ac102f478da1b726e8e3339fbe>:0 
  at SteamPacketManager.Update () [0x00005] in <67f488ac102f478da1b726e8e3339fbe>:0 
 
(Filename: <67f488ac102f478da1b726e8e3339fbe> Line: 0)

NullReferenceException: Object reference not set to an instance of an object
  at ServerHandle.PingReceived (System.Int32 fromClient, Packet packet) [0x0000b] in <67f488ac102f478da1b726e8e3339fbe>:0 
  at SteamPacketManager.HandlePacket (System.Nullable`1[T] p2Packet, System.Int32 channel) [0x000ed] in <67f488ac102f478da1b726e8e3339fbe>:0 
  at SteamPacketManager.CheckForPackets () [0x00014] in <67f488ac102f478da1b726e8e3339fbe>:0 
  at SteamPacketManager.Update () [0x00005] in <67f488ac102f478da1b726e8e3339fbe>:0 
 
(Filename: <67f488ac102f478da1b726e8e3339fbe> Line: 0)

NullReferenceException: Object reference not set to an instance of an object
  at ServerHandle.PingReceived (System.Int32 fromClient, Packet packet) [0x0000b] in <67f488ac102f478da1b726e8e3339fbe>:0 
  at SteamPacketManager.HandlePacket (System.Nullable`1[T] p2Packet, System.Int32 channel) [0x000ed] in <67f488ac102f478da1b726e8e3339fbe>:0 
  at SteamPacketManager.CheckForPackets () [0x00014] in <67f488ac102f478da1b726e8e3339fbe>:0 
  at SteamPacketManager.Update () [0x00005] in <67f488ac102f478da1b726e8e3339fbe>:0 
 
(Filename: <67f488ac102f478da1b726e8e3339fbe> Line: 0)

NullReferenceException: Object reference not set to an instance of an object
  at ServerHandle.PingReceived (System.Int32 fromClient, Packet packet) [0x0000b] in <67f488ac102f478da1b726e8e3339fbe>:0 
  at SteamPacketManager.HandlePacket (System.Nullable`1[T] p2Packet, System.Int32 channel) [0x000ed] in <67f488ac102f478da1b726e8e3339fbe>:0 
  at SteamPacketManager.CheckForPackets () [0x00014] in <67f488ac102f478da1b726e8e3339fbe>:0 
  at SteamPacketManager.Update () [0x00005] in <67f488ac102f478da1b726e8e3339fbe>:0 
 
(Filename: <67f488ac102f478da1b726e8e3339fbe> Line: 0)

NullReferenceException: Object reference not set to an instance of an object
  at ServerHandle.PingReceived (System.Int32 fromClient, Packet packet) [0x0000b] in <67f488ac102f478da1b726e8e3339fbe>:0 
  at SteamPacketManager.HandlePacket (System.Nullable`1[T] p2Packet, System.Int32 channel) [0x000ed] in <67f488ac102f478da1b726e8e3339fbe>:0 
  at SteamPacketManager.CheckForPackets () [0x00014] in <67f488ac102f478da1b726e8e3339fbe>:0 
  at SteamPacketManager.Update () [0x00005] in <67f488ac102f478da1b726e8e3339fbe>:0 
 
(Filename: <67f488ac102f478da1b726e8e3339fbe> Line: 0)

NullReferenceException: Object reference not set to an instance of an object
  at ServerHandle.PingReceived (System.Int32 fromClient, Packet packet) [0x0000b] in <67f488ac102f478da1b726e8e3339fbe>:0 
  at SteamPacketManager.HandlePacket (System.Nullable`1[T] p2Packet, System.Int32 channel) [0x000ed] in <67f488ac102f478da1b726e8e3339fbe>:0 
  at SteamPacketManager.CheckForPackets () [0x00014] in <67f488ac102f478da1b726e8e3339fbe>:0 
  at SteamPacketManager.Update () [0x00005] in <67f488ac102f478da1b726e8e3339fbe>:0 
 
(Filename: <67f488ac102f478da1b726e8e3339fbe> Line: 0)

NullReferenceException: Object reference not set to an instance of an object
  at ServerHandle.PingReceived (System.Int32 fromClient, Packet packet) [0x0000b] in <67f488ac102f478da1b726e8e3339fbe>:0 
  at SteamPacketManager.HandlePacket (System.Nullable`1[T] p2Packet, System.Int32 channel) [0x000ed] in <67f488ac102f478da1b726e8e3339fbe>:0 
  at SteamPacketManager.CheckForPackets () [0x00014] in <67f488ac102f478da1b726e8e3339fbe>:0 
  at SteamPacketManager.Update () [0x00005] in <67f488ac102f478da1b726e8e3339fbe>:0 
 
(Filename: <67f488ac102f478da1b726e8e3339fbe> Line: 0)

NullReferenceException: Object reference not set to an instance of an object
  at ServerHandle.PingReceived (System.Int32 fromClient, Packet packet) [0x0000b] in <67f488ac102f478da1b726e8e3339fbe>:0 
  at SteamPacketManager.HandlePacket (System.Nullable`1[T] p2Packet, System.Int32 channel) [0x000ed] in <67f488ac102f478da1b726e8e3339fbe>:0 
  at SteamPacketManager.CheckForPackets () [0x00014] in <67f488ac102f478da1b726e8e3339fbe>:0 
  at SteamPacketManager.Update () [0x00005] in <67f488ac102f478da1b726e8e3339fbe>:0 
 
(Filename: <67f488ac102f478da1b726e8e3339fbe> Line: 0)

NullReferenceException: Object reference not set to an instance of an object
  at ServerHandle.PingReceived (System.Int32 fromClient, Packet packet) [0x0000b] in <67f488ac102f478da1b726e8e3339fbe>:0 
  at SteamPacketManager.HandlePacket (System.Nullable`1[T] p2Packet, System.Int32 channel) [0x000ed] in <67f488ac102f478da1b726e8e3339fbe>:0 
  at SteamPacketManager.CheckForPackets () [0x00014] in <67f488ac102f478da1b726e8e3339fbe>:0 
  at SteamPacketManager.Update () [0x00005] in <67f488ac102f478da1b726e8e3339fbe>:0 
 
(Filename: <67f488ac102f478da1b726e8e3339fbe> Line: 0)

NullReferenceException: Object reference not set to an instance of an object
  at ServerHandle.PingReceived (System.Int32 fromClient, Packet packet) [0x0000b] in <67f488ac102f478da1b726e8e3339fbe>:0 
  at SteamPacketManager.HandlePacket (System.Nullable`1[T] p2Packet, System.Int32 channel) [0x000ed] in <67f488ac102f478da1b726e8e3339fbe>:0 
  at SteamPacketManager.CheckForPackets () [0x00014] in <67f488ac102f478da1b726e8e3339fbe>:0 
  at SteamPacketManager.Update () [0x00005] in <67f488ac102f478da1b726e8e3339fbe>:0 
 
(Filename: <67f488ac102f478da1b726e8e3339fbe> Line: 0)

NullReferenceException: Object reference not set to an instance of an object
  at ServerHandle.PingReceived (System.Int32 fromClient, Packet packet) [0x0000b] in <67f488ac102f478da1b726e8e3339fbe>:0 
  at SteamPacketManager.HandlePacket (System.Nullable`1[T] p2Packet, System.Int32 channel) [0x000ed] in <67f488ac102f478da1b726e8e3339fbe>:0 
  at SteamPacketManager.CheckForPackets () [0x00014] in <67f488ac102f478da1b726e8e3339fbe>:0 
  at SteamPacketManager.Update () [0x00005] in <67f488ac102f478da1b726e8e3339fbe>:0 
 
(Filename: <67f488ac102f478da1b726e8e3339fbe> Line: 0)

NullReferenceException: Object reference not set to an instance of an object
  at ServerHandle.PingReceived (System.Int32 fromClient, Packet packet) [0x0000b] in <67f488ac102f478da1b726e8e3339fbe>:0 
  at SteamPacketManager.HandlePacket (System.Nullable`1[T] p2Packet, System.Int32 channel) [0x000ed] in <67f488ac102f478da1b726e8e3339fbe>:0 
  at SteamPacketManager.CheckForPackets () [0x00014] in <67f488ac102f478da1b726e8e3339fbe>:0 
  at SteamPacketManager.Update () [0x00005] in <67f488ac102f478da1b726e8e3339fbe>:0 
 
(Filename: <67f488ac102f478da1b726e8e3339fbe> Line: 0)

NullReferenceException: Object reference not set to an instance of an object
  at ServerHandle.PingReceived (System.Int32 fromClient, Packet packet) [0x0000b] in <67f488ac102f478da1b726e8e3339fbe>:0 
  at SteamPacketManager.HandlePacket (System.Nullable`1[T] p2Packet, System.Int32 channel) [0x000ed] in <67f488ac102f478da1b726e8e3339fbe>:0 
  at SteamPacketManager.CheckForPackets () [0x00014] in <67f488ac102f478da1b726e8e3339fbe>:0 
  at SteamPacketManager.Update () [0x00005] in <67f488ac102f478da1b726e8e3339fbe>:0 
 
(Filename: <67f488ac102f478da1b726e8e3339fbe> Line: 0)

NullReferenceException: Object reference not set to an instance of an object
  at ServerHandle.PingReceived (System.Int32 fromClient, Packet packet) [0x0000b] in <67f488ac102f478da1b726e8e3339fbe>:0 
  at SteamPacketManager.HandlePacket (System.Nullable`1[T] p2Packet, System.Int32 channel) [0x000ed] in <67f488ac102f478da1b726e8e3339fbe>:0 
  at SteamPacketManager.CheckForPackets () [0x00014] in <67f488ac102f478da1b726e8e3339fbe>:0 
  at SteamPacketManager.Update () [0x00005] in <67f488ac102f478da1b726e8e3339fbe>:0 
 
(Filename: <67f488ac102f478da1b726e8e3339fbe> Line: 0)

NullReferenceException: Object reference not set to an instance of an object
  at ServerHandle.PingReceived (System.Int32 fromClient, Packet packet) [0x0000b] in <67f488ac102f478da1b726e8e3339fbe>:0 
  at SteamPacketManager.HandlePacket (System.Nullable`1[T] p2Packet, System.Int32 channel) [0x000ed] in <67f488ac102f478da1b726e8e3339fbe>:0 
  at SteamPacketManager.CheckForPackets () [0x00014] in <67f488ac102f478da1b726e8e3339fbe>:0 
  at SteamPacketManager.Update () [0x00005] in <67f488ac102f478da1b726e8e3339fbe>:0 
 
(Filename: <67f488ac102f478da1b726e8e3339fbe> Line: 0)

NullReferenceException: Object reference not set to an instance of an object
  at ServerHandle.PingReceived (System.Int32 fromClient, Packet packet) [0x0000b] in <67f488ac102f478da1b726e8e3339fbe>:0 
  at SteamPacketManager.HandlePacket (System.Nullable`1[T] p2Packet, System.Int32 channel) [0x000ed] in <67f488ac102f478da1b726e8e3339fbe>:0 
  at SteamPacketManager.CheckForPackets () [0x00014] in <67f488ac102f478da1b726e8e3339fbe>:0 
  at SteamPacketManager.Update () [0x00005] in <67f488ac102f478da1b726e8e3339fbe>:0 
 
(Filename: <67f488ac102f478da1b726e8e3339fbe> Line: 0)

NullReferenceException: Object reference not set to an instance of an object
  at ServerHandle.PingReceived (System.Int32 fromClient, Packet packet) [0x0000b] in <67f488ac102f478da1b726e8e3339fbe>:0 
  at SteamPacketManager.HandlePacket (System.Nullable`1[T] p2Packet, System.Int32 channel) [0x000ed] in <67f488ac102f478da1b726e8e3339fbe>:0 
  at SteamPacketManager.CheckForPackets () [0x00014] in <67f488ac102f478da1b726e8e3339fbe>:0 
  at SteamPacketManager.Update () [0x00005] in <67f488ac102f478da1b726e8e3339fbe>:0 
 
(Filename: <67f488ac102f478da1b726e8e3339fbe> Line: 0)

NullReferenceException: Object reference not set to an instance of an object
  at ServerHandle.PingReceived (System.Int32 fromClient, Packet packet) [0x0000b] in <67f488ac102f478da1b726e8e3339fbe>:0 
  at SteamPacketManager.HandlePacket (System.Nullable`1[T] p2Packet, System.Int32 channel) [0x000ed] in <67f488ac102f478da1b726e8e3339fbe>:0 
  at SteamPacketManager.CheckForPackets () [0x00014] in <67f488ac102f478da1b726e8e3339fbe>:0 
  at SteamPacketManager.Update () [0x00005] in <67f488ac102f478da1b726e8e3339fbe>:0 
 
(Filename: <67f488ac102f478da1b726e8e3339fbe> Line: 0)

NullReferenceException: Object reference not set to an instance of an object
  at ServerHandle.PingReceived (System.Int32 fromClient, Packet packet) [0x0000b] in <67f488ac102f478da1b726e8e3339fbe>:0 
  at SteamPacketManager.HandlePacket (System.Nullable`1[T] p2Packet, System.Int32 channel) [0x000ed] in <67f488ac102f478da1b726e8e3339fbe>:0 
  at SteamPacketManager.CheckForPackets () [0x00014] in <67f488ac102f478da1b726e8e3339fbe>:0 
  at SteamPacketManager.Update () [0x00005] in <67f488ac102f478da1b726e8e3339fbe>:0 
 
(Filename: <67f488ac102f478da1b726e8e3339fbe> Line: 0)

NullReferenceException: Object reference not set to an instance of an object
  at ServerHandle.PingReceived (System.Int32 fromClient, Packet packet) [0x0000b] in <67f488ac102f478da1b726e8e3339fbe>:0 
  at SteamPacketManager.HandlePacket (System.Nullable`1[T] p2Packet, System.Int32 channel) [0x000ed] in <67f488ac102f478da1b726e8e3339fbe>:0 
  at SteamPacketManager.CheckForPackets () [0x00014] in <67f488ac102f478da1b726e8e3339fbe>:0 
  at SteamPacketManager.Update () [0x00005] in <67f488ac102f478da1b726e8e3339fbe>:0 
 
(Filename: <67f488ac102f478da1b726e8e3339fbe> Line: 0)

NullReferenceException: Object reference not set to an instance of an object
  at ServerHandle.PingReceived (System.Int32 fromClient, Packet packet) [0x0000b] in <67f488ac102f478da1b726e8e3339fbe>:0 
  at SteamPacketManager.HandlePacket (System.Nullable`1[T] p2Packet, System.Int32 channel) [0x000ed] in <67f488ac102f478da1b726e8e3339fbe>:0 
  at SteamPacketManager.CheckForPackets () [0x00014] in <67f488ac102f478da1b726e8e3339fbe>:0 
  at SteamPacketManager.Update () [0x00005] in <67f488ac102f478da1b726e8e3339fbe>:0 
 
(Filename: <67f488ac102f478da1b726e8e3339fbe> Line: 0)

NullReferenceException: Object reference not set to an instance of an object
  at ServerHandle.PingReceived (System.Int32 fromClient, Packet packet) [0x0000b] in <67f488ac102f478da1b726e8e3339fbe>:0 
  at SteamPacketManager.HandlePacket (System.Nullable`1[T] p2Packet, System.Int32 channel) [0x000ed] in <67f488ac102f478da1b726e8e3339fbe>:0 
  at SteamPacketManager.CheckForPackets () [0x00014] in <67f488ac102f478da1b726e8e3339fbe>:0 
  at SteamPacketManager.Update () [0x00005] in <67f488ac102f478da1b726e8e3339fbe>:0 
 
(Filename: <67f488ac102f478da1b726e8e3339fbe> Line: 0)

NullReferenceException: Object reference not set to an instance of an object
  at ServerHandle.PingReceived (System.Int32 fromClient, Packet packet) [0x0000b] in <67f488ac102f478da1b726e8e3339fbe>:0 
  at SteamPacketManager.HandlePacket (System.Nullable`1[T] p2Packet, System.Int32 channel) [0x000ed] in <67f488ac102f478da1b726e8e3339fbe>:0 
  at SteamPacketManager.CheckForPackets () [0x00014] in <67f488ac102f478da1b726e8e3339fbe>:0 
  at SteamPacketManager.Update () [0x00005] in <67f488ac102f478da1b726e8e3339fbe>:0 
 
(Filename: <67f488ac102f478da1b726e8e3339fbe> Line: 0)

overlay set to: 0.6 
(Filename: ./Runtime/Export/Debug/Debug.bindings.h Line: 35)

overlay set to: 0.6 
(Filename: ./Runtime/Export/Debug/Debug.bindings.h Line: 35)

overlay set to: 0.6 
(Filename: ./Runtime/Export/Debug/Debug.bindings.h Line: 35)

overlay set to: 0.6 
(Filename: ./Runtime/Export/Debug/Debug.bindings.h Line: 35)

NullReferenceException: Object reference not set to an instance of an object
  at ServerHandle.PingReceived (System.Int32 fromClient, Packet packet) [0x0000b] in <67f488ac102f478da1b726e8e3339fbe>:0 
  at SteamPacketManager.HandlePacket (System.Nullable`1[T] p2Packet, System.Int32 channel) [0x000ed] in <67f488ac102f478da1b726e8e3339fbe>:0 
  at SteamPacketManager.CheckForPackets () [0x00014] in <67f488ac102f478da1b726e8e3339fbe>:0 
  at SteamPacketManager.Update () [0x00005] in <67f488ac102f478da1b726e8e3339fbe>:0 
 
(Filename: <67f488ac102f478da1b726e8e3339fbe> Line: 0)

NullReferenceException: Object reference not set to an instance of an object
  at ServerHandle.PingReceived (System.Int32 fromClient, Packet packet) [0x0000b] in <67f488ac102f478da1b726e8e3339fbe>:0 
  at SteamPacketManager.HandlePacket (System.Nullable`1[T] p2Packet, System.Int32 channel) [0x000ed] in <67f488ac102f478da1b726e8e3339fbe>:0 
  at SteamPacketManager.CheckForPackets () [0x00014] in <67f488ac102f478da1b726e8e3339fbe>:0 
  at SteamPacketManager.Update () [0x00005] in <67f488ac102f478da1b726e8e3339fbe>:0 
 
(Filename: <67f488ac102f478da1b726e8e3339fbe> Line: 0)

NullReferenceException: Object reference not set to an instance of an object
  at ServerHandle.PingReceived (System.Int32 fromClient, Packet packet) [0x0000b] in <67f488ac102f478da1b726e8e3339fbe>:0 
  at SteamPacketManager.HandlePacket (System.Nullable`1[T] p2Packet, System.Int32 channel) [0x000ed] in <67f488ac102f478da1b726e8e3339fbe>:0 
  at SteamPacketManager.CheckForPackets () [0x00014] in <67f488ac102f478da1b726e8e3339fbe>:0 
  at SteamPacketManager.Update () [0x00005] in <67f488ac102f478da1b726e8e3339fbe>:0 
 
(Filename: <67f488ac102f478da1b726e8e3339fbe> Line: 0)

NullReferenceException: Object reference not set to an instance of an object
  at ServerHandle.PingReceived (System.Int32 fromClient, Packet packet) [0x0000b] in <67f488ac102f478da1b726e8e3339fbe>:0 
  at SteamPacketManager.HandlePacket (System.Nullable`1[T] p2Packet, System.Int32 channel) [0x000ed] in <67f488ac102f478da1b726e8e3339fbe>:0 
  at SteamPacketManager.CheckForPackets () [0x00014] in <67f488ac102f478da1b726e8e3339fbe>:0 
  at SteamPacketManager.Update () [0x00005] in <67f488ac102f478da1b726e8e3339fbe>:0 
 
(Filename: <67f488ac102f478da1b726e8e3339fbe> Line: 0)

NullReferenceException: Object reference not set to an instance of an object
  at ServerHandle.PingReceived (System.Int32 fromClient, Packet packet) [0x0000b] in <67f488ac102f478da1b726e8e3339fbe>:0 
  at SteamPacketManager.HandlePacket (System.Nullable`1[T] p2Packet, System.Int32 channel) [0x000ed] in <67f488ac102f478da1b726e8e3339fbe>:0 
  at SteamPacketManager.CheckForPackets () [0x00014] in <67f488ac102f478da1b726e8e3339fbe>:0 
  at SteamPacketManager.Update () [0x00005] in <67f488ac102f478da1b726e8e3339fbe>:0 
 
(Filename: <67f488ac102f478da1b726e8e3339fbe> Line: 0)

NullReferenceException: Object reference not set to an instance of an object
  at ServerHandle.PingReceived (System.Int32 fromClient, Packet packet) [0x0000b] in <67f488ac102f478da1b726e8e3339fbe>:0 
  at SteamPacketManager.HandlePacket (System.Nullable`1[T] p2Packet, System.Int32 channel) [0x000ed] in <67f488ac102f478da1b726e8e3339fbe>:0 
  at SteamPacketManager.CheckForPackets () [0x00014] in <67f488ac102f478da1b726e8e3339fbe>:0 
  at SteamPacketManager.Update () [0x00005] in <67f488ac102f478da1b726e8e3339fbe>:0 
 
(Filename: <67f488ac102f478da1b726e8e3339fbe> Line: 0)

NullReferenceException: Object reference not set to an instance of an object
  at ServerHandle.PingReceived (System.Int32 fromClient, Packet packet) [0x0000b] in <67f488ac102f478da1b726e8e3339fbe>:0 
  at SteamPacketManager.HandlePacket (System.Nullable`1[T] p2Packet, System.Int32 channel) [0x000ed] in <67f488ac102f478da1b726e8e3339fbe>:0 
  at SteamPacketManager.CheckForPackets () [0x00014] in <67f488ac102f478da1b726e8e3339fbe>:0 
  at SteamPacketManager.Update () [0x00005] in <67f488ac102f478da1b726e8e3339fbe>:0 
 
(Filename: <67f488ac102f478da1b726e8e3339fbe> Line: 0)

NullReferenceException: Object reference not set to an instance of an object
  at ServerHandle.PingReceived (System.Int32 fromClient, Packet packet) [0x0000b] in <67f488ac102f478da1b726e8e3339fbe>:0 
  at SteamPacketManager.HandlePacket (System.Nullable`1[T] p2Packet, System.Int32 channel) [0x000ed] in <67f488ac102f478da1b726e8e3339fbe>:0 
  at SteamPacketManager.CheckForPackets () [0x00014] in <67f488ac102f478da1b726e8e3339fbe>:0 
  at SteamPacketManager.Update () [0x00005] in <67f488ac102f478da1b726e8e3339fbe>:0 
 
(Filename: <67f488ac102f478da1b726e8e3339fbe> Line: 0)

NullReferenceException: Object reference not set to an instance of an object
  at ServerHandle.PingReceived (System.Int32 fromClient, Packet packet) [0x0000b] in <67f488ac102f478da1b726e8e3339fbe>:0 
  at SteamPacketManager.HandlePacket (System.Nullable`1[T] p2Packet, System.Int32 channel) [0x000ed] in <67f488ac102f478da1b726e8e3339fbe>:0 
  at SteamPacketManager.CheckForPackets () [0x00014] in <67f488ac102f478da1b726e8e3339fbe>:0 
  at SteamPacketManager.Update () [0x00005] in <67f488ac102f478da1b726e8e3339fbe>:0 
 
(Filename: <67f488ac102f478da1b726e8e3339fbe> Line: 0)

NullReferenceException: Object reference not set to an instance of an object
  at ServerHandle.PlayerRotation (System.Int32 fromClient, Packet packet) [0x0000b] in <67f488ac102f478da1b726e8e3339fbe>:0 
  at SteamPacketManager.HandlePacket (System.Nullable`1[T] p2Packet, System.Int32 channel) [0x000ed] in <67f488ac102f478da1b726e8e3339fbe>:0 
  at SteamPacketManager.CheckForPackets () [0x00014] in <67f488ac102f478da1b726e8e3339fbe>:0 
  at SteamPacketManager.Update () [0x00005] in <67f488ac102f478da1b726e8e3339fbe>:0 
 
(Filename: <67f488ac102f478da1b726e8e3339fbe> Line: 0)

NullReferenceException: Object reference not set to an instance of an object
  at ServerHandle.PlayerRotation (System.Int32 fromClient, Packet packet) [0x0000b] in <67f488ac102f478da1b726e8e3339fbe>:0 
  at SteamPacketManager.HandlePacket (System.Nullable`1[T] p2Packet, System.Int32 channel) [0x000ed] in <67f488ac102f478da1b726e8e3339fbe>:0 
  at SteamPacketManager.CheckForPackets () [0x00014] in <67f488ac102f478da1b726e8e3339fbe>:0 
  at SteamPacketManager.Update () [0x00005] in <67f488ac102f478da1b726e8e3339fbe>:0 
 
(Filename: <67f488ac102f478da1b726e8e3339fbe> Line: 0)

NullReferenceException: Object reference not set to an instance of an object
  at ServerHandle.PingReceived (System.Int32 fromClient, Packet packet) [0x0000b] in <67f488ac102f478da1b726e8e3339fbe>:0 
  at SteamPacketManager.HandlePacket (System.Nullable`1[T] p2Packet, System.Int32 channel) [0x000ed] in <67f488ac102f478da1b726e8e3339fbe>:0 
  at SteamPacketManager.CheckForPackets () [0x00014] in <67f488ac102f478da1b726e8e3339fbe>:0 
  at SteamPacketManager.Update () [0x00005] in <67f488ac102f478da1b726e8e3339fbe>:0 
 
(Filename: <67f488ac102f478da1b726e8e3339fbe> Line: 0)

NullReferenceException: Object reference not set to an instance of an object
  at ServerHandle.PlayerRotation (System.Int32 fromClient, Packet packet) [0x0000b] in <67f488ac102f478da1b726e8e3339fbe>:0 
  at SteamPacketManager.HandlePacket (System.Nullable`1[T] p2Packet, System.Int32 channel) [0x000ed] in <67f488ac102f478da1b726e8e3339fbe>:0 
  at SteamPacketManager.CheckForPackets () [0x00014] in <67f488ac102f478da1b726e8e3339fbe>:0 
  at SteamPacketManager.Update () [0x00005] in <67f488ac102f478da1b726e8e3339fbe>:0 
 
(Filename: <67f488ac102f478da1b726e8e3339fbe> Line: 0)

NullReferenceException: Object reference not set to an instance of an object
  at ServerHandle.PlayerRotation (System.Int32 fromClient, Packet packet) [0x0000b] in <67f488ac102f478da1b726e8e3339fbe>:0 
  at SteamPacketManager.HandlePacket (System.Nullable`1[T] p2Packet, System.Int32 channel) [0x000ed] in <67f488ac102f478da1b726e8e3339fbe>:0 
  at SteamPacketManager.CheckForPackets () [0x00014] in <67f488ac102f478da1b726e8e3339fbe>:0 
  at SteamPacketManager.Update () [0x00005] in <67f488ac102f478da1b726e8e3339fbe>:0 
 
(Filename: <67f488ac102f478da1b726e8e3339fbe> Line: 0)

NullReferenceException: Object reference not set to an instance of an object
  at ServerHandle.PlayerRotation (System.Int32 fromClient, Packet packet) [0x0000b] in <67f488ac102f478da1b726e8e3339fbe>:0 
  at SteamPacketManager.HandlePacket (System.Nullable`1[T] p2Packet, System.Int32 channel) [0x000ed] in <67f488ac102f478da1b726e8e3339fbe>:0 
  at SteamPacketManager.CheckForPackets () [0x00014] in <67f488ac102f478da1b726e8e3339fbe>:0 
  at SteamPacketManager.Update () [0x00005] in <67f488ac102f478da1b726e8e3339fbe>:0 
 
(Filename: <67f488ac102f478da1b726e8e3339fbe> Line: 0)

NullReferenceException: Object reference not set to an instance of an object
  at ServerHandle.PlayerPosition (System.Int32 fromClient, Packet packet) [0x0000b] in <67f488ac102f478da1b726e8e3339fbe>:0 
  at SteamPacketManager.HandlePacket (System.Nullable`1[T] p2Packet, System.Int32 channel) [0x000ed] in <67f488ac102f478da1b726e8e3339fbe>:0 
  at SteamPacketManager.CheckForPackets () [0x00014] in <67f488ac102f478da1b726e8e3339fbe>:0 
  at SteamPacketManager.Update () [0x00005] in <67f488ac102f478da1b726e8e3339fbe>:0 
 
(Filename: <67f488ac102f478da1b726e8e3339fbe> Line: 0)

NullReferenceException: Object reference not set to an instance of an object
  at ServerHandle.PlayerRotation (System.Int32 fromClient, Packet packet) [0x0000b] in <67f488ac102f478da1b726e8e3339fbe>:0 
  at SteamPacketManager.HandlePacket (System.Nullable`1[T] p2Packet, System.Int32 channel) [0x000ed] in <67f488ac102f478da1b726e8e3339fbe>:0 
  at SteamPacketManager.CheckForPackets () [0x00014] in <67f488ac102f478da1b726e8e3339fbe>:0 
  at SteamPacketManager.Update () [0x00005] in <67f488ac102f478da1b726e8e3339fbe>:0 
 
(Filename: <67f488ac102f478da1b726e8e3339fbe> Line: 0)

NullReferenceException: Object reference not set to an instance of an object
  at ServerHandle.PlayerPosition (System.Int32 fromClient, Packet packet) [0x0000b] in <67f488ac102f478da1b726e8e3339fbe>:0 
  at SteamPacketManager.HandlePacket (System.Nullable`1[T] p2Packet, System.Int32 channel) [0x000ed] in <67f488ac102f478da1b726e8e3339fbe>:0 
  at SteamPacketManager.CheckForPackets () [0x00014] in <67f488ac102f478da1b726e8e3339fbe>:0 
  at SteamPacketManager.Update () [0x00005] in <67f488ac102f478da1b726e8e3339fbe>:0 
 
(Filename: <67f488ac102f478da1b726e8e3339fbe> Line: 0)

NullReferenceException: Object reference not set to an instance of an object
  at ServerHandle.PlayerPosition (System.Int32 fromClient, Packet packet) [0x0000b] in <67f488ac102f478da1b726e8e3339fbe>:0 
  at SteamPacketManager.HandlePacket (System.Nullable`1[T] p2Packet, System.Int32 channel) [0x000ed] in <67f488ac102f478da1b726e8e3339fbe>:0 
  at SteamPacketManager.CheckForPackets () [0x00014] in <67f488ac102f478da1b726e8e3339fbe>:0 
  at SteamPacketManager.Update () [0x00005] in <67f488ac102f478da1b726e8e3339fbe>:0 
 
(Filename: <67f488ac102f478da1b726e8e3339fbe> Line: 0)

NullReferenceException: Object reference not set to an instance of an object
  at ServerHandle.PlayerPosition (System.Int32 fromClient, Packet packet) [0x0000b] in <67f488ac102f478da1b726e8e3339fbe>:0 
  at SteamPacketManager.HandlePacket (System.Nullable`1[T] p2Packet, System.Int32 channel) [0x000ed] in <67f488ac102f478da1b726e8e3339fbe>:0 
  at SteamPacketManager.CheckForPackets () [0x00014] in <67f488ac102f478da1b726e8e3339fbe>:0 
  at SteamPacketManager.Update () [0x00005] in <67f488ac102f478da1b726e8e3339fbe>:0 
 
(Filename: <67f488ac102f478da1b726e8e3339fbe> Line: 0)

NullReferenceException: Object reference not set to an instance of an object
  at ServerHandle.PlayerPosition (System.Int32 fromClient, Packet packet) [0x0000b] in <67f488ac102f478da1b726e8e3339fbe>:0 
  at SteamPacketManager.HandlePacket (System.Nullable`1[T] p2Packet, System.Int32 channel) [0x000ed] in <67f488ac102f478da1b726e8e3339fbe>:0 
  at SteamPacketManager.CheckForPackets () [0x00014] in <67f488ac102f478da1b726e8e3339fbe>:0 
  at SteamPacketManager.Update () [0x00005] in <67f488ac102f478da1b726e8e3339fbe>:0 
 
(Filename: <67f488ac102f478da1b726e8e3339fbe> Line: 0)

NullReferenceException: Object reference not set to an instance of an object
  at ServerHandle.PlayerPosition (System.Int32 fromClient, Packet packet) [0x0000b] in <67f488ac102f478da1b726e8e3339fbe>:0 
  at SteamPacketManager.HandlePacket (System.Nullable`1[T] p2Packet, System.Int32 channel) [0x000ed] in <67f488ac102f478da1b726e8e3339fbe>:0 
  at SteamPacketManager.CheckForPackets () [0x00014] in <67f488ac102f478da1b726e8e3339fbe>:0 
  at SteamPacketManager.Update () [0x00005] in <67f488ac102f478da1b726e8e3339fbe>:0 
 
(Filename: <67f488ac102f478da1b726e8e3339fbe> Line: 0)

NullReferenceException: Object reference not set to an instance of an object
  at ServerHandle.PlayerPosition (System.Int32 fromClient, Packet packet) [0x0000b] in <67f488ac102f478da1b726e8e3339fbe>:0 
  at SteamPacketManager.HandlePacket (System.Nullable`1[T] p2Packet, System.Int32 channel) [0x000ed] in <67f488ac102f478da1b726e8e3339fbe>:0 
  at SteamPacketManager.CheckForPackets () [0x00014] in <67f488ac102f478da1b726e8e3339fbe>:0 
  at SteamPacketManager.Update () [0x00005] in <67f488ac102f478da1b726e8e3339fbe>:0 
 
(Filename: <67f488ac102f478da1b726e8e3339fbe> Line: 0)

NullReferenceException: Object reference not set to an instance of an object
  at ServerHandle.PingReceived (System.Int32 fromClient, Packet packet) [0x0000b] in <67f488ac102f478da1b726e8e3339fbe>:0 
  at SteamPacketManager.HandlePacket (System.Nullable`1[T] p2Packet, System.Int32 channel) [0x000ed] in <67f488ac102f478da1b726e8e3339fbe>:0 
  at SteamPacketManager.CheckForPackets () [0x00014] in <67f488ac102f478da1b726e8e3339fbe>:0 
  at SteamPacketManager.Update () [0x00005] in <67f488ac102f478da1b726e8e3339fbe>:0 
 
(Filename: <67f488ac102f478da1b726e8e3339fbe> Line: 0)

NullReferenceException: Object reference not set to an instance of an object
  at ServerHandle.PlayerRotation (System.Int32 fromClient, Packet packet) [0x0000b] in <67f488ac102f478da1b726e8e3339fbe>:0 
  at SteamPacketManager.HandlePacket (System.Nullable`1[T] p2Packet, System.Int32 channel) [0x000ed] in <67f488ac102f478da1b726e8e3339fbe>:0 
  at SteamPacketManager.CheckForPackets () [0x00014] in <67f488ac102f478da1b726e8e3339fbe>:0 
  at SteamPacketManager.Update () [0x00005] in <67f488ac102f478da1b726e8e3339fbe>:0 
 
(Filename: <67f488ac102f478da1b726e8e3339fbe> Line: 0)

NullReferenceException: Object reference not set to an instance of an object
  at ServerHandle.PlayerPosition (System.Int32 fromClient, Packet packet) [0x0000b] in <67f488ac102f478da1b726e8e3339fbe>:0 
  at SteamPacketManager.HandlePacket (System.Nullable`1[T] p2Packet, System.Int32 channel) [0x000ed] in <67f488ac102f478da1b726e8e3339fbe>:0 
  at SteamPacketManager.CheckForPackets () [0x00014] in <67f488ac102f478da1b726e8e3339fbe>:0 
  at SteamPacketManager.Update () [0x00005] in <67f488ac102f478da1b726e8e3339fbe>:0 
 
(Filename: <67f488ac102f478da1b726e8e3339fbe> Line: 0)

NullReferenceException: Object reference not set to an instance of an object
  at ServerHandle.WeaponInHand (System.Int32 fromClient, Packet packet) [0x0000b] in <67f488ac102f478da1b726e8e3339fbe>:0 
  at SteamPacketManager.HandlePacket (System.Nullable`1[T] p2Packet, System.Int32 channel) [0x000ed] in <67f488ac102f478da1b726e8e3339fbe>:0 
  at SteamPacketManager.CheckForPackets () [0x00014] in <67f488ac102f478da1b726e8e3339fbe>:0 
  at SteamPacketManager.Update () [0x00005] in <67f488ac102f478da1b726e8e3339fbe>:0 
 
(Filename: <67f488ac102f478da1b726e8e3339fbe> Line: 0)

NullReferenceException: Object reference not set to an instance of an object
  at ServerHandle.PlayerPosition (System.Int32 fromClient, Packet packet) [0x0000b] in <67f488ac102f478da1b726e8e3339fbe>:0 
  at SteamPacketManager.HandlePacket (System.Nullable`1[T] p2Packet, System.Int32 channel) [0x000ed] in <67f488ac102f478da1b726e8e3339fbe>:0 
  at SteamPacketManager.CheckForPackets () [0x00014] in <67f488ac102f478da1b726e8e3339fbe>:0 
  at SteamPacketManager.Update () [0x00005] in <67f488ac102f478da1b726e8e3339fbe>:0 
 
(Filename: <67f488ac102f478da1b726e8e3339fbe> Line: 0)

NullReferenceException: Object reference not set to an instance of an object
  at ServerHandle.PlayerPosition (System.Int32 fromClient, Packet packet) [0x0000b] in <67f488ac102f478da1b726e8e3339fbe>:0 
  at SteamPacketManager.HandlePacket (System.Nullable`1[T] p2Packet, System.Int32 channel) [0x000ed] in <67f488ac102f478da1b726e8e3339fbe>:0 
  at SteamPacketManager.CheckForPackets () [0x00014] in <67f488ac102f478da1b726e8e3339fbe>:0 
  at SteamPacketManager.Update () [0x00005] in <67f488ac102f478da1b726e8e3339fbe>:0 
 
(Filename: <67f488ac102f478da1b726e8e3339fbe> Line: 0)

NullReferenceException: Object reference not set to an instance of an object
  at ServerHandle.PlayerPosition (System.Int32 fromClient, Packet packet) [0x0000b] in <67f488ac102f478da1b726e8e3339fbe>:0 
  at SteamPacketManager.HandlePacket (System.Nullable`1[T] p2Packet, System.Int32 channel) [0x000ed] in <67f488ac102f478da1b726e8e3339fbe>:0 
  at SteamPacketManager.CheckForPackets () [0x00014] in <67f488ac102f478da1b726e8e3339fbe>:0 
  at SteamPacketManager.Update () [0x00005] in <67f488ac102f478da1b726e8e3339fbe>:0 
 
(Filename: <67f488ac102f478da1b726e8e3339fbe> Line: 0)

NullReferenceException: Object reference not set to an instance of an object
  at ServerHandle.PlayerPosition (System.Int32 fromClient, Packet packet) [0x0000b] in <67f488ac102f478da1b726e8e3339fbe>:0 
  at SteamPacketManager.HandlePacket (System.Nullable`1[T] p2Packet, System.Int32 channel) [0x000ed] in <67f488ac102f478da1b726e8e3339fbe>:0 
  at SteamPacketManager.CheckForPackets () [0x00014] in <67f488ac102f478da1b726e8e3339fbe>:0 
  at SteamPacketManager.Update () [0x00005] in <67f488ac102f478da1b726e8e3339fbe>:0 
 
(Filename: <67f488ac102f478da1b726e8e3339fbe> Line: 0)

NullReferenceException: Object reference not set to an instance of an object
  at ServerHandle.AnimationUpdate (System.Int32 fromClient, Packet packet) [0x0000b] in <67f488ac102f478da1b726e8e3339fbe>:0 
  at SteamPacketManager.HandlePacket (System.Nullable`1[T] p2Packet, System.Int32 channel) [0x000ed] in <67f488ac102f478da1b726e8e3339fbe>:0 
  at SteamPacketManager.CheckForPackets () [0x00014] in <67f488ac102f478da1b726e8e3339fbe>:0 
  at SteamPacketManager.Update () [0x00005] in <67f488ac102f478da1b726e8e3339fbe>:0 
 
(Filename: <67f488ac102f478da1b726e8e3339fbe> Line: 0)

NullReferenceException: Object reference not set to an instance of an object
  at ServerHandle.PlayerRotation (System.Int32 fromClient, Packet packet) [0x0000b] in <67f488ac102f478da1b726e8e3339fbe>:0 
  at SteamPacketManager.HandlePacket (System.Nullable`1[T] p2Packet, System.Int32 channel) [0x000ed] in <67f488ac102f478da1b726e8e3339fbe>:0 
  at SteamPacketManager.CheckForPackets () [0x00014] in <67f488ac102f478da1b726e8e3339fbe>:0 
  at SteamPacketManager.Update () [0x00005] in <67f488ac102f478da1b726e8e3339fbe>:0 
 
(Filename: <67f488ac102f478da1b726e8e3339fbe> Line: 0)

NullReferenceException: Object reference not set to an instance of an object
  at ServerHandle.PlayerPosition (System.Int32 fromClient, Packet packet) [0x0000b] in <67f488ac102f478da1b726e8e3339fbe>:0 
  at SteamPacketManager.HandlePacket (System.Nullable`1[T] p2Packet, System.Int32 channel) [0x000ed] in <67f488ac102f478da1b726e8e3339fbe>:0 
  at SteamPacketManager.CheckForPackets () [0x00014] in <67f488ac102f478da1b726e8e3339fbe>:0 
  at SteamPacketManager.Update () [0x00005] in <67f488ac102f478da1b726e8e3339fbe>:0 
 
(Filename: <67f488ac102f478da1b726e8e3339fbe> Line: 0)

NullReferenceException: Object reference not set to an instance of an object
  at ServerHandle.PlayerPosition (System.Int32 fromClient, Packet packet) [0x0000b] in <67f488ac102f478da1b726e8e3339fbe>:0 
  at SteamPacketManager.HandlePacket (System.Nullable`1[T] p2Packet, System.Int32 channel) [0x000ed] in <67f488ac102f478da1b726e8e3339fbe>:0 
  at SteamPacketManager.CheckForPackets () [0x00014] in <67f488ac102f478da1b726e8e3339fbe>:0 
  at SteamPacketManager.Update () [0x00005] in <67f488ac102f478da1b726e8e3339fbe>:0 
 
(Filename: <67f488ac102f478da1b726e8e3339fbe> Line: 0)

NullReferenceException: Object reference not set to an instance of an object
  at ServerHandle.PlayerPosition (System.Int32 fromClient, Packet packet) [0x0000b] in <67f488ac102f478da1b726e8e3339fbe>:0 
  at SteamPacketManager.HandlePacket (System.Nullable`1[T] p2Packet, System.Int32 channel) [0x000ed] in <67f488ac102f478da1b726e8e3339fbe>:0 
  at SteamPacketManager.CheckForPackets () [0x00014] in <67f488ac102f478da1b726e8e3339fbe>:0 
  at SteamPacketManager.Update () [0x00005] in <67f488ac102f478da1b726e8e3339fbe>:0 
 
(Filename: <67f488ac102f478da1b726e8e3339fbe> Line: 0)

NullReferenceException: Object reference not set to an instance of an object
  at ServerHandle.PlayerRotation (System.Int32 fromClient, Packet packet) [0x0000b] in <67f488ac102f478da1b726e8e3339fbe>:0 
  at SteamPacketManager.HandlePacket (System.Nullable`1[T] p2Packet, System.Int32 channel) [0x000ed] in <67f488ac102f478da1b726e8e3339fbe>:0 
  at SteamPacketManager.CheckForPackets () [0x00014] in <67f488ac102f478da1b726e8e3339fbe>:0 
  at SteamPacketManager.Update () [0x00005] in <67f488ac102f478da1b726e8e3339fbe>:0 
 
(Filename: <67f488ac102f478da1b726e8e3339fbe> Line: 0)

NullReferenceException: Object reference not set to an instance of an object
  at ServerHandle.PlayerPosition (System.Int32 fromClient, Packet packet) [0x0000b] in <67f488ac102f478da1b726e8e3339fbe>:0 
  at SteamPacketManager.HandlePacket (System.Nullable`1[T] p2Packet, System.Int32 channel) [0x000ed] in <67f488ac102f478da1b726e8e3339fbe>:0 
  at SteamPacketManager.CheckForPackets () [0x00014] in <67f488ac102f478da1b726e8e3339fbe>:0 
  at SteamPacketManager.Update () [0x00005] in <67f488ac102f478da1b726e8e3339fbe>:0 
 
(Filename: <67f488ac102f478da1b726e8e3339fbe> Line: 0)

NullReferenceException: Object reference not set to an instance of an object
  at ServerHandle.PlayerHitObject (System.Int32 fromClient, Packet packet) [0x0000b] in <67f488ac102f478da1b726e8e3339fbe>:0 
  at SteamPacketManager.HandlePacket (System.Nullable`1[T] p2Packet, System.Int32 channel) [0x000ed] in <67f488ac102f478da1b726e8e3339fbe>:0 
  at SteamPacketManager.CheckForPackets () [0x00014] in <67f488ac102f478da1b726e8e3339fbe>:0 
  at SteamPacketManager.Update () [0x00005] in <67f488ac102f478da1b726e8e3339fbe>:0 
 
(Filename: <67f488ac102f478da1b726e8e3339fbe> Line: 0)

NullReferenceException: Object reference not set to an instance of an object
  at ServerHandle.PlayerPosition (System.Int32 fromClient, Packet packet) [0x0000b] in <67f488ac102f478da1b726e8e3339fbe>:0 
  at SteamPacketManager.HandlePacket (System.Nullable`1[T] p2Packet, System.Int32 channel) [0x000ed] in <67f488ac102f478da1b726e8e3339fbe>:0 
  at SteamPacketManager.CheckForPackets () [0x00014] in <67f488ac102f478da1b726e8e3339fbe>:0 
  at SteamPacketManager.Update () [0x00005] in <67f488ac102f478da1b726e8e3339fbe>:0 
 
(Filename: <67f488ac102f478da1b726e8e3339fbe> Line: 0)

NullReferenceException: Object reference not set to an instance of an object
  at ServerHandle.PingReceived (System.Int32 fromClient, Packet packet) [0x0000b] in <67f488ac102f478da1b726e8e3339fbe>:0 
  at SteamPacketManager.HandlePacket (System.Nullable`1[T] p2Packet, System.Int32 channel) [0x000ed] in <67f488ac102f478da1b726e8e3339fbe>:0 
  at SteamPacketManager.CheckForPackets () [0x00014] in <67f488ac102f478da1b726e8e3339fbe>:0 
  at SteamPacketManager.Update () [0x00005] in <67f488ac102f478da1b726e8e3339fbe>:0 
 
(Filename: <67f488ac102f478da1b726e8e3339fbe> Line: 0)

NullReferenceException: Object reference not set to an instance of an object
  at ServerHandle.AnimationUpdate (System.Int32 fromClient, Packet packet) [0x0000b] in <67f488ac102f478da1b726e8e3339fbe>:0 
  at SteamPacketManager.HandlePacket (System.Nullable`1[T] p2Packet, System.Int32 channel) [0x000ed] in <67f488ac102f478da1b726e8e3339fbe>:0 
  at SteamPacketManager.CheckForPackets () [0x00014] in <67f488ac102f478da1b726e8e3339fbe>:0 
  at SteamPacketManager.Update () [0x00005] in <67f488ac102f478da1b726e8e3339fbe>:0 
 
(Filename: <67f488ac102f478da1b726e8e3339fbe> Line: 0)

NullReferenceException: Object reference not set to an instance of an object
  at ServerHandle.PlayerHitObject (System.Int32 fromClient, Packet packet) [0x0000b] in <67f488ac102f478da1b726e8e3339fbe>:0 
  at SteamPacketManager.HandlePacket (System.Nullable`1[T] p2Packet, System.Int32 channel) [0x000ed] in <67f488ac102f478da1b726e8e3339fbe>:0 
  at SteamPacketManager.CheckForPackets () [0x00014] in <67f488ac102f478da1b726e8e3339fbe>:0 
  at SteamPacketManager.Update () [0x00005] in <67f488ac102f478da1b726e8e3339fbe>:0 
 
(Filename: <67f488ac102f478da1b726e8e3339fbe> Line: 0)

NullReferenceException: Object reference not set to an instance of an object
  at ServerHandle.PingReceived (System.Int32 fromClient, Packet packet) [0x0000b] in <67f488ac102f478da1b726e8e3339fbe>:0 
  at SteamPacketManager.HandlePacket (System.Nullable`1[T] p2Packet, System.Int32 channel) [0x000ed] in <67f488ac102f478da1b726e8e3339fbe>:0 
  at SteamPacketManager.CheckForPackets () [0x00014] in <67f488ac102f478da1b726e8e3339fbe>:0 
  at SteamPacketManager.Update () [0x00005] in <67f488ac102f478da1b726e8e3339fbe>:0 
 
(Filename: <67f488ac102f478da1b726e8e3339fbe> Line: 0)

NullReferenceException: Object reference not set to an instance of an object
  at ServerHandle.PlayerPosition (System.Int32 fromClient, Packet packet) [0x0000b] in <67f488ac102f478da1b726e8e3339fbe>:0 
  at SteamPacketManager.HandlePacket (System.Nullable`1[T] p2Packet, System.Int32 channel) [0x000ed] in <67f488ac102f478da1b726e8e3339fbe>:0 
  at SteamPacketManager.CheckForPackets () [0x00014] in <67f488ac102f478da1b726e8e3339fbe>:0 
  at SteamPacketManager.Update () [0x00005] in <67f488ac102f478da1b726e8e3339fbe>:0 
 
(Filename: <67f488ac102f478da1b726e8e3339fbe> Line: 0)

NullReferenceException: Object reference not set to an instance of an object
  at ServerHandle.PlayerRotation (System.Int32 fromClient, Packet packet) [0x0000b] in <67f488ac102f478da1b726e8e3339fbe>:0 
  at SteamPacketManager.HandlePacket (System.Nullable`1[T] p2Packet, System.Int32 channel) [0x000ed] in <67f488ac102f478da1b726e8e3339fbe>:0 
  at SteamPacketManager.CheckForPackets () [0x00014] in <67f488ac102f478da1b726e8e3339fbe>:0 
  at SteamPacketManager.Update () [0x00005] in <67f488ac102f478da1b726e8e3339fbe>:0 
 
(Filename: <67f488ac102f478da1b726e8e3339fbe> Line: 0)

NullReferenceException: Object reference not set to an instance of an object
  at ServerHandle.PlayerPosition (System.Int32 fromClient, Packet packet) [0x0000b] in <67f488ac102f478da1b726e8e3339fbe>:0 
  at SteamPacketManager.HandlePacket (System.Nullable`1[T] p2Packet, System.Int32 channel) [0x000ed] in <67f488ac102f478da1b726e8e3339fbe>:0 
  at SteamPacketManager.CheckForPackets () [0x00014] in <67f488ac102f478da1b726e8e3339fbe>:0 
  at SteamPacketManager.Update () [0x00005] in <67f488ac102f478da1b726e8e3339fbe>:0 
 
(Filename: <67f488ac102f478da1b726e8e3339fbe> Line: 0)

NullReferenceException: Object reference not set to an instance of an object
  at ServerHandle.PlayerRotation (System.Int32 fromClient, Packet packet) [0x0000b] in <67f488ac102f478da1b726e8e3339fbe>:0 
  at SteamPacketManager.HandlePacket (System.Nullable`1[T] p2Packet, System.Int32 channel) [0x000ed] in <67f488ac102f478da1b726e8e3339fbe>:0 
  at SteamPacketManager.CheckForPackets () [0x00014] in <67f488ac102f478da1b726e8e3339fbe>:0 
  at SteamPacketManager.Update () [0x00005] in <67f488ac102f478da1b726e8e3339fbe>:0 
 
(Filename: <67f488ac102f478da1b726e8e3339fbe> Line: 0)

NullReferenceException: Object reference not set to an instance of an object
  at ServerHandle.PlayerPosition (System.Int32 fromClient, Packet packet) [0x0000b] in <67f488ac102f478da1b726e8e3339fbe>:0 
  at SteamPacketManager.HandlePacket (System.Nullable`1[T] p2Packet, System.Int32 channel) [0x000ed] in <67f488ac102f478da1b726e8e3339fbe>:0 
  at SteamPacketManager.CheckForPackets () [0x00014] in <67f488ac102f478da1b726e8e3339fbe>:0 
  at SteamPacketManager.Update () [0x00005] in <67f488ac102f478da1b726e8e3339fbe>:0 
 
(Filename: <67f488ac102f478da1b726e8e3339fbe> Line: 0)

NullReferenceException: Object reference not set to an instance of an object
  at ServerHandle.PlayerPosition (System.Int32 fromClient, Packet packet) [0x0000b] in <67f488ac102f478da1b726e8e3339fbe>:0 
  at SteamPacketManager.HandlePacket (System.Nullable`1[T] p2Packet, System.Int32 channel) [0x000ed] in <67f488ac102f478da1b726e8e3339fbe>:0 
  at SteamPacketManager.CheckForPackets () [0x00014] in <67f488ac102f478da1b726e8e3339fbe>:0 
  at SteamPacketManager.Update () [0x00005] in <67f488ac102f478da1b726e8e3339fbe>:0 
 
(Filename: <67f488ac102f478da1b726e8e3339fbe> Line: 0)

NullReferenceException: Object reference not set to an instance of an object
  at ServerHandle.AnimationUpdate (System.Int32 fromClient, Packet packet) [0x0000b] in <67f488ac102f478da1b726e8e3339fbe>:0 
  at SteamPacketManager.HandlePacket (System.Nullable`1[T] p2Packet, System.Int32 channel) [0x000ed] in <67f488ac102f478da1b726e8e3339fbe>:0 
  at SteamPacketManager.CheckForPackets () [0x00014] in <67f488ac102f478da1b726e8e3339fbe>:0 
  at SteamPacketManager.Update () [0x00005] in <67f488ac102f478da1b726e8e3339fbe>:0 
 
(Filename: <67f488ac102f478da1b726e8e3339fbe> Line: 0)

NullReferenceException: Object reference not set to an instance of an object
  at ServerHandle.PlayerRotation (System.Int32 fromClient, Packet packet) [0x0000b] in <67f488ac102f478da1b726e8e3339fbe>:0 
  at SteamPacketManager.HandlePacket (System.Nullable`1[T] p2Packet, System.Int32 channel) [0x000ed] in <67f488ac102f478da1b726e8e3339fbe>:0 
  at SteamPacketManager.CheckForPackets () [0x00014] in <67f488ac102f478da1b726e8e3339fbe>:0 
  at SteamPacketManager.Update () [0x00005] in <67f488ac102f478da1b726e8e3339fbe>:0 
 
(Filename: <67f488ac102f478da1b726e8e3339fbe> Line: 0)

NullReferenceException: Object reference not set to an instance of an object
  at ServerHandle.PlayerPosition (System.Int32 fromClient, Packet packet) [0x0000b] in <67f488ac102f478da1b726e8e3339fbe>:0 
  at SteamPacketManager.HandlePacket (System.Nullable`1[T] p2Packet, System.Int32 channel) [0x000ed] in <67f488ac102f478da1b726e8e3339fbe>:0 
  at SteamPacketManager.CheckForPackets () [0x00014] in <67f488ac102f478da1b726e8e3339fbe>:0 
  at SteamPacketManager.Update () [0x00005] in <67f488ac102f478da1b726e8e3339fbe>:0 
 
(Filename: <67f488ac102f478da1b726e8e3339fbe> Line: 0)

NullReferenceException: Object reference not set to an instance of an object
  at ServerHandle.PlayerRotation (System.Int32 fromClient, Packet packet) [0x0000b] in <67f488ac102f478da1b726e8e3339fbe>:0 
  at SteamPacketManager.HandlePacket (System.Nullable`1[T] p2Packet, System.Int32 channel) [0x000ed] in <67f488ac102f478da1b726e8e3339fbe>:0 
  at SteamPacketManager.CheckForPackets () [0x00014] in <67f488ac102f478da1b726e8e3339fbe>:0 
  at SteamPacketManager.Update () [0x00005] in <67f488ac102f478da1b726e8e3339fbe>:0 
 
(Filename: <67f488ac102f478da1b726e8e3339fbe> Line: 0)

NullReferenceException: Object reference not set to an instance of an object
  at ServerHandle.PlayerPosition (System.Int32 fromClient, Packet packet) [0x0000b] in <67f488ac102f478da1b726e8e3339fbe>:0 
  at SteamPacketManager.HandlePacket (System.Nullable`1[T] p2Packet, System.Int32 channel) [0x000ed] in <67f488ac102f478da1b726e8e3339fbe>:0 
  at SteamPacketManager.CheckForPackets () [0x00014] in <67f488ac102f478da1b726e8e3339fbe>:0 
  at SteamPacketManager.Update () [0x00005] in <67f488ac102f478da1b726e8e3339fbe>:0 
 
(Filename: <67f488ac102f478da1b726e8e3339fbe> Line: 0)

NullReferenceException: Object reference not set to an instance of an object
  at ServerHandle.PlayerPosition (System.Int32 fromClient, Packet packet) [0x0000b] in <67f488ac102f478da1b726e8e3339fbe>:0 
  at SteamPacketManager.HandlePacket (System.Nullable`1[T] p2Packet, System.Int32 channel) [0x000ed] in <67f488ac102f478da1b726e8e3339fbe>:0 
  at SteamPacketManager.CheckForPackets () [0x00014] in <67f488ac102f478da1b726e8e3339fbe>:0 
  at SteamPacketManager.Update () [0x00005] in <67f488ac102f478da1b726e8e3339fbe>:0 
 
(Filename: <67f488ac102f478da1b726e8e3339fbe> Line: 0)

NullReferenceException: Object reference not set to an instance of an object
  at ServerHandle.PlayerRotation (System.Int32 fromClient, Packet packet) [0x0000b] in <67f488ac102f478da1b726e8e3339fbe>:0 
  at SteamPacketManager.HandlePacket (System.Nullable`1[T] p2Packet, System.Int32 channel) [0x000ed] in <67f488ac102f478da1b726e8e3339fbe>:0 
  at SteamPacketManager.CheckForPackets () [0x00014] in <67f488ac102f478da1b726e8e3339fbe>:0 
  at SteamPacketManager.Update () [0x00005] in <67f488ac102f478da1b726e8e3339fbe>:0 
 
(Filename: <67f488ac102f478da1b726e8e3339fbe> Line: 0)

NullReferenceException: Object reference not set to an instance of an object
  at ServerHandle.PlayerHitObject (System.Int32 fromClient, Packet packet) [0x0000b] in <67f488ac102f478da1b726e8e3339fbe>:0 
  at SteamPacketManager.HandlePacket (System.Nullable`1[T] p2Packet, System.Int32 channel) [0x000ed] in <67f488ac102f478da1b726e8e3339fbe>:0 
  at SteamPacketManager.CheckForPackets () [0x00014] in <67f488ac102f478da1b726e8e3339fbe>:0 
  at SteamPacketManager.Update () [0x00005] in <67f488ac102f478da1b726e8e3339fbe>:0 
 
(Filename: <67f488ac102f478da1b726e8e3339fbe> Line: 0)

NullReferenceException: Object reference not set to an instance of an object
  at ServerHandle.PlayerPosition (System.Int32 fromClient, Packet packet) [0x0000b] in <67f488ac102f478da1b726e8e3339fbe>:0 
  at SteamPacketManager.HandlePacket (System.Nullable`1[T] p2Packet, System.Int32 channel) [0x000ed] in <67f488ac102f478da1b726e8e3339fbe>:0 
  at SteamPacketManager.CheckForPackets () [0x00014] in <67f488ac102f478da1b726e8e3339fbe>:0 
  at SteamPacketManager.Update () [0x00005] in <67f488ac102f478da1b726e8e3339fbe>:0 
 
(Filename: <67f488ac102f478da1b726e8e3339fbe> Line: 0)

NullReferenceException: Object reference not set to an instance of an object
  at ServerHandle.PingReceived (System.Int32 fromClient, Packet packet) [0x0000b] in <67f488ac102f478da1b726e8e3339fbe>:0 
  at SteamPacketManager.HandlePacket (System.Nullable`1[T] p2Packet, System.Int32 channel) [0x000ed] in <67f488ac102f478da1b726e8e3339fbe>:0 
  at SteamPacketManager.CheckForPackets () [0x00014] in <67f488ac102f478da1b726e8e3339fbe>:0 
  at SteamPacketManager.Update () [0x00005] in <67f488ac102f478da1b726e8e3339fbe>:0 
 
(Filename: <67f488ac102f478da1b726e8e3339fbe> Line: 0)

NullReferenceException: Object reference not set to an instance of an object
  at ServerHandle.PlayerRotation (System.Int32 fromClient, Packet packet) [0x0000b] in <67f488ac102f478da1b726e8e3339fbe>:0 
  at SteamPacketManager.HandlePacket (System.Nullable`1[T] p2Packet, System.Int32 channel) [0x000ed] in <67f488ac102f478da1b726e8e3339fbe>:0 
  at SteamPacketManager.CheckForPackets () [0x00014] in <67f488ac102f478da1b726e8e3339fbe>:0 
  at SteamPacketManager.Update () [0x00005] in <67f488ac102f478da1b726e8e3339fbe>:0 
 
(Filename: <67f488ac102f478da1b726e8e3339fbe> Line: 0)

NullReferenceException: Object reference not set to an instance of an object
  at ServerHandle.PlayerPosition (System.Int32 fromClient, Packet packet) [0x0000b] in <67f488ac102f478da1b726e8e3339fbe>:0 
  at SteamPacketManager.HandlePacket (System.Nullable`1[T] p2Packet, System.Int32 channel) [0x000ed] in <67f488ac102f478da1b726e8e3339fbe>:0 
  at SteamPacketManager.CheckForPackets () [0x00014] in <67f488ac102f478da1b726e8e3339fbe>:0 
  at SteamPacketManager.Update () [0x00005] in <67f488ac102f478da1b726e8e3339fbe>:0 
 
(Filename: <67f488ac102f478da1b726e8e3339fbe> Line: 0)

NullReferenceException: Object reference not set to an instance of an object
  at ServerHandle.PlayerPosition (System.Int32 fromClient, Packet packet) [0x0000b] in <67f488ac102f478da1b726e8e3339fbe>:0 
  at SteamPacketManager.HandlePacket (System.Nullable`1[T] p2Packet, System.Int32 channel) [0x000ed] in <67f488ac102f478da1b726e8e3339fbe>:0 
  at SteamPacketManager.CheckForPackets () [0x00014] in <67f488ac102f478da1b726e8e3339fbe>:0 
  at SteamPacketManager.Update () [0x00005] in <67f488ac102f478da1b726e8e3339fbe>:0 
 
(Filename: <67f488ac102f478da1b726e8e3339fbe> Line: 0)

NullReferenceException: Object reference not set to an instance of an object
  at ServerHandle.PlayerPosition (System.Int32 fromClient, Packet packet) [0x0000b] in <67f488ac102f478da1b726e8e3339fbe>:0 
  at SteamPacketManager.HandlePacket (System.Nullable`1[T] p2Packet, System.Int32 channel) [0x000ed] in <67f488ac102f478da1b726e8e3339fbe>:0 
  at SteamPacketManager.CheckForPackets () [0x00014] in <67f488ac102f478da1b726e8e3339fbe>:0 
  at SteamPacketManager.Update () [0x00005] in <67f488ac102f478da1b726e8e3339fbe>:0 
 
(Filename: <67f488ac102f478da1b726e8e3339fbe> Line: 0)

NullReferenceException: Object reference not set to an instance of an object
  at ServerHandle.PlayerPosition (System.Int32 fromClient, Packet packet) [0x0000b] in <67f488ac102f478da1b726e8e3339fbe>:0 
  at SteamPacketManager.HandlePacket (System.Nullable`1[T] p2Packet, System.Int32 channel) [0x000ed] in <67f488ac102f478da1b726e8e3339fbe>:0 
  at SteamPacketManager.CheckForPackets () [0x00014] in <67f488ac102f478da1b726e8e3339fbe>:0 
  at SteamPacketManager.Update () [0x00005] in <67f488ac102f478da1b726e8e3339fbe>:0 
 
(Filename: <67f488ac102f478da1b726e8e3339fbe> Line: 0)

NullReferenceException: Object reference not set to an instance of an object
  at ServerHandle.PlayerRotation (System.Int32 fromClient, Packet packet) [0x0000b] in <67f488ac102f478da1b726e8e3339fbe>:0 
  at SteamPacketManager.HandlePacket (System.Nullable`1[T] p2Packet, System.Int32 channel) [0x000ed] in <67f488ac102f478da1b726e8e3339fbe>:0 
  at SteamPacketManager.CheckForPackets () [0x00014] in <67f488ac102f478da1b726e8e3339fbe>:0 
  at SteamPacketManager.Update () [0x00005] in <67f488ac102f478da1b726e8e3339fbe>:0 
 
(Filename: <67f488ac102f478da1b726e8e3339fbe> Line: 0)

NullReferenceException: Object reference not set to an instance of an object
  at ServerHandle.PlayerPosition (System.Int32 fromClient, Packet packet) [0x0000b] in <67f488ac102f478da1b726e8e3339fbe>:0 
  at SteamPacketManager.HandlePacket (System.Nullable`1[T] p2Packet, System.Int32 channel) [0x000ed] in <67f488ac102f478da1b726e8e3339fbe>:0 
  at SteamPacketManager.CheckForPackets () [0x00014] in <67f488ac102f478da1b726e8e3339fbe>:0 
  at SteamPacketManager.Update () [0x00005] in <67f488ac102f478da1b726e8e3339fbe>:0 
 
(Filename: <67f488ac102f478da1b726e8e3339fbe> Line: 0)

NullReferenceException: Object reference not set to an instance of an object
  at ServerHandle.PlayerPosition (System.Int32 fromClient, Packet packet) [0x0000b] in <67f488ac102f478da1b726e8e3339fbe>:0 
  at SteamPacketManager.HandlePacket (System.Nullable`1[T] p2Packet, System.Int32 channel) [0x000ed] in <67f488ac102f478da1b726e8e3339fbe>:0 
  at SteamPacketManager.CheckForPackets () [0x00014] in <67f488ac102f478da1b726e8e3339fbe>:0 
  at SteamPacketManager.Update () [0x00005] in <67f488ac102f478da1b726e8e3339fbe>:0 
 
(Filename: <67f488ac102f478da1b726e8e3339fbe> Line: 0)

NullReferenceException: Object reference not set to an instance of an object
  at ServerHandle.PlayerPosition (System.Int32 fromClient, Packet packet) [0x0000b] in <67f488ac102f478da1b726e8e3339fbe>:0 
  at SteamPacketManager.HandlePacket (System.Nullable`1[T] p2Packet, System.Int32 channel) [0x000ed] in <67f488ac102f478da1b726e8e3339fbe>:0 
  at SteamPacketManager.CheckForPackets () [0x00014] in <67f488ac102f478da1b726e8e3339fbe>:0 
  at SteamPacketManager.Update () [0x00005] in <67f488ac102f478da1b726e8e3339fbe>:0 
 
(Filename: <67f488ac102f478da1b726e8e3339fbe> Line: 0)

NullReferenceException: Object reference not set to an instance of an object
  at ServerHandle.AnimationUpdate (System.Int32 fromClient, Packet packet) [0x0000b] in <67f488ac102f478da1b726e8e3339fbe>:0 
  at SteamPacketManager.HandlePacket (System.Nullable`1[T] p2Packet, System.Int32 channel) [0x000ed] in <67f488ac102f478da1b726e8e3339fbe>:0 
  at SteamPacketManager.CheckForPackets () [0x00014] in <67f488ac102f478da1b726e8e3339fbe>:0 
  at SteamPacketManager.Update () [0x00005] in <67f488ac102f478da1b726e8e3339fbe>:0 
 
(Filename: <67f488ac102f478da1b726e8e3339fbe> Line: 0)

overlay set to: 0.6 
(Filename: ./Runtime/Export/Debug/Debug.bindings.h Line: 35)

overlay set to: 0.6 
(Filename: ./Runtime/Export/Debug/Debug.bindings.h Line: 35)

Move dist: 150446, added this one: 12 
(Filename: ./Runtime/Export/Debug/Debug.bindings.h Line: 35)

swim dist: 0, added this one: 0 
(Filename: ./Runtime/Export/Debug/Debug.bindings.h Line: 35)

berserk multiplier: 0 
(Filename: ./Runtime/Export/Debug/Debug.bindings.h Line: 35)

i built something 
(Filename: ./Runtime/Export/Debug/Debug.bindings.h Line: 35)

Builds: 85 
(Filename: ./Runtime/Export/Debug/Debug.bindings.h Line: 35)

sending new request to chest4845, use: True 
(Filename: ./Runtime/Export/Debug/Debug.bindings.h Line: 35)

player0 now True chest4845 
(Filename: ./Runtime/Export/Debug/Debug.bindings.h Line: 35)

unlocked station: 99 
(Filename: ./Runtime/Export/Debug/Debug.bindings.h Line: 35)

Move dist: 150449, added this one: 3 
(Filename: ./Runtime/Export/Debug/Debug.bindings.h Line: 35)

swim dist: 0, added this one: 0 
(Filename: ./Runtime/Export/Debug/Debug.bindings.h Line: 35)

sending chest updates, currentchest:  4845 
(Filename: ./Runtime/Export/Debug/Debug.bindings.h Line: 35)

received chest update 
(Filename: ./Runtime/Export/Debug/Debug.bindings.h Line: 35)

now sending to other players 
(Filename: ./Runtime/Export/Debug/Debug.bindings.h Line: 35)

sending chest updates, currentchest:  4845 
(Filename: ./Runtime/Export/Debug/Debug.bindings.h Line: 35)

received chest update 
(Filename: ./Runtime/Export/Debug/Debug.bindings.h Line: 35)

now sending to other players 
(Filename: ./Runtime/Export/Debug/Debug.bindings.h Line: 35)

closing chest 
(Filename: ./Runtime/Export/Debug/Debug.bindings.h Line: 35)

sending new request to chest4845, use: False 
(Filename: ./Runtime/Export/Debug/Debug.bindings.h Line: 35)

player0 now False chest4845 
(Filename: ./Runtime/Export/Debug/Debug.bindings.h Line: 35)

setting grass mesh 
(Filename: ./Runtime/Export/Debug/Debug.bindings.h Line: 35)

sending new request to chest4845, use: True 
(Filename: ./Runtime/Export/Debug/Debug.bindings.h Line: 35)

player0 now True chest4845 
(Filename: ./Runtime/Export/Debug/Debug.bindings.h Line: 35)

unlocked station: 99 
(Filename: ./Runtime/Export/Debug/Debug.bindings.h Line: 35)

closing chest 
(Filename: ./Runtime/Export/Debug/Debug.bindings.h Line: 35)

sending new request to chest4845, use: False 
(Filename: ./Runtime/Export/Debug/Debug.bindings.h Line: 35)

player0 now False chest4845 
(Filename: ./Runtime/Export/Debug/Debug.bindings.h Line: 35)

sending new request to chest4845, use: True 
(Filename: ./Runtime/Export/Debug/Debug.bindings.h Line: 35)

player0 now True chest4845 
(Filename: ./Runtime/Export/Debug/Debug.bindings.h Line: 35)

unlocked station: 99 
(Filename: ./Runtime/Export/Debug/Debug.bindings.h Line: 35)

Move dist: 150458, added this one: 9 
(Filename: ./Runtime/Export/Debug/Debug.bindings.h Line: 35)

swim dist: 0, added this one: 0 
(Filename: ./Runtime/Export/Debug/Debug.bindings.h Line: 35)

closing chest 
(Filename: ./Runtime/Export/Debug/Debug.bindings.h Line: 35)

sending new request to chest4845, use: False 
(Filename: ./Runtime/Export/Debug/Debug.bindings.h Line: 35)

player0 now False chest4845 
(Filename: ./Runtime/Export/Debug/Debug.bindings.h Line: 35)

added to available cell 
(Filename: ./Runtime/Export/Debug/Debug.bindings.h Line: 35)

checking 
(Filename: ./Runtime/Export/Debug/Debug.bindings.h Line: 35)

sending pickup interact now from: 0 
(Filename: ./Runtime/Export/Debug/Debug.bindings.h Line: 35)

received chest update 
(Filename: ./Runtime/Export/Debug/Debug.bindings.h Line: 35)

now sending to other players 
(Filename: ./Runtime/Export/Debug/Debug.bindings.h Line: 35)

received chest update 
(Filename: ./Runtime/Export/Debug/Debug.bindings.h Line: 35)

now sending to other players 
(Filename: ./Runtime/Export/Debug/Debug.bindings.h Line: 35)

setting grass mesh 
(Filename: ./Runtime/Export/Debug/Debug.bindings.h Line: 35)

Physics.ClosestPoint can only be used with a BoxCollider, SphereCollider, CapsuleCollider and a convex MeshCollider. 
(Filename:  Line: 1410)

Physics.ClosestPoint can only be used with a BoxCollider, SphereCollider, CapsuleCollider and a convex MeshCollider. 
(Filename:  Line: 1410)

Physics.ClosestPoint can only be used with a BoxCollider, SphereCollider, CapsuleCollider and a convex MeshCollider. 
(Filename:  Line: 1410)

Physics.ClosestPoint can only be used with a BoxCollider, SphereCollider, CapsuleCollider and a convex MeshCollider. 
(Filename:  Line: 1410)

Physics.ClosestPoint can only be used with a BoxCollider, SphereCollider, CapsuleCollider and a convex MeshCollider. 
(Filename:  Line: 1410)

Physics.ClosestPoint can only be used with a BoxCollider, SphereCollider, CapsuleCollider and a convex MeshCollider. 
(Filename:  Line: 1410)

Physics.ClosestPoint can only be used with a BoxCollider, SphereCollider, CapsuleCollider and a convex MeshCollider. 
(Filename:  Line: 1410)

Physics.ClosestPoint can only be used with a BoxCollider, SphereCollider, CapsuleCollider and a convex MeshCollider. 
(Filename:  Line: 1410)

Physics.ClosestPoint can only be used with a BoxCollider, SphereCollider, CapsuleCollider and a convex MeshCollider. 
(Filename:  Line: 1410)

Physics.ClosestPoint can only be used with a BoxCollider, SphereCollider, CapsuleCollider and a convex MeshCollider. 
(Filename:  Line: 1410)

Physics.ClosestPoint can only be used with a BoxCollider, SphereCollider, CapsuleCollider and a convex MeshCollider. 
(Filename:  Line: 1410)

Physics.ClosestPoint can only be used with a BoxCollider, SphereCollider, CapsuleCollider and a convex MeshCollider. 
(Filename:  Line: 1410)

Physics.ClosestPoint can only be used with a BoxCollider, SphereCollider, CapsuleCollider and a convex MeshCollider. 
(Filename:  Line: 1410)

Physics.ClosestPoint can only be used with a BoxCollider, SphereCollider, CapsuleCollider and a convex MeshCollider. 
(Filename:  Line: 1410)

Physics.ClosestPoint can only be used with a BoxCollider, SphereCollider, CapsuleCollider and a convex MeshCollider. 
(Filename:  Line: 1410)

Physics.ClosestPoint can only be used with a BoxCollider, SphereCollider, CapsuleCollider and a convex MeshCollider. 
(Filename:  Line: 1410)

Physics.ClosestPoint can only be used with a BoxCollider, SphereCollider, CapsuleCollider and a convex MeshCollider. 
(Filename:  Line: 1410)

Physics.ClosestPoint can only be used with a BoxCollider, SphereCollider, CapsuleCollider and a convex MeshCollider. 
(Filename:  Line: 1410)

setting grass mesh 
(Filename: ./Runtime/Export/Debug/Debug.bindings.h Line: 35)

Move dist: 150474, added this one: 16 
(Filename: ./Runtime/Export/Debug/Debug.bindings.h Line: 35)

swim dist: 0, added this one: 0 
(Filename: ./Runtime/Export/Debug/Debug.bindings.h Line: 35)

received chest update 
(Filename: ./Runtime/Export/Debug/Debug.bindings.h Line: 35)

now sending to other players 
(Filename: ./Runtime/Export/Debug/Debug.bindings.h Line: 35)

received chest update 
(Filename: ./Runtime/Export/Debug/Debug.bindings.h Line: 35)

now sending to other players 
(Filename: ./Runtime/Export/Debug/Debug.bindings.h Line: 35)

received chest update 
(Filename: ./Runtime/Export/Debug/Debug.bindings.h Line: 35)

now sending to other players 
(Filename: ./Runtime/Export/Debug/Debug.bindings.h Line: 35)

Host left game 
(Filename: ./Runtime/Export/Debug/Debug.bindings.h Line: 35)

Steam lobby doesn't exist... 
(Filename: ./Runtime/Export/Debug/Debug.bindings.h Line: 35)

Lobby left successfully 
(Filename: ./Runtime/Export/Debug/Debug.bindings.h Line: 35)

Unloading 3 Unused Serialized files (Serialized files now loaded: 0)
UnloadTime: 35.295800 ms
Instance already exists, destroying object 
(Filename: ./Runtime/Export/Debug/Debug.bindings.h Line: 35)


Unloading 3418 unused Assets to reduce memory usage. Loaded Objects now: 9775.
Total: 53.094969 ms (FindLiveObjects: 0.549732 ms CreateObjectMapping: 0.299441 ms MarkObjects: 46.063264 ms  DeleteObjects: 6.181953 ms)

Lobby left successfully 
(Filename: ./Runtime/Export/Debug/Debug.bindings.h Line: 35)

Failed to close p2p with host 
(Filename: ./Runtime/Export/Debug/Debug.bindings.h Line: 35)

