Preloaded 'lib_burst_generated.so'
Preloaded 'libsteam_api.so'
Input System module state changed to: Initialized.
Display 0 'Philips 272P4 27"': 2560x1440 (primary device).
[PhysX] Initialized MultithreadedTaskDispatcher with 12 workers.
Desktop is 2560 x 1440 @ 60 Hz
Initialize engine version: 2022.3.62f1 (4af31df58517)
[Subsystems] Discovering subsystems at path /home/pollen/.local/share/Steam/steamapps/common/Super Auto Pets/superautopets_Data/UnitySubsystems
GfxDevice: creating device client; threaded=1; jobified=0
Renderer: NVIDIA GeForce GTX 1660 SUPER/PCIe/SSE2
Vendor:   NVIDIA Corporation
Version:  4.5.0 NVIDIA 575.64.03
GLES:     0
 GL_AMD_multi_draw_indirect GL_AMD_seamless_cubemap_per_texture GL_AMD_vertex_shader_viewport_index GL_AMD_vertex_shader_layer GL_ARB_arrays_of_arrays GL_ARB_base_instance GL_ARB_bindless_texture GL_ARB_blend_func_extended GL_ARB_buffer_storage GL_ARB_clear_buffer_object GL_ARB_clear_texture GL_ARB_clip_control GL_ARB_color_buffer_float GL_ARB_compressed_texture_pixel_storage GL_ARB_conservative_depth GL_ARB_compute_shader GL_ARB_compute_variable_group_size GL_ARB_conditional_render_inverted GL_ARB_copy_buffer GL_ARB_copy_image GL_ARB_cull_distance GL_ARB_debug_output GL_ARB_depth_buffer_float GL_ARB_depth_clamp GL_ARB_depth_texture GL_ARB_derivative_control GL_ARB_direct_state_access GL_ARB_draw_buffers GL_ARB_draw_buffers_blend GL_ARB_draw_indirect GL_ARB_draw_elements_base_vertex GL_ARB_draw_instanced GL_ARB_enhanced_layouts GL_ARB_ES2_compatibility GL_ARB_ES3_compatibility GL_ARB_ES3_1_compatibility GL_ARB_ES3_2_compatibility GL_ARB_explicit_attrib_location GL_ARB_explicit_uniform_location GL_ARB_fragmen
t_coord_conventions GL_ARB_fragment_layer_viewport GL_ARB_fragment_program GL_ARB_fragment_program_shadow GL_ARB_fragment_shader GL_ARB_fragment_shader_interlock GL_ARB_framebuffer_no_attachments GL_ARB_framebuffer_object GL_ARB_framebuffer_sRGB GL_ARB_geometry_shader4 GL_ARB_get_program_binary GL_ARB_get_texture_sub_image GL_ARB_gl_spirv GL_ARB_gpu_shader5 GL_ARB_gpu_shader_fp64 GL_ARB_gpu_shader_int64 GL_ARB_half_float_pixel GL_ARB_half_float_vertex GL_ARB_imaging GL_ARB_indirect_parameters GL_ARB_instanced_arrays GL_ARB_internalformat_query GL_ARB_internalformat_query2 GL_ARB_invalidate_subdata GL_ARB_map_buffer_alignment GL_ARB_map_buffer_range GL_ARB_multi_bind GL_ARB_multi_draw_indirect GL_ARB_multisample GL_ARB_multitexture GL_ARB_occlusion_query GL_ARB_occlusion_query2 GL_ARB_parallel_shader_compile GL_ARB_pipeline_statistics_query GL_ARB_pixel_buffer_object GL_ARB_point_parameters GL_ARB_point_sprite GL_ARB_polygon_offset_clamp GL_ARB_post_depth_coverage GL_ARB_program_interface_query GL_ARB_provoki
ng_vertex GL_ARB_query_buffer_object GL_ARB_robust_buffer_access_behavior GL_ARB_robustness GL_ARB_sample_locations GL_ARB_sample_shading GL_ARB_sampler_objects GL_ARB_seamless_cube_map GL_ARB_seamless_cubemap_per_texture GL_ARB_separate_shader_objects GL_ARB_shader_atomic_counter_ops GL_ARB_shader_atomic_counters GL_ARB_shader_ballot GL_ARB_shader_bit_encoding GL_ARB_shader_clock GL_ARB_shader_draw_parameters GL_ARB_shader_group_vote GL_ARB_shader_image_load_store GL_ARB_shader_image_size GL_ARB_shader_objects GL_ARB_shader_precision GL_ARB_shader_storage_buffer_object GL_ARB_shader_subroutine GL_ARB_shader_texture_image_samples GL_ARB_shader_texture_lod GL_ARB_shading_language_100 GL_ARB_shader_viewport_layer_array GL_ARB_shading_language_420pack GL_ARB_shading_language_include GL_ARB_shading_language_packing GL_ARB_shadow GL_ARB_sparse_buffer GL_ARB_sparse_texture GL_ARB_sparse_texture2 GL_ARB_sparse_texture_clamp GL_ARB_spirv_extensions GL_ARB_stencil_texturing GL_ARB_sync GL_ARB_tessellation_shader GL_A
RB_texture_barrier GL_ARB_texture_border_clamp GL_ARB_texture_buffer_object GL_ARB_texture_buffer_object_rgb32 GL_ARB_texture_buffer_range GL_ARB_texture_compression GL_ARB_texture_compression_bptc GL_ARB_texture_compression_rgtc GL_ARB_texture_cube_map GL_ARB_texture_cube_map_array GL_ARB_texture_env_add GL_ARB_texture_env_combine GL_ARB_texture_env_crossbar GL_ARB_texture_env_dot3 GL_ARB_texture_filter_anisotropic GL_ARB_texture_filter_minmax GL_ARB_texture_float GL_ARB_texture_gather GL_ARB_texture_mirror_clamp_to_edge GL_ARB_texture_mirrored_repeat GL_ARB_texture_multisample GL_ARB_texture_non_power_of_two GL_ARB_texture_query_levels GL_ARB_texture_query_lod GL_ARB_texture_rectangle GL_ARB_texture_rg GL_ARB_texture_rgb10_a2ui GL_ARB_texture_stencil8 GL_ARB_texture_storage GL_ARB_texture_storage_multisample GL_ARB_texture_swizzle GL_ARB_texture_view GL_ARB_timer_query GL_ARB_transform_feedback2 GL_ARB_transform_feedback3 GL_ARB_transform_feedback_instanced GL_ARB_transform_feedback_overflow_query GL_ARB_t
ranspose_matrix GL_ARB_uniform_buffer_object GL_ARB_vertex_array_bgra GL_ARB_vertex_array_object GL_ARB_vertex_attrib_64bit GL_ARB_vertex_attrib_binding GL_ARB_vertex_buffer_object GL_ARB_vertex_program GL_ARB_vertex_shader GL_ARB_vertex_type_10f_11f_11f_rev GL_ARB_vertex_type_2_10_10_10_rev GL_ARB_viewport_array GL_ARB_window_pos GL_ATI_draw_buffers GL_ATI_texture_float GL_ATI_texture_mirror_once GL_S3_s3tc GL_EXT_texture_env_add GL_EXT_abgr GL_EXT_bgra GL_EXT_bindable_uniform GL_EXT_blend_color GL_EXT_blend_equation_separate GL_EXT_blend_func_separate GL_EXT_blend_minmax GL_EXT_blend_subtract GL_EXT_compiled_vertex_array GL_EXT_Cg_shader GL_EXT_depth_bounds_test GL_EXT_direct_state_access GL_EXT_draw_buffers2 GL_EXT_draw_instanced GL_EXT_draw_range_elements GL_EXT_fog_coord GL_EXT_framebuffer_blit GL_EXT_framebuffer_multisample GL_EXTX_framebuffer_mixed_formats GL_EXT_framebuffer_multisample_blit_scaled GL_EXT_framebuffer_object GL_EXT_framebuffer_sRGB GL_EXT_geometry_shader4 GL_EXT_gpu_program_parameters 
GL_EXT_gpu_shader4 GL_EXT_multi_draw_arrays GL_EXT_multiview_texture_multisample GL_EXT_multiview_timer_query GL_EXT_packed_depth_stencil GL_EXT_packed_float GL_EXT_packed_pixels GL_EXT_pixel_buffer_object GL_EXT_point_parameters GL_EXT_polygon_offset_clamp GL_EXT_post_depth_coverage GL_EXT_provoking_vertex GL_EXT_raster_multisample GL_EXT_rescale_normal GL_EXT_secondary_color GL_EXT_separate_shader_objects GL_EXT_separate_specular_color GL_EXT_shader_image_load_formatted GL_EXT_shader_image_load_store GL_EXT_shader_integer_mix GL_EXT_shadow_funcs GL_EXT_sparse_texture2 GL_EXT_stencil_two_side GL_EXT_stencil_wrap GL_EXT_texture3D GL_EXT_texture_array GL_EXT_texture_buffer_object GL_EXT_texture_compression_dxt1 GL_EXT_texture_compression_latc GL_EXT_texture_compression_rgtc GL_EXT_texture_compression_s3tc GL_EXT_texture_cube_map GL_EXT_texture_edge_clamp GL_EXT_texture_env_combine GL_EXT_texture_env_dot3 GL_EXT_texture_filter_anisotropic GL_EXT_texture_filter_minmax GL_EXT_texture_integer GL_EXT_texture_lod G
L_EXT_texture_lod_bias GL_EXT_texture_mirror_clamp GL_EXT_texture_object GL_EXT_texture_shadow_lod GL_EXT_texture_shared_exponent GL_EXT_texture_sRGB GL_EXT_texture_sRGB_R8 GL_EXT_texture_sRGB_decode GL_EXT_texture_storage GL_EXT_texture_swizzle GL_EXT_timer_query GL_EXT_transform_feedback2 GL_EXT_vertex_array GL_EXT_vertex_array_bgra GL_EXT_vertex_attrib_64bit GL_EXT_window_rectangles GL_EXT_import_sync_object GL_NV_robustness_video_memory_purge GL_IBM_rasterpos_clip GL_IBM_texture_mirrored_repeat GL_KHR_context_flush_control GL_KHR_debug GL_EXT_memory_object GL_EXT_memory_object_fd GL_NV_memory_object_sparse GL_KHR_parallel_shader_compile GL_KHR_no_error GL_KHR_robust_buffer_access_behavior GL_KHR_robustness GL_EXT_semaphore GL_EXT_semaphore_fd GL_NV_timeline_semaphore GL_KHR_shader_subgroup GL_KTX_buffer_region GL_NV_alpha_to_coverage_dither_control GL_NV_bindless_multi_draw_indirect GL_NV_bindless_multi_draw_indirect_count GL_NV_bindless_texture GL_NV_blend_equation_advanced GL_NV_blend_equation_advanced
_coherent GL_NVX_blend_equation_advanced_multi_draw_buffers GL_NV_blend_minmax_factor GL_NV_blend_square GL_NV_clip_space_w_scaling GL_NV_command_list GL_NV_compute_program5 GL_NV_compute_shader_derivatives GL_NV_conditional_render GL_NV_conservative_raster GL_NV_conservative_raster_dilate GL_NV_conservative_raster_pre_snap GL_NV_conservative_raster_pre_snap_triangles GL_NV_conservative_raster_underestimation GL_NV_copy_depth_to_color GL_NV_copy_image GL_NV_depth_buffer_float GL_NV_depth_clamp GL_NV_draw_texture GL_NV_draw_vulkan_image GL_NV_ES1_1_compatibility GL_NV_ES3_1_compatibility GL_NV_explicit_multisample GL_NV_feature_query GL_NV_fence GL_NV_fill_rectangle GL_NV_float_buffer GL_NV_fog_distance GL_NV_fragment_coverage_to_color GL_NV_fragment_program GL_NV_fragment_program_option GL_NV_fragment_program2 GL_NV_fragment_shader_barycentric GL_NV_fragment_shader_interlock GL_NV_framebuffer_mixed_samples GL_NV_framebuffer_multisample_coverage GL_NV_geometry_shader4 GL_NV_geometry_shader_passthrough GL_NV_g
pu_program4 GL_NV_internalformat_sample_query GL_NV_gpu_program4_1 GL_NV_gpu_program5 GL_NV_gpu_program5_mem_extended GL_NV_gpu_program_fp64 GL_NV_gpu_program_multiview GL_NV_gpu_shader5 GL_NV_half_float GL_NV_light_max_exponent GL_NV_memory_attachment GL_NV_mesh_shader GL_NV_multisample_coverage GL_NV_multisample_filter_hint GL_NV_occlusion_query GL_NV_packed_depth_stencil GL_NV_parameter_buffer_object GL_NV_parameter_buffer_object2 GL_NV_path_rendering GL_NV_path_rendering_shared_edge GL_NV_pixel_data_range GL_NV_point_sprite GL_NV_primitive_restart GL_NV_query_resource GL_NV_query_resource_tag GL_NV_register_combiners GL_NV_register_combiners2 GL_NV_representative_fragment_test GL_NV_sample_locations GL_NV_sample_mask_override_coverage GL_NV_scissor_exclusive GL_NV_shader_atomic_counters GL_NV_shader_atomic_float GL_NV_shader_atomic_float64 GL_NV_shader_atomic_fp16_vector GL_NV_shader_atomic_int64 GL_NV_shader_buffer_load GL_NV_shader_storage_buffer_object GL_NV_shader_subgroup_partitioned GL_NV_shader_te
xture_footprint GL_NV_shading_rate_image GL_NV_stereo_view_rendering GL_NV_texgen_reflection GL_NV_texture_barrier GL_NV_texture_compression_vtc GL_NV_texture_env_combine4 GL_NV_texture_multisample GL_NV_texture_rectangle GL_NV_texture_rectangle_compressed GL_NV_texture_shader GL_NV_texture_shader2 GL_NV_texture_shader3 GL_NV_transform_feedback GL_NV_transform_feedback2 GL_NV_uniform_buffer_unified_memory GL_NV_uniform_buffer_std430_layout GL_NV_vdpau_interop GL_NV_vdpau_interop2 GL_NV_vertex_array_range GL_NV_vertex_array_range2 GL_NV_vertex_attrib_integer_64bit GL_NV_vertex_buffer_unified_memory GL_NV_vertex_program GL_NV_vertex_program1_1 GL_NV_vertex_program2 GL_NV_vertex_program2_option GL_NV_vertex_program3 GL_NV_viewport_array2 GL_NV_viewport_swizzle GL_NVX_conditional_render GL_NV_gpu_multicast GL_NVX_progress_fence GL_NVX_gpu_memory_info GL_NVX_nvenc_interop GL_NV_shader_thread_group GL_NV_shader_thread_shuffle GL_KHR_blend_equation_advanced GL_KHR_blend_equation_advanced_coherent GL_OVR_multiview G
L_OVR_multiview2 GL_SGIS_generate_mipmap GL_SGIS_texture_lod GL_SGIX_depth_texture GL_SGIX_shadow GL_SUN_slice_accum
OPENGL LOG: Creating OpenGL 4.5 graphics device ; Context level  <OpenGL 4.5> ; Context handle 560123000
Default vsync count 0
requesting resize 2560 x 1440
Using native desktop resolution 2560 x 1440
requesting fullscreen 2560 x 1440 at 0/1 Hz
Desktop is 2560 x 1440 @ 60 Hz
[PhysX] Initialized MultithreadedTaskDispatcher with 12 workers.
UnloadTime: 0.132736 ms
Pong!
Unloading 6 Unused Serialized files (Serialized files now loaded: 5)
[PhysX] Initialized MultithreadedTaskDispatcher with 12 workers.
UnloadTime: 1.402263 ms
[S_API] SteamAPI_Init(): Loaded '/home/pollen/.local/share/Steam/linux64/steamclient.so' OK.
Setting breakpad minidump AppID = 1714040
SteamInternal_SetMinidumpSteamID:  Caching Steam ID:  76561199206006114 [API loaded no]
Added pool 'General'
Added pool 'Fx'
Unloading 61 unused Assets to reduce memory usage. Loaded Objects now: 82709.
Total: 41.875223 ms (FindLiveObjects: 5.241305 ms CreateObjectMapping: 3.021767 ms MarkObjects: 33.054288 ms  DeleteObjects: 0.556422 ms)

Menu > Start
HTTP Request > Post https://api.teamwood.games/0.41/api/user/login
HTTP Response > Post https://api.teamwood.games/0.41/api/user/login > <color=green>200</color>
HTTP Request > Get https://api.teamwood.games/0.41/api/user/current
HTTP Response > Get https://api.teamwood.games/0.41/api/user/current > <color=green>200</color>
HTTP Request > Get https://api.teamwood.games/0.41/api/achievement/fetch
HTTP Response > Get https://api.teamwood.games/0.41/api/achievement/fetch > <color=green>200</color>
HTTP Request > Get https://api.teamwood.games/0.41/api/clientconfig
HTTP Response > Get https://api.teamwood.games/0.41/api/clientconfig > <color=green>200</color>
HTTP Request > Get https://api.teamwood.games/0.41/api/product/all
HTTP Response > Get https://api.teamwood.games/0.41/api/product/all > <color=green>200</color>
HTTP Request > Get https://api.teamwood.games/0.41/api/deck/all
HTTP Response > Get https://api.teamwood.games/0.41/api/deck/all > <color=green>200</color>
HTTP Request > Get https://api.teamwood.games/0.41/api/challenge/current
HTTP Request > Post https://api.teamwood.games/0.41/api/steam/login
HTTP Response > Get https://api.teamwood.games/0.41/api/challenge/current > <color=green>200</color>
HTTP Request > Get https://api.teamwood.games/0.41/api/news/1
HTTP Response > Get https://api.teamwood.games/0.41/api/news/1 > <color=green>200</color>
HTTP Request > Get https://api.teamwood.games/0.41/api/news/0
HTTP Response > Get https://api.teamwood.games/0.41/api/news/0 > <color=green>200</color>
HTTP Request > Get https://api.teamwood.games/0.41/api/versus/datetime
HTTP Response > Get https://api.teamwood.games/0.41/api/versus/datetime > <color=green>200</color>
HTTP Response > Post https://api.teamwood.games/0.41/api/steam/login > <color=green>200</color>
HTTP Request > Get https://api.teamwood.games/0.41/api/versus/datetime
HTTP Response > Get https://api.teamwood.games/0.41/api/versus/datetime > <color=green>200</color>
HTTP Request > Get https://api.teamwood.games/0.41/api/versus/datetime
HTTP Response > Get https://api.teamwood.games/0.41/api/versus/datetime > <color=green>200</color>
HTTP Request > Get https://api.teamwood.games/0.41/api/versus/datetime
HTTP Response > Get https://api.teamwood.games/0.41/api/versus/datetime > <color=green>200</color>
HTTP Request > Get https://api.teamwood.games/0.41/api/versus/datetime
HTTP Response > Get https://api.teamwood.games/0.41/api/versus/datetime > <color=green>200</color>
Server offset is -0.0547877s.
HTTP Request > Post https://api.teamwood.games/0.41/api/versus/create-skirmish
HTTP Response > Post https://api.teamwood.games/0.41/api/versus/create-skirmish > <color=green>200</color>
Hub Start
SyncManager > Watch > 981c13fd-5921-479a-8878-eb27fa9987ea
Hub Connected
Hub Started
Hub Change > 981c13fd-5921-479a-8878-eb27fa9987ea
HTTP Request > Get https://api.teamwood.games/0.41/api/user/participation/981c13fd-5921-479a-8878-eb27fa9987ea
HTTP Response > Get https://api.teamwood.games/0.41/api/user/participation/981c13fd-5921-479a-8878-eb27fa9987ea > <color=green>200</color>
HTTP Request > Post https://api.teamwood.games/0.41/api/versus/start-skirmish
HTTP Response > Post https://api.teamwood.games/0.41/api/versus/start-skirmish > <color=green>200</color>
Hub Change > 981c13fd-5921-479a-8878-eb27fa9987ea
Unloading 6 Unused Serialized files (Serialized files now loaded: 6)
Abort all requests
[PhysX] Initialized MultithreadedTaskDispatcher with 12 workers.
UnloadTime: 19.534132 ms
Unloading 102 unused Assets to reduce memory usage. Loaded Objects now: 62654.
Total: 43.713606 ms (FindLiveObjects: 3.518499 ms CreateObjectMapping: 2.214195 ms MarkObjects: 37.778238 ms  DeleteObjects: 0.202026 ms)

Unloading 6 Unused Serialized files (Serialized files now loaded: 6)
SyncManager > Watch > 
Abort all requests
[PhysX] Initialized MultithreadedTaskDispatcher with 12 workers.
UnloadTime: 8.668713 ms
Unloading 1 unused Assets to reduce memory usage. Loaded Objects now: 62654.
Total: 50.344579 ms (FindLiveObjects: 3.480635 ms CreateObjectMapping: 2.363645 ms MarkObjects: 44.364151 ms  DeleteObjects: 0.135282 ms)

SyncManager > Watch > 981c13fd-5921-479a-8878-eb27fa9987ea
HTTP Request > Post https://api.teamwood.games/0.41/api/build/start
HTTP Response > Post https://api.teamwood.games/0.41/api/build/start > <color=green>200</color>
HTTP Request > Post https://api.teamwood.games/0.41/api/build/play-minion
HTTP Response > Post https://api.teamwood.games/0.41/api/build/play-minion > <color=green>200</color>
HTTP Request > Post https://api.teamwood.games/0.41/api/build/play-minion
HTTP Response > Post https://api.teamwood.games/0.41/api/build/play-minion > <color=green>200</color>
HTTP Request > Post https://api.teamwood.games/0.41/api/build/end
HTTP Response > Post https://api.teamwood.games/0.41/api/build/end > <color=green>200</color>
HTTP Request > Post https://api.teamwood.games/0.41/api/build/name
HTTP Response > Post https://api.teamwood.games/0.41/api/build/name > <color=green>200</color>
HTTP Request > Post https://api.teamwood.games/0.41/api/versus/ready
HTTP Response > Post https://api.teamwood.games/0.41/api/versus/ready > <color=green>200</color>
Handling match update.
Merging models.
Load battle after ready.
Participation battle id was null.
Spacewood.Unity.MonoBehaviours.Build.<ReadyAsync>d__30:MoveNext()
Cysharp.Threading.Tasks.UniTaskCompletionSourceCore`1:TrySetResult(TResult)
Spacewood.Unity.<ReadyRequestAsync>d__4:MoveNext()
Cysharp.Threading.Tasks.UniTaskCompletionSourceCore`1:TrySetResult(TResult)
Spacewood.Unity.<ReadyVersusAsync>d__164:MoveNext()
Cysharp.Threading.Tasks.UniTaskCompletionSourceCore`1:TrySetResult(TResult)
Spacewood.Unity.<SendAndRetryHttpRequestAsync>d__181`1:MoveNext()
Cysharp.Threading.Tasks.UniTaskCompletionSourceCore`1:TrySetResult(TResult)
Spacewood.Unity.<SendHttpResponseAsync>d__182`1:MoveNext()
System.Threading.Tasks.AwaitTaskContinuation:RunCallback(ContextCallback, Object, Task&)
System.Threading.Tasks.Task:FinishContinuations()
System.Threading.Tasks.Task`1:TrySetResult(TResult)
System.Threading.Tasks.TaskCompletionSource`1:TrySetResult(TResult)
BestHTTP.Core.RequestEventHelper:HandleRequestStateChange(RequestEventInfo)
BestHTTP.Core.RequestEventHelper:ProcessQueue()
BestHTTP.HTTPManager:OnUpdate()
BestHTTP.HTTPUpdateDelegator:CallOnUpdate()

Hub Change Player Count > 981c13fd-5921-479a-8878-eb27fa9987ea
Handling match update.
Merging models.
Hub Change > 981c13fd-5921-479a-8878-eb27fa9987ea
Handling match update.
Load battle because new was found.
HTTP Request > Get https://api.teamwood.games/0.41/api/battle/get/082aa19f-5dae-4f7b-822a-8aa22eef6e92
HTTP Response > Get https://api.teamwood.games/0.41/api/battle/get/082aa19f-5dae-4f7b-822a-8aa22eef6e92 > <color=green>200</color>
Unloading 7 Unused Serialized files (Serialized files now loaded: 6)
SyncManager > Watch > 
Abort all requests
[PhysX] Initialized MultithreadedTaskDispatcher with 12 workers.
UnloadTime: 7.274378 ms
Added pool 'particles'
Unloading 985 unused Assets to reduce memory usage. Loaded Objects now: 58822.
Total: 50.469400 ms (FindLiveObjects: 3.338592 ms CreateObjectMapping: 2.209691 ms MarkObjects: 43.466172 ms  DeleteObjects: 1.454293 ms)

[INFO] Battle Starting: master seed -1206490512, player seed: -1973254449, opponent seed: 234299692
T: 111.6702 - MasterAudio: Polyphony limit of group: Smash exceeded and no playing Variation is usable for Retrigger Limit Mode. Will not play this sound for this instance.
Watch battle for participation 981c13fd-5921-479a-8878-eb27fa9987ea
Watch battle 082aa19f-5dae-4f7b-822a-8aa22eef6e92
HTTP Request > Post https://api.teamwood.games/0.41/api/versus/watch
HTTP Response > Post https://api.teamwood.games/0.41/api/versus/watch > <color=green>200</color>
[INFO] Battle completed, outcome: Draw, masterSeed: -1206490512, end result: 1683415626
Unloading 6 Unused Serialized files (Serialized files now loaded: 6)
Abort all requests
[PhysX] Initialized MultithreadedTaskDispatcher with 12 workers.
UnloadTime: 5.365598 ms
Unloading 45 unused Assets to reduce memory usage. Loaded Objects now: 63188.
Total: 46.925446 ms (FindLiveObjects: 3.455890 ms CreateObjectMapping: 2.200645 ms MarkObjects: 40.928512 ms  DeleteObjects: 0.339740 ms)

SyncManager > Watch > 981c13fd-5921-479a-8878-eb27fa9987ea
HTTP Request > Post https://api.teamwood.games/0.41/api/build/start
HTTP Response > Post https://api.teamwood.games/0.41/api/build/start > <color=green>200</color>
HTTP Request > Post https://api.teamwood.games/0.41/api/build/play-minion
HTTP Response > Post https://api.teamwood.games/0.41/api/build/play-minion > <color=green>200</color>
HTTP Request > Post https://api.teamwood.games/0.41/api/build/play-minion
HTTP Response > Post https://api.teamwood.games/0.41/api/build/play-minion > <color=green>200</color>
HTTP Request > Post https://api.teamwood.games/0.41/api/build/play-minion
HTTP Response > Post https://api.teamwood.games/0.41/api/build/play-minion > <color=green>200</color>
HTTP Request > Post https://api.teamwood.games/0.41/api/build/roll
HTTP Response > Post https://api.teamwood.games/0.41/api/build/roll > <color=green>200</color>
HTTP Request > Post https://api.teamwood.games/0.41/api/build/end
HTTP Response > Post https://api.teamwood.games/0.41/api/build/end > <color=green>200</color>
HTTP Request > Post https://api.teamwood.games/0.41/api/versus/ready
Hub Change Player Count > 981c13fd-5921-479a-8878-eb27fa9987ea
Handling match update.
Merging models.
HTTP Response > Post https://api.teamwood.games/0.41/api/versus/ready > <color=green>200</color>
Handling match update.
Merging models.
Load battle after ready.
Participation battle has already been watched.
Spacewood.Unity.MonoBehaviours.Build.<ReadyAsync>d__30:MoveNext()
Cysharp.Threading.Tasks.UniTaskCompletionSourceCore`1:TrySetResult(TResult)
Spacewood.Unity.<ReadyRequestAsync>d__4:MoveNext()
Cysharp.Threading.Tasks.UniTaskCompletionSourceCore`1:TrySetResult(TResult)
Spacewood.Unity.<ReadyVersusAsync>d__164:MoveNext()
Cysharp.Threading.Tasks.UniTaskCompletionSourceCore`1:TrySetResult(TResult)
Spacewood.Unity.<SendAndRetryHttpRequestAsync>d__181`1:MoveNext()
Cysharp.Threading.Tasks.UniTaskCompletionSourceCore`1:TrySetResult(TResult)
Spacewood.Unity.<SendHttpResponseAsync>d__182`1:MoveNext()
System.Threading.Tasks.AwaitTaskContinuation:RunCallback(ContextCallback, Object, Task&)
System.Threading.Tasks.Task:FinishContinuations()
System.Threading.Tasks.Task`1:TrySetResult(TResult)
System.Threading.Tasks.TaskCompletionSource`1:TrySetResult(TResult)
BestHTTP.Core.RequestEventHelper:HandleRequestStateChange(RequestEventInfo)
BestHTTP.Core.RequestEventHelper:ProcessQueue()
BestHTTP.HTTPManager:OnUpdate()
BestHTTP.HTTPUpdateDelegator:CallOnUpdate()

Hub Change > 981c13fd-5921-479a-8878-eb27fa9987ea
Handling match update.
Load battle because new was found.
HTTP Request > Get https://api.teamwood.games/0.41/api/battle/get/a438afd4-f5bf-43db-9c8d-d6b1c3f58d83
HTTP Response > Get https://api.teamwood.games/0.41/api/battle/get/a438afd4-f5bf-43db-9c8d-d6b1c3f58d83 > <color=green>200</color>
Unloading 7 Unused Serialized files (Serialized files now loaded: 6)
SyncManager > Watch > 
Abort all requests
[PhysX] Initialized MultithreadedTaskDispatcher with 12 workers.
UnloadTime: 8.915066 ms
Added pool 'particles'
Unloading 1010 unused Assets to reduce memory usage. Loaded Objects now: 58994.
Total: 43.690054 ms (FindLiveObjects: 3.356005 ms CreateObjectMapping: 2.089744 ms MarkObjects: 37.261523 ms  DeleteObjects: 0.982233 ms)

[INFO] Battle Starting: master seed 461461731, player seed: -1973254449, opponent seed: 234299692
T: 157.1064 - MasterAudio: Polyphony limit of group: Smash exceeded and no playing Variation is usable for Retrigger Limit Mode. Will not play this sound for this instance.
Watch battle for participation 981c13fd-5921-479a-8878-eb27fa9987ea
Watch battle a438afd4-f5bf-43db-9c8d-d6b1c3f58d83
HTTP Request > Post https://api.teamwood.games/0.41/api/versus/watch
HTTP Response > Post https://api.teamwood.games/0.41/api/versus/watch > <color=green>200</color>
[INFO] Battle completed, outcome: PlayerWon, masterSeed: 461461731, end result: 1254189281
Unloading 6 Unused Serialized files (Serialized files now loaded: 6)
Abort all requests
[PhysX] Initialized MultithreadedTaskDispatcher with 12 workers.
UnloadTime: 5.909461 ms
Unloading 50 unused Assets to reduce memory usage. Loaded Objects now: 63244.
Total: 51.601382 ms (FindLiveObjects: 4.900356 ms CreateObjectMapping: 3.227894 ms MarkObjects: 43.097312 ms  DeleteObjects: 0.375269 ms)

SyncManager > Watch > 981c13fd-5921-479a-8878-eb27fa9987ea
HTTP Request > Post https://api.teamwood.games/0.41/api/build/start
HTTP Response > Post https://api.teamwood.games/0.41/api/build/start > <color=green>200</color>
HTTP Request > Post https://api.teamwood.games/0.41/api/build/play-minion
HTTP Response > Post https://api.teamwood.games/0.41/api/build/play-minion > <color=green>200</color>
HTTP Request > Post https://api.teamwood.games/0.41/api/build/play-minion
HTTP Response > Post https://api.teamwood.games/0.41/api/build/play-minion > <color=green>200</color>
HTTP Request > Post https://api.teamwood.games/0.41/api/build/play-spell
HTTP Response > Post https://api.teamwood.games/0.41/api/build/play-spell > <color=green>200</color>
HTTP Request > Post https://api.teamwood.games/0.41/api/build/roll
HTTP Response > Post https://api.teamwood.games/0.41/api/build/roll > <color=green>200</color>
HTTP Request > Post https://api.teamwood.games/0.41/api/build/end
HTTP Response > Post https://api.teamwood.games/0.41/api/build/end > <color=green>200</color>
HTTP Request > Post https://api.teamwood.games/0.41/api/versus/ready
Hub Change Player Count > 981c13fd-5921-479a-8878-eb27fa9987ea
Handling match update.
Merging models.
HTTP Response > Post https://api.teamwood.games/0.41/api/versus/ready > <color=green>200</color>
Handling match update.
Merging models.
Load battle after ready.
Participation battle has already been watched.
Spacewood.Unity.MonoBehaviours.Build.<ReadyAsync>d__30:MoveNext()
Cysharp.Threading.Tasks.UniTaskCompletionSourceCore`1:TrySetResult(TResult)
Spacewood.Unity.<ReadyRequestAsync>d__4:MoveNext()
Cysharp.Threading.Tasks.UniTaskCompletionSourceCore`1:TrySetResult(TResult)
Spacewood.Unity.<ReadyVersusAsync>d__164:MoveNext()
Cysharp.Threading.Tasks.UniTaskCompletionSourceCore`1:TrySetResult(TResult)
Spacewood.Unity.<SendAndRetryHttpRequestAsync>d__181`1:MoveNext()
Cysharp.Threading.Tasks.UniTaskCompletionSourceCore`1:TrySetResult(TResult)
Spacewood.Unity.<SendHttpResponseAsync>d__182`1:MoveNext()
System.Threading.Tasks.AwaitTaskContinuation:RunCallback(ContextCallback, Object, Task&)
System.Threading.Tasks.Task:FinishContinuations()
System.Threading.Tasks.Task`1:TrySetResult(TResult)
System.Threading.Tasks.TaskCompletionSource`1:TrySetResult(TResult)
BestHTTP.Core.RequestEventHelper:HandleRequestStateChange(RequestEventInfo)
BestHTTP.Core.RequestEventHelper:ProcessQueue()
BestHTTP.HTTPManager:OnUpdate()
BestHTTP.HTTPUpdateDelegator:CallOnUpdate()

HTTP Request > Get https://api.teamwood.games/0.41/api/user/participation/981c13fd-5921-479a-8878-eb27fa9987ea
HTTP Response > Get https://api.teamwood.games/0.41/api/user/participation/981c13fd-5921-479a-8878-eb27fa9987ea > <color=green>200</color>
Handling match update.
Merging models.
HTTP Request > Get https://api.teamwood.games/0.41/api/user/participation/981c13fd-5921-479a-8878-eb27fa9987ea
HTTP Response > Get https://api.teamwood.games/0.41/api/user/participation/981c13fd-5921-479a-8878-eb27fa9987ea > <color=green>200</color>
Handling match update.
Merging models.
HTTP Request > Get https://api.teamwood.games/0.41/api/user/participation/981c13fd-5921-479a-8878-eb27fa9987ea
HTTP Response > Get https://api.teamwood.games/0.41/api/user/participation/981c13fd-5921-479a-8878-eb27fa9987ea > <color=green>200</color>
Handling match update.
Merging models.
HTTP Request > Get https://api.teamwood.games/0.41/api/user/participation/981c13fd-5921-479a-8878-eb27fa9987ea
HTTP Response > Get https://api.teamwood.games/0.41/api/user/participation/981c13fd-5921-479a-8878-eb27fa9987ea > <color=green>200</color>
Handling match update.
Merging models.
HTTP Request > Get https://api.teamwood.games/0.41/api/user/participation/981c13fd-5921-479a-8878-eb27fa9987ea
HTTP Response > Get https://api.teamwood.games/0.41/api/user/participation/981c13fd-5921-479a-8878-eb27fa9987ea > <color=green>200</color>
Handling match update.
Merging models.
Hub Change > 981c13fd-5921-479a-8878-eb27fa9987ea
Handling match update.
Load battle because new was found.
HTTP Request > Get https://api.teamwood.games/0.41/api/battle/get/59edd75d-4d41-4bb9-aee9-dffe2338e7bd
HTTP Response > Get https://api.teamwood.games/0.41/api/battle/get/59edd75d-4d41-4bb9-aee9-dffe2338e7bd > <color=green>200</color>
Unloading 7 Unused Serialized files (Serialized files now loaded: 6)
SyncManager > Watch > 
Abort all requests
[PhysX] Initialized MultithreadedTaskDispatcher with 12 workers.
UnloadTime: 8.769478 ms
Added pool 'particles'
Unloading 987 unused Assets to reduce memory usage. Loaded Objects now: 59178.
Total: 44.430457 ms (FindLiveObjects: 3.375818 ms CreateObjectMapping: 2.146563 ms MarkObjects: 38.281126 ms  DeleteObjects: 0.625966 ms)

[INFO] Battle Starting: master seed 1019195737, player seed: -1973254449, opponent seed: 234299692
T: 241.3741 - MasterAudio: Polyphony limit of group: Smash exceeded and no playing Variation is usable for Retrigger Limit Mode. Will not play this sound for this instance.
HTTP Request > Get https://api.teamwood.games/0.41/api/user/versus-participations
HTTP Response > Get https://api.teamwood.games/0.41/api/user/versus-participations > <color=green>200</color>
<color=#0099bc><b>DOTWEEN ► </b></color>Max Tweens reached: capacity has automatically been increased from 200/50 to 200/125. Use DOTween.SetTweensCapacity to set it manually at startup
DG.Tweening.Core.Debugger:LogWarning(Object, Tween)
DG.Tweening.Core.TweenManager:GetSequence()
DG.Tweening.DOTween:Sequence()
DG.Tweening.ShortcutExtensions:DOLocalJump(Transform, Vector3, Single, Int32, Single, Boolean)
Spacewood.Unity.Views.MinionMiniView:DOShakeCosmetic(Single)
Spacewood.Unity.Views.BoardView:Shake(ShakePreset, Single)
Spacewood.Scripts.MonoBehaviours.Board.RenderSystems.<RenderEvent>d__0:MoveNext()
Spacewood.Scripts.MonoBehaviours.Board.RenderSystems.DamageRenderer:RenderEvent(Done`1)
Spacewood.Unity.MonoBehaviours.Board.<RenderEvent>d__18:MoveNext()
Spacewood.Unity.MonoBehaviours.Board.BoardRenderer:RenderEvent(IBoardEvent)
Spacewood.Unity.MonoBehaviours.Board.<RenderAll>d__8:MoveNext()
Spacewood.Unity.MonoBehaviours.Board.BoardRendererAggregator:RenderAll(IEnumerable`1, Predicate`1, Int32, Boolean)
Spacewood.Unity.MonoBehaviours.Board.<RenderAll>d__10`1:MoveNext()
Spacewood.Unity.MonoBehaviours.Board.BoardRendererAggregator:RenderAll(IEnumerable`1, Int32)
System.Linq.WhereSelectListIterator`2:MoveNext()
System.Collections.Generic.List`1:AddEnumerable(IEnumerable`1)
System.Collections.Generic.List`1:InsertRange(Int32, IEnumerable`1)
Spacewood.Scripts.MonoBehaviours.Board.RenderAggregators.<CreateHitEventTasks>d__7:MoveNext()
Spacewood.Scripts.MonoBehaviours.Board.RenderAggregators.TradeAggregator:CreateHitEventTasks(IEnumerable`1, Int32)
Spacewood.Scripts.MonoBehaviours.Board.RenderAggregators.TradeAggregator:CreateOnHitTasks(List`1)
Cysharp.Threading.Tasks.AsyncLazy:EnsureInitializedCore()
Cysharp.Threading.Tasks.AsyncLazy:get_Task()
Spacewood.Scripts.MonoBehaviours.Board.RenderAggregators.<TradeAnimation>d__9:MoveNext()
Cysharp.Threading.Tasks.UniTaskCompletionSourceCore`1:TrySetResult(TResult)
Cysharp.Threading.Tasks.<>c:<.ctor>b__3_0(Object)
Cysharp.Threading.Tasks.UniTaskCompletionSourceCore`1:TrySetResult(TResult)
DG.Tweening.Tween:OnTweenCallback(TweenCallback, Tween)
DG.Tweening.Core.TweenManager:Despawn(Tween, Boolean)
DG.Tweening.Core.TweenManager:DespawnActiveTweens(List`1)
DG.Tweening.Core.TweenManager:Update(UpdateType, Single, Single)
DG.Tweening.Core.DOTweenComponent:Update()

<color=#0099bc><b>DOTWEEN ► </b></color>Max Tweens reached: capacity has automatically been increased from 200/125 to 500/125. Use DOTween.SetTweensCapacity to set it manually at startup
DG.Tweening.Core.Debugger:LogWarning(Object, Tween)
DG.Tweening.Core.TweenManager:GetTweener()
DG.Tweening.DOTween:ApplyTo(DOGetter`1, DOSetter`1, T2, Single, ABSTweenPlugin`3)
DG.Tweening.DOTween:ToArray(DOGetter`1, DOSetter`1, Vector3[], Single[])
DG.Tweening.DOTween:Shake(DOGetter`1, DOSetter`1, Single, Vector3, Int32, Single, Boolean, Boolean, Boolean, ShakeRandomnessMode)
DG.Tweening.ShortcutExtensions:DOShakeRotation(Transform, Single, Vector3, Int32, Single, Boolean, ShakeRandomnessMode)
Spacewood.Unity.Views.MinionMiniView:DOShakeCosmetic(Single)
Spacewood.Unity.Views.BoardView:Shake(ShakePreset, Single)
Spacewood.Scripts.MonoBehaviours.Board.RenderSystems.<RenderEvent>d__0:MoveNext()
Spacewood.Scripts.MonoBehaviours.Board.RenderSystems.DamageRenderer:RenderEvent(Done`1)
Spacewood.Unity.MonoBehaviours.Board.<RenderEvent>d__18:MoveNext()
Spacewood.Unity.MonoBehaviours.Board.BoardRenderer:RenderEvent(IBoardEvent)
Spacewood.Unity.MonoBehaviours.Board.<RenderAll>d__8:MoveNext()
Spacewood.Unity.MonoBehaviours.Board.BoardRendererAggregator:RenderAll(IEnumerable`1, Predicate`1, Int32, Boolean)
Spacewood.Unity.MonoBehaviours.Board.<RenderAll>d__10`1:MoveNext()
Spacewood.Unity.MonoBehaviours.Board.BoardRendererAggregator:RenderAll(IEnumerable`1, Int32)
System.Linq.WhereSelectListIterator`2:MoveNext()
System.Collections.Generic.List`1:AddEnumerable(IEnumerable`1)
System.Collections.Generic.List`1:InsertRange(Int32, IEnumerable`1)
Spacewood.Scripts.MonoBehaviours.Board.RenderAggregators.<CreateHitEventTasks>d__7:MoveNext()
Spacewood.Scripts.MonoBehaviours.Board.RenderAggregators.TradeAggregator:CreateHitEventTasks(IEnumerable`1, Int32)
Spacewood.Scripts.MonoBehaviours.Board.RenderAggregators.TradeAggregator:CreateOnHitTasks(List`1)
Cysharp.Threading.Tasks.AsyncLazy:EnsureInitializedCore()
Cysharp.Threading.Tasks.AsyncLazy:get_Task()
Spacewood.Scripts.MonoBehaviours.Board.RenderAggregators.<TradeAnimation>d__9:MoveNext()
Cysharp.Threading.Tasks.UniTaskCompletionSourceCore`1:TrySetResult(TResult)
Cysharp.Threading.Tasks.<>c:<.ctor>b__3_0(Object)
Cysharp.Threading.Tasks.UniTaskCompletionSourceCore`1:TrySetResult(TResult)
DG.Tweening.Tween:OnTweenCallback(TweenCallback, Tween)
DG.Tweening.Core.TweenManager:Despawn(Tween, Boolean)
DG.Tweening.Core.TweenManager:DespawnActiveTweens(List`1)
DG.Tweening.Core.TweenManager:Update(UpdateType, Single, Single)
DG.Tweening.Core.DOTweenComponent:Update()

T: 250.5098 - MasterAudio: Polyphony limit of group: Smash exceeded and no playing Variation is usable for Retrigger Limit Mode. Will not play this sound for this instance.
T: 256.2101 - MasterAudio: Polyphony limit of group: Smash exceeded and no playing Variation is usable for Retrigger Limit Mode. Will not play this sound for this instance.
Watch battle for participation 981c13fd-5921-479a-8878-eb27fa9987ea
Watch battle 59edd75d-4d41-4bb9-aee9-dffe2338e7bd
HTTP Request > Post https://api.teamwood.games/0.41/api/versus/watch
HTTP Response > Post https://api.teamwood.games/0.41/api/versus/watch > <color=green>200</color>
[INFO] Battle completed, outcome: PlayerWon, masterSeed: 1019195737, end result: 1987601065
Unloading 6 Unused Serialized files (Serialized files now loaded: 6)
Abort all requests
[PhysX] Initialized MultithreadedTaskDispatcher with 12 workers.
UnloadTime: 7.000419 ms
Unloading 63 unused Assets to reduce memory usage. Loaded Objects now: 63437.
Total: 49.180624 ms (FindLiveObjects: 3.476742 ms CreateObjectMapping: 2.194554 ms MarkObjects: 43.098756 ms  DeleteObjects: 0.410134 ms)

SyncManager > Watch > 981c13fd-5921-479a-8878-eb27fa9987ea
HTTP Request > Post https://api.teamwood.games/0.41/api/build/start
HTTP Response > Post https://api.teamwood.games/0.41/api/build/start > <color=green>200</color>
HTTP Request > Post https://api.teamwood.games/0.41/api/build/play-minion
HTTP Response > Post https://api.teamwood.games/0.41/api/build/play-minion > <color=green>200</color>
HTTP Request > Post https://api.teamwood.games/0.41/api/build/play-minion
HTTP Response > Post https://api.teamwood.games/0.41/api/build/play-minion > <color=green>200</color>
HTTP Request > Post https://api.teamwood.games/0.41/api/build/roll
HTTP Response > Post https://api.teamwood.games/0.41/api/build/roll > <color=green>200</color>
HTTP Request > Post https://api.teamwood.games/0.41/api/build/roll
HTTP Response > Post https://api.teamwood.games/0.41/api/build/roll > <color=green>200</color>
HTTP Request > Post https://api.teamwood.games/0.41/api/build/roll
HTTP Response > Post https://api.teamwood.games/0.41/api/build/roll > <color=green>200</color>
HTTP Request > Post https://api.teamwood.games/0.41/api/build/roll
HTTP Response > Post https://api.teamwood.games/0.41/api/build/roll > <color=green>200</color>
HTTP Request > Post https://api.teamwood.games/0.41/api/build/end
HTTP Response > Post https://api.teamwood.games/0.41/api/build/end > <color=green>200</color>
HTTP Request > Post https://api.teamwood.games/0.41/api/versus/ready
Hub Change Player Count > 981c13fd-5921-479a-8878-eb27fa9987ea
Handling match update.
Merging models.
HTTP Response > Post https://api.teamwood.games/0.41/api/versus/ready > <color=green>200</color>
Handling match update.
Merging models.
Load battle after ready.
Participation battle has already been watched.
Spacewood.Unity.MonoBehaviours.Build.<ReadyAsync>d__30:MoveNext()
Cysharp.Threading.Tasks.UniTaskCompletionSourceCore`1:TrySetResult(TResult)
Spacewood.Unity.<ReadyRequestAsync>d__4:MoveNext()
Cysharp.Threading.Tasks.UniTaskCompletionSourceCore`1:TrySetResult(TResult)
Spacewood.Unity.<ReadyVersusAsync>d__164:MoveNext()
Cysharp.Threading.Tasks.UniTaskCompletionSourceCore`1:TrySetResult(TResult)
Spacewood.Unity.<SendAndRetryHttpRequestAsync>d__181`1:MoveNext()
Cysharp.Threading.Tasks.UniTaskCompletionSourceCore`1:TrySetResult(TResult)
Spacewood.Unity.<SendHttpResponseAsync>d__182`1:MoveNext()
System.Threading.Tasks.AwaitTaskContinuation:RunCallback(ContextCallback, Object, Task&)
System.Threading.Tasks.Task:FinishContinuations()
System.Threading.Tasks.Task`1:TrySetResult(TResult)
System.Threading.Tasks.TaskCompletionSource`1:TrySetResult(TResult)
BestHTTP.Core.RequestEventHelper:HandleRequestStateChange(RequestEventInfo)
BestHTTP.Core.RequestEventHelper:ProcessQueue()
BestHTTP.HTTPManager:OnUpdate()
BestHTTP.HTTPUpdateDelegator:CallOnUpdate()

HTTP Request > Get https://api.teamwood.games/0.41/api/user/participation/981c13fd-5921-479a-8878-eb27fa9987ea
HTTP Response > Get https://api.teamwood.games/0.41/api/user/participation/981c13fd-5921-479a-8878-eb27fa9987ea > <color=green>200</color>
Handling match update.
Merging models.
HTTP Request > Get https://api.teamwood.games/0.41/api/user/participation/981c13fd-5921-479a-8878-eb27fa9987ea
HTTP Response > Get https://api.teamwood.games/0.41/api/user/participation/981c13fd-5921-479a-8878-eb27fa9987ea > <color=green>200</color>
Handling match update.
Merging models.
HTTP Request > Get https://api.teamwood.games/0.41/api/user/participation/981c13fd-5921-479a-8878-eb27fa9987ea
HTTP Response > Get https://api.teamwood.games/0.41/api/user/participation/981c13fd-5921-479a-8878-eb27fa9987ea > <color=green>200</color>
Handling match update.
Merging models.
Hub Change > 981c13fd-5921-479a-8878-eb27fa9987ea
Handling match update.
Load battle because new was found.
HTTP Request > Get https://api.teamwood.games/0.41/api/battle/get/929f2e97-4edd-4119-ad0d-dfaf1a20c374
HTTP Response > Get https://api.teamwood.games/0.41/api/battle/get/929f2e97-4edd-4119-ad0d-dfaf1a20c374 > <color=green>200</color>
Unloading 7 Unused Serialized files (Serialized files now loaded: 6)
SyncManager > Watch > 
Abort all requests
[PhysX] Initialized MultithreadedTaskDispatcher with 12 workers.
UnloadTime: 7.977882 ms
Added pool 'particles'
Unloading 1027 unused Assets to reduce memory usage. Loaded Objects now: 59294.
Total: 42.959349 ms (FindLiveObjects: 3.360137 ms CreateObjectMapping: 2.208657 ms MarkObjects: 36.598539 ms  DeleteObjects: 0.791407 ms)

[INFO] Battle Starting: master seed -1580808048, player seed: -1973254449, opponent seed: 234299692
T: 361.2989 - MasterAudio: Polyphony limit of group: Smash exceeded and no playing Variation is usable for Retrigger Limit Mode. Will not play this sound for this instance.
HTTP Request > Get https://api.teamwood.games/0.41/api/user/versus-participations
HTTP Response > Get https://api.teamwood.games/0.41/api/user/versus-participations > <color=green>200</color>
T: 369.5684 - MasterAudio: Polyphony limit of group: Smash exceeded and no playing Variation is usable for Retrigger Limit Mode. Will not play this sound for this instance.
Watch battle for participation 981c13fd-5921-479a-8878-eb27fa9987ea
Watch battle 929f2e97-4edd-4119-ad0d-dfaf1a20c374
HTTP Request > Post https://api.teamwood.games/0.41/api/versus/watch
HTTP Response > Post https://api.teamwood.games/0.41/api/versus/watch > <color=green>200</color>
[INFO] Battle completed, outcome: PlayerWon, masterSeed: -1580808048, end result: 1455933526
Unloading 6 Unused Serialized files (Serialized files now loaded: 6)
Abort all requests
[PhysX] Initialized MultithreadedTaskDispatcher with 12 workers.
UnloadTime: 7.445213 ms
Unloading 62 unused Assets to reduce memory usage. Loaded Objects now: 63511.
Total: 48.827125 ms (FindLiveObjects: 3.445060 ms CreateObjectMapping: 2.086429 ms MarkObjects: 42.940048 ms  DeleteObjects: 0.355209 ms)

SyncManager > Watch > 981c13fd-5921-479a-8878-eb27fa9987ea
HTTP Request > Post https://api.teamwood.games/0.41/api/build/start
HTTP Response > Post https://api.teamwood.games/0.41/api/build/start > <color=green>200</color>
HTTP Request > Post https://api.teamwood.games/0.41/api/build/play-minion
HTTP Response > Post https://api.teamwood.games/0.41/api/build/play-minion > <color=green>200</color>
HTTP Request > Post https://api.teamwood.games/0.41/api/build/roll
HTTP Response > Post https://api.teamwood.games/0.41/api/build/roll > <color=green>200</color>
HTTP Request > Post https://api.teamwood.games/0.41/api/build/play-spell
HTTP Response > Post https://api.teamwood.games/0.41/api/build/play-spell > <color=green>200</color>
HTTP Request > Post https://api.teamwood.games/0.41/api/build/roll
HTTP Response > Post https://api.teamwood.games/0.41/api/build/roll > <color=green>200</color>
HTTP Request > Post https://api.teamwood.games/0.41/api/build/roll
HTTP Response > Post https://api.teamwood.games/0.41/api/build/roll > <color=green>200</color>
HTTP Request > Get https://api.teamwood.games/0.41/api/battle/get/929f2e97-4edd-4119-ad0d-dfaf1a20c374
HTTP Response > Get https://api.teamwood.games/0.41/api/battle/get/929f2e97-4edd-4119-ad0d-dfaf1a20c374 > <color=green>200</color>
Unloading 7 Unused Serialized files (Serialized files now loaded: 6)
SyncManager > Watch > 
Abort all requests
[PhysX] Initialized MultithreadedTaskDispatcher with 12 workers.
UnloadTime: 8.637210 ms
Added pool 'particles'
Unloading 1022 unused Assets to reduce memory usage. Loaded Objects now: 59312.
Total: 45.697122 ms (FindLiveObjects: 4.092360 ms CreateObjectMapping: 2.491866 ms MarkObjects: 37.975496 ms  DeleteObjects: 1.136827 ms)

[INFO] Battle Starting: master seed -1580808048, player seed: -1973254449, opponent seed: 234299692
[INFO] Cancellation invoked
Unloading 6 Unused Serialized files (Serialized files now loaded: 6)
Abort all requests
[PhysX] Initialized MultithreadedTaskDispatcher with 12 workers.
UnloadTime: 7.225948 ms
Unloading 56 unused Assets to reduce memory usage. Loaded Objects now: 63509.
Total: 50.839243 ms (FindLiveObjects: 4.826860 ms CreateObjectMapping: 2.391104 ms MarkObjects: 43.262531 ms  DeleteObjects: 0.358202 ms)

SyncManager > Watch > 981c13fd-5921-479a-8878-eb27fa9987ea
Uploading Crash Report
OperationCanceledException: The operation was canceled.
  at System.Threading.Tasks.UnwrapPromise`1[TResult].get_InvokeMayRunArbitraryCode () [0x00000] in <00000000000000000000000000000000>:0 
  at Cysharp.Threading.Tasks.CompilerServices.AsyncUniTask`1[TStateMachine].GetResult (System.Int16 token) [0x00000] in <00000000000000000000000000000000>:0 
  at Spacewood.Unity.MonoBehaviours.Board.BoardRenderer.RenderEvent (BoardEvents.Interfaces.IBoardEvent boardEvent) [0x00000] in <00000000000000000000000000000000>:0 
  at Cysharp.Threading.Tasks.UniTaskCompletionSourceCore`1[TResult].TrySetException (System.Exception error) [0x00000] in <00000000000000000000000000000000>:0 
  at Spacewood.Scripts.MonoBehaviours.Board.RenderSystems.DamageRenderer.RenderEvent (Spacewood.Core.Models.BoardResolver.BoardEvents.Wrappers.Done`1[T] minionDamageDone) [0x00000] in <00000000000000000000000000000000>:0 
  at Cysharp.Threading.Tasks.UniTaskCompletionSourceCore`1[TResult].TrySetCanceled (System.Threading.CancellationToken cancellationToken) [0x00000] in <00000000000000000000000000000000>:0 
  at Cysharp.Threading.Tasks.UniTask+DelayPromise.MoveNext () [0x00000] in <00000000000000000000000000000000>:0 
  at Cysharp.Threading.Tasks.Internal.PlayerLoopRunner.RunCore () [0x00000] in <00000000000000000000000000000000>:0 
Spacewood.Unity.MonoBehaviours.Board.<RenderEvent>d__18:MoveNext()
Cysharp.Threading.Tasks.UniTaskCompletionSourceCore`1:TrySetException(Exception)
Spacewood.Scripts.MonoBehaviours.Board.RenderSystems.<RenderEvent>d__0:MoveNext()
Cysharp.Threading.Tasks.UniTaskCompletionSourceCore`1:TrySetCanceled(CancellationToken)
Cysharp.Threading.Tasks.DelayPromise:MoveNext()
Cysharp.Threading.Tasks.Internal.PlayerLoopRunner:RunCore()

OperationCanceledException: The operation was canceled.
  at System.Threading.Tasks.UnwrapPromise`1[TResult].get_InvokeMayRunArbitraryCode () [0x00000] in <00000000000000000000000000000000>:0 
  at Cysharp.Threading.Tasks.CompilerServices.AsyncUniTask`1[TStateMachine].GetResult (System.Int16 token) [0x00000] in <00000000000000000000000000000000>:0 
  at Spacewood.Unity.MonoBehaviours.Board.BoardRenderer.RenderEvent (BoardEvents.Interfaces.IBoardEvent boardEvent) [0x00000] in <00000000000000000000000000000000>:0 
  at Cysharp.Threading.Tasks.UniTaskCompletionSourceCore`1[TResult].TrySetException (System.Exception error) [0x00000] in <00000000000000000000000000000000>:0 
  at Spacewood.Scripts.MonoBehaviours.Board.RenderSystems.DamageRenderer.RenderEvent (Spacewood.Core.Models.BoardResolver.BoardEvents.Wrappers.Done`1[T] minionDamageDone) [0x00000] in <00000000000000000000000000000000>:0 
  at Cysharp.Threading.Tasks.UniTaskCompletionSourceCore`1[TResult].TrySetCanceled (System.Threading.CancellationToken cancellationToken) [0x00000] in <00000000000000000000000000000000>:0 
  at Cysharp.Threading.Tasks.UniTask+DelayPromise.MoveNext () [0x00000] in <00000000000000000000000000000000>:0 
  at Cysharp.Threading.Tasks.Internal.PlayerLoopRunner.RunCore () [0x00000] in <00000000000000000000000000000000>:0 
Spacewood.Unity.MonoBehaviours.Board.<RenderEvent>d__18:MoveNext()
Cysharp.Threading.Tasks.UniTaskCompletionSourceCore`1:TrySetException(Exception)
Spacewood.Scripts.MonoBehaviours.Board.RenderSystems.<RenderEvent>d__0:MoveNext()
Cysharp.Threading.Tasks.UniTaskCompletionSourceCore`1:TrySetCanceled(CancellationToken)
Cysharp.Threading.Tasks.DelayPromise:MoveNext()
Cysharp.Threading.Tasks.Internal.PlayerLoopRunner:RunCore()

HTTP Request > Post https://api.teamwood.games/0.41/api/build/roll
HTTP Response > Post https://api.teamwood.games/0.41/api/build/roll > <color=green>200</color>
HTTP Request > Post https://api.teamwood.games/0.41/api/build/end
HTTP Response > Post https://api.teamwood.games/0.41/api/build/end > <color=green>200</color>
HTTP Request > Post https://api.teamwood.games/0.41/api/versus/ready
Hub Change Player Count > 981c13fd-5921-479a-8878-eb27fa9987ea
Handling match update.
Merging models.
HTTP Response > Post https://api.teamwood.games/0.41/api/versus/ready > <color=green>200</color>
Handling match update.
Merging models.
Load battle after ready.
Participation battle has already been watched.
Spacewood.Unity.MonoBehaviours.Build.<ReadyAsync>d__30:MoveNext()
Cysharp.Threading.Tasks.UniTaskCompletionSourceCore`1:TrySetResult(TResult)
Spacewood.Unity.<ReadyRequestAsync>d__4:MoveNext()
Cysharp.Threading.Tasks.UniTaskCompletionSourceCore`1:TrySetResult(TResult)
Spacewood.Unity.<ReadyVersusAsync>d__164:MoveNext()
Cysharp.Threading.Tasks.UniTaskCompletionSourceCore`1:TrySetResult(TResult)
Spacewood.Unity.<SendAndRetryHttpRequestAsync>d__181`1:MoveNext()
Cysharp.Threading.Tasks.UniTaskCompletionSourceCore`1:TrySetResult(TResult)
Spacewood.Unity.<SendHttpResponseAsync>d__182`1:MoveNext()
System.Threading.Tasks.AwaitTaskContinuation:RunCallback(ContextCallback, Object, Task&)
System.Threading.Tasks.Task:FinishContinuations()
System.Threading.Tasks.Task`1:TrySetResult(TResult)
System.Threading.Tasks.TaskCompletionSource`1:TrySetResult(TResult)
BestHTTP.Core.RequestEventHelper:HandleRequestStateChange(RequestEventInfo)
BestHTTP.Core.RequestEventHelper:ProcessQueue()
BestHTTP.HTTPManager:OnUpdate()
BestHTTP.HTTPUpdateDelegator:CallOnUpdate()

HTTP Request > Get https://api.teamwood.games/0.41/api/user/participation/981c13fd-5921-479a-8878-eb27fa9987ea
HTTP Response > Get https://api.teamwood.games/0.41/api/user/participation/981c13fd-5921-479a-8878-eb27fa9987ea > <color=green>200</color>
Handling match update.
Merging models.
HTTP Request > Get https://api.teamwood.games/0.41/api/user/participation/981c13fd-5921-479a-8878-eb27fa9987ea
HTTP Response > Get https://api.teamwood.games/0.41/api/user/participation/981c13fd-5921-479a-8878-eb27fa9987ea > <color=green>200</color>
Handling match update.
Merging models.
HTTP Request > Get https://api.teamwood.games/0.41/api/user/participation/981c13fd-5921-479a-8878-eb27fa9987ea
HTTP Response > Get https://api.teamwood.games/0.41/api/user/participation/981c13fd-5921-479a-8878-eb27fa9987ea > <color=green>200</color>
Handling match update.
Merging models.
Hub Change > 981c13fd-5921-479a-8878-eb27fa9987ea
Handling match update.
Load battle because new was found.
HTTP Request > Get https://api.teamwood.games/0.41/api/battle/get/07b19e41-0b79-4525-a1c8-151c2c19a4a1
HTTP Response > Get https://api.teamwood.games/0.41/api/battle/get/07b19e41-0b79-4525-a1c8-151c2c19a4a1 > <color=green>200</color>
Unloading 7 Unused Serialized files (Serialized files now loaded: 6)
SyncManager > Watch > 
Abort all requests
[PhysX] Initialized MultithreadedTaskDispatcher with 12 workers.
UnloadTime: 8.737658 ms
Added pool 'particles'
Unloading 979 unused Assets to reduce memory usage. Loaded Objects now: 59312.
Total: 43.945351 ms (FindLiveObjects: 4.202552 ms CreateObjectMapping: 2.376029 ms MarkObjects: 36.640419 ms  DeleteObjects: 0.725889 ms)

[INFO] Battle Starting: master seed 1901343410, player seed: -1973254449, opponent seed: 234299692
HTTP Request > Get https://api.teamwood.games/0.41/api/user/versus-participations
HTTP Response > Get https://api.teamwood.games/0.41/api/user/versus-participations > <color=green>200</color>
T: 484.8865 - MasterAudio: Polyphony limit of group: Smash exceeded and no playing Variation is usable for Retrigger Limit Mode. Will not play this sound for this instance.
T: 494.4576 - MasterAudio: Polyphony limit of group: Smash exceeded and no playing Variation is usable for Retrigger Limit Mode. Will not play this sound for this instance.
Watch battle for participation 981c13fd-5921-479a-8878-eb27fa9987ea
Watch battle 07b19e41-0b79-4525-a1c8-151c2c19a4a1
HTTP Request > Post https://api.teamwood.games/0.41/api/versus/watch
HTTP Response > Post https://api.teamwood.games/0.41/api/versus/watch > <color=green>200</color>
[INFO] Battle completed, outcome: PlayerWon, masterSeed: 1901343410, end result: -133418542
Unloading 6 Unused Serialized files (Serialized files now loaded: 6)
Abort all requests
[PhysX] Initialized MultithreadedTaskDispatcher with 12 workers.
UnloadTime: 7.600209 ms
Unloading 61 unused Assets to reduce memory usage. Loaded Objects now: 63510.
Total: 51.164234 ms (FindLiveObjects: 3.398746 ms CreateObjectMapping: 3.143372 ms MarkObjects: 44.247598 ms  DeleteObjects: 0.374081 ms)

SyncManager > Watch > 981c13fd-5921-479a-8878-eb27fa9987ea
HTTP Request > Post https://api.teamwood.games/0.41/api/build/start
HTTP Response > Post https://api.teamwood.games/0.41/api/build/start > <color=green>200</color>
HTTP Request > Post https://api.teamwood.games/0.41/api/build/play-spell
HTTP Response > Post https://api.teamwood.games/0.41/api/build/play-spell > <color=green>200</color>
HTTP Request > Post https://api.teamwood.games/0.41/api/build/roll
HTTP Response > Post https://api.teamwood.games/0.41/api/build/roll > <color=green>200</color>
HTTP Request > Post https://api.teamwood.games/0.41/api/build/roll
HTTP Response > Post https://api.teamwood.games/0.41/api/build/roll > <color=green>200</color>
HTTP Request > Post https://api.teamwood.games/0.41/api/build/roll
HTTP Response > Post https://api.teamwood.games/0.41/api/build/roll > <color=green>200</color>
HTTP Request > Post https://api.teamwood.games/0.41/api/build/roll
HTTP Response > Post https://api.teamwood.games/0.41/api/build/roll > <color=green>200</color>
HTTP Request > Post https://api.teamwood.games/0.41/api/build/roll
HTTP Response > Post https://api.teamwood.games/0.41/api/build/roll > <color=green>200</color>
HTTP Request > Post https://api.teamwood.games/0.41/api/build/roll
HTTP Response > Post https://api.teamwood.games/0.41/api/build/roll > <color=green>200</color>
HTTP Request > Post https://api.teamwood.games/0.41/api/build/roll
HTTP Response > Post https://api.teamwood.games/0.41/api/build/roll > <color=green>200</color>
HTTP Request > Post https://api.teamwood.games/0.41/api/build/end
HTTP Response > Post https://api.teamwood.games/0.41/api/build/end > <color=green>200</color>
HTTP Request > Post https://api.teamwood.games/0.41/api/versus/ready
Hub Change Player Count > 981c13fd-5921-479a-8878-eb27fa9987ea
Handling match update.
Merging models.
HTTP Response > Post https://api.teamwood.games/0.41/api/versus/ready > <color=green>200</color>
Handling match update.
Merging models.
Load battle after ready.
Participation battle has already been watched.
Spacewood.Unity.MonoBehaviours.Build.<ReadyAsync>d__30:MoveNext()
Cysharp.Threading.Tasks.UniTaskCompletionSourceCore`1:TrySetResult(TResult)
Spacewood.Unity.<ReadyRequestAsync>d__4:MoveNext()
Cysharp.Threading.Tasks.UniTaskCompletionSourceCore`1:TrySetResult(TResult)
Spacewood.Unity.<ReadyVersusAsync>d__164:MoveNext()
Cysharp.Threading.Tasks.UniTaskCompletionSourceCore`1:TrySetResult(TResult)
Spacewood.Unity.<SendAndRetryHttpRequestAsync>d__181`1:MoveNext()
Cysharp.Threading.Tasks.UniTaskCompletionSourceCore`1:TrySetResult(TResult)
Spacewood.Unity.<SendHttpResponseAsync>d__182`1:MoveNext()
System.Threading.Tasks.AwaitTaskContinuation:RunCallback(ContextCallback, Object, Task&)
System.Threading.Tasks.Task:FinishContinuations()
System.Threading.Tasks.Task`1:TrySetResult(TResult)
System.Threading.Tasks.TaskCompletionSource`1:TrySetResult(TResult)
BestHTTP.Core.RequestEventHelper:HandleRequestStateChange(RequestEventInfo)
BestHTTP.Core.RequestEventHelper:ProcessQueue()
BestHTTP.HTTPManager:OnUpdate()
BestHTTP.HTTPUpdateDelegator:CallOnUpdate()

HTTP Request > Get https://api.teamwood.games/0.41/api/user/participation/981c13fd-5921-479a-8878-eb27fa9987ea
HTTP Response > Get https://api.teamwood.games/0.41/api/user/participation/981c13fd-5921-479a-8878-eb27fa9987ea > <color=green>200</color>
Handling match update.
Merging models.
HTTP Request > Get https://api.teamwood.games/0.41/api/user/participation/981c13fd-5921-479a-8878-eb27fa9987ea
HTTP Response > Get https://api.teamwood.games/0.41/api/user/participation/981c13fd-5921-479a-8878-eb27fa9987ea > <color=green>200</color>
Handling match update.
Merging models.
HTTP Request > Get https://api.teamwood.games/0.41/api/user/participation/981c13fd-5921-479a-8878-eb27fa9987ea
HTTP Response > Get https://api.teamwood.games/0.41/api/user/participation/981c13fd-5921-479a-8878-eb27fa9987ea > <color=green>200</color>
Handling match update.
Merging models.
Hub Change > 981c13fd-5921-479a-8878-eb27fa9987ea
Handling match update.
Load battle because new was found.
HTTP Request > Get https://api.teamwood.games/0.41/api/battle/get/d01cfbfa-eb76-4b2d-bdaf-13e173512970
HTTP Response > Get https://api.teamwood.games/0.41/api/battle/get/d01cfbfa-eb76-4b2d-bdaf-13e173512970 > <color=green>200</color>
Unloading 7 Unused Serialized files (Serialized files now loaded: 6)
SyncManager > Watch > 
Abort all requests
[PhysX] Initialized MultithreadedTaskDispatcher with 12 workers.
UnloadTime: 8.457122 ms
Added pool 'particles'
Unloading 1079 unused Assets to reduce memory usage. Loaded Objects now: 59311.
Total: 45.039939 ms (FindLiveObjects: 3.324292 ms CreateObjectMapping: 3.506493 ms MarkObjects: 37.245920 ms  DeleteObjects: 0.962725 ms)

[INFO] Battle Starting: master seed 119212763, player seed: -1973254449, opponent seed: 234299692
HTTP Request > Get https://api.teamwood.games/0.41/api/user/versus-participations
HTTP Response > Get https://api.teamwood.games/0.41/api/user/versus-participations > <color=green>200</color>
T: 617.951 - MasterAudio: Polyphony limit of group: Smash exceeded and no playing Variation is usable for Retrigger Limit Mode. Will not play this sound for this instance.
T: 626.7138 - MasterAudio: Polyphony limit of group: Smash exceeded and no playing Variation is usable for Retrigger Limit Mode. Will not play this sound for this instance.
Watch battle for participation 981c13fd-5921-479a-8878-eb27fa9987ea
Watch battle d01cfbfa-eb76-4b2d-bdaf-13e173512970
HTTP Request > Post https://api.teamwood.games/0.41/api/versus/watch
HTTP Response > Post https://api.teamwood.games/0.41/api/versus/watch > <color=green>200</color>
[INFO] Battle completed, outcome: EnemyWon, masterSeed: 119212763, end result: 1555489381
Unloading 6 Unused Serialized files (Serialized files now loaded: 6)
Abort all requests
[PhysX] Initialized MultithreadedTaskDispatcher with 12 workers.
UnloadTime: 8.612360 ms
Unloading 60 unused Assets to reduce memory usage. Loaded Objects now: 63510.
Total: 50.309720 ms (FindLiveObjects: 3.535900 ms CreateObjectMapping: 2.210593 ms MarkObjects: 44.198111 ms  DeleteObjects: 0.364667 ms)

SyncManager > Watch > 981c13fd-5921-479a-8878-eb27fa9987ea
HTTP Request > Post https://api.teamwood.games/0.41/api/build/start
HTTP Response > Post https://api.teamwood.games/0.41/api/build/start > <color=green>200</color>
HTTP Request > Post https://api.teamwood.games/0.41/api/build/play-minion
HTTP Response > Post https://api.teamwood.games/0.41/api/build/play-minion > <color=green>200</color>
HTTP Request > Post https://api.teamwood.games/0.41/api/build/roll
HTTP Response > Post https://api.teamwood.games/0.41/api/build/roll > <color=green>200</color>
HTTP Request > Post https://api.teamwood.games/0.41/api/build/play-spell
HTTP Response > Post https://api.teamwood.games/0.41/api/build/play-spell > <color=green>200</color>
HTTP Request > Post https://api.teamwood.games/0.41/api/build/roll
HTTP Response > Post https://api.teamwood.games/0.41/api/build/roll > <color=green>200</color>
HTTP Request > Post https://api.teamwood.games/0.41/api/build/roll
HTTP Response > Post https://api.teamwood.games/0.41/api/build/roll > <color=green>200</color>
HTTP Request > Post https://api.teamwood.games/0.41/api/build/roll
HTTP Response > Post https://api.teamwood.games/0.41/api/build/roll > <color=green>200</color>
HTTP Request > Post https://api.teamwood.games/0.41/api/build/end
HTTP Response > Post https://api.teamwood.games/0.41/api/build/end > <color=green>200</color>
HTTP Request > Post https://api.teamwood.games/0.41/api/versus/ready
Hub Change Player Count > 981c13fd-5921-479a-8878-eb27fa9987ea
Handling match update.
Merging models.
HTTP Response > Post https://api.teamwood.games/0.41/api/versus/ready > <color=green>200</color>
Handling match update.
Merging models.
Load battle after ready.
Participation battle has already been watched.
Spacewood.Unity.MonoBehaviours.Build.<ReadyAsync>d__30:MoveNext()
Cysharp.Threading.Tasks.UniTaskCompletionSourceCore`1:TrySetResult(TResult)
Spacewood.Unity.<ReadyRequestAsync>d__4:MoveNext()
Cysharp.Threading.Tasks.UniTaskCompletionSourceCore`1:TrySetResult(TResult)
Spacewood.Unity.<ReadyVersusAsync>d__164:MoveNext()
Cysharp.Threading.Tasks.UniTaskCompletionSourceCore`1:TrySetResult(TResult)
Spacewood.Unity.<SendAndRetryHttpRequestAsync>d__181`1:MoveNext()
Cysharp.Threading.Tasks.UniTaskCompletionSourceCore`1:TrySetResult(TResult)
Spacewood.Unity.<SendHttpResponseAsync>d__182`1:MoveNext()
System.Threading.Tasks.AwaitTaskContinuation:RunCallback(ContextCallback, Object, Task&)
System.Threading.Tasks.Task:FinishContinuations()
System.Threading.Tasks.Task`1:TrySetResult(TResult)
System.Threading.Tasks.TaskCompletionSource`1:TrySetResult(TResult)
BestHTTP.Core.RequestEventHelper:HandleRequestStateChange(RequestEventInfo)
BestHTTP.Core.RequestEventHelper:ProcessQueue()
BestHTTP.HTTPManager:OnUpdate()
BestHTTP.HTTPUpdateDelegator:CallOnUpdate()

HTTP Request > Get https://api.teamwood.games/0.41/api/user/participation/981c13fd-5921-479a-8878-eb27fa9987ea
HTTP Response > Get https://api.teamwood.games/0.41/api/user/participation/981c13fd-5921-479a-8878-eb27fa9987ea > <color=green>200</color>
Handling match update.
Merging models.
HTTP Request > Get https://api.teamwood.games/0.41/api/user/participation/981c13fd-5921-479a-8878-eb27fa9987ea
HTTP Response > Get https://api.teamwood.games/0.41/api/user/participation/981c13fd-5921-479a-8878-eb27fa9987ea > <color=green>200</color>
Handling match update.
Merging models.
HTTP Request > Get https://api.teamwood.games/0.41/api/user/participation/981c13fd-5921-479a-8878-eb27fa9987ea
HTTP Response > Get https://api.teamwood.games/0.41/api/user/participation/981c13fd-5921-479a-8878-eb27fa9987ea > <color=green>200</color>
Handling match update.
Merging models.
HTTP Request > Get https://api.teamwood.games/0.41/api/user/participation/981c13fd-5921-479a-8878-eb27fa9987ea
HTTP Response > Get https://api.teamwood.games/0.41/api/user/participation/981c13fd-5921-479a-8878-eb27fa9987ea > <color=green>200</color>
Handling match update.
Merging models.
Hub Change > 981c13fd-5921-479a-8878-eb27fa9987ea
Handling match update.
Load battle because new was found.
HTTP Request > Get https://api.teamwood.games/0.41/api/battle/get/565508a4-cdfb-43ef-a7fe-a471604d345d
HTTP Response > Get https://api.teamwood.games/0.41/api/battle/get/565508a4-cdfb-43ef-a7fe-a471604d345d > <color=green>200</color>
Unloading 7 Unused Serialized files (Serialized files now loaded: 6)
SyncManager > Watch > 
Abort all requests
[PhysX] Initialized MultithreadedTaskDispatcher with 12 workers.
UnloadTime: 8.408484 ms
Added pool 'particles'
Unloading 1039 unused Assets to reduce memory usage. Loaded Objects now: 59312.
Total: 48.675251 ms (FindLiveObjects: 3.412766 ms CreateObjectMapping: 2.232331 ms MarkObjects: 42.327967 ms  DeleteObjects: 0.701772 ms)

HTTP Request > Get https://api.teamwood.games/0.41/api/user/versus-participations
HTTP Response > Get https://api.teamwood.games/0.41/api/user/versus-participations > <color=green>200</color>
[INFO] Battle Starting: master seed 63878205, player seed: -1973254449, opponent seed: 234299692
Watch battle for participation 981c13fd-5921-479a-8878-eb27fa9987ea
Watch battle 565508a4-cdfb-43ef-a7fe-a471604d345d
HTTP Request > Post https://api.teamwood.games/0.41/api/versus/watch
HTTP Response > Post https://api.teamwood.games/0.41/api/versus/watch > <color=green>200</color>
[INFO] Battle completed, outcome: PlayerWon, masterSeed: 63878205, end result: 1300281792
Unloading 6 Unused Serialized files (Serialized files now loaded: 6)
Abort all requests
[PhysX] Initialized MultithreadedTaskDispatcher with 12 workers.
UnloadTime: 7.318418 ms
Unloading 61 unused Assets to reduce memory usage. Loaded Objects now: 63510.
Total: 49.072312 ms (FindLiveObjects: 3.513152 ms CreateObjectMapping: 2.212521 ms MarkObjects: 42.954768 ms  DeleteObjects: 0.391409 ms)

SyncManager > Watch > 981c13fd-5921-479a-8878-eb27fa9987ea
HTTP Request > Post https://api.teamwood.games/0.41/api/build/start
HTTP Response > Post https://api.teamwood.games/0.41/api/build/start > <color=green>200</color>
HTTP Request > Post https://api.teamwood.games/0.41/api/build/play-minion
HTTP Response > Post https://api.teamwood.games/0.41/api/build/play-minion > <color=green>200</color>
HTTP Request > Post https://api.teamwood.games/0.41/api/build/sell
HTTP Response > Post https://api.teamwood.games/0.41/api/build/sell > <color=green>200</color>
HTTP Request > Post https://api.teamwood.games/0.41/api/build/play-minion
HTTP Response > Post https://api.teamwood.games/0.41/api/build/play-minion > <color=green>200</color>
HTTP Request > Post https://api.teamwood.games/0.41/api/build/sell
HTTP Response > Post https://api.teamwood.games/0.41/api/build/sell > <color=green>200</color>
HTTP Request > Post https://api.teamwood.games/0.41/api/build/play-minion
HTTP Response > Post https://api.teamwood.games/0.41/api/build/play-minion > <color=green>200</color>
HTTP Request > Post https://api.teamwood.games/0.41/api/build/play-spell
HTTP Response > Post https://api.teamwood.games/0.41/api/build/play-spell > <color=green>200</color>
[WARN] No events for a spell Spacewood.Core.Models.SpellModel, this is normally an error
Spacewood.Scripts.MonoBehaviours.Board.RenderAggregators.<Run>d__0:MoveNext()
Spacewood.Scripts.MonoBehaviours.Board.RenderAggregators.Spell:Run(SkipableStream`1)
Spacewood.Unity.MonoBehaviours.Board.<RenderBoardEventStream>d__17:MoveNext()
Spacewood.Unity.MonoBehaviours.Board.BoardRenderer:RenderBoardEventStream(IEnumerable`1)
Spacewood.Unity.MonoBehaviours.Board.<PlayEvent>d__27:MoveNext()
Spacewood.Unity.MonoBehaviours.Board.BoardController:PlayEvent(IBoardEvent, BoardModel, Int32)
Spacewood.Unity.MonoBehaviours.Build.<ResolveAsync>d__179:MoveNext()
Spacewood.Unity.MonoBehaviours.Build.HangarMain:Resolve(Int32, Nullable`1, IBoardEvent)
Spacewood.Unity.MonoBehaviours.Build.<PlaySpellAsync>d__12:MoveNext()
Cysharp.Threading.Tasks.UniTaskCompletionSourceCore`1:TrySetResult(TResult)
Spacewood.Unity.<PlaySpellAsync>d__84:MoveNext()
Cysharp.Threading.Tasks.UniTaskCompletionSourceCore`1:TrySetResult(TResult)
Spacewood.Unity.<SendAndRetryHttpRequestAsync>d__181`1:MoveNext()
Cysharp.Threading.Tasks.UniTaskCompletionSourceCore`1:TrySetResult(TResult)
Spacewood.Unity.<SendHttpResponseAsync>d__182`1:MoveNext()
System.Threading.Tasks.AwaitTaskContinuation:RunCallback(ContextCallback, Object, Task&)
System.Threading.Tasks.Task:FinishContinuations()
System.Threading.Tasks.Task`1:TrySetResult(TResult)
System.Threading.Tasks.TaskCompletionSource`1:TrySetResult(TResult)
BestHTTP.Core.RequestEventHelper:HandleRequestStateChange(RequestEventInfo)
BestHTTP.Core.RequestEventHelper:ProcessQueue()
BestHTTP.HTTPManager:OnUpdate()
BestHTTP.HTTPUpdateDelegator:CallOnUpdate()

HTTP Request > Post https://api.teamwood.games/0.41/api/build/roll
HTTP Response > Post https://api.teamwood.games/0.41/api/build/roll > <color=green>200</color>
HTTP Request > Post https://api.teamwood.games/0.41/api/build/end
HTTP Response > Post https://api.teamwood.games/0.41/api/build/end > <color=green>200</color>
HTTP Request > Post https://api.teamwood.games/0.41/api/versus/ready
Hub Change Player Count > 981c13fd-5921-479a-8878-eb27fa9987ea
Handling match update.
Merging models.
HTTP Response > Post https://api.teamwood.games/0.41/api/versus/ready > <color=green>200</color>
Handling match update.
Merging models.
Load battle after ready.
Participation battle has already been watched.
Spacewood.Unity.MonoBehaviours.Build.<ReadyAsync>d__30:MoveNext()
Cysharp.Threading.Tasks.UniTaskCompletionSourceCore`1:TrySetResult(TResult)
Spacewood.Unity.<ReadyRequestAsync>d__4:MoveNext()
Cysharp.Threading.Tasks.UniTaskCompletionSourceCore`1:TrySetResult(TResult)
Spacewood.Unity.<ReadyVersusAsync>d__164:MoveNext()
Cysharp.Threading.Tasks.UniTaskCompletionSourceCore`1:TrySetResult(TResult)
Spacewood.Unity.<SendAndRetryHttpRequestAsync>d__181`1:MoveNext()
Cysharp.Threading.Tasks.UniTaskCompletionSourceCore`1:TrySetResult(TResult)
Spacewood.Unity.<SendHttpResponseAsync>d__182`1:MoveNext()
System.Threading.Tasks.AwaitTaskContinuation:RunCallback(ContextCallback, Object, Task&)
System.Threading.Tasks.Task:FinishContinuations()
System.Threading.Tasks.Task`1:TrySetResult(TResult)
System.Threading.Tasks.TaskCompletionSource`1:TrySetResult(TResult)
BestHTTP.Core.RequestEventHelper:HandleRequestStateChange(RequestEventInfo)
BestHTTP.Core.RequestEventHelper:ProcessQueue()
BestHTTP.HTTPManager:OnUpdate()
BestHTTP.HTTPUpdateDelegator:CallOnUpdate()

HTTP Request > Get https://api.teamwood.games/0.41/api/user/participation/981c13fd-5921-479a-8878-eb27fa9987ea
HTTP Response > Get https://api.teamwood.games/0.41/api/user/participation/981c13fd-5921-479a-8878-eb27fa9987ea > <color=green>200</color>
Handling match update.
Merging models.
HTTP Request > Get https://api.teamwood.games/0.41/api/user/participation/981c13fd-5921-479a-8878-eb27fa9987ea
HTTP Response > Get https://api.teamwood.games/0.41/api/user/participation/981c13fd-5921-479a-8878-eb27fa9987ea > <color=green>200</color>
Handling match update.
Merging models.
Hub Change > 981c13fd-5921-479a-8878-eb27fa9987ea
Handling match update.
Load battle because new was found.
HTTP Request > Get https://api.teamwood.games/0.41/api/battle/get/679183df-97be-490a-bcaf-867fe38abc9b
HTTP Response > Get https://api.teamwood.games/0.41/api/battle/get/679183df-97be-490a-bcaf-867fe38abc9b > <color=green>200</color>
Unloading 7 Unused Serialized files (Serialized files now loaded: 6)
SyncManager > Watch > 
Abort all requests
[PhysX] Initialized MultithreadedTaskDispatcher with 12 workers.
UnloadTime: 10.525725 ms
Added pool 'particles'
Unloading 1017 unused Assets to reduce memory usage. Loaded Objects now: 59333.
Total: 46.028909 ms (FindLiveObjects: 3.417677 ms CreateObjectMapping: 2.216464 ms MarkObjects: 39.607318 ms  DeleteObjects: 0.786840 ms)

HTTP Request > Get https://api.teamwood.games/0.41/api/user/versus-participations
HTTP Response > Get https://api.teamwood.games/0.41/api/user/versus-participations > <color=green>200</color>
[INFO] Battle Starting: master seed -1891491057, player seed: -1973254449, opponent seed: 234299692
T: 874.94 - MasterAudio: Polyphony limit of group: Smash exceeded and no playing Variation is usable for Retrigger Limit Mode. Will not play this sound for this instance.
Watch battle for participation 981c13fd-5921-479a-8878-eb27fa9987ea
Watch battle 679183df-97be-490a-bcaf-867fe38abc9b
HTTP Request > Post https://api.teamwood.games/0.41/api/versus/watch
HTTP Response > Post https://api.teamwood.games/0.41/api/versus/watch > <color=green>200</color>
[INFO] Battle completed, outcome: PlayerWon, masterSeed: -1891491057, end result: -1927597566
Unloading 6 Unused Serialized files (Serialized files now loaded: 6)
Abort all requests
[PhysX] Initialized MultithreadedTaskDispatcher with 12 workers.
UnloadTime: 8.057874 ms
Unloading 56 unused Assets to reduce memory usage. Loaded Objects now: 63530.
Total: 47.833814 ms (FindLiveObjects: 3.472990 ms CreateObjectMapping: 2.176048 ms MarkObjects: 41.827341 ms  DeleteObjects: 0.356991 ms)

SyncManager > Watch > 981c13fd-5921-479a-8878-eb27fa9987ea
HTTP Request > Post https://api.teamwood.games/0.41/api/build/start
HTTP Response > Post https://api.teamwood.games/0.41/api/build/start > <color=green>200</color>
HTTP Request > Post https://api.teamwood.games/0.41/api/build/play-spell
HTTP Response > Post https://api.teamwood.games/0.41/api/build/play-spell > <color=green>200</color>
[WARN] No events for a spell Spacewood.Core.Models.SpellModel, this is normally an error
Spacewood.Scripts.MonoBehaviours.Board.RenderAggregators.<Run>d__0:MoveNext()
Spacewood.Scripts.MonoBehaviours.Board.RenderAggregators.Spell:Run(SkipableStream`1)
Spacewood.Unity.MonoBehaviours.Board.<RenderBoardEventStream>d__17:MoveNext()
Spacewood.Unity.MonoBehaviours.Board.BoardRenderer:RenderBoardEventStream(IEnumerable`1)
Spacewood.Unity.MonoBehaviours.Board.<PlayEvent>d__27:MoveNext()
Spacewood.Unity.MonoBehaviours.Board.BoardController:PlayEvent(IBoardEvent, BoardModel, Int32)
Spacewood.Unity.MonoBehaviours.Build.<ResolveAsync>d__179:MoveNext()
Spacewood.Unity.MonoBehaviours.Build.HangarMain:Resolve(Int32, Nullable`1, IBoardEvent)
Spacewood.Unity.MonoBehaviours.Build.<PlaySpellAsync>d__12:MoveNext()
Cysharp.Threading.Tasks.UniTaskCompletionSourceCore`1:TrySetResult(TResult)
Spacewood.Unity.<PlaySpellAsync>d__84:MoveNext()
Cysharp.Threading.Tasks.UniTaskCompletionSourceCore`1:TrySetResult(TResult)
Spacewood.Unity.<SendAndRetryHttpRequestAsync>d__181`1:MoveNext()
Cysharp.Threading.Tasks.UniTaskCompletionSourceCore`1:TrySetResult(TResult)
Spacewood.Unity.<SendHttpResponseAsync>d__182`1:MoveNext()
System.Threading.Tasks.AwaitTaskContinuation:RunCallback(ContextCallback, Object, Task&)
System.Threading.Tasks.Task:FinishContinuations()
System.Threading.Tasks.Task`1:TrySetResult(TResult)
System.Threading.Tasks.TaskCompletionSource`1:TrySetResult(TResult)
BestHTTP.Core.RequestEventHelper:HandleRequestStateChange(RequestEventInfo)
BestHTTP.Core.RequestEventHelper:ProcessQueue()
BestHTTP.HTTPManager:OnUpdate()
BestHTTP.HTTPUpdateDelegator:CallOnUpdate()

HTTP Request > Post https://api.teamwood.games/0.41/api/build/sell
HTTP Response > Post https://api.teamwood.games/0.41/api/build/sell > <color=green>200</color>
HTTP Request > Post https://api.teamwood.games/0.41/api/build/play-minion
HTTP Response > Post https://api.teamwood.games/0.41/api/build/play-minion > <color=green>200</color>
HTTP Request > Post https://api.teamwood.games/0.41/api/build/roll
HTTP Response > Post https://api.teamwood.games/0.41/api/build/roll > <color=green>200</color>
HTTP Request > Post https://api.teamwood.games/0.41/api/build/play-spell
HTTP Response > Post https://api.teamwood.games/0.41/api/build/play-spell > <color=green>200</color>
HTTP Request > Post https://api.teamwood.games/0.41/api/build/end
HTTP Response > Post https://api.teamwood.games/0.41/api/build/end > <color=green>200</color>
HTTP Request > Post https://api.teamwood.games/0.41/api/versus/ready
Hub Change Player Count > 981c13fd-5921-479a-8878-eb27fa9987ea
Handling match update.
Merging models.
HTTP Response > Post https://api.teamwood.games/0.41/api/versus/ready > <color=green>200</color>
Handling match update.
Load battle because new was found.
Load battle after ready.
Loading battle was blocked.
Hub Change > 981c13fd-5921-479a-8878-eb27fa9987ea
Handling match update.
Load battle because new was found.
Loading battle was blocked.
HTTP Request > Get https://api.teamwood.games/0.41/api/battle/get/2d5777af-ecfa-44fd-b293-12cec6639a07
HTTP Response > Get https://api.teamwood.games/0.41/api/battle/get/2d5777af-ecfa-44fd-b293-12cec6639a07 > <color=green>200</color>
Unloading 7 Unused Serialized files (Serialized files now loaded: 6)
SyncManager > Watch > 
Abort all requests
[PhysX] Initialized MultithreadedTaskDispatcher with 12 workers.
UnloadTime: 9.551008 ms
Added pool 'particles'
Unloading 1005 unused Assets to reduce memory usage. Loaded Objects now: 59356.
Total: 53.375040 ms (FindLiveObjects: 3.536558 ms CreateObjectMapping: 2.191105 ms MarkObjects: 46.849670 ms  DeleteObjects: 0.796674 ms)

HTTP Request > Get https://api.teamwood.games/0.41/api/user/versus-participations
HTTP Response > Get https://api.teamwood.games/0.41/api/user/versus-participations > <color=green>200</color>
[INFO] Battle Starting: master seed -1659289741, player seed: -1973254449, opponent seed: 234299692
T: 976.0612 - MasterAudio: Polyphony limit of group: Smash exceeded and no playing Variation is usable for Retrigger Limit Mode. Will not play this sound for this instance.
Watch battle for participation 981c13fd-5921-479a-8878-eb27fa9987ea
Watch battle 2d5777af-ecfa-44fd-b293-12cec6639a07
HTTP Request > Post https://api.teamwood.games/0.41/api/versus/watch
HTTP Response > Post https://api.teamwood.games/0.41/api/versus/watch > <color=green>200</color>
[INFO] Battle completed, outcome: PlayerWon, masterSeed: -1659289741, end result: 820214757
Unloading 6 Unused Serialized files (Serialized files now loaded: 6)
Abort all requests
[PhysX] Initialized MultithreadedTaskDispatcher with 12 workers.
UnloadTime: 6.837948 ms
Unloading 59 unused Assets to reduce memory usage. Loaded Objects now: 63568.
Total: 49.500100 ms (FindLiveObjects: 3.466200 ms CreateObjectMapping: 2.186867 ms MarkObjects: 43.460469 ms  DeleteObjects: 0.386096 ms)

SyncManager > Watch > 981c13fd-5921-479a-8878-eb27fa9987ea
HTTP Request > Post https://api.teamwood.games/0.41/api/build/start
HTTP Response > Post https://api.teamwood.games/0.41/api/build/start > <color=green>200</color>
HTTP Request > Post https://api.teamwood.games/0.41/api/build/play-spell
HTTP Response > Post https://api.teamwood.games/0.41/api/build/play-spell > <color=green>200</color>
HTTP Request > Post https://api.teamwood.games/0.41/api/build/play-minion
HTTP Response > Post https://api.teamwood.games/0.41/api/build/play-minion > <color=green>200</color>
HTTP Request > Post https://api.teamwood.games/0.41/api/build/play-minion
HTTP Response > Post https://api.teamwood.games/0.41/api/build/play-minion > <color=green>200</color>
HTTP Request > Post https://api.teamwood.games/0.41/api/build/roll
HTTP Response > Post https://api.teamwood.games/0.41/api/build/roll > <color=green>200</color>
HTTP Request > Post https://api.teamwood.games/0.41/api/build/end
HTTP Response > Post https://api.teamwood.games/0.41/api/build/end > <color=green>200</color>
HTTP Request > Post https://api.teamwood.games/0.41/api/versus/ready
Hub Change Player Count > 981c13fd-5921-479a-8878-eb27fa9987ea
Handling match update.
Merging models.
HTTP Response > Post https://api.teamwood.games/0.41/api/versus/ready > <color=green>200</color>
Handling match update.
Merging models.
Load battle after ready.
Participation battle has already been watched.
Spacewood.Unity.MonoBehaviours.Build.<ReadyAsync>d__30:MoveNext()
Cysharp.Threading.Tasks.UniTaskCompletionSourceCore`1:TrySetResult(TResult)
Spacewood.Unity.<ReadyRequestAsync>d__4:MoveNext()
Cysharp.Threading.Tasks.UniTaskCompletionSourceCore`1:TrySetResult(TResult)
Spacewood.Unity.<ReadyVersusAsync>d__164:MoveNext()
Cysharp.Threading.Tasks.UniTaskCompletionSourceCore`1:TrySetResult(TResult)
Spacewood.Unity.<SendAndRetryHttpRequestAsync>d__181`1:MoveNext()
Cysharp.Threading.Tasks.UniTaskCompletionSourceCore`1:TrySetResult(TResult)
Spacewood.Unity.<SendHttpResponseAsync>d__182`1:MoveNext()
System.Threading.Tasks.AwaitTaskContinuation:RunCallback(ContextCallback, Object, Task&)
System.Threading.Tasks.Task:FinishContinuations()
System.Threading.Tasks.Task`1:TrySetResult(TResult)
System.Threading.Tasks.TaskCompletionSource`1:TrySetResult(TResult)
BestHTTP.Core.RequestEventHelper:HandleRequestStateChange(RequestEventInfo)
BestHTTP.Core.RequestEventHelper:ProcessQueue()
BestHTTP.HTTPManager:OnUpdate()
BestHTTP.HTTPUpdateDelegator:CallOnUpdate()

HTTP Request > Get https://api.teamwood.games/0.41/api/user/participation/981c13fd-5921-479a-8878-eb27fa9987ea
HTTP Response > Get https://api.teamwood.games/0.41/api/user/participation/981c13fd-5921-479a-8878-eb27fa9987ea > <color=green>200</color>
Handling match update.
Merging models.
HTTP Request > Get https://api.teamwood.games/0.41/api/user/participation/981c13fd-5921-479a-8878-eb27fa9987ea
HTTP Response > Get https://api.teamwood.games/0.41/api/user/participation/981c13fd-5921-479a-8878-eb27fa9987ea > <color=green>200</color>
Handling match update.
Merging models.
HTTP Request > Get https://api.teamwood.games/0.41/api/user/participation/981c13fd-5921-479a-8878-eb27fa9987ea
HTTP Response > Get https://api.teamwood.games/0.41/api/user/participation/981c13fd-5921-479a-8878-eb27fa9987ea > <color=green>200</color>
Handling match update.
Merging models.
Hub Change > 981c13fd-5921-479a-8878-eb27fa9987ea
Handling match update.
Load battle because new was found.
HTTP Request > Get https://api.teamwood.games/0.41/api/battle/get/a217f37f-30da-4942-ba6e-2733ef4cde72
HTTP Response > Get https://api.teamwood.games/0.41/api/battle/get/a217f37f-30da-4942-ba6e-2733ef4cde72 > <color=green>200</color>
Unloading 7 Unused Serialized files (Serialized files now loaded: 6)
SyncManager > Watch > 
Abort all requests
[PhysX] Initialized MultithreadedTaskDispatcher with 12 workers.
UnloadTime: 10.170187 ms
Added pool 'particles'
Unloading 1021 unused Assets to reduce memory usage. Loaded Objects now: 59412.
Total: 43.655405 ms (FindLiveObjects: 3.392443 ms CreateObjectMapping: 2.155928 ms MarkObjects: 37.211069 ms  DeleteObjects: 0.895551 ms)

HTTP Request > Get https://api.teamwood.games/0.41/api/user/versus-participations
HTTP Response > Get https://api.teamwood.games/0.41/api/user/versus-participations > <color=green>200</color>
[INFO] Battle Starting: master seed -659689360, player seed: -1973254449, opponent seed: 234299692
T: 1096.542 - MasterAudio: Polyphony limit of group: Smash exceeded and no playing Variation is usable for Retrigger Limit Mode. Will not play this sound for this instance.
Watch battle for participation 981c13fd-5921-479a-8878-eb27fa9987ea
Watch battle a217f37f-30da-4942-ba6e-2733ef4cde72
HTTP Request > Post https://api.teamwood.games/0.41/api/versus/watch
HTTP Response > Post https://api.teamwood.games/0.41/api/versus/watch > <color=green>200</color>
[INFO] Battle completed, outcome: PlayerWon, masterSeed: -659689360, end result: -1693447085
Unloading 6 Unused Serialized files (Serialized files now loaded: 6)
Abort all requests
[PhysX] Initialized MultithreadedTaskDispatcher with 12 workers.
UnloadTime: 7.374058 ms
Unloading 58 unused Assets to reduce memory usage. Loaded Objects now: 63610.
Total: 48.868537 ms (FindLiveObjects: 3.504064 ms CreateObjectMapping: 2.139020 ms MarkObjects: 42.868984 ms  DeleteObjects: 0.356007 ms)

SyncManager > Watch > 981c13fd-5921-479a-8878-eb27fa9987ea
HTTP Request > Post https://api.teamwood.games/0.41/api/build/start
HTTP Response > Post https://api.teamwood.games/0.41/api/build/start > <color=green>200</color>
HTTP Request > Post https://api.teamwood.games/0.41/api/build/play-minion
HTTP Response > Post https://api.teamwood.games/0.41/api/build/play-minion > <color=green>200</color>
HTTP Request > Post https://api.teamwood.games/0.41/api/build/play-spell
HTTP Response > Post https://api.teamwood.games/0.41/api/build/play-spell > <color=green>200</color>
HTTP Request > Post https://api.teamwood.games/0.41/api/build/play-spell
HTTP Response > Post https://api.teamwood.games/0.41/api/build/play-spell > <color=green>200</color>
HTTP Request > Post https://api.teamwood.games/0.41/api/build/roll
HTTP Response > Post https://api.teamwood.games/0.41/api/build/roll > <color=green>200</color>
HTTP Request > Post https://api.teamwood.games/0.41/api/build/end
HTTP Response > Post https://api.teamwood.games/0.41/api/build/end > <color=green>200</color>
HTTP Request > Post https://api.teamwood.games/0.41/api/versus/ready
Hub Change Player Count > 981c13fd-5921-479a-8878-eb27fa9987ea
Handling match update.
Merging models.
HTTP Response > Post https://api.teamwood.games/0.41/api/versus/ready > <color=green>200</color>
Handling match update.
Merging models.
Load battle after ready.
Participation battle has already been watched.
Spacewood.Unity.MonoBehaviours.Build.<ReadyAsync>d__30:MoveNext()
Cysharp.Threading.Tasks.UniTaskCompletionSourceCore`1:TrySetResult(TResult)
Spacewood.Unity.<ReadyRequestAsync>d__4:MoveNext()
Cysharp.Threading.Tasks.UniTaskCompletionSourceCore`1:TrySetResult(TResult)
Spacewood.Unity.<ReadyVersusAsync>d__164:MoveNext()
Cysharp.Threading.Tasks.UniTaskCompletionSourceCore`1:TrySetResult(TResult)
Spacewood.Unity.<SendAndRetryHttpRequestAsync>d__181`1:MoveNext()
Cysharp.Threading.Tasks.UniTaskCompletionSourceCore`1:TrySetResult(TResult)
Spacewood.Unity.<SendHttpResponseAsync>d__182`1:MoveNext()
System.Threading.Tasks.AwaitTaskContinuation:RunCallback(ContextCallback, Object, Task&)
System.Threading.Tasks.Task:FinishContinuations()
System.Threading.Tasks.Task`1:TrySetResult(TResult)
System.Threading.Tasks.TaskCompletionSource`1:TrySetResult(TResult)
BestHTTP.Core.RequestEventHelper:HandleRequestStateChange(RequestEventInfo)
BestHTTP.Core.RequestEventHelper:ProcessQueue()
BestHTTP.HTTPManager:OnUpdate()
BestHTTP.HTTPUpdateDelegator:CallOnUpdate()

HTTP Request > Get https://api.teamwood.games/0.41/api/user/participation/981c13fd-5921-479a-8878-eb27fa9987ea
HTTP Response > Get https://api.teamwood.games/0.41/api/user/participation/981c13fd-5921-479a-8878-eb27fa9987ea > <color=green>200</color>
Handling match update.
Merging models.
HTTP Request > Get https://api.teamwood.games/0.41/api/user/participation/981c13fd-5921-479a-8878-eb27fa9987ea
HTTP Response > Get https://api.teamwood.games/0.41/api/user/participation/981c13fd-5921-479a-8878-eb27fa9987ea > <color=green>200</color>
Handling match update.
Merging models.
HTTP Request > Get https://api.teamwood.games/0.41/api/user/participation/981c13fd-5921-479a-8878-eb27fa9987ea
HTTP Response > Get https://api.teamwood.games/0.41/api/user/participation/981c13fd-5921-479a-8878-eb27fa9987ea > <color=green>200</color>
Handling match update.
Merging models.
HTTP Request > Get https://api.teamwood.games/0.41/api/user/participation/981c13fd-5921-479a-8878-eb27fa9987ea
HTTP Response > Get https://api.teamwood.games/0.41/api/user/participation/981c13fd-5921-479a-8878-eb27fa9987ea > <color=green>200</color>
Handling match update.
Merging models.
HTTP Request > Get https://api.teamwood.games/0.41/api/user/participation/981c13fd-5921-479a-8878-eb27fa9987ea
HTTP Response > Get https://api.teamwood.games/0.41/api/user/participation/981c13fd-5921-479a-8878-eb27fa9987ea > <color=green>200</color>
Handling match update.
Merging models.
Hub Change > 981c13fd-5921-479a-8878-eb27fa9987ea
Handling match update.
Load battle because new was found.
HTTP Request > Get https://api.teamwood.games/0.41/api/battle/get/4e4c4cd8-a14c-412a-b726-7850b6844a5d
HTTP Response > Get https://api.teamwood.games/0.41/api/battle/get/4e4c4cd8-a14c-412a-b726-7850b6844a5d > <color=green>200</color>
Unloading 7 Unused Serialized files (Serialized files now loaded: 6)
SyncManager > Watch > 
Abort all requests
[PhysX] Initialized MultithreadedTaskDispatcher with 12 workers.
UnloadTime: 9.092662 ms
Added pool 'particles'
Unloading 1011 unused Assets to reduce memory usage. Loaded Objects now: 59413.
Total: 43.842529 ms (FindLiveObjects: 3.314785 ms CreateObjectMapping: 2.296695 ms MarkObjects: 37.086878 ms  DeleteObjects: 1.143420 ms)

HTTP Request > Get https://api.teamwood.games/0.41/api/user/versus-participations
HTTP Response > Get https://api.teamwood.games/0.41/api/user/versus-participations > <color=green>200</color>
[INFO] Battle Starting: master seed 1477792750, player seed: -1973254449, opponent seed: 234299692
T: 1217.082 - MasterAudio: Polyphony limit of group: Smash exceeded and no playing Variation is usable for Retrigger Limit Mode. Will not play this sound for this instance.
Watch battle for participation 981c13fd-5921-479a-8878-eb27fa9987ea
Watch battle 4e4c4cd8-a14c-412a-b726-7850b6844a5d
HTTP Request > Post https://api.teamwood.games/0.41/api/versus/watch
HTTP Response > Post https://api.teamwood.games/0.41/api/versus/watch > <color=green>200</color>
[INFO] Battle completed, outcome: PlayerWon, masterSeed: 1477792750, end result: 1628141762
Unloading 6 Unused Serialized files (Serialized files now loaded: 6)
Abort all requests
[PhysX] Initialized MultithreadedTaskDispatcher with 12 workers.
UnloadTime: 8.031206 ms
Unloading 59 unused Assets to reduce memory usage. Loaded Objects now: 63610.
Total: 49.857129 ms (FindLiveObjects: 3.655117 ms CreateObjectMapping: 2.269834 ms MarkObjects: 43.556568 ms  DeleteObjects: 0.375190 ms)

SyncManager > Watch > 981c13fd-5921-479a-8878-eb27fa9987ea
HTTP Request > Post https://api.teamwood.games/0.41/api/build/start
HTTP Response > Post https://api.teamwood.games/0.41/api/build/start > <color=green>200</color>
HTTP Request > Post https://api.teamwood.games/0.41/api/build/roll
HTTP Response > Post https://api.teamwood.games/0.41/api/build/roll > <color=green>200</color>
HTTP Request > Post https://api.teamwood.games/0.41/api/build/roll
HTTP Response > Post https://api.teamwood.games/0.41/api/build/roll > <color=green>200</color>
HTTP Request > Post https://api.teamwood.games/0.41/api/build/play-spell
HTTP Response > Post https://api.teamwood.games/0.41/api/build/play-spell > <color=green>200</color>
HTTP Request > Post https://api.teamwood.games/0.41/api/build/play-minion
HTTP Response > Post https://api.teamwood.games/0.41/api/build/play-minion > <color=green>200</color>
HTTP Request > Post https://api.teamwood.games/0.41/api/build/roll
HTTP Response > Post https://api.teamwood.games/0.41/api/build/roll > <color=green>200</color>
HTTP Request > Post https://api.teamwood.games/0.41/api/build/roll
HTTP Response > Post https://api.teamwood.games/0.41/api/build/roll > <color=green>200</color>
HTTP Request > Post https://api.teamwood.games/0.41/api/build/end
HTTP Response > Post https://api.teamwood.games/0.41/api/build/end > <color=green>200</color>
HTTP Request > Post https://api.teamwood.games/0.41/api/versus/ready
Hub Change Player Count > 981c13fd-5921-479a-8878-eb27fa9987ea
Handling match update.
Merging models.
HTTP Response > Post https://api.teamwood.games/0.41/api/versus/ready > <color=green>200</color>
Handling match update.
Merging models.
Load battle after ready.
Participation battle has already been watched.
Spacewood.Unity.MonoBehaviours.Build.<ReadyAsync>d__30:MoveNext()
Cysharp.Threading.Tasks.UniTaskCompletionSourceCore`1:TrySetResult(TResult)
Spacewood.Unity.<ReadyRequestAsync>d__4:MoveNext()
Cysharp.Threading.Tasks.UniTaskCompletionSourceCore`1:TrySetResult(TResult)
Spacewood.Unity.<ReadyVersusAsync>d__164:MoveNext()
Cysharp.Threading.Tasks.UniTaskCompletionSourceCore`1:TrySetResult(TResult)
Spacewood.Unity.<SendAndRetryHttpRequestAsync>d__181`1:MoveNext()
Cysharp.Threading.Tasks.UniTaskCompletionSourceCore`1:TrySetResult(TResult)
Spacewood.Unity.<SendHttpResponseAsync>d__182`1:MoveNext()
System.Threading.Tasks.AwaitTaskContinuation:RunCallback(ContextCallback, Object, Task&)
System.Threading.Tasks.Task:FinishContinuations()
System.Threading.Tasks.Task`1:TrySetResult(TResult)
System.Threading.Tasks.TaskCompletionSource`1:TrySetResult(TResult)
BestHTTP.Core.RequestEventHelper:HandleRequestStateChange(RequestEventInfo)
BestHTTP.Core.RequestEventHelper:ProcessQueue()
BestHTTP.HTTPManager:OnUpdate()
BestHTTP.HTTPUpdateDelegator:CallOnUpdate()

HTTP Request > Get https://api.teamwood.games/0.41/api/user/participation/981c13fd-5921-479a-8878-eb27fa9987ea
HTTP Response > Get https://api.teamwood.games/0.41/api/user/participation/981c13fd-5921-479a-8878-eb27fa9987ea > <color=green>200</color>
Handling match update.
Merging models.
HTTP Request > Get https://api.teamwood.games/0.41/api/user/participation/981c13fd-5921-479a-8878-eb27fa9987ea
HTTP Response > Get https://api.teamwood.games/0.41/api/user/participation/981c13fd-5921-479a-8878-eb27fa9987ea > <color=green>200</color>
Handling match update.
Merging models.
HTTP Request > Get https://api.teamwood.games/0.41/api/user/participation/981c13fd-5921-479a-8878-eb27fa9987ea
HTTP Response > Get https://api.teamwood.games/0.41/api/user/participation/981c13fd-5921-479a-8878-eb27fa9987ea > <color=green>200</color>
Handling match update.
Merging models.
Hub Change > 981c13fd-5921-479a-8878-eb27fa9987ea
Handling match update.
Load battle because new was found.
HTTP Request > Get https://api.teamwood.games/0.41/api/battle/get/93801a2c-f885-4eb9-ba88-1950e34e7fe8
HTTP Response > Get https://api.teamwood.games/0.41/api/battle/get/93801a2c-f885-4eb9-ba88-1950e34e7fe8 > <color=green>200</color>
Unloading 7 Unused Serialized files (Serialized files now loaded: 6)
SyncManager > Watch > 
Abort all requests
[PhysX] Initialized MultithreadedTaskDispatcher with 12 workers.
UnloadTime: 9.280932 ms
Added pool 'particles'
Unloading 1063 unused Assets to reduce memory usage. Loaded Objects now: 59428.
Total: 45.087871 ms (FindLiveObjects: 3.451959 ms CreateObjectMapping: 2.248300 ms MarkObjects: 38.160373 ms  DeleteObjects: 1.226614 ms)

[INFO] Battle Starting: master seed -1266035223, player seed: -1973254449, opponent seed: 234299692
T: 1341.392 - MasterAudio: Polyphony limit of group: Smash exceeded and no playing Variation is usable for Retrigger Limit Mode. Will not play this sound for this instance.
T: 1347.045 - MasterAudio: Polyphony limit of group: Smash exceeded and no playing Variation is usable for Retrigger Limit Mode. Will not play this sound for this instance.
T: 1357.932 - MasterAudio: Polyphony limit of group: Smash exceeded and no playing Variation is usable for Retrigger Limit Mode. Will not play this sound for this instance.
Watch battle for participation 981c13fd-5921-479a-8878-eb27fa9987ea
Watch battle 93801a2c-f885-4eb9-ba88-1950e34e7fe8
HTTP Request > Post https://api.teamwood.games/0.41/api/versus/watch
HTTP Response > Post https://api.teamwood.games/0.41/api/versus/watch > <color=green>200</color>
[INFO] Battle completed, outcome: PlayerWon, masterSeed: -1266035223, end result: -1893416189
Unloading 6 Unused Serialized files (Serialized files now loaded: 6)
Abort all requests
[PhysX] Initialized MultithreadedTaskDispatcher with 12 workers.
UnloadTime: 7.087258 ms
Unloading 58 unused Assets to reduce memory usage. Loaded Objects now: 63656.
Total: 50.110975 ms (FindLiveObjects: 4.506959 ms CreateObjectMapping: 2.405527 ms MarkObjects: 42.838412 ms  DeleteObjects: 0.359493 ms)

SyncManager > Watch > 981c13fd-5921-479a-8878-eb27fa9987ea
HTTP Request > Post https://api.teamwood.games/0.41/api/build/start
HTTP Response > Post https://api.teamwood.games/0.41/api/build/start > <color=green>200</color>
HTTP Request > Post https://api.teamwood.games/0.41/api/build/sell
HTTP Response > Post https://api.teamwood.games/0.41/api/build/sell > <color=green>200</color>
HTTP Request > Post https://api.teamwood.games/0.41/api/build/play-minion
HTTP Response > Post https://api.teamwood.games/0.41/api/build/play-minion > <color=green>200</color>
HTTP Request > Post https://api.teamwood.games/0.41/api/build/roll
HTTP Response > Post https://api.teamwood.games/0.41/api/build/roll > <color=green>200</color>
HTTP Request > Post https://api.teamwood.games/0.41/api/build/play-spell
HTTP Response > Post https://api.teamwood.games/0.41/api/build/play-spell > <color=green>200</color>
[WARN] No events for a spell Spacewood.Core.Models.SpellModel, this is normally an error
Spacewood.Scripts.MonoBehaviours.Board.RenderAggregators.<Run>d__0:MoveNext()
Spacewood.Scripts.MonoBehaviours.Board.RenderAggregators.Spell:Run(SkipableStream`1)
Spacewood.Unity.MonoBehaviours.Board.<RenderBoardEventStream>d__17:MoveNext()
Spacewood.Unity.MonoBehaviours.Board.BoardRenderer:RenderBoardEventStream(IEnumerable`1)
Spacewood.Unity.MonoBehaviours.Board.<PlayEvent>d__27:MoveNext()
Spacewood.Unity.MonoBehaviours.Board.BoardController:PlayEvent(IBoardEvent, BoardModel, Int32)
Spacewood.Unity.MonoBehaviours.Build.<ResolveAsync>d__179:MoveNext()
Spacewood.Unity.MonoBehaviours.Build.HangarMain:Resolve(Int32, Nullable`1, IBoardEvent)
Spacewood.Unity.MonoBehaviours.Build.<PlaySpellAsync>d__12:MoveNext()
Cysharp.Threading.Tasks.UniTaskCompletionSourceCore`1:TrySetResult(TResult)
Spacewood.Unity.<PlaySpellAsync>d__84:MoveNext()
Cysharp.Threading.Tasks.UniTaskCompletionSourceCore`1:TrySetResult(TResult)
Spacewood.Unity.<SendAndRetryHttpRequestAsync>d__181`1:MoveNext()
Cysharp.Threading.Tasks.UniTaskCompletionSourceCore`1:TrySetResult(TResult)
Spacewood.Unity.<SendHttpResponseAsync>d__182`1:MoveNext()
System.Threading.Tasks.AwaitTaskContinuation:RunCallback(ContextCallback, Object, Task&)
System.Threading.Tasks.Task:FinishContinuations()
System.Threading.Tasks.Task`1:TrySetResult(TResult)
System.Threading.Tasks.TaskCompletionSource`1:TrySetResult(TResult)
BestHTTP.Core.RequestEventHelper:HandleRequestStateChange(RequestEventInfo)
BestHTTP.Core.RequestEventHelper:ProcessQueue()
BestHTTP.HTTPManager:OnUpdate()
BestHTTP.HTTPUpdateDelegator:CallOnUpdate()

HTTP Request > Post https://api.teamwood.games/0.41/api/build/roll
HTTP Response > Post https://api.teamwood.games/0.41/api/build/roll > <color=green>200</color>
HTTP Request > Post https://api.teamwood.games/0.41/api/build/play-spell
HTTP Response > Post https://api.teamwood.games/0.41/api/build/play-spell > <color=green>200</color>
[WARN] No events for a spell Spacewood.Core.Models.SpellModel, this is normally an error
Spacewood.Scripts.MonoBehaviours.Board.RenderAggregators.<Run>d__0:MoveNext()
Spacewood.Scripts.MonoBehaviours.Board.RenderAggregators.Spell:Run(SkipableStream`1)
Spacewood.Unity.MonoBehaviours.Board.<RenderBoardEventStream>d__17:MoveNext()
Spacewood.Unity.MonoBehaviours.Board.BoardRenderer:RenderBoardEventStream(IEnumerable`1)
Spacewood.Unity.MonoBehaviours.Board.<PlayEvent>d__27:MoveNext()
Spacewood.Unity.MonoBehaviours.Board.BoardController:PlayEvent(IBoardEvent, BoardModel, Int32)
Spacewood.Unity.MonoBehaviours.Build.<ResolveAsync>d__179:MoveNext()
Spacewood.Unity.MonoBehaviours.Build.HangarMain:Resolve(Int32, Nullable`1, IBoardEvent)
Spacewood.Unity.MonoBehaviours.Build.<PlaySpellAsync>d__12:MoveNext()
Cysharp.Threading.Tasks.UniTaskCompletionSourceCore`1:TrySetResult(TResult)
Spacewood.Unity.<PlaySpellAsync>d__84:MoveNext()
Cysharp.Threading.Tasks.UniTaskCompletionSourceCore`1:TrySetResult(TResult)
Spacewood.Unity.<SendAndRetryHttpRequestAsync>d__181`1:MoveNext()
Cysharp.Threading.Tasks.UniTaskCompletionSourceCore`1:TrySetResult(TResult)
Spacewood.Unity.<SendHttpResponseAsync>d__182`1:MoveNext()
System.Threading.Tasks.AwaitTaskContinuation:RunCallback(ContextCallback, Object, Task&)
System.Threading.Tasks.Task:FinishContinuations()
System.Threading.Tasks.Task`1:TrySetResult(TResult)
System.Threading.Tasks.TaskCompletionSource`1:TrySetResult(TResult)
BestHTTP.Core.RequestEventHelper:HandleRequestStateChange(RequestEventInfo)
BestHTTP.Core.RequestEventHelper:ProcessQueue()
BestHTTP.HTTPManager:OnUpdate()
BestHTTP.HTTPUpdateDelegator:CallOnUpdate()

HTTP Request > Post https://api.teamwood.games/0.41/api/build/end
HTTP Response > Post https://api.teamwood.games/0.41/api/build/end > <color=green>200</color>
HTTP Request > Post https://api.teamwood.games/0.41/api/versus/ready
Hub Change Player Count > 981c13fd-5921-479a-8878-eb27fa9987ea
Handling match update.
Merging models.
HTTP Response > Post https://api.teamwood.games/0.41/api/versus/ready > <color=green>200</color>
Handling match update.
Merging models.
Load battle after ready.
Participation battle has already been watched.
Spacewood.Unity.MonoBehaviours.Build.<ReadyAsync>d__30:MoveNext()
Cysharp.Threading.Tasks.UniTaskCompletionSourceCore`1:TrySetResult(TResult)
Spacewood.Unity.<ReadyRequestAsync>d__4:MoveNext()
Cysharp.Threading.Tasks.UniTaskCompletionSourceCore`1:TrySetResult(TResult)
Spacewood.Unity.<ReadyVersusAsync>d__164:MoveNext()
Cysharp.Threading.Tasks.UniTaskCompletionSourceCore`1:TrySetResult(TResult)
Spacewood.Unity.<SendAndRetryHttpRequestAsync>d__181`1:MoveNext()
Cysharp.Threading.Tasks.UniTaskCompletionSourceCore`1:TrySetResult(TResult)
Spacewood.Unity.<SendHttpResponseAsync>d__182`1:MoveNext()
System.Threading.Tasks.AwaitTaskContinuation:RunCallback(ContextCallback, Object, Task&)
System.Threading.Tasks.Task:FinishContinuations()
System.Threading.Tasks.Task`1:TrySetResult(TResult)
System.Threading.Tasks.TaskCompletionSource`1:TrySetResult(TResult)
BestHTTP.Core.RequestEventHelper:HandleRequestStateChange(RequestEventInfo)
BestHTTP.Core.RequestEventHelper:ProcessQueue()
BestHTTP.HTTPManager:OnUpdate()
BestHTTP.HTTPUpdateDelegator:CallOnUpdate()

HTTP Request > Get https://api.teamwood.games/0.41/api/user/participation/981c13fd-5921-479a-8878-eb27fa9987ea
HTTP Response > Get https://api.teamwood.games/0.41/api/user/participation/981c13fd-5921-479a-8878-eb27fa9987ea > <color=green>200</color>
Handling match update.
Merging models.
HTTP Request > Get https://api.teamwood.games/0.41/api/user/participation/981c13fd-5921-479a-8878-eb27fa9987ea
HTTP Response > Get https://api.teamwood.games/0.41/api/user/participation/981c13fd-5921-479a-8878-eb27fa9987ea > <color=green>200</color>
Handling match update.
Merging models.
HTTP Request > Get https://api.teamwood.games/0.41/api/user/participation/981c13fd-5921-479a-8878-eb27fa9987ea
HTTP Response > Get https://api.teamwood.games/0.41/api/user/participation/981c13fd-5921-479a-8878-eb27fa9987ea > <color=green>200</color>
Handling match update.
Merging models.
HTTP Request > Get https://api.teamwood.games/0.41/api/user/participation/981c13fd-5921-479a-8878-eb27fa9987ea
HTTP Response > Get https://api.teamwood.games/0.41/api/user/participation/981c13fd-5921-479a-8878-eb27fa9987ea > <color=green>200</color>
Handling match update.
Merging models.
HTTP Request > Get https://api.teamwood.games/0.41/api/user/participation/981c13fd-5921-479a-8878-eb27fa9987ea
HTTP Response > Get https://api.teamwood.games/0.41/api/user/participation/981c13fd-5921-479a-8878-eb27fa9987ea > <color=green>200</color>
Handling match update.
Merging models.
Hub Change > 981c13fd-5921-479a-8878-eb27fa9987ea
Handling match update.
Load battle because new was found.
HTTP Request > Get https://api.teamwood.games/0.41/api/battle/get/db23b68a-c9ec-47ad-b2e7-076c35258eac
HTTP Response > Get https://api.teamwood.games/0.41/api/battle/get/db23b68a-c9ec-47ad-b2e7-076c35258eac > <color=green>200</color>
Unloading 7 Unused Serialized files (Serialized files now loaded: 6)
SyncManager > Watch > 
Abort all requests
[PhysX] Initialized MultithreadedTaskDispatcher with 12 workers.
UnloadTime: 8.950820 ms
Added pool 'particles'
Unloading 1026 unused Assets to reduce memory usage. Loaded Objects now: 59459.
Total: 52.887609 ms (FindLiveObjects: 4.175207 ms CreateObjectMapping: 2.444545 ms MarkObjects: 45.519415 ms  DeleteObjects: 0.747931 ms)

HTTP Request > Get https://api.teamwood.games/0.41/api/user/versus-participations
HTTP Response > Get https://api.teamwood.games/0.41/api/user/versus-participations > <color=green>200</color>
[INFO] Battle Starting: master seed -313757110, player seed: -1973254449, opponent seed: 234299692
T: 1451.005 - MasterAudio: Polyphony limit of group: Smash exceeded and no playing Variation is usable for Retrigger Limit Mode. Will not play this sound for this instance.
Watch battle for participation 981c13fd-5921-479a-8878-eb27fa9987ea
Watch battle db23b68a-c9ec-47ad-b2e7-076c35258eac
HTTP Request > Post https://api.teamwood.games/0.41/api/versus/watch
HTTP Response > Post https://api.teamwood.games/0.41/api/versus/watch > <color=green>200</color>
[INFO] Battle completed, outcome: PlayerWon, masterSeed: -313757110, end result: -713969832
Unloading 6 Unused Serialized files (Serialized files now loaded: 6)
Abort all requests
[PhysX] Initialized MultithreadedTaskDispatcher with 12 workers.
UnloadTime: 7.667250 ms
Unloading 59 unused Assets to reduce memory usage. Loaded Objects now: 63656.
Total: 48.971217 ms (FindLiveObjects: 3.544942 ms CreateObjectMapping: 2.174705 ms MarkObjects: 42.878041 ms  DeleteObjects: 0.373092 ms)

SyncManager > Watch > 981c13fd-5921-479a-8878-eb27fa9987ea
HTTP Request > Post https://api.teamwood.games/0.41/api/build/start
HTTP Response > Post https://api.teamwood.games/0.41/api/build/start > <color=green>200</color>
HTTP Request > Post https://api.teamwood.games/0.41/api/build/roll
HTTP Response > Post https://api.teamwood.games/0.41/api/build/roll > <color=green>200</color>
HTTP Request > Post https://api.teamwood.games/0.41/api/build/play-minion
HTTP Response > Post https://api.teamwood.games/0.41/api/build/play-minion > <color=green>200</color>
HTTP Request > Post https://api.teamwood.games/0.41/api/build/play-spell
HTTP Response > Post https://api.teamwood.games/0.41/api/build/play-spell > <color=green>200</color>
HTTP Request > Post https://api.teamwood.games/0.41/api/build/roll
HTTP Response > Post https://api.teamwood.games/0.41/api/build/roll > <color=green>200</color>
HTTP Request > Post https://api.teamwood.games/0.41/api/build/roll
HTTP Response > Post https://api.teamwood.games/0.41/api/build/roll > <color=green>200</color>
HTTP Request > Post https://api.teamwood.games/0.41/api/build/roll
HTTP Response > Post https://api.teamwood.games/0.41/api/build/roll > <color=green>200</color>
HTTP Request > Post https://api.teamwood.games/0.41/api/build/end
HTTP Response > Post https://api.teamwood.games/0.41/api/build/end > <color=green>200</color>
HTTP Request > Post https://api.teamwood.games/0.41/api/versus/ready
Hub Change Player Count > 981c13fd-5921-479a-8878-eb27fa9987ea
Handling match update.
Merging models.
HTTP Response > Post https://api.teamwood.games/0.41/api/versus/ready > <color=green>200</color>
Handling match update.
Merging models.
Load battle after ready.
Participation battle has already been watched.
Spacewood.Unity.MonoBehaviours.Build.<ReadyAsync>d__30:MoveNext()
Cysharp.Threading.Tasks.UniTaskCompletionSourceCore`1:TrySetResult(TResult)
Spacewood.Unity.<ReadyRequestAsync>d__4:MoveNext()
Cysharp.Threading.Tasks.UniTaskCompletionSourceCore`1:TrySetResult(TResult)
Spacewood.Unity.<ReadyVersusAsync>d__164:MoveNext()
Cysharp.Threading.Tasks.UniTaskCompletionSourceCore`1:TrySetResult(TResult)
Spacewood.Unity.<SendAndRetryHttpRequestAsync>d__181`1:MoveNext()
Cysharp.Threading.Tasks.UniTaskCompletionSourceCore`1:TrySetResult(TResult)
Spacewood.Unity.<SendHttpResponseAsync>d__182`1:MoveNext()
System.Threading.Tasks.AwaitTaskContinuation:RunCallback(ContextCallback, Object, Task&)
System.Threading.Tasks.Task:FinishContinuations()
System.Threading.Tasks.Task`1:TrySetResult(TResult)
System.Threading.Tasks.TaskCompletionSource`1:TrySetResult(TResult)
BestHTTP.Core.RequestEventHelper:HandleRequestStateChange(RequestEventInfo)
BestHTTP.Core.RequestEventHelper:ProcessQueue()
BestHTTP.HTTPManager:OnUpdate()
BestHTTP.HTTPUpdateDelegator:CallOnUpdate()

HTTP Request > Get https://api.teamwood.games/0.41/api/user/participation/981c13fd-5921-479a-8878-eb27fa9987ea
HTTP Response > Get https://api.teamwood.games/0.41/api/user/participation/981c13fd-5921-479a-8878-eb27fa9987ea > <color=green>200</color>
Handling match update.
Merging models.
HTTP Request > Get https://api.teamwood.games/0.41/api/user/participation/981c13fd-5921-479a-8878-eb27fa9987ea
HTTP Response > Get https://api.teamwood.games/0.41/api/user/participation/981c13fd-5921-479a-8878-eb27fa9987ea > <color=green>200</color>
Handling match update.
Merging models.
HTTP Request > Get https://api.teamwood.games/0.41/api/user/participation/981c13fd-5921-479a-8878-eb27fa9987ea
HTTP Response > Get https://api.teamwood.games/0.41/api/user/participation/981c13fd-5921-479a-8878-eb27fa9987ea > <color=green>200</color>
Handling match update.
Merging models.
Hub Change > 981c13fd-5921-479a-8878-eb27fa9987ea
Handling match update.
Load battle because new was found.
HTTP Request > Get https://api.teamwood.games/0.41/api/battle/get/1d5bd58a-167f-4a5b-92d1-0ba73c67656f
HTTP Response > Get https://api.teamwood.games/0.41/api/battle/get/1d5bd58a-167f-4a5b-92d1-0ba73c67656f > <color=green>200</color>
Unloading 7 Unused Serialized files (Serialized files now loaded: 6)
SyncManager > Watch > 
Abort all requests
[PhysX] Initialized MultithreadedTaskDispatcher with 12 workers.
UnloadTime: 9.436749 ms
Added pool 'particles'
Unloading 1056 unused Assets to reduce memory usage. Loaded Objects now: 59458.
Total: 47.392043 ms (FindLiveObjects: 3.301004 ms CreateObjectMapping: 2.692431 ms MarkObjects: 40.518059 ms  DeleteObjects: 0.880145 ms)

HTTP Request > Get https://api.teamwood.games/0.41/api/user/versus-participations
HTTP Response > Get https://api.teamwood.games/0.41/api/user/versus-participations > <color=green>200</color>
[INFO] Battle Starting: master seed 350586142, player seed: -1973254449, opponent seed: 234299692
Watch battle for participation 981c13fd-5921-479a-8878-eb27fa9987ea
Watch battle 1d5bd58a-167f-4a5b-92d1-0ba73c67656f
HTTP Request > Post https://api.teamwood.games/0.41/api/versus/watch
HTTP Response > Post https://api.teamwood.games/0.41/api/versus/watch > <color=green>200</color>
[INFO] Battle completed, outcome: PlayerWon, masterSeed: 350586142, end result: 468104298
Unloading 6 Unused Serialized files (Serialized files now loaded: 6)
Abort all requests
[PhysX] Initialized MultithreadedTaskDispatcher with 12 workers.
UnloadTime: 7.088679 ms
Unloading 58 unused Assets to reduce memory usage. Loaded Objects now: 63656.
Total: 49.740179 ms (FindLiveObjects: 3.787630 ms CreateObjectMapping: 2.262094 ms MarkObjects: 43.316584 ms  DeleteObjects: 0.373309 ms)

SyncManager > Watch > 981c13fd-5921-479a-8878-eb27fa9987ea
HTTP Request > Post https://api.teamwood.games/0.41/api/build/start
HTTP Response > Post https://api.teamwood.games/0.41/api/build/start > <color=green>200</color>
HTTP Request > Post https://api.teamwood.games/0.41/api/build/play-spell
HTTP Response > Post https://api.teamwood.games/0.41/api/build/play-spell > <color=green>200</color>
HTTP Request > Post https://api.teamwood.games/0.41/api/build/roll
HTTP Response > Post https://api.teamwood.games/0.41/api/build/roll > <color=green>200</color>
HTTP Request > Post https://api.teamwood.games/0.41/api/build/roll
HTTP Response > Post https://api.teamwood.games/0.41/api/build/roll > <color=green>200</color>
HTTP Request > Post https://api.teamwood.games/0.41/api/build/play-minion
HTTP Response > Post https://api.teamwood.games/0.41/api/build/play-minion > <color=green>200</color>
HTTP Request > Post https://api.teamwood.games/0.41/api/build/roll
HTTP Response > Post https://api.teamwood.games/0.41/api/build/roll > <color=green>200</color>
HTTP Request > Post https://api.teamwood.games/0.41/api/build/roll
HTTP Response > Post https://api.teamwood.games/0.41/api/build/roll > <color=green>200</color>
HTTP Request > Post https://api.teamwood.games/0.41/api/build/end
HTTP Response > Post https://api.teamwood.games/0.41/api/build/end > <color=green>200</color>
HTTP Request > Post https://api.teamwood.games/0.41/api/versus/ready
Hub Change Player Count > 981c13fd-5921-479a-8878-eb27fa9987ea
Handling match update.
Merging models.
HTTP Response > Post https://api.teamwood.games/0.41/api/versus/ready > <color=green>200</color>
Handling match update.
Merging models.
Load battle after ready.
Participation battle has already been watched.
Spacewood.Unity.MonoBehaviours.Build.<ReadyAsync>d__30:MoveNext()
Cysharp.Threading.Tasks.UniTaskCompletionSourceCore`1:TrySetResult(TResult)
Spacewood.Unity.<ReadyRequestAsync>d__4:MoveNext()
Cysharp.Threading.Tasks.UniTaskCompletionSourceCore`1:TrySetResult(TResult)
Spacewood.Unity.<ReadyVersusAsync>d__164:MoveNext()
Cysharp.Threading.Tasks.UniTaskCompletionSourceCore`1:TrySetResult(TResult)
Spacewood.Unity.<SendAndRetryHttpRequestAsync>d__181`1:MoveNext()
Cysharp.Threading.Tasks.UniTaskCompletionSourceCore`1:TrySetResult(TResult)
Spacewood.Unity.<SendHttpResponseAsync>d__182`1:MoveNext()
System.Threading.Tasks.AwaitTaskContinuation:RunCallback(ContextCallback, Object, Task&)
System.Threading.Tasks.Task:FinishContinuations()
System.Threading.Tasks.Task`1:TrySetResult(TResult)
System.Threading.Tasks.TaskCompletionSource`1:TrySetResult(TResult)
BestHTTP.Core.RequestEventHelper:HandleRequestStateChange(RequestEventInfo)
BestHTTP.Core.RequestEventHelper:ProcessQueue()
BestHTTP.HTTPManager:OnUpdate()
BestHTTP.HTTPUpdateDelegator:CallOnUpdate()

HTTP Request > Get https://api.teamwood.games/0.41/api/user/participation/981c13fd-5921-479a-8878-eb27fa9987ea
HTTP Response > Get https://api.teamwood.games/0.41/api/user/participation/981c13fd-5921-479a-8878-eb27fa9987ea > <color=green>200</color>
Handling match update.
Merging models.
HTTP Request > Get https://api.teamwood.games/0.41/api/user/participation/981c13fd-5921-479a-8878-eb27fa9987ea
HTTP Response > Get https://api.teamwood.games/0.41/api/user/participation/981c13fd-5921-479a-8878-eb27fa9987ea > <color=green>200</color>
Handling match update.
Merging models.
Hub Change > 981c13fd-5921-479a-8878-eb27fa9987ea
Handling match update.
Load battle because new was found.
HTTP Request > Get https://api.teamwood.games/0.41/api/battle/get/7b543ffa-ab03-4270-ae67-db52dfb271a6
HTTP Response > Get https://api.teamwood.games/0.41/api/battle/get/7b543ffa-ab03-4270-ae67-db52dfb271a6 > <color=green>200</color>
Unloading 7 Unused Serialized files (Serialized files now loaded: 6)
SyncManager > Watch > 
Abort all requests
[PhysX] Initialized MultithreadedTaskDispatcher with 12 workers.
UnloadTime: 9.707498 ms
Added pool 'particles'
Unloading 1056 unused Assets to reduce memory usage. Loaded Objects now: 59459.
Total: 45.803565 ms (FindLiveObjects: 3.784508 ms CreateObjectMapping: 3.886594 ms MarkObjects: 37.243782 ms  DeleteObjects: 0.887822 ms)

[INFO] Battle Starting: master seed 1827946329, player seed: -1973254449, opponent seed: 234299692
T: 1672.8 - MasterAudio: Polyphony limit of group: Smash exceeded and no playing Variation is usable for Retrigger Limit Mode. Will not play this sound for this instance.
HTTP Request > Get https://api.teamwood.games/0.41/api/user/versus-participations
HTTP Response > Get https://api.teamwood.games/0.41/api/user/versus-participations > <color=green>200</color>
T: 1700.391 - MasterAudio: Polyphony limit of group: Smash exceeded and no playing Variation is usable for Retrigger Limit Mode. Will not play this sound for this instance.
Watch battle for participation 981c13fd-5921-479a-8878-eb27fa9987ea
Watch battle 7b543ffa-ab03-4270-ae67-db52dfb271a6
HTTP Request > Post https://api.teamwood.games/0.41/api/versus/watch
HTTP Response > Post https://api.teamwood.games/0.41/api/versus/watch > <color=green>200</color>
[INFO] Battle completed, outcome: PlayerWon, masterSeed: 1827946329, end result: 135591005
Unloading 6 Unused Serialized files (Serialized files now loaded: 6)
Abort all requests
[PhysX] Initialized MultithreadedTaskDispatcher with 12 workers.
UnloadTime: 7.421900 ms
Unloading 63 unused Assets to reduce memory usage. Loaded Objects now: 63658.
Total: 50.014438 ms (FindLiveObjects: 3.616085 ms CreateObjectMapping: 2.240502 ms MarkObjects: 43.765304 ms  DeleteObjects: 0.391939 ms)

SyncManager > Watch > 981c13fd-5921-479a-8878-eb27fa9987ea
HTTP Request > Post https://api.teamwood.games/0.41/api/build/start
HTTP Response > Post https://api.teamwood.games/0.41/api/build/start > <color=green>200</color>
HTTP Request > Post https://api.teamwood.games/0.41/api/build/play-spell
HTTP Response > Post https://api.teamwood.games/0.41/api/build/play-spell > <color=green>200</color>
HTTP Request > Post https://api.teamwood.games/0.41/api/build/sell
HTTP Response > Post https://api.teamwood.games/0.41/api/build/sell > <color=green>200</color>
HTTP Request > Post https://api.teamwood.games/0.41/api/build/play-spell
HTTP Response > Post https://api.teamwood.games/0.41/api/build/play-spell > <color=green>200</color>
HTTP Request > Post https://api.teamwood.games/0.41/api/build/roll
HTTP Response > Post https://api.teamwood.games/0.41/api/build/roll > <color=green>200</color>
HTTP Request > Post https://api.teamwood.games/0.41/api/build/roll
Hub Change Player Count > 981c13fd-5921-479a-8878-eb27fa9987ea
Handling match update.
Merging models.
HTTP Response > Post https://api.teamwood.games/0.41/api/build/roll > <color=green>200</color>
HTTP Request > Post https://api.teamwood.games/0.41/api/build/roll
HTTP Response > Post https://api.teamwood.games/0.41/api/build/roll > <color=green>200</color>
HTTP Request > Post https://api.teamwood.games/0.41/api/build/roll
HTTP Response > Post https://api.teamwood.games/0.41/api/build/roll > <color=green>200</color>
HTTP Request > Post https://api.teamwood.games/0.41/api/build/roll
HTTP Response > Post https://api.teamwood.games/0.41/api/build/roll > <color=green>200</color>
HTTP Request > Post https://api.teamwood.games/0.41/api/build/roll
HTTP Response > Post https://api.teamwood.games/0.41/api/build/roll > <color=green>200</color>
HTTP Request > Post https://api.teamwood.games/0.41/api/build/end
HTTP Response > Post https://api.teamwood.games/0.41/api/build/end > <color=green>200</color>
HTTP Request > Post https://api.teamwood.games/0.41/api/versus/ready
Hub Change > 981c13fd-5921-479a-8878-eb27fa9987ea
Handling match update.
Load battle because new was found.
HTTP Response > Post https://api.teamwood.games/0.41/api/versus/ready > <color=green>200</color>
Handling match update.
Load battle because new was found.
Loading battle was blocked.
Load battle after ready.
Loading battle was blocked.
HTTP Request > Get https://api.teamwood.games/0.41/api/battle/get/17be96cf-8fe2-43db-a38c-701224793658
HTTP Response > Get https://api.teamwood.games/0.41/api/battle/get/17be96cf-8fe2-43db-a38c-701224793658 > <color=green>200</color>
Unloading 7 Unused Serialized files (Serialized files now loaded: 6)
SyncManager > Watch > 
Abort all requests
[PhysX] Initialized MultithreadedTaskDispatcher with 12 workers.
UnloadTime: 9.400853 ms
Added pool 'particles'
Unloading 1096 unused Assets to reduce memory usage. Loaded Objects now: 59458.
Total: 44.773159 ms (FindLiveObjects: 3.540600 ms CreateObjectMapping: 2.256606 ms MarkObjects: 37.830396 ms  DeleteObjects: 1.144574 ms)

[INFO] Battle Starting: master seed -1014107289, player seed: -1973254449, opponent seed: 234299692
HTTP Request > Get https://api.teamwood.games/0.41/api/user/versus-participations
HTTP Response > Get https://api.teamwood.games/0.41/api/user/versus-participations > <color=green>200</color>
Watch battle for participation 981c13fd-5921-479a-8878-eb27fa9987ea
Watch battle 17be96cf-8fe2-43db-a38c-701224793658
HTTP Request > Post https://api.teamwood.games/0.41/api/versus/watch
HTTP Response > Post https://api.teamwood.games/0.41/api/versus/watch > <color=green>200</color>
[INFO] Battle completed, outcome: PlayerWon, masterSeed: -1014107289, end result: -1448750071
Unloading 6 Unused Serialized files (Serialized files now loaded: 6)
Abort all requests
[PhysX] Initialized MultithreadedTaskDispatcher with 12 workers.
UnloadTime: 8.118510 ms
Unloading 60 unused Assets to reduce memory usage. Loaded Objects now: 63657.
Total: 49.460450 ms (FindLiveObjects: 3.497013 ms CreateObjectMapping: 2.126777 ms MarkObjects: 43.272249 ms  DeleteObjects: 0.563757 ms)

SyncManager > Watch > 981c13fd-5921-479a-8878-eb27fa9987ea
HTTP Request > Post https://api.teamwood.games/0.41/api/build/start
HTTP Response > Post https://api.teamwood.games/0.41/api/build/start > <color=green>200</color>
HTTP Request > Post https://api.teamwood.games/0.41/api/build/roll
HTTP Response > Post https://api.teamwood.games/0.41/api/build/roll > <color=green>200</color>
HTTP Request > Post https://api.teamwood.games/0.41/api/build/play-minion
HTTP Response > Post https://api.teamwood.games/0.41/api/build/play-minion > <color=green>200</color>
HTTP Request > Post https://api.teamwood.games/0.41/api/build/roll
HTTP Response > Post https://api.teamwood.games/0.41/api/build/roll > <color=green>200</color>
HTTP Request > Post https://api.teamwood.games/0.41/api/build/roll
HTTP Response > Post https://api.teamwood.games/0.41/api/build/roll > <color=green>200</color>
HTTP Request > Post https://api.teamwood.games/0.41/api/build/play-minion
HTTP Response > Post https://api.teamwood.games/0.41/api/build/play-minion > <color=green>200</color>
HTTP Request > Post https://api.teamwood.games/0.41/api/build/roll
HTTP Response > Post https://api.teamwood.games/0.41/api/build/roll > <color=green>200</color>
HTTP Request > Post https://api.teamwood.games/0.41/api/build/end
HTTP Response > Post https://api.teamwood.games/0.41/api/build/end > <color=green>200</color>
HTTP Request > Post https://api.teamwood.games/0.41/api/versus/ready
Hub Change Player Count > 981c13fd-5921-479a-8878-eb27fa9987ea
Handling match update.
Merging models.
HTTP Response > Post https://api.teamwood.games/0.41/api/versus/ready > <color=green>200</color>
Handling match update.
Merging models.
Load battle after ready.
Participation battle has already been watched.
Spacewood.Unity.MonoBehaviours.Build.<ReadyAsync>d__30:MoveNext()
Cysharp.Threading.Tasks.UniTaskCompletionSourceCore`1:TrySetResult(TResult)
Spacewood.Unity.<ReadyRequestAsync>d__4:MoveNext()
Cysharp.Threading.Tasks.UniTaskCompletionSourceCore`1:TrySetResult(TResult)
Spacewood.Unity.<ReadyVersusAsync>d__164:MoveNext()
Cysharp.Threading.Tasks.UniTaskCompletionSourceCore`1:TrySetResult(TResult)
Spacewood.Unity.<SendAndRetryHttpRequestAsync>d__181`1:MoveNext()
Cysharp.Threading.Tasks.UniTaskCompletionSourceCore`1:TrySetResult(TResult)
Spacewood.Unity.<SendHttpResponseAsync>d__182`1:MoveNext()
System.Threading.Tasks.AwaitTaskContinuation:RunCallback(ContextCallback, Object, Task&)
System.Threading.Tasks.Task:FinishContinuations()
System.Threading.Tasks.Task`1:TrySetResult(TResult)
System.Threading.Tasks.TaskCompletionSource`1:TrySetResult(TResult)
BestHTTP.Core.RequestEventHelper:HandleRequestStateChange(RequestEventInfo)
BestHTTP.Core.RequestEventHelper:ProcessQueue()
BestHTTP.HTTPManager:OnUpdate()
BestHTTP.HTTPUpdateDelegator:CallOnUpdate()

Hub Change > 981c13fd-5921-479a-8878-eb27fa9987ea
Handling match update.
Load battle because new was found.
HTTP Request > Get https://api.teamwood.games/0.41/api/battle/get/7184b168-ff22-4fe2-9304-1d46ed2feab6
HTTP Response > Get https://api.teamwood.games/0.41/api/battle/get/7184b168-ff22-4fe2-9304-1d46ed2feab6 > <color=green>200</color>
Unloading 7 Unused Serialized files (Serialized files now loaded: 6)
SyncManager > Watch > 
Abort all requests
[PhysX] Initialized MultithreadedTaskDispatcher with 12 workers.
UnloadTime: 9.361819 ms
Added pool 'particles'
Unloading 1067 unused Assets to reduce memory usage. Loaded Objects now: 59459.
Total: 44.436103 ms (FindLiveObjects: 3.757526 ms CreateObjectMapping: 2.873526 ms MarkObjects: 36.896267 ms  DeleteObjects: 0.908314 ms)

[INFO] Battle Starting: master seed -873180457, player seed: -1973254449, opponent seed: 234299692
T: 1921.094 - MasterAudio: Polyphony limit of group: Smash exceeded and no playing Variation is usable for Retrigger Limit Mode. Will not play this sound for this instance.
Watch battle for participation 981c13fd-5921-479a-8878-eb27fa9987ea
Watch battle 7184b168-ff22-4fe2-9304-1d46ed2feab6
HTTP Request > Post https://api.teamwood.games/0.41/api/versus/watch
HTTP Response > Post https://api.teamwood.games/0.41/api/versus/watch > <color=green>200</color>
[INFO] Battle completed, outcome: PlayerWon, masterSeed: -873180457, end result: 508181922
Unloading 6 Unused Serialized files (Serialized files now loaded: 6)
Abort all requests
[PhysX] Initialized MultithreadedTaskDispatcher with 12 workers.
UnloadTime: 7.542874 ms
Unloading 64 unused Assets to reduce memory usage. Loaded Objects now: 63657.
Total: 49.513298 ms (FindLiveObjects: 3.640502 ms CreateObjectMapping: 2.199048 ms MarkObjects: 43.287717 ms  DeleteObjects: 0.385405 ms)

SyncManager > Watch > 981c13fd-5921-479a-8878-eb27fa9987ea
HTTP Request > Post https://api.teamwood.games/0.41/api/build/start
HTTP Response > Post https://api.teamwood.games/0.41/api/build/start > <color=green>200</color>
HTTP Request > Post https://api.teamwood.games/0.41/api/build/roll
HTTP Response > Post https://api.teamwood.games/0.41/api/build/roll > <color=green>200</color>
HTTP Request > Post https://api.teamwood.games/0.41/api/build/play-spell
HTTP Response > Post https://api.teamwood.games/0.41/api/build/play-spell > <color=green>200</color>
HTTP Request > Post https://api.teamwood.games/0.41/api/build/play-spell
HTTP Response > Post https://api.teamwood.games/0.41/api/build/play-spell > <color=green>200</color>
HTTP Request > Post https://api.teamwood.games/0.41/api/build/roll
HTTP Response > Post https://api.teamwood.games/0.41/api/build/roll > <color=green>200</color>
HTTP Request > Post https://api.teamwood.games/0.41/api/build/roll
HTTP Response > Post https://api.teamwood.games/0.41/api/build/roll > <color=green>200</color>
HTTP Request > Post https://api.teamwood.games/0.41/api/build/roll
HTTP Response > Post https://api.teamwood.games/0.41/api/build/roll > <color=green>200</color>
Hub Change Player Count > 981c13fd-5921-479a-8878-eb27fa9987ea
Handling match update.
Merging models.
HTTP Request > Post https://api.teamwood.games/0.41/api/build/sell
HTTP Response > Post https://api.teamwood.games/0.41/api/build/sell > <color=green>200</color>
HTTP Request > Post https://api.teamwood.games/0.41/api/build/roll
HTTP Response > Post https://api.teamwood.games/0.41/api/build/roll > <color=green>200</color>
HTTP Request > Post https://api.teamwood.games/0.41/api/build/end
HTTP Response > Post https://api.teamwood.games/0.41/api/build/end > <color=green>200</color>
HTTP Request > Post https://api.teamwood.games/0.41/api/versus/ready
Hub Change > 981c13fd-5921-479a-8878-eb27fa9987ea
Handling match update.
Load battle because new was found.
HTTP Response > Post https://api.teamwood.games/0.41/api/versus/ready > <color=green>200</color>
Handling match update.
Load battle because new was found.
Loading battle was blocked.
Load battle after ready.
Loading battle was blocked.
HTTP Request > Get https://api.teamwood.games/0.41/api/battle/get/84b303aa-f055-4dc3-be98-129bb4bc9a31
HTTP Response > Get https://api.teamwood.games/0.41/api/battle/get/84b303aa-f055-4dc3-be98-129bb4bc9a31 > <color=green>200</color>
Unloading 7 Unused Serialized files (Serialized files now loaded: 6)
SyncManager > Watch > 
Abort all requests
[PhysX] Initialized MultithreadedTaskDispatcher with 12 workers.
UnloadTime: 9.598788 ms
Added pool 'particles'
Unloading 1073 unused Assets to reduce memory usage. Loaded Objects now: 59458.
Total: 49.011524 ms (FindLiveObjects: 3.330852 ms CreateObjectMapping: 2.128656 ms MarkObjects: 42.430378 ms  DeleteObjects: 1.121168 ms)

[INFO] Battle Starting: master seed 1674699660, player seed: -1973254449, opponent seed: 234299692
T: 2035.371 - MasterAudio: Polyphony limit of group: Smash exceeded and no playing Variation is usable for Retrigger Limit Mode. Will not play this sound for this instance.
Watch battle for participation 981c13fd-5921-479a-8878-eb27fa9987ea
Watch battle 84b303aa-f055-4dc3-be98-129bb4bc9a31
HTTP Request > Post https://api.teamwood.games/0.41/api/versus/watch
HTTP Response > Post https://api.teamwood.games/0.41/api/versus/watch > <color=green>200</color>
[INFO] Battle completed, outcome: PlayerWon, masterSeed: 1674699660, end result: 952684226
Unloading 6 Unused Serialized files (Serialized files now loaded: 6)
Abort all requests
[PhysX] Initialized MultithreadedTaskDispatcher with 12 workers.
UnloadTime: 7.991411 ms
Unloading 60 unused Assets to reduce memory usage. Loaded Objects now: 63657.
Total: 50.601872 ms (FindLiveObjects: 3.592549 ms CreateObjectMapping: 3.337941 ms MarkObjects: 43.205527 ms  DeleteObjects: 0.464968 ms)

SyncManager > Watch > 981c13fd-5921-479a-8878-eb27fa9987ea
HTTP Request > Post https://api.teamwood.games/0.41/api/build/start
HTTP Response > Post https://api.teamwood.games/0.41/api/build/start > <color=green>200</color>
HTTP Request > Post https://api.teamwood.games/0.41/api/build/play-spell
HTTP Response > Post https://api.teamwood.games/0.41/api/build/play-spell > <color=green>200</color>
HTTP Request > Post https://api.teamwood.games/0.41/api/build/roll
HTTP Response > Post https://api.teamwood.games/0.41/api/build/roll > <color=green>200</color>
HTTP Request > Post https://api.teamwood.games/0.41/api/build/roll
HTTP Response > Post https://api.teamwood.games/0.41/api/build/roll > <color=green>200</color>
HTTP Request > Post https://api.teamwood.games/0.41/api/build/play-minion
HTTP Response > Post https://api.teamwood.games/0.41/api/build/play-minion > <color=green>200</color>
HTTP Request > Post https://api.teamwood.games/0.41/api/build/roll
HTTP Response > Post https://api.teamwood.games/0.41/api/build/roll > <color=green>200</color>
HTTP Request > Post https://api.teamwood.games/0.41/api/build/roll
HTTP Response > Post https://api.teamwood.games/0.41/api/build/roll > <color=green>200</color>
HTTP Request > Post https://api.teamwood.games/0.41/api/build/end
HTTP Response > Post https://api.teamwood.games/0.41/api/build/end > <color=green>200</color>
HTTP Request > Post https://api.teamwood.games/0.41/api/versus/ready
Hub Change Player Count > 981c13fd-5921-479a-8878-eb27fa9987ea
Handling match update.
Merging models.
HTTP Response > Post https://api.teamwood.games/0.41/api/versus/ready > <color=green>200</color>
Handling match update.
Merging models.
Load battle after ready.
Participation battle has already been watched.
Spacewood.Unity.MonoBehaviours.Build.<ReadyAsync>d__30:MoveNext()
Cysharp.Threading.Tasks.UniTaskCompletionSourceCore`1:TrySetResult(TResult)
Spacewood.Unity.<ReadyRequestAsync>d__4:MoveNext()
Cysharp.Threading.Tasks.UniTaskCompletionSourceCore`1:TrySetResult(TResult)
Spacewood.Unity.<ReadyVersusAsync>d__164:MoveNext()
Cysharp.Threading.Tasks.UniTaskCompletionSourceCore`1:TrySetResult(TResult)
Spacewood.Unity.<SendAndRetryHttpRequestAsync>d__181`1:MoveNext()
Cysharp.Threading.Tasks.UniTaskCompletionSourceCore`1:TrySetResult(TResult)
Spacewood.Unity.<SendHttpResponseAsync>d__182`1:MoveNext()
System.Threading.Tasks.AwaitTaskContinuation:RunCallback(ContextCallback, Object, Task&)
System.Threading.Tasks.Task:FinishContinuations()
System.Threading.Tasks.Task`1:TrySetResult(TResult)
System.Threading.Tasks.TaskCompletionSource`1:TrySetResult(TResult)
BestHTTP.Core.RequestEventHelper:HandleRequestStateChange(RequestEventInfo)
BestHTTP.Core.RequestEventHelper:ProcessQueue()
BestHTTP.HTTPManager:OnUpdate()
BestHTTP.HTTPUpdateDelegator:CallOnUpdate()

HTTP Request > Get https://api.teamwood.games/0.41/api/user/participation/981c13fd-5921-479a-8878-eb27fa9987ea
HTTP Response > Get https://api.teamwood.games/0.41/api/user/participation/981c13fd-5921-479a-8878-eb27fa9987ea > <color=green>200</color>
Handling match update.
Merging models.
HTTP Request > Get https://api.teamwood.games/0.41/api/user/participation/981c13fd-5921-479a-8878-eb27fa9987ea
HTTP Response > Get https://api.teamwood.games/0.41/api/user/participation/981c13fd-5921-479a-8878-eb27fa9987ea > <color=green>200</color>
Handling match update.
Merging models.
Hub Change > 981c13fd-5921-479a-8878-eb27fa9987ea
Handling match update.
Load battle because new was found.
HTTP Request > Get https://api.teamwood.games/0.41/api/battle/get/e6fa7658-6ec1-449d-9ad8-ef6b754cc31a
HTTP Response > Get https://api.teamwood.games/0.41/api/battle/get/e6fa7658-6ec1-449d-9ad8-ef6b754cc31a > <color=green>200</color>
Unloading 7 Unused Serialized files (Serialized files now loaded: 6)
SyncManager > Watch > 
Abort all requests
[PhysX] Initialized MultithreadedTaskDispatcher with 12 workers.
UnloadTime: 21.029926 ms
Added pool 'particles'
Unloading 1063 unused Assets to reduce memory usage. Loaded Objects now: 59459.
Total: 44.072985 ms (FindLiveObjects: 3.381464 ms CreateObjectMapping: 2.140472 ms MarkObjects: 37.130944 ms  DeleteObjects: 1.419472 ms)

[INFO] Battle Starting: master seed -1902385717, player seed: -1973254449, opponent seed: 234299692
T: 2125.628 - MasterAudio: Polyphony limit of group: Smash exceeded and no playing Variation is usable for Retrigger Limit Mode. Will not play this sound for this instance.
Watch battle for participation 981c13fd-5921-479a-8878-eb27fa9987ea
Watch battle e6fa7658-6ec1-449d-9ad8-ef6b754cc31a
HTTP Request > Post https://api.teamwood.games/0.41/api/versus/watch
HTTP Response > Post https://api.teamwood.games/0.41/api/versus/watch > <color=green>200</color>
[INFO] Battle completed, outcome: PlayerWon, masterSeed: -1902385717, end result: 394001798
Unloading 6 Unused Serialized files (Serialized files now loaded: 6)
Abort all requests
[PhysX] Initialized MultithreadedTaskDispatcher with 12 workers.
UnloadTime: 8.363004 ms
Unloading 64 unused Assets to reduce memory usage. Loaded Objects now: 63673.
Total: 51.297018 ms (FindLiveObjects: 3.461627 ms CreateObjectMapping: 2.176856 ms MarkObjects: 45.032636 ms  DeleteObjects: 0.624954 ms)

SyncManager > Watch > 981c13fd-5921-479a-8878-eb27fa9987ea
HTTP Request > Post https://api.teamwood.games/0.41/api/build/start
HTTP Response > Post https://api.teamwood.games/0.41/api/build/start > <color=green>200</color>
HTTP Request > Post https://api.teamwood.games/0.41/api/build/play-spell
HTTP Response > Post https://api.teamwood.games/0.41/api/build/play-spell > <color=green>200</color>
[WARN] No events for a spell Spacewood.Core.Models.SpellModel, this is normally an error
Spacewood.Scripts.MonoBehaviours.Board.RenderAggregators.<Run>d__0:MoveNext()
Spacewood.Scripts.MonoBehaviours.Board.RenderAggregators.Spell:Run(SkipableStream`1)
Spacewood.Unity.MonoBehaviours.Board.<RenderBoardEventStream>d__17:MoveNext()
Spacewood.Unity.MonoBehaviours.Board.BoardRenderer:RenderBoardEventStream(IEnumerable`1)
Spacewood.Unity.MonoBehaviours.Board.<PlayEvent>d__27:MoveNext()
Spacewood.Unity.MonoBehaviours.Board.BoardController:PlayEvent(IBoardEvent, BoardModel, Int32)
Spacewood.Unity.MonoBehaviours.Build.<ResolveAsync>d__179:MoveNext()
Spacewood.Unity.MonoBehaviours.Build.HangarMain:Resolve(Int32, Nullable`1, IBoardEvent)
Spacewood.Unity.MonoBehaviours.Build.<PlaySpellAsync>d__12:MoveNext()
Cysharp.Threading.Tasks.UniTaskCompletionSourceCore`1:TrySetResult(TResult)
Spacewood.Unity.<PlaySpellAsync>d__84:MoveNext()
Cysharp.Threading.Tasks.UniTaskCompletionSourceCore`1:TrySetResult(TResult)
Spacewood.Unity.<SendAndRetryHttpRequestAsync>d__181`1:MoveNext()
Cysharp.Threading.Tasks.UniTaskCompletionSourceCore`1:TrySetResult(TResult)
Spacewood.Unity.<SendHttpResponseAsync>d__182`1:MoveNext()
System.Threading.Tasks.AwaitTaskContinuation:RunCallback(ContextCallback, Object, Task&)
System.Threading.Tasks.Task:FinishContinuations()
System.Threading.Tasks.Task`1:TrySetResult(TResult)
System.Threading.Tasks.TaskCompletionSource`1:TrySetResult(TResult)
BestHTTP.Core.RequestEventHelper:HandleRequestStateChange(RequestEventInfo)
BestHTTP.Core.RequestEventHelper:ProcessQueue()
BestHTTP.HTTPManager:OnUpdate()
BestHTTP.HTTPUpdateDelegator:CallOnUpdate()

HTTP Request > Post https://api.teamwood.games/0.41/api/build/roll
HTTP Response > Post https://api.teamwood.games/0.41/api/build/roll > <color=green>200</color>
HTTP Request > Post https://api.teamwood.games/0.41/api/build/roll
HTTP Response > Post https://api.teamwood.games/0.41/api/build/roll > <color=green>200</color>
HTTP Request > Post https://api.teamwood.games/0.41/api/build/roll
HTTP Response > Post https://api.teamwood.games/0.41/api/build/roll > <color=green>200</color>
HTTP Request > Post https://api.teamwood.games/0.41/api/build/roll
HTTP Response > Post https://api.teamwood.games/0.41/api/build/roll > <color=green>200</color>
HTTP Request > Post https://api.teamwood.games/0.41/api/build/roll
HTTP Response > Post https://api.teamwood.games/0.41/api/build/roll > <color=green>200</color>
HTTP Request > Post https://api.teamwood.games/0.41/api/build/roll
HTTP Response > Post https://api.teamwood.games/0.41/api/build/roll > <color=green>200</color>
HTTP Request > Post https://api.teamwood.games/0.41/api/build/roll
HTTP Response > Post https://api.teamwood.games/0.41/api/build/roll > <color=green>200</color>
HTTP Request > Post https://api.teamwood.games/0.41/api/build/end
HTTP Response > Post https://api.teamwood.games/0.41/api/build/end > <color=green>200</color>
HTTP Request > Post https://api.teamwood.games/0.41/api/versus/ready
Hub Change Player Count > 981c13fd-5921-479a-8878-eb27fa9987ea
Handling match update.
Merging models.
HTTP Response > Post https://api.teamwood.games/0.41/api/versus/ready > <color=green>200</color>
Handling match update.
Merging models.
Load battle after ready.
Participation battle has already been watched.
Spacewood.Unity.MonoBehaviours.Build.<ReadyAsync>d__30:MoveNext()
Cysharp.Threading.Tasks.UniTaskCompletionSourceCore`1:TrySetResult(TResult)
Spacewood.Unity.<ReadyRequestAsync>d__4:MoveNext()
Cysharp.Threading.Tasks.UniTaskCompletionSourceCore`1:TrySetResult(TResult)
Spacewood.Unity.<ReadyVersusAsync>d__164:MoveNext()
Cysharp.Threading.Tasks.UniTaskCompletionSourceCore`1:TrySetResult(TResult)
Spacewood.Unity.<SendAndRetryHttpRequestAsync>d__181`1:MoveNext()
Cysharp.Threading.Tasks.UniTaskCompletionSourceCore`1:TrySetResult(TResult)
Spacewood.Unity.<SendHttpResponseAsync>d__182`1:MoveNext()
System.Threading.Tasks.AwaitTaskContinuation:RunCallback(ContextCallback, Object, Task&)
System.Threading.Tasks.Task:FinishContinuations()
System.Threading.Tasks.Task`1:TrySetResult(TResult)
System.Threading.Tasks.TaskCompletionSource`1:TrySetResult(TResult)
BestHTTP.Core.RequestEventHelper:HandleRequestStateChange(RequestEventInfo)
BestHTTP.Core.RequestEventHelper:ProcessQueue()
BestHTTP.HTTPManager:OnUpdate()
BestHTTP.HTTPUpdateDelegator:CallOnUpdate()

HTTP Request > Get https://api.teamwood.games/0.41/api/user/participation/981c13fd-5921-479a-8878-eb27fa9987ea
HTTP Response > Get https://api.teamwood.games/0.41/api/user/participation/981c13fd-5921-479a-8878-eb27fa9987ea > <color=green>200</color>
Handling match update.
Merging models.
HTTP Request > Get https://api.teamwood.games/0.41/api/user/participation/981c13fd-5921-479a-8878-eb27fa9987ea
HTTP Response > Get https://api.teamwood.games/0.41/api/user/participation/981c13fd-5921-479a-8878-eb27fa9987ea > <color=green>200</color>
Handling match update.
Merging models.
HTTP Request > Get https://api.teamwood.games/0.41/api/user/participation/981c13fd-5921-479a-8878-eb27fa9987ea
HTTP Response > Get https://api.teamwood.games/0.41/api/user/participation/981c13fd-5921-479a-8878-eb27fa9987ea > <color=green>200</color>
Handling match update.
Merging models.
Hub Change > 981c13fd-5921-479a-8878-eb27fa9987ea
Handling match update.
Load battle because new was found.
HTTP Request > Get https://api.teamwood.games/0.41/api/battle/get/50ae9773-a6e3-4a4a-a881-fcf8d72dc6f3
HTTP Response > Get https://api.teamwood.games/0.41/api/battle/get/50ae9773-a6e3-4a4a-a881-fcf8d72dc6f3 > <color=green>200</color>
Unloading 7 Unused Serialized files (Serialized files now loaded: 6)
SyncManager > Watch > 
Abort all requests
[PhysX] Initialized MultithreadedTaskDispatcher with 12 workers.
UnloadTime: 10.798933 ms
Added pool 'particles'
Unloading 1106 unused Assets to reduce memory usage. Loaded Objects now: 59474.
Total: 45.928149 ms (FindLiveObjects: 4.295100 ms CreateObjectMapping: 2.410402 ms MarkObjects: 38.086630 ms  DeleteObjects: 1.135065 ms)

[INFO] Battle Starting: master seed -1056499237, player seed: -1973254449, opponent seed: 234299692
T: 2243.619 - MasterAudio: Polyphony limit of group: Smash exceeded and no playing Variation is usable for Retrigger Limit Mode. Will not play this sound for this instance.
Watch battle for participation 981c13fd-5921-479a-8878-eb27fa9987ea
Watch battle 50ae9773-a6e3-4a4a-a881-fcf8d72dc6f3
HTTP Request > Post https://api.teamwood.games/0.41/api/versus/watch
HTTP Response > Post https://api.teamwood.games/0.41/api/versus/watch > <color=green>200</color>
[INFO] Battle completed, outcome: PlayerWon, masterSeed: -1056499237, end result: 1952784198
Unloading 6 Unused Serialized files (Serialized files now loaded: 6)
Abort all requests
[PhysX] Initialized MultithreadedTaskDispatcher with 12 workers.
UnloadTime: 7.570197 ms
Unloading 62 unused Assets to reduce memory usage. Loaded Objects now: 63674.
Total: 49.111573 ms (FindLiveObjects: 3.538818 ms CreateObjectMapping: 2.279557 ms MarkObjects: 42.906567 ms  DeleteObjects: 0.386116 ms)

SyncManager > Watch > 981c13fd-5921-479a-8878-eb27fa9987ea
HTTP Request > Post https://api.teamwood.games/0.41/api/build/start
HTTP Response > Post https://api.teamwood.games/0.41/api/build/start > <color=green>200</color>
HTTP Request > Post https://api.teamwood.games/0.41/api/build/play-spell
HTTP Response > Post https://api.teamwood.games/0.41/api/build/play-spell > <color=green>200</color>
HTTP Request > Post https://api.teamwood.games/0.41/api/build/play-spell
HTTP Response > Post https://api.teamwood.games/0.41/api/build/play-spell > <color=green>200</color>
Hub Change > 981c13fd-5921-479a-8878-eb27fa9987ea
Handling match update.
Merging models.
HTTP Request > Post https://api.teamwood.games/0.41/api/versus/abandon
HTTP Response > Post https://api.teamwood.games/0.41/api/versus/abandon > <color=green>200</color>
Hub Stop
Unloading 5 Unused Serialized files (Serialized files now loaded: 6)
SyncManager > Watch > 
Abort all requests
[PhysX] Initialized MultithreadedTaskDispatcher with 12 workers.
UnloadTime: 11.400156 ms
Unloading 69 unused Assets to reduce memory usage. Loaded Objects now: 86988.
Total: 71.260862 ms (FindLiveObjects: 4.977870 ms CreateObjectMapping: 2.503936 ms MarkObjects: 63.466219 ms  DeleteObjects: 0.311948 ms)

Menu > Start
Hub Closed
HTTP Request > Post https://api.teamwood.games/0.41/api/versus/create-skirmish
HTTP Response > Post https://api.teamwood.games/0.41/api/versus/create-skirmish > <color=green>200</color>
Hub Start
SyncManager > Watch > 35b25786-9739-4c94-a04a-7aa4788205b5
Hub Connected
Hub Started
HTTP Request > Get https://api.teamwood.games/0.41/api/user/participation/35b25786-9739-4c94-a04a-7aa4788205b5
HTTP Response > Get https://api.teamwood.games/0.41/api/user/participation/35b25786-9739-4c94-a04a-7aa4788205b5 > <color=green>200</color>
HTTP Request > Get https://api.teamwood.games/0.41/api/user/participation/35b25786-9739-4c94-a04a-7aa4788205b5
HTTP Response > Get https://api.teamwood.games/0.41/api/user/participation/35b25786-9739-4c94-a04a-7aa4788205b5 > <color=green>200</color>
HTTP Request > Post https://api.teamwood.games/0.41/api/versus/leave
Hub Removed > 37f40cf4-54d6-4adb-b2b6-2515e470e3e6
Hub Stop
SyncManager > Watch > 
HTTP Response > Post https://api.teamwood.games/0.41/api/versus/leave > <color=green>200</color>
Hub Closed
HTTP Request > Post https://api.teamwood.games/0.41/api/versus/create-skirmish
HTTP Response > Post https://api.teamwood.games/0.41/api/versus/create-skirmish > <color=green>200</color>
Hub Start
SyncManager > Watch > 66d057b1-5826-44b7-a67c-6e9bfc3c19c8
Hub Connected
Hub Started
HTTP Request > Get https://api.teamwood.games/0.41/api/user/participation/66d057b1-5826-44b7-a67c-6e9bfc3c19c8
HTTP Response > Get https://api.teamwood.games/0.41/api/user/participation/66d057b1-5826-44b7-a67c-6e9bfc3c19c8 > <color=green>200</color>
Hub Change > 66d057b1-5826-44b7-a67c-6e9bfc3c19c8
HTTP Request > Post https://api.teamwood.games/0.41/api/versus/start-skirmish
Hub Change > 66d057b1-5826-44b7-a67c-6e9bfc3c19c8
Unloading 6 Unused Serialized files (Serialized files now loaded: 6)
Abort all requests
[PhysX] Initialized MultithreadedTaskDispatcher with 12 workers.
UnloadTime: 54.811073 ms
Unloading 113 unused Assets to reduce memory usage. Loaded Objects now: 63167.
Total: 69.901738 ms (FindLiveObjects: 3.603316 ms CreateObjectMapping: 2.152194 ms MarkObjects: 63.856463 ms  DeleteObjects: 0.289372 ms)

SyncManager > Watch > 66d057b1-5826-44b7-a67c-6e9bfc3c19c8
HTTP Response > Post https://api.teamwood.games/0.41/api/versus/start-skirmish > <color=green>200</color>
Handling match update.
Merging models.
HTTP Request > Post https://api.teamwood.games/0.41/api/build/start
HTTP Response > Post https://api.teamwood.games/0.41/api/build/start > <color=green>200</color>
HTTP Request > Post https://api.teamwood.games/0.41/api/build/play-minion
HTTP Response > Post https://api.teamwood.games/0.41/api/build/play-minion > <color=green>200</color>
HTTP Request > Post https://api.teamwood.games/0.41/api/build/play-minion
HTTP Response > Post https://api.teamwood.games/0.41/api/build/play-minion > <color=green>200</color>
HTTP Request > Post https://api.teamwood.games/0.41/api/build/roll
HTTP Response > Post https://api.teamwood.games/0.41/api/build/roll > <color=green>200</color>
HTTP Request > Post https://api.teamwood.games/0.41/api/build/play-minion
HTTP Response > Post https://api.teamwood.games/0.41/api/build/play-minion > <color=green>200</color>
HTTP Request > Post https://api.teamwood.games/0.41/api/build/end
HTTP Response > Post https://api.teamwood.games/0.41/api/build/end > <color=green>200</color>
HTTP Request > Post https://api.teamwood.games/0.41/api/build/name
HTTP Response > Post https://api.teamwood.games/0.41/api/build/name > <color=green>200</color>
HTTP Request > Post https://api.teamwood.games/0.41/api/versus/ready
Hub Change Player Count > 66d057b1-5826-44b7-a67c-6e9bfc3c19c8
Handling match update.
Merging models.
HTTP Response > Post https://api.teamwood.games/0.41/api/versus/ready > <color=green>200</color>
Handling match update.
Merging models.
Load battle after ready.
Participation battle id was null.
Spacewood.Unity.MonoBehaviours.Build.<ReadyAsync>d__30:MoveNext()
Cysharp.Threading.Tasks.UniTaskCompletionSourceCore`1:TrySetResult(TResult)
Spacewood.Unity.<ReadyRequestAsync>d__4:MoveNext()
Cysharp.Threading.Tasks.UniTaskCompletionSourceCore`1:TrySetResult(TResult)
Spacewood.Unity.<ReadyVersusAsync>d__164:MoveNext()
Cysharp.Threading.Tasks.UniTaskCompletionSourceCore`1:TrySetResult(TResult)
Spacewood.Unity.<SendAndRetryHttpRequestAsync>d__181`1:MoveNext()
Cysharp.Threading.Tasks.UniTaskCompletionSourceCore`1:TrySetResult(TResult)
Spacewood.Unity.<SendHttpResponseAsync>d__182`1:MoveNext()
System.Threading.Tasks.AwaitTaskContinuation:RunCallback(ContextCallback, Object, Task&)
System.Threading.Tasks.Task:FinishContinuations()
System.Threading.Tasks.Task`1:TrySetResult(TResult)
System.Threading.Tasks.TaskCompletionSource`1:TrySetResult(TResult)
BestHTTP.Core.RequestEventHelper:HandleRequestStateChange(RequestEventInfo)
BestHTTP.Core.RequestEventHelper:ProcessQueue()
BestHTTP.HTTPManager:OnUpdate()
BestHTTP.HTTPUpdateDelegator:CallOnUpdate()

Hub Change > 66d057b1-5826-44b7-a67c-6e9bfc3c19c8
Handling match update.
Load battle because new was found.
HTTP Request > Get https://api.teamwood.games/0.41/api/battle/get/0d859262-1041-4dd7-9478-1947646bb7fa
HTTP Response > Get https://api.teamwood.games/0.41/api/battle/get/0d859262-1041-4dd7-9478-1947646bb7fa > <color=green>200</color>
Unloading 7 Unused Serialized files (Serialized files now loaded: 6)
SyncManager > Watch > 
Abort all requests
[PhysX] Initialized MultithreadedTaskDispatcher with 12 workers.
UnloadTime: 8.165089 ms
Added pool 'particles'
Unloading 974 unused Assets to reduce memory usage. Loaded Objects now: 58967.
Total: 62.314511 ms (FindLiveObjects: 3.424729 ms CreateObjectMapping: 2.168049 ms MarkObjects: 55.813487 ms  DeleteObjects: 0.907419 ms)

HTTP Request > Get https://api.teamwood.games/0.41/api/user/versus-participations
HTTP Response > Get https://api.teamwood.games/0.41/api/user/versus-participations > <color=green>200</color>
[INFO] Battle Starting: master seed 1534682532, player seed: -1973254449, opponent seed: 234299692
T: 2408.89 - MasterAudio: Polyphony limit of group: Smash exceeded and no playing Variation is usable for Retrigger Limit Mode. Will not play this sound for this instance.
T: 2412.658 - MasterAudio: Polyphony limit of group: Smash exceeded and no playing Variation is usable for Retrigger Limit Mode. Will not play this sound for this instance.
Watch battle for participation 66d057b1-5826-44b7-a67c-6e9bfc3c19c8
Watch battle 0d859262-1041-4dd7-9478-1947646bb7fa
HTTP Request > Post https://api.teamwood.games/0.41/api/versus/watch
HTTP Response > Post https://api.teamwood.games/0.41/api/versus/watch > <color=green>200</color>
[INFO] Battle completed, outcome: Draw, masterSeed: 1534682532, end result: 209079359
Unloading 6 Unused Serialized files (Serialized files now loaded: 6)
Abort all requests
[PhysX] Initialized MultithreadedTaskDispatcher with 12 workers.
UnloadTime: 5.895529 ms
Unloading 47 unused Assets to reduce memory usage. Loaded Objects now: 63158.
Total: 67.310899 ms (FindLiveObjects: 3.422699 ms CreateObjectMapping: 2.164429 ms MarkObjects: 61.166064 ms  DeleteObjects: 0.556884 ms)

SyncManager > Watch > 66d057b1-5826-44b7-a67c-6e9bfc3c19c8
HTTP Request > Post https://api.teamwood.games/0.41/api/build/start
HTTP Response > Post https://api.teamwood.games/0.41/api/build/start > <color=green>200</color>
HTTP Request > Post https://api.teamwood.games/0.41/api/build/play-minion
HTTP Response > Post https://api.teamwood.games/0.41/api/build/play-minion > <color=green>200</color>
HTTP Request > Post https://api.teamwood.games/0.41/api/build/roll
HTTP Response > Post https://api.teamwood.games/0.41/api/build/roll > <color=green>200</color>
HTTP Request > Post https://api.teamwood.games/0.41/api/build/play-minion
HTTP Response > Post https://api.teamwood.games/0.41/api/build/play-minion > <color=green>200</color>
HTTP Request > Post https://api.teamwood.games/0.41/api/build/play-minion
HTTP Response > Post https://api.teamwood.games/0.41/api/build/play-minion > <color=green>200</color>
HTTP Request > Post https://api.teamwood.games/0.41/api/build/end
HTTP Response > Post https://api.teamwood.games/0.41/api/build/end > <color=green>200</color>
HTTP Request > Post https://api.teamwood.games/0.41/api/versus/ready
Hub Change Player Count > 66d057b1-5826-44b7-a67c-6e9bfc3c19c8
Handling match update.
Merging models.
HTTP Response > Post https://api.teamwood.games/0.41/api/versus/ready > <color=green>200</color>
Handling match update.
Merging models.
Load battle after ready.
Participation battle has already been watched.
Spacewood.Unity.MonoBehaviours.Build.<ReadyAsync>d__30:MoveNext()
Cysharp.Threading.Tasks.UniTaskCompletionSourceCore`1:TrySetResult(TResult)
Spacewood.Unity.<ReadyRequestAsync>d__4:MoveNext()
Cysharp.Threading.Tasks.UniTaskCompletionSourceCore`1:TrySetResult(TResult)
Spacewood.Unity.<ReadyVersusAsync>d__164:MoveNext()
Cysharp.Threading.Tasks.UniTaskCompletionSourceCore`1:TrySetResult(TResult)
Spacewood.Unity.<SendAndRetryHttpRequestAsync>d__181`1:MoveNext()
Cysharp.Threading.Tasks.UniTaskCompletionSourceCore`1:TrySetResult(TResult)
Spacewood.Unity.<SendHttpResponseAsync>d__182`1:MoveNext()
System.Threading.Tasks.AwaitTaskContinuation:RunCallback(ContextCallback, Object, Task&)
System.Threading.Tasks.Task:FinishContinuations()
System.Threading.Tasks.Task`1:TrySetResult(TResult)
System.Threading.Tasks.TaskCompletionSource`1:TrySetResult(TResult)
BestHTTP.Core.RequestEventHelper:HandleRequestStateChange(RequestEventInfo)
BestHTTP.Core.RequestEventHelper:ProcessQueue()
BestHTTP.HTTPManager:OnUpdate()
BestHTTP.HTTPUpdateDelegator:CallOnUpdate()

Hub Change > 66d057b1-5826-44b7-a67c-6e9bfc3c19c8
Handling match update.
Load battle because new was found.
HTTP Request > Get https://api.teamwood.games/0.41/api/battle/get/9c333be0-2f63-4d4a-86fd-ca1e4afc5031
HTTP Response > Get https://api.teamwood.games/0.41/api/battle/get/9c333be0-2f63-4d4a-86fd-ca1e4afc5031 > <color=green>200</color>
Unloading 7 Unused Serialized files (Serialized files now loaded: 6)
SyncManager > Watch > 
Abort all requests
[PhysX] Initialized MultithreadedTaskDispatcher with 12 workers.
UnloadTime: 8.532626 ms
Added pool 'particles'
Unloading 983 unused Assets to reduce memory usage. Loaded Objects now: 58966.
Total: 62.203327 ms (FindLiveObjects: 3.379257 ms CreateObjectMapping: 2.073309 ms MarkObjects: 55.869675 ms  DeleteObjects: 0.880522 ms)

[INFO] Battle Starting: master seed 1231824461, player seed: -1973254449, opponent seed: 234299692
T: 2449.875 - MasterAudio: Polyphony limit of group: Smash exceeded and no playing Variation is usable for Retrigger Limit Mode. Will not play this sound for this instance.
T: 2454.854 - MasterAudio: Polyphony limit of group: Smash exceeded and no playing Variation is usable for Retrigger Limit Mode. Will not play this sound for this instance.
Watch battle for participation 66d057b1-5826-44b7-a67c-6e9bfc3c19c8
Watch battle 9c333be0-2f63-4d4a-86fd-ca1e4afc5031
HTTP Request > Post https://api.teamwood.games/0.41/api/versus/watch
HTTP Response > Post https://api.teamwood.games/0.41/api/versus/watch > <color=green>200</color>
[INFO] Battle completed, outcome: Draw, masterSeed: 1231824461, end result: 34375134
Unloading 6 Unused Serialized files (Serialized files now loaded: 6)
Abort all requests
[PhysX] Initialized MultithreadedTaskDispatcher with 12 workers.
UnloadTime: 6.592572 ms
Unloading 54 unused Assets to reduce memory usage. Loaded Objects now: 63162.
Total: 68.352760 ms (FindLiveObjects: 3.546886 ms CreateObjectMapping: 2.213572 ms MarkObjects: 62.206139 ms  DeleteObjects: 0.385366 ms)

SyncManager > Watch > 66d057b1-5826-44b7-a67c-6e9bfc3c19c8
HTTP Request > Post https://api.teamwood.games/0.41/api/build/start
HTTP Response > Post https://api.teamwood.games/0.41/api/build/start > <color=green>200</color>
HTTP Request > Post https://api.teamwood.games/0.41/api/build/roll
HTTP Response > Post https://api.teamwood.games/0.41/api/build/roll > <color=green>200</color>
HTTP Request > Post https://api.teamwood.games/0.41/api/build/roll
HTTP Response > Post https://api.teamwood.games/0.41/api/build/roll > <color=green>200</color>
HTTP Request > Post https://api.teamwood.games/0.41/api/build/play-minion
HTTP Response > Post https://api.teamwood.games/0.41/api/build/play-minion > <color=green>200</color>
HTTP Request > Post https://api.teamwood.games/0.41/api/build/roll
HTTP Response > Post https://api.teamwood.games/0.41/api/build/roll > <color=green>200</color>
HTTP Request > Post https://api.teamwood.games/0.41/api/build/play-minion
HTTP Response > Post https://api.teamwood.games/0.41/api/build/play-minion > <color=green>200</color>
HTTP Request > Post https://api.teamwood.games/0.41/api/build/roll
HTTP Response > Post https://api.teamwood.games/0.41/api/build/roll > <color=green>200</color>
Hub Change Player Count > 66d057b1-5826-44b7-a67c-6e9bfc3c19c8
Handling match update.
Merging models.
HTTP Request > Post https://api.teamwood.games/0.41/api/build/end
HTTP Response > Post https://api.teamwood.games/0.41/api/build/end > <color=green>200</color>
HTTP Request > Post https://api.teamwood.games/0.41/api/versus/ready
Hub Change > 66d057b1-5826-44b7-a67c-6e9bfc3c19c8
Handling match update.
Load battle because new was found.
HTTP Response > Post https://api.teamwood.games/0.41/api/versus/ready > <color=green>200</color>
Handling match update.
Load battle because new was found.
Loading battle was blocked.
Load battle after ready.
Loading battle was blocked.
HTTP Request > Get https://api.teamwood.games/0.41/api/battle/get/f9fe717f-7120-4bda-960a-88749498fe2f
HTTP Response > Get https://api.teamwood.games/0.41/api/battle/get/f9fe717f-7120-4bda-960a-88749498fe2f > <color=green>200</color>
Unloading 7 Unused Serialized files (Serialized files now loaded: 6)
SyncManager > Watch > 
Abort all requests
[PhysX] Initialized MultithreadedTaskDispatcher with 12 workers.
UnloadTime: 8.862967 ms
Added pool 'particles'
Unloading 1006 unused Assets to reduce memory usage. Loaded Objects now: 58967.
Total: 64.072259 ms (FindLiveObjects: 3.309297 ms CreateObjectMapping: 2.285183 ms MarkObjects: 57.484168 ms  DeleteObjects: 0.992933 ms)

[INFO] Battle Starting: master seed -2019280580, player seed: -1973254449, opponent seed: 234299692
T: 2506.701 - MasterAudio: Polyphony limit of group: Smash exceeded and no playing Variation is usable for Retrigger Limit Mode. Will not play this sound for this instance.
T: 2510.503 - MasterAudio: Polyphony limit of group: Smash exceeded and no playing Variation is usable for Retrigger Limit Mode. Will not play this sound for this instance.
Watch battle for participation 66d057b1-5826-44b7-a67c-6e9bfc3c19c8
Watch battle f9fe717f-7120-4bda-960a-88749498fe2f
HTTP Request > Post https://api.teamwood.games/0.41/api/versus/watch
HTTP Response > Post https://api.teamwood.games/0.41/api/versus/watch > <color=green>200</color>
[INFO] Battle completed, outcome: EnemyWon, masterSeed: -2019280580, end result: -788606097
Unloading 6 Unused Serialized files (Serialized files now loaded: 6)
Abort all requests
[PhysX] Initialized MultithreadedTaskDispatcher with 12 workers.
UnloadTime: 6.868915 ms
Unloading 55 unused Assets to reduce memory usage. Loaded Objects now: 63162.
Total: 67.332095 ms (FindLiveObjects: 3.515541 ms CreateObjectMapping: 2.092414 ms MarkObjects: 61.349733 ms  DeleteObjects: 0.373999 ms)

SyncManager > Watch > 66d057b1-5826-44b7-a67c-6e9bfc3c19c8
HTTP Request > Post https://api.teamwood.games/0.41/api/build/start
HTTP Response > Post https://api.teamwood.games/0.41/api/build/start > <color=green>200</color>
HTTP Request > Post https://api.teamwood.games/0.41/api/build/play-minion
HTTP Response > Post https://api.teamwood.games/0.41/api/build/play-minion > <color=green>200</color>
HTTP Request > Post https://api.teamwood.games/0.41/api/build/roll
HTTP Response > Post https://api.teamwood.games/0.41/api/build/roll > <color=green>200</color>
HTTP Request > Post https://api.teamwood.games/0.41/api/build/roll
HTTP Response > Post https://api.teamwood.games/0.41/api/build/roll > <color=green>200</color>
HTTP Request > Post https://api.teamwood.games/0.41/api/build/play-minion
HTTP Response > Post https://api.teamwood.games/0.41/api/build/play-minion > <color=green>200</color>
HTTP Request > Post https://api.teamwood.games/0.41/api/build/roll
HTTP Response > Post https://api.teamwood.games/0.41/api/build/roll > <color=green>200</color>
HTTP Request > Post https://api.teamwood.games/0.41/api/build/roll
HTTP Response > Post https://api.teamwood.games/0.41/api/build/roll > <color=green>200</color>
HTTP Request > Post https://api.teamwood.games/0.41/api/build/end
HTTP Response > Post https://api.teamwood.games/0.41/api/build/end > <color=green>200</color>
HTTP Request > Post https://api.teamwood.games/0.41/api/versus/ready
Hub Change Player Count > 66d057b1-5826-44b7-a67c-6e9bfc3c19c8
Handling match update.
Merging models.
HTTP Response > Post https://api.teamwood.games/0.41/api/versus/ready > <color=green>200</color>
Handling match update.
Merging models.
Load battle after ready.
Participation battle has already been watched.
Spacewood.Unity.MonoBehaviours.Build.<ReadyAsync>d__30:MoveNext()
Cysharp.Threading.Tasks.UniTaskCompletionSourceCore`1:TrySetResult(TResult)
Spacewood.Unity.<ReadyRequestAsync>d__4:MoveNext()
Cysharp.Threading.Tasks.UniTaskCompletionSourceCore`1:TrySetResult(TResult)
Spacewood.Unity.<ReadyVersusAsync>d__164:MoveNext()
Cysharp.Threading.Tasks.UniTaskCompletionSourceCore`1:TrySetResult(TResult)
Spacewood.Unity.<SendAndRetryHttpRequestAsync>d__181`1:MoveNext()
Cysharp.Threading.Tasks.UniTaskCompletionSourceCore`1:TrySetResult(TResult)
Spacewood.Unity.<SendHttpResponseAsync>d__182`1:MoveNext()
System.Threading.Tasks.AwaitTaskContinuation:RunCallback(ContextCallback, Object, Task&)
System.Threading.Tasks.Task:FinishContinuations()
System.Threading.Tasks.Task`1:TrySetResult(TResult)
System.Threading.Tasks.TaskCompletionSource`1:TrySetResult(TResult)
BestHTTP.Core.RequestEventHelper:HandleRequestStateChange(RequestEventInfo)
BestHTTP.Core.RequestEventHelper:ProcessQueue()
BestHTTP.HTTPManager:OnUpdate()
BestHTTP.HTTPUpdateDelegator:CallOnUpdate()

HTTP Request > Get https://api.teamwood.games/0.41/api/user/participation/66d057b1-5826-44b7-a67c-6e9bfc3c19c8
HTTP Response > Get https://api.teamwood.games/0.41/api/user/participation/66d057b1-5826-44b7-a67c-6e9bfc3c19c8 > <color=green>200</color>
Handling match update.
Merging models.
HTTP Request > Get https://api.teamwood.games/0.41/api/user/participation/66d057b1-5826-44b7-a67c-6e9bfc3c19c8
HTTP Response > Get https://api.teamwood.games/0.41/api/user/participation/66d057b1-5826-44b7-a67c-6e9bfc3c19c8 > <color=green>200</color>
Handling match update.
Merging models.
Hub Change > 66d057b1-5826-44b7-a67c-6e9bfc3c19c8
Handling match update.
Load battle because new was found.
HTTP Request > Get https://api.teamwood.games/0.41/api/battle/get/aafa5616-305d-408a-9725-1b1ba95c9608
HTTP Response > Get https://api.teamwood.games/0.41/api/battle/get/aafa5616-305d-408a-9725-1b1ba95c9608 > <color=green>200</color>
Unloading 7 Unused Serialized files (Serialized files now loaded: 6)
SyncManager > Watch > 
Abort all requests
[PhysX] Initialized MultithreadedTaskDispatcher with 12 workers.
UnloadTime: 11.885676 ms
Added pool 'particles'
Unloading 1013 unused Assets to reduce memory usage. Loaded Objects now: 58989.
Total: 66.861315 ms (FindLiveObjects: 3.437194 ms CreateObjectMapping: 2.299954 ms MarkObjects: 60.203550 ms  DeleteObjects: 0.920127 ms)

[INFO] Battle Starting: master seed 1971801356, player seed: -1973254449, opponent seed: 234299692
T: 2581.395 - MasterAudio: Polyphony limit of group: Smash exceeded and no playing Variation is usable for Retrigger Limit Mode. Will not play this sound for this instance.
T: 2589.23 - MasterAudio: Polyphony limit of group: Smash exceeded and no playing Variation is usable for Retrigger Limit Mode. Will not play this sound for this instance.
T: 2593.732 - MasterAudio: Polyphony limit of group: Smash exceeded and no playing Variation is usable for Retrigger Limit Mode. Will not play this sound for this instance.
T: 2597.95 - MasterAudio: Polyphony limit of group: Smash exceeded and no playing Variation is usable for Retrigger Limit Mode. Will not play this sound for this instance.
Watch battle for participation 66d057b1-5826-44b7-a67c-6e9bfc3c19c8
Watch battle aafa5616-305d-408a-9725-1b1ba95c9608
HTTP Request > Post https://api.teamwood.games/0.41/api/versus/watch
HTTP Response > Post https://api.teamwood.games/0.41/api/versus/watch > <color=green>200</color>
[INFO] Battle completed, outcome: EnemyWon, masterSeed: 1971801356, end result: 2134177337
Unloading 6 Unused Serialized files (Serialized files now loaded: 6)
Abort all requests
[PhysX] Initialized MultithreadedTaskDispatcher with 12 workers.
UnloadTime: 7.824627 ms
Unloading 60 unused Assets to reduce memory usage. Loaded Objects now: 63188.
Total: 67.563808 ms (FindLiveObjects: 3.534084 ms CreateObjectMapping: 2.179867 ms MarkObjects: 61.464347 ms  DeleteObjects: 0.385034 ms)

SyncManager > Watch > 66d057b1-5826-44b7-a67c-6e9bfc3c19c8
HTTP Request > Post https://api.teamwood.games/0.41/api/build/start
HTTP Response > Post https://api.teamwood.games/0.41/api/build/start > <color=green>200</color>
HTTP Request > Post https://api.teamwood.games/0.41/api/build/play-minion
HTTP Response > Post https://api.teamwood.games/0.41/api/build/play-minion > <color=green>200</color>
HTTP Request > Post https://api.teamwood.games/0.41/api/build/play-minion
HTTP Response > Post https://api.teamwood.games/0.41/api/build/play-minion > <color=green>200</color>
HTTP Request > Post https://api.teamwood.games/0.41/api/build/roll
HTTP Response > Post https://api.teamwood.games/0.41/api/build/roll > <color=green>200</color>
HTTP Request > Post https://api.teamwood.games/0.41/api/build/roll
HTTP Response > Post https://api.teamwood.games/0.41/api/build/roll > <color=green>200</color>
HTTP Request > Post https://api.teamwood.games/0.41/api/build/roll
HTTP Response > Post https://api.teamwood.games/0.41/api/build/roll > <color=green>200</color>
HTTP Request > Post https://api.teamwood.games/0.41/api/build/roll
HTTP Response > Post https://api.teamwood.games/0.41/api/build/roll > <color=green>200</color>
HTTP Request > Post https://api.teamwood.games/0.41/api/build/end
HTTP Response > Post https://api.teamwood.games/0.41/api/build/end > <color=green>200</color>
HTTP Request > Post https://api.teamwood.games/0.41/api/versus/ready
Hub Change Player Count > 66d057b1-5826-44b7-a67c-6e9bfc3c19c8
Handling match update.
Merging models.
HTTP Response > Post https://api.teamwood.games/0.41/api/versus/ready > <color=green>200</color>
Handling match update.
Merging models.
Load battle after ready.
Participation battle has already been watched.
Spacewood.Unity.MonoBehaviours.Build.<ReadyAsync>d__30:MoveNext()
Cysharp.Threading.Tasks.UniTaskCompletionSourceCore`1:TrySetResult(TResult)
Spacewood.Unity.<ReadyRequestAsync>d__4:MoveNext()
Cysharp.Threading.Tasks.UniTaskCompletionSourceCore`1:TrySetResult(TResult)
Spacewood.Unity.<ReadyVersusAsync>d__164:MoveNext()
Cysharp.Threading.Tasks.UniTaskCompletionSourceCore`1:TrySetResult(TResult)
Spacewood.Unity.<SendAndRetryHttpRequestAsync>d__181`1:MoveNext()
Cysharp.Threading.Tasks.UniTaskCompletionSourceCore`1:TrySetResult(TResult)
Spacewood.Unity.<SendHttpResponseAsync>d__182`1:MoveNext()
System.Threading.Tasks.AwaitTaskContinuation:RunCallback(ContextCallback, Object, Task&)
System.Threading.Tasks.Task:FinishContinuations()
System.Threading.Tasks.Task`1:TrySetResult(TResult)
System.Threading.Tasks.TaskCompletionSource`1:TrySetResult(TResult)
BestHTTP.Core.RequestEventHelper:HandleRequestStateChange(RequestEventInfo)
BestHTTP.Core.RequestEventHelper:ProcessQueue()
BestHTTP.HTTPManager:OnUpdate()
BestHTTP.HTTPUpdateDelegator:CallOnUpdate()

HTTP Request > Get https://api.teamwood.games/0.41/api/user/participation/66d057b1-5826-44b7-a67c-6e9bfc3c19c8
HTTP Response > Get https://api.teamwood.games/0.41/api/user/participation/66d057b1-5826-44b7-a67c-6e9bfc3c19c8 > <color=green>200</color>
Handling match update.
Merging models.
Hub Change > 66d057b1-5826-44b7-a67c-6e9bfc3c19c8
Handling match update.
Load battle because new was found.
HTTP Request > Get https://api.teamwood.games/0.41/api/battle/get/9c21c03e-f3c5-493a-b70d-ffef95d8d812
HTTP Response > Get https://api.teamwood.games/0.41/api/battle/get/9c21c03e-f3c5-493a-b70d-ffef95d8d812 > <color=green>200</color>
Unloading 7 Unused Serialized files (Serialized files now loaded: 6)
SyncManager > Watch > 
Abort all requests
[PhysX] Initialized MultithreadedTaskDispatcher with 12 workers.
UnloadTime: 12.153467 ms
Added pool 'particles'
Unloading 1045 unused Assets to reduce memory usage. Loaded Objects now: 59013.
Total: 61.590895 ms (FindLiveObjects: 3.332991 ms CreateObjectMapping: 2.077493 ms MarkObjects: 55.277307 ms  DeleteObjects: 0.902647 ms)

[INFO] Battle Starting: master seed -381812737, player seed: -1973254449, opponent seed: 234299692
T: 2669.319 - MasterAudio: Polyphony limit of group: Smash exceeded and no playing Variation is usable for Retrigger Limit Mode. Will not play this sound for this instance.
T: 2675.938 - MasterAudio: Polyphony limit of group: Smash exceeded and no playing Variation is usable for Retrigger Limit Mode. Will not play this sound for this instance.
T: 2680.739 - MasterAudio: Polyphony limit of group: Smash exceeded and no playing Variation is usable for Retrigger Limit Mode. Will not play this sound for this instance.
T: 2691.042 - MasterAudio: Polyphony limit of group: Smash exceeded and no playing Variation is usable for Retrigger Limit Mode. Will not play this sound for this instance.
T: 2692.642 - MasterAudio: Polyphony limit of group: Smash exceeded and no playing Variation is usable for Retrigger Limit Mode. Will not play this sound for this instance.
Watch battle for participation 66d057b1-5826-44b7-a67c-6e9bfc3c19c8
Watch battle 9c21c03e-f3c5-493a-b70d-ffef95d8d812
HTTP Request > Post https://api.teamwood.games/0.41/api/versus/watch
HTTP Response > Post https://api.teamwood.games/0.41/api/versus/watch > <color=green>200</color>
[INFO] Battle completed, outcome: Draw, masterSeed: -381812737, end result: -137610415
Unloading 6 Unused Serialized files (Serialized files now loaded: 6)
Abort all requests
[PhysX] Initialized MultithreadedTaskDispatcher with 12 workers.
UnloadTime: 7.704485 ms
Unloading 67 unused Assets to reduce memory usage. Loaded Objects now: 63237.
Total: 68.106877 ms (FindLiveObjects: 3.523287 ms CreateObjectMapping: 2.083429 ms MarkObjects: 62.103089 ms  DeleteObjects: 0.396427 ms)

SyncManager > Watch > 66d057b1-5826-44b7-a67c-6e9bfc3c19c8
HTTP Request > Post https://api.teamwood.games/0.41/api/build/start
HTTP Response > Post https://api.teamwood.games/0.41/api/build/start > <color=green>200</color>
HTTP Request > Post https://api.teamwood.games/0.41/api/build/play-minion
HTTP Response > Post https://api.teamwood.games/0.41/api/build/play-minion > <color=green>200</color>
HTTP Request > Post https://api.teamwood.games/0.41/api/build/play-minion
HTTP Response > Post https://api.teamwood.games/0.41/api/build/play-minion > <color=green>200</color>
HTTP Request > Post https://api.teamwood.games/0.41/api/build/roll
HTTP Response > Post https://api.teamwood.games/0.41/api/build/roll > <color=green>200</color>
HTTP Request > Post https://api.teamwood.games/0.41/api/build/roll
HTTP Response > Post https://api.teamwood.games/0.41/api/build/roll > <color=green>200</color>
HTTP Request > Post https://api.teamwood.games/0.41/api/build/roll
HTTP Response > Post https://api.teamwood.games/0.41/api/build/roll > <color=green>200</color>
HTTP Request > Post https://api.teamwood.games/0.41/api/build/roll
HTTP Response > Post https://api.teamwood.games/0.41/api/build/roll > <color=green>200</color>
HTTP Request > Post https://api.teamwood.games/0.41/api/build/end
HTTP Response > Post https://api.teamwood.games/0.41/api/build/end > <color=green>200</color>
HTTP Request > Post https://api.teamwood.games/0.41/api/versus/ready
Hub Change Player Count > 66d057b1-5826-44b7-a67c-6e9bfc3c19c8
Handling match update.
Merging models.
HTTP Response > Post https://api.teamwood.games/0.41/api/versus/ready > <color=green>200</color>
Handling match update.
Merging models.
Load battle after ready.
Participation battle has already been watched.
Spacewood.Unity.MonoBehaviours.Build.<ReadyAsync>d__30:MoveNext()
Cysharp.Threading.Tasks.UniTaskCompletionSourceCore`1:TrySetResult(TResult)
Spacewood.Unity.<ReadyRequestAsync>d__4:MoveNext()
Cysharp.Threading.Tasks.UniTaskCompletionSourceCore`1:TrySetResult(TResult)
Spacewood.Unity.<ReadyVersusAsync>d__164:MoveNext()
Cysharp.Threading.Tasks.UniTaskCompletionSourceCore`1:TrySetResult(TResult)
Spacewood.Unity.<SendAndRetryHttpRequestAsync>d__181`1:MoveNext()
Cysharp.Threading.Tasks.UniTaskCompletionSourceCore`1:TrySetResult(TResult)
Spacewood.Unity.<SendHttpResponseAsync>d__182`1:MoveNext()
System.Threading.Tasks.AwaitTaskContinuation:RunCallback(ContextCallback, Object, Task&)
System.Threading.Tasks.Task:FinishContinuations()
System.Threading.Tasks.Task`1:TrySetResult(TResult)
System.Threading.Tasks.TaskCompletionSource`1:TrySetResult(TResult)
BestHTTP.Core.RequestEventHelper:HandleRequestStateChange(RequestEventInfo)
BestHTTP.Core.RequestEventHelper:ProcessQueue()
BestHTTP.HTTPManager:OnUpdate()
BestHTTP.HTTPUpdateDelegator:CallOnUpdate()

HTTP Request > Get https://api.teamwood.games/0.41/api/user/participation/66d057b1-5826-44b7-a67c-6e9bfc3c19c8
HTTP Response > Get https://api.teamwood.games/0.41/api/user/participation/66d057b1-5826-44b7-a67c-6e9bfc3c19c8 > <color=green>200</color>
Handling match update.
Merging models.
HTTP Request > Get https://api.teamwood.games/0.41/api/user/participation/66d057b1-5826-44b7-a67c-6e9bfc3c19c8
HTTP Response > Get https://api.teamwood.games/0.41/api/user/participation/66d057b1-5826-44b7-a67c-6e9bfc3c19c8 > <color=green>200</color>
Handling match update.
Merging models.
HTTP Request > Get https://api.teamwood.games/0.41/api/user/participation/66d057b1-5826-44b7-a67c-6e9bfc3c19c8
HTTP Response > Get https://api.teamwood.games/0.41/api/user/participation/66d057b1-5826-44b7-a67c-6e9bfc3c19c8 > <color=green>200</color>
Handling match update.
Merging models.
HTTP Request > Get https://api.teamwood.games/0.41/api/user/participation/66d057b1-5826-44b7-a67c-6e9bfc3c19c8
HTTP Response > Get https://api.teamwood.games/0.41/api/user/participation/66d057b1-5826-44b7-a67c-6e9bfc3c19c8 > <color=green>200</color>
Handling match update.
Merging models.
Hub Change > 66d057b1-5826-44b7-a67c-6e9bfc3c19c8
Handling match update.
Load battle because new was found.
HTTP Request > Get https://api.teamwood.games/0.41/api/battle/get/b28d5462-02e1-42b0-878d-2def7023e6bd
HTTP Response > Get https://api.teamwood.games/0.41/api/battle/get/b28d5462-02e1-42b0-878d-2def7023e6bd > <color=green>200</color>
Unloading 7 Unused Serialized files (Serialized files now loaded: 6)
SyncManager > Watch > 
Abort all requests
[PhysX] Initialized MultithreadedTaskDispatcher with 12 workers.
UnloadTime: 9.539159 ms
Added pool 'particles'
Unloading 1052 unused Assets to reduce memory usage. Loaded Objects now: 59035.
Total: 61.226321 ms (FindLiveObjects: 3.344792 ms CreateObjectMapping: 2.180045 ms MarkObjects: 54.743417 ms  DeleteObjects: 0.957572 ms)

[INFO] Battle Starting: master seed -126077470, player seed: -1973254449, opponent seed: 234299692
T: 2787.62 - MasterAudio: Polyphony limit of group: Smash exceeded and no playing Variation is usable for Retrigger Limit Mode. Will not play this sound for this instance.
T: 2794.205 - MasterAudio: Polyphony limit of group: Smash exceeded and no playing Variation is usable for Retrigger Limit Mode. Will not play this sound for this instance.
T: 2799.024 - MasterAudio: Polyphony limit of group: Smash exceeded and no playing Variation is usable for Retrigger Limit Mode. Will not play this sound for this instance.
T: 2809.328 - MasterAudio: Polyphony limit of group: Smash exceeded and no playing Variation is usable for Retrigger Limit Mode. Will not play this sound for this instance.
Watch battle for participation 66d057b1-5826-44b7-a67c-6e9bfc3c19c8
Watch battle b28d5462-02e1-42b0-878d-2def7023e6bd
HTTP Request > Post https://api.teamwood.games/0.41/api/versus/watch
HTTP Response > Post https://api.teamwood.games/0.41/api/versus/watch > <color=green>200</color>
[INFO] Battle completed, outcome: PlayerWon, masterSeed: -126077470, end result: 1244904431
Unloading 6 Unused Serialized files (Serialized files now loaded: 6)
Abort all requests
[PhysX] Initialized MultithreadedTaskDispatcher with 12 workers.
UnloadTime: 7.891639 ms
Unloading 66 unused Assets to reduce memory usage. Loaded Objects now: 63237.
Total: 69.008983 ms (FindLiveObjects: 3.577878 ms CreateObjectMapping: 2.159116 ms MarkObjects: 62.882874 ms  DeleteObjects: 0.388675 ms)

SyncManager > Watch > 66d057b1-5826-44b7-a67c-6e9bfc3c19c8
HTTP Request > Post https://api.teamwood.games/0.41/api/build/start
HTTP Response > Post https://api.teamwood.games/0.41/api/build/start > <color=green>200</color>
HTTP Request > Post https://api.teamwood.games/0.41/api/build/play-minion
HTTP Response > Post https://api.teamwood.games/0.41/api/build/play-minion > <color=green>200</color>
HTTP Request > Post https://api.teamwood.games/0.41/api/build/sell
HTTP Response > Post https://api.teamwood.games/0.41/api/build/sell > <color=green>200</color>
HTTP Request > Post https://api.teamwood.games/0.41/api/build/play-minion
HTTP Response > Post https://api.teamwood.games/0.41/api/build/play-minion > <color=green>200</color>
HTTP Request > Post https://api.teamwood.games/0.41/api/build/roll
HTTP Response > Post https://api.teamwood.games/0.41/api/build/roll > <color=green>200</color>
HTTP Request > Post https://api.teamwood.games/0.41/api/build/roll
HTTP Response > Post https://api.teamwood.games/0.41/api/build/roll > <color=green>200</color>
HTTP Request > Post https://api.teamwood.games/0.41/api/build/sell
HTTP Response > Post https://api.teamwood.games/0.41/api/build/sell > <color=green>200</color>
HTTP Request > Post https://api.teamwood.games/0.41/api/build/play-minion
HTTP Response > Post https://api.teamwood.games/0.41/api/build/play-minion > <color=green>200</color>
HTTP Request > Post https://api.teamwood.games/0.41/api/build/roll
HTTP Response > Post https://api.teamwood.games/0.41/api/build/roll > <color=green>200</color>
HTTP Request > Post https://api.teamwood.games/0.41/api/build/roll
HTTP Response > Post https://api.teamwood.games/0.41/api/build/roll > <color=green>200</color>
HTTP Request > Post https://api.teamwood.games/0.41/api/build/end
HTTP Response > Post https://api.teamwood.games/0.41/api/build/end > <color=green>200</color>
HTTP Request > Post https://api.teamwood.games/0.41/api/versus/ready
Hub Change Player Count > 66d057b1-5826-44b7-a67c-6e9bfc3c19c8
Handling match update.
Merging models.
HTTP Response > Post https://api.teamwood.games/0.41/api/versus/ready > <color=green>200</color>
Handling match update.
Merging models.
Load battle after ready.
Participation battle has already been watched.
Spacewood.Unity.MonoBehaviours.Build.<ReadyAsync>d__30:MoveNext()
Cysharp.Threading.Tasks.UniTaskCompletionSourceCore`1:TrySetResult(TResult)
Spacewood.Unity.<ReadyRequestAsync>d__4:MoveNext()
Cysharp.Threading.Tasks.UniTaskCompletionSourceCore`1:TrySetResult(TResult)
Spacewood.Unity.<ReadyVersusAsync>d__164:MoveNext()
Cysharp.Threading.Tasks.UniTaskCompletionSourceCore`1:TrySetResult(TResult)
Spacewood.Unity.<SendAndRetryHttpRequestAsync>d__181`1:MoveNext()
Cysharp.Threading.Tasks.UniTaskCompletionSourceCore`1:TrySetResult(TResult)
Spacewood.Unity.<SendHttpResponseAsync>d__182`1:MoveNext()
System.Threading.Tasks.AwaitTaskContinuation:RunCallback(ContextCallback, Object, Task&)
System.Threading.Tasks.Task:FinishContinuations()
System.Threading.Tasks.Task`1:TrySetResult(TResult)
System.Threading.Tasks.TaskCompletionSource`1:TrySetResult(TResult)
BestHTTP.Core.RequestEventHelper:HandleRequestStateChange(RequestEventInfo)
BestHTTP.Core.RequestEventHelper:ProcessQueue()
BestHTTP.HTTPManager:OnUpdate()
BestHTTP.HTTPUpdateDelegator:CallOnUpdate()

HTTP Request > Get https://api.teamwood.games/0.41/api/user/participation/66d057b1-5826-44b7-a67c-6e9bfc3c19c8
HTTP Response > Get https://api.teamwood.games/0.41/api/user/participation/66d057b1-5826-44b7-a67c-6e9bfc3c19c8 > <color=green>200</color>
Handling match update.
Merging models.
Hub Change > 66d057b1-5826-44b7-a67c-6e9bfc3c19c8
Handling match update.
Load battle because new was found.
HTTP Request > Get https://api.teamwood.games/0.41/api/battle/get/9e079fb5-e498-49e5-8762-bfb617a7472e
HTTP Response > Get https://api.teamwood.games/0.41/api/battle/get/9e079fb5-e498-49e5-8762-bfb617a7472e > <color=green>200</color>
Unloading 7 Unused Serialized files (Serialized files now loaded: 6)
SyncManager > Watch > 
Abort all requests
[PhysX] Initialized MultithreadedTaskDispatcher with 12 workers.
UnloadTime: 9.726939 ms
Added pool 'particles'
Unloading 1061 unused Assets to reduce memory usage. Loaded Objects now: 59036.
Total: 63.848002 ms (FindLiveObjects: 3.312950 ms CreateObjectMapping: 2.126852 ms MarkObjects: 57.383844 ms  DeleteObjects: 1.023894 ms)

[INFO] Battle Starting: master seed 1075734831, player seed: -1973254449, opponent seed: 234299692
T: 2921.814 - MasterAudio: Polyphony limit of group: Smash exceeded and no playing Variation is usable for Retrigger Limit Mode. Will not play this sound for this instance.
T: 2927.715 - MasterAudio: Polyphony limit of group: Smash exceeded and no playing Variation is usable for Retrigger Limit Mode. Will not play this sound for this instance.
T: 2932.366 - MasterAudio: Polyphony limit of group: Smash exceeded and no playing Variation is usable for Retrigger Limit Mode. Will not play this sound for this instance.
Watch battle for participation 66d057b1-5826-44b7-a67c-6e9bfc3c19c8
Watch battle 9e079fb5-e498-49e5-8762-bfb617a7472e
HTTP Request > Post https://api.teamwood.games/0.41/api/versus/watch
HTTP Response > Post https://api.teamwood.games/0.41/api/versus/watch > <color=green>200</color>
[INFO] Battle completed, outcome: PlayerWon, masterSeed: 1075734831, end result: -1453738041
Unloading 6 Unused Serialized files (Serialized files now loaded: 6)
Abort all requests
[PhysX] Initialized MultithreadedTaskDispatcher with 12 workers.
UnloadTime: 7.814274 ms
Unloading 65 unused Assets to reduce memory usage. Loaded Objects now: 63236.
Total: 68.458006 ms (FindLiveObjects: 3.446632 ms CreateObjectMapping: 2.120347 ms MarkObjects: 62.530048 ms  DeleteObjects: 0.360433 ms)

SyncManager > Watch > 66d057b1-5826-44b7-a67c-6e9bfc3c19c8
HTTP Request > Post https://api.teamwood.games/0.41/api/build/start
HTTP Response > Post https://api.teamwood.games/0.41/api/build/start > <color=green>200</color>
HTTP Request > Post https://api.teamwood.games/0.41/api/build/roll
HTTP Response > Post https://api.teamwood.games/0.41/api/build/roll > <color=green>200</color>
HTTP Request > Post https://api.teamwood.games/0.41/api/build/roll
HTTP Response > Post https://api.teamwood.games/0.41/api/build/roll > <color=green>200</color>
HTTP Request > Post https://api.teamwood.games/0.41/api/build/roll
HTTP Response > Post https://api.teamwood.games/0.41/api/build/roll > <color=green>200</color>
HTTP Request > Post https://api.teamwood.games/0.41/api/build/roll
HTTP Response > Post https://api.teamwood.games/0.41/api/build/roll > <color=green>200</color>
HTTP Request > Post https://api.teamwood.games/0.41/api/build/roll
HTTP Response > Post https://api.teamwood.games/0.41/api/build/roll > <color=green>200</color>
HTTP Request > Post https://api.teamwood.games/0.41/api/build/roll
HTTP Response > Post https://api.teamwood.games/0.41/api/build/roll > <color=green>200</color>
HTTP Request > Post https://api.teamwood.games/0.41/api/build/roll
HTTP Response > Post https://api.teamwood.games/0.41/api/build/roll > <color=green>200</color>
Hub Change Player Count > 66d057b1-5826-44b7-a67c-6e9bfc3c19c8
Handling match update.
Merging models.
HTTP Request > Post https://api.teamwood.games/0.41/api/build/sell
HTTP Response > Post https://api.teamwood.games/0.41/api/build/sell > <color=green>200</color>
HTTP Request > Post https://api.teamwood.games/0.41/api/build/play-minion
HTTP Response > Post https://api.teamwood.games/0.41/api/build/play-minion > <color=green>200</color>
HTTP Request > Post https://api.teamwood.games/0.41/api/build/roll
HTTP Response > Post https://api.teamwood.games/0.41/api/build/roll > <color=green>200</color>
HTTP Request > Post https://api.teamwood.games/0.41/api/build/end
HTTP Response > Post https://api.teamwood.games/0.41/api/build/end > <color=green>200</color>
HTTP Request > Post https://api.teamwood.games/0.41/api/versus/ready
HTTP Response > Post https://api.teamwood.games/0.41/api/versus/ready > <color=green>200</color>
Handling match update.
Load battle because new was found.
Load battle after ready.
Loading battle was blocked.
Hub Change > 66d057b1-5826-44b7-a67c-6e9bfc3c19c8
Handling match update.
Load battle because new was found.
Loading battle was blocked.
HTTP Request > Get https://api.teamwood.games/0.41/api/battle/get/dd625722-54c0-408c-a479-acb389b2da1a
HTTP Response > Get https://api.teamwood.games/0.41/api/battle/get/dd625722-54c0-408c-a479-acb389b2da1a > <color=green>200</color>
Unloading 7 Unused Serialized files (Serialized files now loaded: 6)
SyncManager > Watch > 
Abort all requests
[PhysX] Initialized MultithreadedTaskDispatcher with 12 workers.
UnloadTime: 9.794281 ms
Added pool 'particles'
Unloading 1102 unused Assets to reduce memory usage. Loaded Objects now: 59035.
Total: 74.138533 ms (FindLiveObjects: 3.341595 ms CreateObjectMapping: 2.206880 ms MarkObjects: 67.564265 ms  DeleteObjects: 1.025276 ms)

HTTP Request > Get https://api.teamwood.games/0.41/api/user/versus-participations
HTTP Response > Get https://api.teamwood.games/0.41/api/user/versus-participations > <color=green>200</color>
[INFO] Battle Starting: master seed 1609810939, player seed: -1973254449, opponent seed: 234299692
T: 3016.036 - MasterAudio: Polyphony limit of group: Smash exceeded and no playing Variation is usable for Retrigger Limit Mode. Will not play this sound for this instance.
T: 3022.504 - MasterAudio: Polyphony limit of group: Smash exceeded and no playing Variation is usable for Retrigger Limit Mode. Will not play this sound for this instance.
T: 3031.208 - MasterAudio: Polyphony limit of group: Smash exceeded and no playing Variation is usable for Retrigger Limit Mode. Will not play this sound for this instance.
Watch battle for participation 66d057b1-5826-44b7-a67c-6e9bfc3c19c8
Watch battle dd625722-54c0-408c-a479-acb389b2da1a
HTTP Request > Post https://api.teamwood.games/0.41/api/versus/watch
HTTP Response > Post https://api.teamwood.games/0.41/api/versus/watch > <color=green>200</color>
[INFO] Battle completed, outcome: PlayerWon, masterSeed: 1609810939, end result: -827806311
Unloading 6 Unused Serialized files (Serialized files now loaded: 6)
Abort all requests
[PhysX] Initialized MultithreadedTaskDispatcher with 12 workers.
UnloadTime: 7.678053 ms
Unloading 62 unused Assets to reduce memory usage. Loaded Objects now: 63428.
Total: 72.019329 ms (FindLiveObjects: 4.244547 ms CreateObjectMapping: 2.605151 ms MarkObjects: 64.804263 ms  DeleteObjects: 0.364695 ms)

SyncManager > Watch > 66d057b1-5826-44b7-a67c-6e9bfc3c19c8
HTTP Request > Post https://api.teamwood.games/0.41/api/build/start
HTTP Response > Post https://api.teamwood.games/0.41/api/build/start > <color=green>200</color>
HTTP Request > Post https://api.teamwood.games/0.41/api/build/sell
HTTP Response > Post https://api.teamwood.games/0.41/api/build/sell > <color=green>200</color>
HTTP Request > Post https://api.teamwood.games/0.41/api/build/roll
HTTP Response > Post https://api.teamwood.games/0.41/api/build/roll > <color=green>200</color>
HTTP Request > Post https://api.teamwood.games/0.41/api/build/roll
HTTP Response > Post https://api.teamwood.games/0.41/api/build/roll > <color=green>200</color>
HTTP Request > Post https://api.teamwood.games/0.41/api/build/play-minion
HTTP Response > Post https://api.teamwood.games/0.41/api/build/play-minion > <color=green>200</color>
HTTP Request > Post https://api.teamwood.games/0.41/api/build/roll
HTTP Response > Post https://api.teamwood.games/0.41/api/build/roll > <color=green>200</color>
HTTP Request > Post https://api.teamwood.games/0.41/api/build/roll
HTTP Response > Post https://api.teamwood.games/0.41/api/build/roll > <color=green>200</color>
HTTP Request > Post https://api.teamwood.games/0.41/api/build/play-minion
HTTP Response > Post https://api.teamwood.games/0.41/api/build/play-minion > <color=green>200</color>
HTTP Request > Post https://api.teamwood.games/0.41/api/build/roll
HTTP Response > Post https://api.teamwood.games/0.41/api/build/roll > <color=green>200</color>
HTTP Request > Post https://api.teamwood.games/0.41/api/build/end
HTTP Response > Post https://api.teamwood.games/0.41/api/build/end > <color=green>200</color>
HTTP Request > Post https://api.teamwood.games/0.41/api/versus/ready
Hub Change Player Count > 66d057b1-5826-44b7-a67c-6e9bfc3c19c8
Handling match update.
Merging models.
HTTP Response > Post https://api.teamwood.games/0.41/api/versus/ready > <color=green>200</color>
Handling match update.
Merging models.
Load battle after ready.
Participation battle has already been watched.
Spacewood.Unity.MonoBehaviours.Build.<ReadyAsync>d__30:MoveNext()
Cysharp.Threading.Tasks.UniTaskCompletionSourceCore`1:TrySetResult(TResult)
Spacewood.Unity.<ReadyRequestAsync>d__4:MoveNext()
Cysharp.Threading.Tasks.UniTaskCompletionSourceCore`1:TrySetResult(TResult)
Spacewood.Unity.<ReadyVersusAsync>d__164:MoveNext()
Cysharp.Threading.Tasks.UniTaskCompletionSourceCore`1:TrySetResult(TResult)
Spacewood.Unity.<SendAndRetryHttpRequestAsync>d__181`1:MoveNext()
Cysharp.Threading.Tasks.UniTaskCompletionSourceCore`1:TrySetResult(TResult)
Spacewood.Unity.<SendHttpResponseAsync>d__182`1:MoveNext()
System.Threading.Tasks.AwaitTaskContinuation:RunCallback(ContextCallback, Object, Task&)
System.Threading.Tasks.Task:FinishContinuations()
System.Threading.Tasks.Task`1:TrySetResult(TResult)
System.Threading.Tasks.TaskCompletionSource`1:TrySetResult(TResult)
BestHTTP.Core.RequestEventHelper:HandleRequestStateChange(RequestEventInfo)
BestHTTP.Core.RequestEventHelper:ProcessQueue()
BestHTTP.HTTPManager:OnUpdate()
BestHTTP.HTTPUpdateDelegator:CallOnUpdate()

HTTP Request > Get https://api.teamwood.games/0.41/api/user/participation/66d057b1-5826-44b7-a67c-6e9bfc3c19c8
HTTP Response > Get https://api.teamwood.games/0.41/api/user/participation/66d057b1-5826-44b7-a67c-6e9bfc3c19c8 > <color=green>200</color>
Handling match update.
Merging models.
Hub Change > 66d057b1-5826-44b7-a67c-6e9bfc3c19c8
Handling match update.
Load battle because new was found.
HTTP Request > Get https://api.teamwood.games/0.41/api/battle/get/d5f067ad-10b6-48ea-8a79-0193403bd2aa
HTTP Response > Get https://api.teamwood.games/0.41/api/battle/get/d5f067ad-10b6-48ea-8a79-0193403bd2aa > <color=green>200</color>
Unloading 7 Unused Serialized files (Serialized files now loaded: 6)
SyncManager > Watch > 
Abort all requests
[PhysX] Initialized MultithreadedTaskDispatcher with 12 workers.
UnloadTime: 10.839652 ms
Added pool 'particles'
Unloading 1079 unused Assets to reduce memory usage. Loaded Objects now: 59229.
Total: 62.047527 ms (FindLiveObjects: 3.460788 ms CreateObjectMapping: 2.099747 ms MarkObjects: 55.676907 ms  DeleteObjects: 0.809606 ms)

[INFO] Battle Starting: master seed -161817046, player seed: -1973254449, opponent seed: 234299692
HTTP Request > Get https://api.teamwood.games/0.41/api/user/versus-participations
HTTP Response > Get https://api.teamwood.games/0.41/api/user/versus-participations > <color=green>200</color>
T: 3131.218 - MasterAudio: Polyphony limit of group: Smash exceeded and no playing Variation is usable for Retrigger Limit Mode. Will not play this sound for this instance.
T: 3136.571 - MasterAudio: Polyphony limit of group: Smash exceeded and no playing Variation is usable for Retrigger Limit Mode. Will not play this sound for this instance.
Watch battle for participation 66d057b1-5826-44b7-a67c-6e9bfc3c19c8
Watch battle d5f067ad-10b6-48ea-8a79-0193403bd2aa
HTTP Request > Post https://api.teamwood.games/0.41/api/versus/watch
HTTP Response > Post https://api.teamwood.games/0.41/api/versus/watch > <color=green>200</color>
[INFO] Battle completed, outcome: EnemyWon, masterSeed: -161817046, end result: -2051100673
Unloading 6 Unused Serialized files (Serialized files now loaded: 6)
Abort all requests
[PhysX] Initialized MultithreadedTaskDispatcher with 12 workers.
UnloadTime: 8.537381 ms
Unloading 65 unused Assets to reduce memory usage. Loaded Objects now: 63429.
Total: 69.423759 ms (FindLiveObjects: 4.456632 ms CreateObjectMapping: 2.455398 ms MarkObjects: 62.124562 ms  DeleteObjects: 0.386544 ms)

SyncManager > Watch > 66d057b1-5826-44b7-a67c-6e9bfc3c19c8
HTTP Request > Post https://api.teamwood.games/0.41/api/build/start
HTTP Response > Post https://api.teamwood.games/0.41/api/build/start > <color=green>200</color>
HTTP Request > Post https://api.teamwood.games/0.41/api/build/sell
HTTP Response > Post https://api.teamwood.games/0.41/api/build/sell > <color=green>200</color>
HTTP Request > Post https://api.teamwood.games/0.41/api/build/play-minion
HTTP Response > Post https://api.teamwood.games/0.41/api/build/play-minion > <color=green>200</color>
HTTP Request > Post https://api.teamwood.games/0.41/api/build/play-minion
HTTP Response > Post https://api.teamwood.games/0.41/api/build/play-minion > <color=green>200</color>
HTTP Request > Post https://api.teamwood.games/0.41/api/build/play-minion
HTTP Response > Post https://api.teamwood.games/0.41/api/build/play-minion > <color=green>200</color>
HTTP Request > Post https://api.teamwood.games/0.41/api/build/roll
HTTP Response > Post https://api.teamwood.games/0.41/api/build/roll > <color=green>200</color>
HTTP Request > Post https://api.teamwood.games/0.41/api/build/roll
HTTP Response > Post https://api.teamwood.games/0.41/api/build/roll > <color=green>200</color>
HTTP Request > Post https://api.teamwood.games/0.41/api/build/end
HTTP Response > Post https://api.teamwood.games/0.41/api/build/end > <color=green>200</color>
HTTP Request > Post https://api.teamwood.games/0.41/api/versus/ready
Hub Change Player Count > 66d057b1-5826-44b7-a67c-6e9bfc3c19c8
Handling match update.
Merging models.
HTTP Response > Post https://api.teamwood.games/0.41/api/versus/ready > <color=green>200</color>
Handling match update.
Merging models.
Load battle after ready.
Participation battle has already been watched.
Spacewood.Unity.MonoBehaviours.Build.<ReadyAsync>d__30:MoveNext()
Cysharp.Threading.Tasks.UniTaskCompletionSourceCore`1:TrySetResult(TResult)
Spacewood.Unity.<ReadyRequestAsync>d__4:MoveNext()
Cysharp.Threading.Tasks.UniTaskCompletionSourceCore`1:TrySetResult(TResult)
Spacewood.Unity.<ReadyVersusAsync>d__164:MoveNext()
Cysharp.Threading.Tasks.UniTaskCompletionSourceCore`1:TrySetResult(TResult)
Spacewood.Unity.<SendAndRetryHttpRequestAsync>d__181`1:MoveNext()
Cysharp.Threading.Tasks.UniTaskCompletionSourceCore`1:TrySetResult(TResult)
Spacewood.Unity.<SendHttpResponseAsync>d__182`1:MoveNext()
System.Threading.Tasks.AwaitTaskContinuation:RunCallback(ContextCallback, Object, Task&)
System.Threading.Tasks.Task:FinishContinuations()
System.Threading.Tasks.Task`1:TrySetResult(TResult)
System.Threading.Tasks.TaskCompletionSource`1:TrySetResult(TResult)
BestHTTP.Core.RequestEventHelper:HandleRequestStateChange(RequestEventInfo)
BestHTTP.Core.RequestEventHelper:ProcessQueue()
BestHTTP.HTTPManager:OnUpdate()
BestHTTP.HTTPUpdateDelegator:CallOnUpdate()

HTTP Request > Get https://api.teamwood.games/0.41/api/user/participation/66d057b1-5826-44b7-a67c-6e9bfc3c19c8
HTTP Response > Get https://api.teamwood.games/0.41/api/user/participation/66d057b1-5826-44b7-a67c-6e9bfc3c19c8 > <color=green>200</color>
Handling match update.
Merging models.
HTTP Request > Get https://api.teamwood.games/0.41/api/user/participation/66d057b1-5826-44b7-a67c-6e9bfc3c19c8
HTTP Response > Get https://api.teamwood.games/0.41/api/user/participation/66d057b1-5826-44b7-a67c-6e9bfc3c19c8 > <color=green>200</color>
Handling match update.
Merging models.
Hub Change > 66d057b1-5826-44b7-a67c-6e9bfc3c19c8
Handling match update.
Load battle because new was found.
HTTP Request > Get https://api.teamwood.games/0.41/api/battle/get/538da632-9ad1-4a5e-9d61-721ed2d47f82
HTTP Response > Get https://api.teamwood.games/0.41/api/battle/get/538da632-9ad1-4a5e-9d61-721ed2d47f82 > <color=green>200</color>
Unloading 7 Unused Serialized files (Serialized files now loaded: 6)
SyncManager > Watch > 
Abort all requests
[PhysX] Initialized MultithreadedTaskDispatcher with 12 workers.
UnloadTime: 9.659891 ms
Added pool 'particles'
Unloading 1036 unused Assets to reduce memory usage. Loaded Objects now: 59228.
Total: 63.155856 ms (FindLiveObjects: 3.332348 ms CreateObjectMapping: 2.083427 ms MarkObjects: 56.880005 ms  DeleteObjects: 0.859519 ms)

[INFO] Battle Starting: master seed -7543707, player seed: -1973254449, opponent seed: 234299692
T: 3225.397 - MasterAudio: Polyphony limit of group: Smash exceeded and no playing Variation is usable for Retrigger Limit Mode. Will not play this sound for this instance.
T: 3232.55 - MasterAudio: Polyphony limit of group: Smash exceeded and no playing Variation is usable for Retrigger Limit Mode. Will not play this sound for this instance.
Watch battle for participation 66d057b1-5826-44b7-a67c-6e9bfc3c19c8
Watch battle 538da632-9ad1-4a5e-9d61-721ed2d47f82
HTTP Request > Post https://api.teamwood.games/0.41/api/versus/watch
HTTP Response > Post https://api.teamwood.games/0.41/api/versus/watch > <color=green>200</color>
[INFO] Battle completed, outcome: EnemyWon, masterSeed: -7543707, end result: -2032294020
Unloading 6 Unused Serialized files (Serialized files now loaded: 6)
Abort all requests
[PhysX] Initialized MultithreadedTaskDispatcher with 12 workers.
UnloadTime: 7.469525 ms
Unloading 60 unused Assets to reduce memory usage. Loaded Objects now: 63427.
Total: 70.348325 ms (FindLiveObjects: 4.278965 ms CreateObjectMapping: 2.887423 ms MarkObjects: 62.539818 ms  DeleteObjects: 0.641705 ms)

SyncManager > Watch > 66d057b1-5826-44b7-a67c-6e9bfc3c19c8
HTTP Request > Post https://api.teamwood.games/0.41/api/build/start
HTTP Response > Post https://api.teamwood.games/0.41/api/build/start > <color=green>200</color>
HTTP Request > Post https://api.teamwood.games/0.41/api/build/sell
HTTP Response > Post https://api.teamwood.games/0.41/api/build/sell > <color=green>200</color>
HTTP Request > Post https://api.teamwood.games/0.41/api/build/sell
HTTP Response > Post https://api.teamwood.games/0.41/api/build/sell > <color=green>200</color>
HTTP Request > Post https://api.teamwood.games/0.41/api/build/play-minion
HTTP Response > Post https://api.teamwood.games/0.41/api/build/play-minion > <color=green>200</color>
HTTP Request > Post https://api.teamwood.games/0.41/api/build/play-minion
HTTP Response > Post https://api.teamwood.games/0.41/api/build/play-minion > <color=green>200</color>
HTTP Request > Post https://api.teamwood.games/0.41/api/build/play-spell
HTTP Response > Post https://api.teamwood.games/0.41/api/build/play-spell > <color=green>200</color>
[WARN] No events for a spell Spacewood.Core.Models.SpellModel, this is normally an error
Spacewood.Scripts.MonoBehaviours.Board.RenderAggregators.<Run>d__0:MoveNext()
Spacewood.Scripts.MonoBehaviours.Board.RenderAggregators.Spell:Run(SkipableStream`1)
Spacewood.Unity.MonoBehaviours.Board.<RenderBoardEventStream>d__17:MoveNext()
Spacewood.Unity.MonoBehaviours.Board.BoardRenderer:RenderBoardEventStream(IEnumerable`1)
Spacewood.Unity.MonoBehaviours.Board.<PlayEvent>d__27:MoveNext()
Spacewood.Unity.MonoBehaviours.Board.BoardController:PlayEvent(IBoardEvent, BoardModel, Int32)
Spacewood.Unity.MonoBehaviours.Build.<ResolveAsync>d__179:MoveNext()
Spacewood.Unity.MonoBehaviours.Build.HangarMain:Resolve(Int32, Nullable`1, IBoardEvent)
Spacewood.Unity.MonoBehaviours.Build.<PlaySpellAsync>d__12:MoveNext()
Cysharp.Threading.Tasks.UniTaskCompletionSourceCore`1:TrySetResult(TResult)
Spacewood.Unity.<PlaySpellAsync>d__84:MoveNext()
Cysharp.Threading.Tasks.UniTaskCompletionSourceCore`1:TrySetResult(TResult)
Spacewood.Unity.<SendAndRetryHttpRequestAsync>d__181`1:MoveNext()
Cysharp.Threading.Tasks.UniTaskCompletionSourceCore`1:TrySetResult(TResult)
Spacewood.Unity.<SendHttpResponseAsync>d__182`1:MoveNext()
System.Threading.Tasks.AwaitTaskContinuation:RunCallback(ContextCallback, Object, Task&)
System.Threading.Tasks.Task:FinishContinuations()
System.Threading.Tasks.Task`1:TrySetResult(TResult)
System.Threading.Tasks.TaskCompletionSource`1:TrySetResult(TResult)
BestHTTP.Core.RequestEventHelper:HandleRequestStateChange(RequestEventInfo)
BestHTTP.Core.RequestEventHelper:ProcessQueue()
BestHTTP.HTTPManager:OnUpdate()
BestHTTP.HTTPUpdateDelegator:CallOnUpdate()

HTTP Request > Post https://api.teamwood.games/0.41/api/build/roll
HTTP Response > Post https://api.teamwood.games/0.41/api/build/roll > <color=green>200</color>
HTTP Request > Post https://api.teamwood.games/0.41/api/build/play-spell
HTTP Response > Post https://api.teamwood.games/0.41/api/build/play-spell > <color=green>200</color>
HTTP Request > Post https://api.teamwood.games/0.41/api/build/roll
HTTP Response > Post https://api.teamwood.games/0.41/api/build/roll > <color=green>200</color>
Hub Change Player Count > 66d057b1-5826-44b7-a67c-6e9bfc3c19c8
Handling match update.
Merging models.
HTTP Request > Post https://api.teamwood.games/0.41/api/build/roll
HTTP Response > Post https://api.teamwood.games/0.41/api/build/roll > <color=green>200</color>
HTTP Request > Post https://api.teamwood.games/0.41/api/build/end
HTTP Response > Post https://api.teamwood.games/0.41/api/build/end > <color=green>200</color>
HTTP Request > Post https://api.teamwood.games/0.41/api/versus/ready
Hub Change > 66d057b1-5826-44b7-a67c-6e9bfc3c19c8
Handling match update.
Load battle because new was found.
HTTP Response > Post https://api.teamwood.games/0.41/api/versus/ready > <color=green>200</color>
Handling match update.
Load battle because new was found.
Loading battle was blocked.
Load battle after ready.
Loading battle was blocked.
HTTP Request > Get https://api.teamwood.games/0.41/api/battle/get/4f6b1071-4878-42a8-9b3c-7c47f3cb6169
HTTP Response > Get https://api.teamwood.games/0.41/api/battle/get/4f6b1071-4878-42a8-9b3c-7c47f3cb6169 > <color=green>200</color>
Unloading 7 Unused Serialized files (Serialized files now loaded: 6)
SyncManager > Watch > 
Abort all requests
[PhysX] Initialized MultithreadedTaskDispatcher with 12 workers.
UnloadTime: 9.996794 ms
Added pool 'particles'
Unloading 1050 unused Assets to reduce memory usage. Loaded Objects now: 59229.
Total: 62.551657 ms (FindLiveObjects: 3.444602 ms CreateObjectMapping: 2.113926 ms MarkObjects: 56.282445 ms  DeleteObjects: 0.710204 ms)

[INFO] Battle Starting: master seed -1308190, player seed: -1973254449, opponent seed: 234299692
T: 3341.982 - MasterAudio: Polyphony limit of group: Smash exceeded and no playing Variation is usable for Retrigger Limit Mode. Will not play this sound for this instance.
Watch battle for participation 66d057b1-5826-44b7-a67c-6e9bfc3c19c8
Watch battle 4f6b1071-4878-42a8-9b3c-7c47f3cb6169
HTTP Request > Post https://api.teamwood.games/0.41/api/versus/watch
HTTP Response > Post https://api.teamwood.games/0.41/api/versus/watch > <color=green>200</color>
[INFO] Battle completed, outcome: EnemyWon, masterSeed: -1308190, end result: -724917521
Unloading 6 Unused Serialized files (Serialized files now loaded: 6)
Abort all requests
[PhysX] Initialized MultithreadedTaskDispatcher with 12 workers.
UnloadTime: 7.483507 ms
Unloading 65 unused Assets to reduce memory usage. Loaded Objects now: 63478.
Total: 72.036289 ms (FindLiveObjects: 4.850779 ms CreateObjectMapping: 3.131967 ms MarkObjects: 63.674569 ms  DeleteObjects: 0.378268 ms)

SyncManager > Watch > 66d057b1-5826-44b7-a67c-6e9bfc3c19c8
HTTP Request > Post https://api.teamwood.games/0.41/api/build/start
HTTP Response > Post https://api.teamwood.games/0.41/api/build/start > <color=green>200</color>
HTTP Request > Post https://api.teamwood.games/0.41/api/build/Stack-minion
HTTP Response > Post https://api.teamwood.games/0.41/api/build/Stack-minion > <color=green>200</color>
HTTP Request > Post https://api.teamwood.games/0.41/api/build/play-minion
HTTP Response > Post https://api.teamwood.games/0.41/api/build/play-minion > <color=green>200</color>
HTTP Request > Post https://api.teamwood.games/0.41/api/build/sell
HTTP Response > Post https://api.teamwood.games/0.41/api/build/sell > <color=green>200</color>
HTTP Request > Post https://api.teamwood.games/0.41/api/build/roll
HTTP Response > Post https://api.teamwood.games/0.41/api/build/roll > <color=green>200</color>
HTTP Request > Post https://api.teamwood.games/0.41/api/build/roll
HTTP Response > Post https://api.teamwood.games/0.41/api/build/roll > <color=green>200</color>
HTTP Request > Post https://api.teamwood.games/0.41/api/build/roll
HTTP Response > Post https://api.teamwood.games/0.41/api/build/roll > <color=green>200</color>
HTTP Request > Post https://api.teamwood.games/0.41/api/build/roll
HTTP Response > Post https://api.teamwood.games/0.41/api/build/roll > <color=green>200</color>
HTTP Request > Post https://api.teamwood.games/0.41/api/build/roll
HTTP Response > Post https://api.teamwood.games/0.41/api/build/roll > <color=green>200</color>
HTTP Request > Post https://api.teamwood.games/0.41/api/build/play-minion
HTTP Response > Post https://api.teamwood.games/0.41/api/build/play-minion > <color=green>200</color>
HTTP Request > Post https://api.teamwood.games/0.41/api/build/end
HTTP Response > Post https://api.teamwood.games/0.41/api/build/end > <color=green>200</color>
HTTP Request > Post https://api.teamwood.games/0.41/api/versus/ready
Hub Change Player Count > 66d057b1-5826-44b7-a67c-6e9bfc3c19c8
Handling match update.
Merging models.
HTTP Response > Post https://api.teamwood.games/0.41/api/versus/ready > <color=green>200</color>
Handling match update.
Merging models.
Load battle after ready.
Participation battle has already been watched.
Spacewood.Unity.MonoBehaviours.Build.<ReadyAsync>d__30:MoveNext()
Cysharp.Threading.Tasks.UniTaskCompletionSourceCore`1:TrySetResult(TResult)
Spacewood.Unity.<ReadyRequestAsync>d__4:MoveNext()
Cysharp.Threading.Tasks.UniTaskCompletionSourceCore`1:TrySetResult(TResult)
Spacewood.Unity.<ReadyVersusAsync>d__164:MoveNext()
Cysharp.Threading.Tasks.UniTaskCompletionSourceCore`1:TrySetResult(TResult)
Spacewood.Unity.<SendAndRetryHttpRequestAsync>d__181`1:MoveNext()
Cysharp.Threading.Tasks.UniTaskCompletionSourceCore`1:TrySetResult(TResult)
Spacewood.Unity.<SendHttpResponseAsync>d__182`1:MoveNext()
System.Threading.Tasks.AwaitTaskContinuation:RunCallback(ContextCallback, Object, Task&)
System.Threading.Tasks.Task:FinishContinuations()
System.Threading.Tasks.Task`1:TrySetResult(TResult)
System.Threading.Tasks.TaskCompletionSource`1:TrySetResult(TResult)
BestHTTP.Core.RequestEventHelper:HandleRequestStateChange(RequestEventInfo)
BestHTTP.Core.RequestEventHelper:ProcessQueue()
BestHTTP.HTTPManager:OnUpdate()
BestHTTP.HTTPUpdateDelegator:CallOnUpdate()

HTTP Request > Get https://api.teamwood.games/0.41/api/user/participation/66d057b1-5826-44b7-a67c-6e9bfc3c19c8
HTTP Response > Get https://api.teamwood.games/0.41/api/user/participation/66d057b1-5826-44b7-a67c-6e9bfc3c19c8 > <color=green>200</color>
Handling match update.
Merging models.
Hub Change > 66d057b1-5826-44b7-a67c-6e9bfc3c19c8
Handling match update.
Load battle because new was found.
HTTP Request > Get https://api.teamwood.games/0.41/api/battle/get/ea19d199-0237-4f48-8cd3-4d3f1ac7887b
HTTP Response > Get https://api.teamwood.games/0.41/api/battle/get/ea19d199-0237-4f48-8cd3-4d3f1ac7887b > <color=green>200</color>
Unloading 7 Unused Serialized files (Serialized files now loaded: 6)
SyncManager > Watch > 
Abort all requests
[PhysX] Initialized MultithreadedTaskDispatcher with 12 workers.
UnloadTime: 10.093846 ms
Added pool 'particles'
Unloading 1093 unused Assets to reduce memory usage. Loaded Objects now: 59277.
Total: 63.079175 ms (FindLiveObjects: 3.367040 ms CreateObjectMapping: 2.085418 ms MarkObjects: 56.405123 ms  DeleteObjects: 1.221137 ms)

[INFO] Battle Starting: master seed 1855401700, player seed: -1973254449, opponent seed: 234299692
T: 3439.78 - MasterAudio: Polyphony limit of group: Smash exceeded and no playing Variation is usable for Retrigger Limit Mode. Will not play this sound for this instance.
T: 3453.315 - MasterAudio: Polyphony limit of group: Smash exceeded and no playing Variation is usable for Retrigger Limit Mode. Will not play this sound for this instance.
Watch battle for participation 66d057b1-5826-44b7-a67c-6e9bfc3c19c8
Watch battle ea19d199-0237-4f48-8cd3-4d3f1ac7887b
HTTP Request > Post https://api.teamwood.games/0.41/api/versus/watch
HTTP Response > Post https://api.teamwood.games/0.41/api/versus/watch > <color=green>200</color>
[INFO] Battle completed, outcome: EnemyWon, masterSeed: 1855401700, end result: -1909650066
Unloading 6 Unused Serialized files (Serialized files now loaded: 6)
Abort all requests
[PhysX] Initialized MultithreadedTaskDispatcher with 12 workers.
UnloadTime: 7.381384 ms
Unloading 62 unused Assets to reduce memory usage. Loaded Objects now: 63477.
Total: 68.615470 ms (FindLiveObjects: 3.761508 ms CreateObjectMapping: 2.220473 ms MarkObjects: 62.264160 ms  DeleteObjects: 0.368818 ms)

SyncManager > Watch > 66d057b1-5826-44b7-a67c-6e9bfc3c19c8
HTTP Request > Post https://api.teamwood.games/0.41/api/build/start
HTTP Response > Post https://api.teamwood.games/0.41/api/build/start > <color=green>200</color>
HTTP Request > Post https://api.teamwood.games/0.41/api/build/roll
HTTP Response > Post https://api.teamwood.games/0.41/api/build/roll > <color=green>200</color>
HTTP Request > Post https://api.teamwood.games/0.41/api/build/play-minion
HTTP Response > Post https://api.teamwood.games/0.41/api/build/play-minion > <color=green>200</color>
HTTP Request > Post https://api.teamwood.games/0.41/api/build/play-spell
HTTP Response > Post https://api.teamwood.games/0.41/api/build/play-spell > <color=green>200</color>
HTTP Request > Post https://api.teamwood.games/0.41/api/build/play-minion
HTTP Response > Post https://api.teamwood.games/0.41/api/build/play-minion > <color=green>200</color>
HTTP Request > Post https://api.teamwood.games/0.41/api/build/end
HTTP Response > Post https://api.teamwood.games/0.41/api/build/end > <color=green>200</color>
HTTP Request > Post https://api.teamwood.games/0.41/api/versus/ready
Hub Change Player Count > 66d057b1-5826-44b7-a67c-6e9bfc3c19c8
Handling match update.
Merging models.
HTTP Response > Post https://api.teamwood.games/0.41/api/versus/ready > <color=green>200</color>
Handling match update.
Merging models.
Load battle after ready.
Participation battle has already been watched.
Spacewood.Unity.MonoBehaviours.Build.<ReadyAsync>d__30:MoveNext()
Cysharp.Threading.Tasks.UniTaskCompletionSourceCore`1:TrySetResult(TResult)
Spacewood.Unity.<ReadyRequestAsync>d__4:MoveNext()
Cysharp.Threading.Tasks.UniTaskCompletionSourceCore`1:TrySetResult(TResult)
Spacewood.Unity.<ReadyVersusAsync>d__164:MoveNext()
Cysharp.Threading.Tasks.UniTaskCompletionSourceCore`1:TrySetResult(TResult)
Spacewood.Unity.<SendAndRetryHttpRequestAsync>d__181`1:MoveNext()
Cysharp.Threading.Tasks.UniTaskCompletionSourceCore`1:TrySetResult(TResult)
Spacewood.Unity.<SendHttpResponseAsync>d__182`1:MoveNext()
System.Threading.Tasks.AwaitTaskContinuation:RunCallback(ContextCallback, Object, Task&)
System.Threading.Tasks.Task:FinishContinuations()
System.Threading.Tasks.Task`1:TrySetResult(TResult)
System.Threading.Tasks.TaskCompletionSource`1:TrySetResult(TResult)
BestHTTP.Core.RequestEventHelper:HandleRequestStateChange(RequestEventInfo)
BestHTTP.Core.RequestEventHelper:ProcessQueue()
BestHTTP.HTTPManager:OnUpdate()
BestHTTP.HTTPUpdateDelegator:CallOnUpdate()

HTTP Request > Get https://api.teamwood.games/0.41/api/user/participation/66d057b1-5826-44b7-a67c-6e9bfc3c19c8
HTTP Response > Get https://api.teamwood.games/0.41/api/user/participation/66d057b1-5826-44b7-a67c-6e9bfc3c19c8 > <color=green>200</color>
Handling match update.
Merging models.
Hub Change > 66d057b1-5826-44b7-a67c-6e9bfc3c19c8
Handling match update.
Load battle because new was found.
HTTP Request > Get https://api.teamwood.games/0.41/api/battle/get/ccedc307-2316-45db-88a4-a8bf25367de5
HTTP Response > Get https://api.teamwood.games/0.41/api/battle/get/ccedc307-2316-45db-88a4-a8bf25367de5 > <color=green>200</color>
Unloading 7 Unused Serialized files (Serialized files now loaded: 6)
SyncManager > Watch > 
Abort all requests
[PhysX] Initialized MultithreadedTaskDispatcher with 12 workers.
UnloadTime: 9.843267 ms
Added pool 'particles'
Unloading 747 unused Assets to reduce memory usage. Loaded Objects now: 59544.
Total: 63.754826 ms (FindLiveObjects: 3.670835 ms CreateObjectMapping: 2.822069 ms MarkObjects: 56.724070 ms  DeleteObjects: 0.537197 ms)

[INFO] Battle Starting: master seed 1889709031, player seed: -1973254449, opponent seed: 234299692
T: 3533.853 - MasterAudio: Polyphony limit of group: Smash exceeded and no playing Variation is usable for Retrigger Limit Mode. Will not play this sound for this instance.
T: 3551.559 - MasterAudio: Polyphony limit of group: Smash exceeded and no playing Variation is usable for Retrigger Limit Mode. Will not play this sound for this instance.
Watch battle for participation 66d057b1-5826-44b7-a67c-6e9bfc3c19c8
Watch battle ccedc307-2316-45db-88a4-a8bf25367de5
HTTP Request > Post https://api.teamwood.games/0.41/api/versus/watch
HTTP Response > Post https://api.teamwood.games/0.41/api/versus/watch > <color=green>200</color>
[INFO] Battle completed, outcome: EnemyWon, masterSeed: 1889709031, end result: 1533412778
Unloading 6 Unused Serialized files (Serialized files now loaded: 6)
Abort all requests
[PhysX] Initialized MultithreadedTaskDispatcher with 12 workers.
UnloadTime: 7.722316 ms
Unloading 70 unused Assets to reduce memory usage. Loaded Objects now: 63478.
Total: 84.625281 ms (FindLiveObjects: 3.452326 ms CreateObjectMapping: 3.200548 ms MarkObjects: 77.591520 ms  DeleteObjects: 0.380382 ms)

SyncManager > Watch > 66d057b1-5826-44b7-a67c-6e9bfc3c19c8
HTTP Request > Post https://api.teamwood.games/0.41/api/build/start
HTTP Response > Post https://api.teamwood.games/0.41/api/build/start > <color=green>200</color>
HTTP Request > Post https://api.teamwood.games/0.41/api/build/sell
HTTP Response > Post https://api.teamwood.games/0.41/api/build/sell > <color=green>200</color>
HTTP Request > Post https://api.teamwood.games/0.41/api/build/roll
HTTP Response > Post https://api.teamwood.games/0.41/api/build/roll > <color=green>200</color>
Hub Change Player Count > 66d057b1-5826-44b7-a67c-6e9bfc3c19c8
Handling match update.
Merging models.
HTTP Request > Post https://api.teamwood.games/0.41/api/build/roll
HTTP Response > Post https://api.teamwood.games/0.41/api/build/roll > <color=green>200</color>
HTTP Request > Post https://api.teamwood.games/0.41/api/build/play-minion
HTTP Response > Post https://api.teamwood.games/0.41/api/build/play-minion > <color=green>200</color>
HTTP Request > Post https://api.teamwood.games/0.41/api/build/play-spell
HTTP Response > Post https://api.teamwood.games/0.41/api/build/play-spell > <color=green>200</color>
HTTP Request > Post https://api.teamwood.games/0.41/api/build/roll
HTTP Response > Post https://api.teamwood.games/0.41/api/build/roll > <color=green>200</color>
HTTP Request > Post https://api.teamwood.games/0.41/api/build/roll
HTTP Response > Post https://api.teamwood.games/0.41/api/build/roll > <color=green>200</color>
HTTP Request > Post https://api.teamwood.games/0.41/api/build/roll
HTTP Response > Post https://api.teamwood.games/0.41/api/build/roll > <color=green>200</color>
HTTP Request > Post https://api.teamwood.games/0.41/api/build/end
HTTP Response > Post https://api.teamwood.games/0.41/api/build/end > <color=green>200</color>
HTTP Request > Post https://api.teamwood.games/0.41/api/versus/ready
HTTP Response > Post https://api.teamwood.games/0.41/api/versus/ready > <color=green>200</color>
Handling match update.
Load battle because new was found.
Load battle after ready.
Loading battle was blocked.
Hub Change > 66d057b1-5826-44b7-a67c-6e9bfc3c19c8
Handling match update.
Load battle because new was found.
Loading battle was blocked.
HTTP Request > Get https://api.teamwood.games/0.41/api/battle/get/1f5e8ea9-085d-4def-9aff-8eba389037ec
HTTP Response > Get https://api.teamwood.games/0.41/api/battle/get/1f5e8ea9-085d-4def-9aff-8eba389037ec > <color=green>200</color>
Unloading 7 Unused Serialized files (Serialized files now loaded: 6)
SyncManager > Watch > 
Abort all requests
[PhysX] Initialized MultithreadedTaskDispatcher with 12 workers.
UnloadTime: 9.701379 ms
Added pool 'particles'
Unloading 1077 unused Assets to reduce memory usage. Loaded Objects now: 59277.
Total: 62.424821 ms (FindLiveObjects: 3.447790 ms CreateObjectMapping: 2.083602 ms MarkObjects: 55.937255 ms  DeleteObjects: 0.955694 ms)

[INFO] Battle Starting: master seed -291234412, player seed: -1973254449, opponent seed: 234299692
T: 3650.602 - MasterAudio: Polyphony limit of group: Smash exceeded and no playing Variation is usable for Retrigger Limit Mode. Will not play this sound for this instance.
T: 3676.743 - MasterAudio: Polyphony limit of group: Smash exceeded and no playing Variation is usable for Retrigger Limit Mode. Will not play this sound for this instance.
Watch battle for participation 66d057b1-5826-44b7-a67c-6e9bfc3c19c8
Watch battle 1f5e8ea9-085d-4def-9aff-8eba389037ec
HTTP Request > Post https://api.teamwood.games/0.41/api/versus/watch
HTTP Response > Post https://api.teamwood.games/0.41/api/versus/watch > <color=green>200</color>
[INFO] Battle completed, outcome: EnemyWon, masterSeed: -291234412, end result: -1878870028
Unloading 6 Unused Serialized files (Serialized files now loaded: 6)
Abort all requests
[PhysX] Initialized MultithreadedTaskDispatcher with 12 workers.
UnloadTime: 8.286696 ms
Unloading 62 unused Assets to reduce memory usage. Loaded Objects now: 63477.
Total: 69.965627 ms (FindLiveObjects: 4.573956 ms CreateObjectMapping: 2.331493 ms MarkObjects: 62.308988 ms  DeleteObjects: 0.750560 ms)

SyncManager > Watch > 66d057b1-5826-44b7-a67c-6e9bfc3c19c8
HTTP Request > Post https://api.teamwood.games/0.41/api/build/start
HTTP Response > Post https://api.teamwood.games/0.41/api/build/start > <color=green>200</color>
HTTP Request > Post https://api.teamwood.games/0.41/api/build/sell
HTTP Response > Post https://api.teamwood.games/0.41/api/build/sell > <color=green>200</color>
HTTP Request > Post https://api.teamwood.games/0.41/api/build/play-minion
HTTP Response > Post https://api.teamwood.games/0.41/api/build/play-minion > <color=green>200</color>
HTTP Request > Post https://api.teamwood.games/0.41/api/build/sell
HTTP Response > Post https://api.teamwood.games/0.41/api/build/sell > <color=green>200</color>
HTTP Request > Post https://api.teamwood.games/0.41/api/build/play-minion
HTTP Response > Post https://api.teamwood.games/0.41/api/build/play-minion > <color=green>200</color>
HTTP Request > Post https://api.teamwood.games/0.41/api/build/play-spell
HTTP Response > Post https://api.teamwood.games/0.41/api/build/play-spell > <color=green>200</color>
HTTP Request > Post https://api.teamwood.games/0.41/api/build/roll
HTTP Response > Post https://api.teamwood.games/0.41/api/build/roll > <color=green>200</color>
HTTP Request > Post https://api.teamwood.games/0.41/api/build/roll
HTTP Response > Post https://api.teamwood.games/0.41/api/build/roll > <color=green>200</color>
Hub Change Player Count > 66d057b1-5826-44b7-a67c-6e9bfc3c19c8
Handling match update.
Merging models.
HTTP Request > Post https://api.teamwood.games/0.41/api/build/roll
HTTP Response > Post https://api.teamwood.games/0.41/api/build/roll > <color=green>200</color>
HTTP Request > Post https://api.teamwood.games/0.41/api/build/end
HTTP Response > Post https://api.teamwood.games/0.41/api/build/end > <color=green>200</color>
HTTP Request > Post https://api.teamwood.games/0.41/api/versus/ready
Hub Change > 66d057b1-5826-44b7-a67c-6e9bfc3c19c8
Handling match update.
Load battle because new was found.
HTTP Response > Post https://api.teamwood.games/0.41/api/versus/ready > <color=green>200</color>
Handling match update.
Load battle because new was found.
Loading battle was blocked.
Load battle after ready.
Loading battle was blocked.
HTTP Request > Get https://api.teamwood.games/0.41/api/battle/get/08dc74a4-e0be-4ba0-b4e6-2961ad27dd37
HTTP Response > Get https://api.teamwood.games/0.41/api/battle/get/08dc74a4-e0be-4ba0-b4e6-2961ad27dd37 > <color=green>200</color>
Unloading 7 Unused Serialized files (Serialized files now loaded: 6)
SyncManager > Watch > 
Abort all requests
[PhysX] Initialized MultithreadedTaskDispatcher with 12 workers.
UnloadTime: 9.756085 ms
Added pool 'particles'
Unloading 1051 unused Assets to reduce memory usage. Loaded Objects now: 59301.
Total: 62.406095 ms (FindLiveObjects: 3.365903 ms CreateObjectMapping: 2.135096 ms MarkObjects: 56.045589 ms  DeleteObjects: 0.859017 ms)

[INFO] Battle Starting: master seed 154883358, player seed: -1973254449, opponent seed: 234299692
T: 3738.708 - MasterAudio: All 1 children of ShieldLost were busy. Will not play this sound for this instance. If you need more voices, increase the 'Voices / Weight' field on the Variation(s) in your Sound Group.
T: 3742.409 - MasterAudio: Polyphony limit of group: Smash exceeded and no playing Variation is usable for Retrigger Limit Mode. Will not play this sound for this instance.
T: 3765.868 - MasterAudio: Polyphony limit of group: Smash exceeded and no playing Variation is usable for Retrigger Limit Mode. Will not play this sound for this instance.
Watch battle for participation 66d057b1-5826-44b7-a67c-6e9bfc3c19c8
Watch battle 08dc74a4-e0be-4ba0-b4e6-2961ad27dd37
HTTP Request > Post https://api.teamwood.games/0.41/api/versus/watch
HTTP Response > Post https://api.teamwood.games/0.41/api/versus/watch > <color=green>200</color>
[INFO] Battle completed, outcome: PlayerWon, masterSeed: 154883358, end result: -617409345
Unloading 6 Unused Serialized files (Serialized files now loaded: 6)
Abort all requests
[PhysX] Initialized MultithreadedTaskDispatcher with 12 workers.
UnloadTime: 7.494491 ms
Unloading 63 unused Assets to reduce memory usage. Loaded Objects now: 63500.
Total: 68.205679 ms (FindLiveObjects: 3.776645 ms CreateObjectMapping: 2.218319 ms MarkObjects: 61.828471 ms  DeleteObjects: 0.381703 ms)

SyncManager > Watch > 66d057b1-5826-44b7-a67c-6e9bfc3c19c8
HTTP Request > Post https://api.teamwood.games/0.41/api/build/start
HTTP Response > Post https://api.teamwood.games/0.41/api/build/start > <color=green>200</color>
HTTP Request > Post https://api.teamwood.games/0.41/api/build/play-spell
HTTP Response > Post https://api.teamwood.games/0.41/api/build/play-spell > <color=green>200</color>
HTTP Request > Post https://api.teamwood.games/0.41/api/build/play-spell
HTTP Response > Post https://api.teamwood.games/0.41/api/build/play-spell > <color=green>200</color>
HTTP Request > Post https://api.teamwood.games/0.41/api/build/play-minion
HTTP Response > Post https://api.teamwood.games/0.41/api/build/play-minion > <color=green>200</color>
HTTP Request > Post https://api.teamwood.games/0.41/api/build/roll
HTTP Response > Post https://api.teamwood.games/0.41/api/build/roll > <color=green>200</color>
HTTP Request > Post https://api.teamwood.games/0.41/api/build/end
HTTP Response > Post https://api.teamwood.games/0.41/api/build/end > <color=green>200</color>
HTTP Request > Post https://api.teamwood.games/0.41/api/versus/ready
Hub Change Player Count > 66d057b1-5826-44b7-a67c-6e9bfc3c19c8
Handling match update.
Merging models.
HTTP Response > Post https://api.teamwood.games/0.41/api/versus/ready > <color=green>200</color>
Handling match update.
Merging models.
Load battle after ready.
Participation battle has already been watched.
Spacewood.Unity.MonoBehaviours.Build.<ReadyAsync>d__30:MoveNext()
Cysharp.Threading.Tasks.UniTaskCompletionSourceCore`1:TrySetResult(TResult)
Spacewood.Unity.<ReadyRequestAsync>d__4:MoveNext()
Cysharp.Threading.Tasks.UniTaskCompletionSourceCore`1:TrySetResult(TResult)
Spacewood.Unity.<ReadyVersusAsync>d__164:MoveNext()
Cysharp.Threading.Tasks.UniTaskCompletionSourceCore`1:TrySetResult(TResult)
Spacewood.Unity.<SendAndRetryHttpRequestAsync>d__181`1:MoveNext()
Cysharp.Threading.Tasks.UniTaskCompletionSourceCore`1:TrySetResult(TResult)
Spacewood.Unity.<SendHttpResponseAsync>d__182`1:MoveNext()
System.Threading.Tasks.AwaitTaskContinuation:RunCallback(ContextCallback, Object, Task&)
System.Threading.Tasks.Task:FinishContinuations()
System.Threading.Tasks.Task`1:TrySetResult(TResult)
System.Threading.Tasks.TaskCompletionSource`1:TrySetResult(TResult)
BestHTTP.Core.RequestEventHelper:HandleRequestStateChange(RequestEventInfo)
BestHTTP.Core.RequestEventHelper:ProcessQueue()
BestHTTP.HTTPManager:OnUpdate()
BestHTTP.HTTPUpdateDelegator:CallOnUpdate()

HTTP Request > Get https://api.teamwood.games/0.41/api/user/participation/66d057b1-5826-44b7-a67c-6e9bfc3c19c8
HTTP Response > Get https://api.teamwood.games/0.41/api/user/participation/66d057b1-5826-44b7-a67c-6e9bfc3c19c8 > <color=green>200</color>
Handling match update.
Merging models.
HTTP Request > Get https://api.teamwood.games/0.41/api/user/participation/66d057b1-5826-44b7-a67c-6e9bfc3c19c8
HTTP Response > Get https://api.teamwood.games/0.41/api/user/participation/66d057b1-5826-44b7-a67c-6e9bfc3c19c8 > <color=green>200</color>
Handling match update.
Merging models.
HTTP Request > Get https://api.teamwood.games/0.41/api/user/participation/66d057b1-5826-44b7-a67c-6e9bfc3c19c8
HTTP Response > Get https://api.teamwood.games/0.41/api/user/participation/66d057b1-5826-44b7-a67c-6e9bfc3c19c8 > <color=green>200</color>
Handling match update.
Merging models.
Hub Change > 66d057b1-5826-44b7-a67c-6e9bfc3c19c8
Handling match update.
Load battle because new was found.
HTTP Request > Get https://api.teamwood.games/0.41/api/battle/get/332112bc-c5d7-4db5-a730-cae86cd2c36c
HTTP Response > Get https://api.teamwood.games/0.41/api/battle/get/332112bc-c5d7-4db5-a730-cae86cd2c36c > <color=green>200</color>
Unloading 7 Unused Serialized files (Serialized files now loaded: 6)
SyncManager > Watch > 
Abort all requests
[PhysX] Initialized MultithreadedTaskDispatcher with 12 workers.
UnloadTime: 10.968327 ms
Added pool 'particles'
Unloading 1008 unused Assets to reduce memory usage. Loaded Objects now: 59300.
Total: 63.265943 ms (FindLiveObjects: 3.385676 ms CreateObjectMapping: 2.076171 ms MarkObjects: 56.781713 ms  DeleteObjects: 1.021104 ms)

[INFO] Battle Starting: master seed 1564164104, player seed: -1973254449, opponent seed: 234299692
HTTP Request > Get https://api.teamwood.games/0.41/api/user/versus-participations
HTTP Response > Get https://api.teamwood.games/0.41/api/user/versus-participations > <color=green>200</color>
T: 3870.745 - MasterAudio: Polyphony limit of group: Smash exceeded and no playing Variation is usable for Retrigger Limit Mode. Will not play this sound for this instance.
T: 3873.562 - MasterAudio: Polyphony limit of group: Smash exceeded and no playing Variation is usable for Retrigger Limit Mode. Will not play this sound for this instance.
Watch battle for participation 66d057b1-5826-44b7-a67c-6e9bfc3c19c8
Watch battle 332112bc-c5d7-4db5-a730-cae86cd2c36c
HTTP Request > Post https://api.teamwood.games/0.41/api/versus/watch
HTTP Response > Post https://api.teamwood.games/0.41/api/versus/watch > <color=green>200</color>
[INFO] Battle completed, outcome: PlayerWon, masterSeed: 1564164104, end result: 2121499584
Unloading 6 Unused Serialized files (Serialized files now loaded: 6)
Abort all requests
[PhysX] Initialized MultithreadedTaskDispatcher with 12 workers.
UnloadTime: 7.388347 ms
Unloading 62 unused Assets to reduce memory usage. Loaded Objects now: 63500.
Total: 69.155592 ms (FindLiveObjects: 3.632736 ms CreateObjectMapping: 2.169960 ms MarkObjects: 62.976412 ms  DeleteObjects: 0.375840 ms)

SyncManager > Watch > 66d057b1-5826-44b7-a67c-6e9bfc3c19c8
HTTP Request > Post https://api.teamwood.games/0.41/api/build/start
HTTP Response > Post https://api.teamwood.games/0.41/api/build/start > <color=green>200</color>
HTTP Request > Post https://api.teamwood.games/0.41/api/build/play-spell
HTTP Response > Post https://api.teamwood.games/0.41/api/build/play-spell > <color=green>200</color>
HTTP Request > Post https://api.teamwood.games/0.41/api/build/play-minion
HTTP Response > Post https://api.teamwood.games/0.41/api/build/play-minion > <color=green>200</color>
HTTP Request > Post https://api.teamwood.games/0.41/api/build/roll
HTTP Response > Post https://api.teamwood.games/0.41/api/build/roll > <color=green>200</color>
HTTP Request > Post https://api.teamwood.games/0.41/api/build/play-spell
HTTP Response > Post https://api.teamwood.games/0.41/api/build/play-spell > <color=green>200</color>
HTTP Request > Post https://api.teamwood.games/0.41/api/build/end
HTTP Response > Post https://api.teamwood.games/0.41/api/build/end > <color=green>200</color>
HTTP Request > Post https://api.teamwood.games/0.41/api/versus/ready
Hub Change Player Count > 66d057b1-5826-44b7-a67c-6e9bfc3c19c8
Handling match update.
Merging models.
HTTP Response > Post https://api.teamwood.games/0.41/api/versus/ready > <color=green>200</color>
Handling match update.
Merging models.
Load battle after ready.
Participation battle has already been watched.
Spacewood.Unity.MonoBehaviours.Build.<ReadyAsync>d__30:MoveNext()
Cysharp.Threading.Tasks.UniTaskCompletionSourceCore`1:TrySetResult(TResult)
Spacewood.Unity.<ReadyRequestAsync>d__4:MoveNext()
Cysharp.Threading.Tasks.UniTaskCompletionSourceCore`1:TrySetResult(TResult)
Spacewood.Unity.<ReadyVersusAsync>d__164:MoveNext()
Cysharp.Threading.Tasks.UniTaskCompletionSourceCore`1:TrySetResult(TResult)
Spacewood.Unity.<SendAndRetryHttpRequestAsync>d__181`1:MoveNext()
Cysharp.Threading.Tasks.UniTaskCompletionSourceCore`1:TrySetResult(TResult)
Spacewood.Unity.<SendHttpResponseAsync>d__182`1:MoveNext()
System.Threading.Tasks.AwaitTaskContinuation:RunCallback(ContextCallback, Object, Task&)
System.Threading.Tasks.Task:FinishContinuations()
System.Threading.Tasks.Task`1:TrySetResult(TResult)
System.Threading.Tasks.TaskCompletionSource`1:TrySetResult(TResult)
BestHTTP.Core.RequestEventHelper:HandleRequestStateChange(RequestEventInfo)
BestHTTP.Core.RequestEventHelper:ProcessQueue()
BestHTTP.HTTPManager:OnUpdate()
BestHTTP.HTTPUpdateDelegator:CallOnUpdate()

HTTP Request > Get https://api.teamwood.games/0.41/api/user/participation/66d057b1-5826-44b7-a67c-6e9bfc3c19c8
HTTP Response > Get https://api.teamwood.games/0.41/api/user/participation/66d057b1-5826-44b7-a67c-6e9bfc3c19c8 > <color=green>200</color>
Handling match update.
Merging models.
HTTP Request > Get https://api.teamwood.games/0.41/api/user/participation/66d057b1-5826-44b7-a67c-6e9bfc3c19c8
HTTP Response > Get https://api.teamwood.games/0.41/api/user/participation/66d057b1-5826-44b7-a67c-6e9bfc3c19c8 > <color=green>200</color>
Handling match update.
Merging models.
HTTP Request > Get https://api.teamwood.games/0.41/api/user/participation/66d057b1-5826-44b7-a67c-6e9bfc3c19c8
HTTP Response > Get https://api.teamwood.games/0.41/api/user/participation/66d057b1-5826-44b7-a67c-6e9bfc3c19c8 > <color=green>200</color>
Handling match update.
Merging models.
HTTP Request > Get https://api.teamwood.games/0.41/api/user/participation/66d057b1-5826-44b7-a67c-6e9bfc3c19c8
HTTP Response > Get https://api.teamwood.games/0.41/api/user/participation/66d057b1-5826-44b7-a67c-6e9bfc3c19c8 > <color=green>200</color>
Handling match update.
Merging models.
Hub Change > 66d057b1-5826-44b7-a67c-6e9bfc3c19c8
Handling match update.
Load battle because new was found.
HTTP Request > Get https://api.teamwood.games/0.41/api/battle/get/5799c97d-dcbb-4a09-b37f-779074ac83cf
HTTP Response > Get https://api.teamwood.games/0.41/api/battle/get/5799c97d-dcbb-4a09-b37f-779074ac83cf > <color=green>200</color>
Unloading 7 Unused Serialized files (Serialized files now loaded: 6)
SyncManager > Watch > 
Abort all requests
[PhysX] Initialized MultithreadedTaskDispatcher with 12 workers.
UnloadTime: 9.943345 ms
Added pool 'particles'
Unloading 1007 unused Assets to reduce memory usage. Loaded Objects now: 59301.
Total: 72.474551 ms (FindLiveObjects: 3.394531 ms CreateObjectMapping: 2.067449 ms MarkObjects: 65.959508 ms  DeleteObjects: 1.051439 ms)

[INFO] Battle Starting: master seed -1595146677, player seed: -1973254449, opponent seed: 234299692
HTTP Request > Get https://api.teamwood.games/0.41/api/user/versus-participations
HTTP Response > Get https://api.teamwood.games/0.41/api/user/versus-participations > <color=green>200</color>
T: 3975.756 - MasterAudio: Polyphony limit of group: Smash exceeded and no playing Variation is usable for Retrigger Limit Mode. Will not play this sound for this instance.
T: 3979.775 - MasterAudio: Polyphony limit of group: Smash exceeded and no playing Variation is usable for Retrigger Limit Mode. Will not play this sound for this instance.
Watch battle for participation 66d057b1-5826-44b7-a67c-6e9bfc3c19c8
Watch battle 5799c97d-dcbb-4a09-b37f-779074ac83cf
HTTP Request > Post https://api.teamwood.games/0.41/api/versus/watch
HTTP Response > Post https://api.teamwood.games/0.41/api/versus/watch > <color=green>200</color>
[INFO] Battle completed, outcome: PlayerWon, masterSeed: -1595146677, end result: -1794127853
Unloading 6 Unused Serialized files (Serialized files now loaded: 6)
Abort all requests
[PhysX] Initialized MultithreadedTaskDispatcher with 12 workers.
UnloadTime: 7.747221 ms
Unloading 63 unused Assets to reduce memory usage. Loaded Objects now: 63500.
Total: 106.394855 ms (FindLiveObjects: 4.446111 ms CreateObjectMapping: 2.797905 ms MarkObjects: 98.688685 ms  DeleteObjects: 0.461499 ms)

SyncManager > Watch > 66d057b1-5826-44b7-a67c-6e9bfc3c19c8
HTTP Request > Post https://api.teamwood.games/0.41/api/build/start
HTTP Response > Post https://api.teamwood.games/0.41/api/build/start > <color=green>200</color>
HTTP Request > Post https://api.teamwood.games/0.41/api/build/roll
HTTP Response > Post https://api.teamwood.games/0.41/api/build/roll > <color=green>200</color>
HTTP Request > Post https://api.teamwood.games/0.41/api/build/roll
HTTP Response > Post https://api.teamwood.games/0.41/api/build/roll > <color=green>200</color>
HTTP Request > Post https://api.teamwood.games/0.41/api/build/play-spell
HTTP Response > Post https://api.teamwood.games/0.41/api/build/play-spell > <color=green>200</color>
HTTP Request > Post https://api.teamwood.games/0.41/api/build/roll
HTTP Response > Post https://api.teamwood.games/0.41/api/build/roll > <color=green>200</color>
HTTP Request > Post https://api.teamwood.games/0.41/api/build/play-minion
HTTP Response > Post https://api.teamwood.games/0.41/api/build/play-minion > <color=green>200</color>
HTTP Request > Post https://api.teamwood.games/0.41/api/build/roll
HTTP Response > Post https://api.teamwood.games/0.41/api/build/roll > <color=green>200</color>
HTTP Request > Post https://api.teamwood.games/0.41/api/build/end
HTTP Response > Post https://api.teamwood.games/0.41/api/build/end > <color=green>200</color>
HTTP Request > Post https://api.teamwood.games/0.41/api/versus/ready
Hub Change Player Count > 66d057b1-5826-44b7-a67c-6e9bfc3c19c8
Handling match update.
Merging models.
HTTP Response > Post https://api.teamwood.games/0.41/api/versus/ready > <color=green>200</color>
Handling match update.
Merging models.
Load battle after ready.
Participation battle has already been watched.
Spacewood.Unity.MonoBehaviours.Build.<ReadyAsync>d__30:MoveNext()
Cysharp.Threading.Tasks.UniTaskCompletionSourceCore`1:TrySetResult(TResult)
Spacewood.Unity.<ReadyRequestAsync>d__4:MoveNext()
Cysharp.Threading.Tasks.UniTaskCompletionSourceCore`1:TrySetResult(TResult)
Spacewood.Unity.<ReadyVersusAsync>d__164:MoveNext()
Cysharp.Threading.Tasks.UniTaskCompletionSourceCore`1:TrySetResult(TResult)
Spacewood.Unity.<SendAndRetryHttpRequestAsync>d__181`1:MoveNext()
Cysharp.Threading.Tasks.UniTaskCompletionSourceCore`1:TrySetResult(TResult)
Spacewood.Unity.<SendHttpResponseAsync>d__182`1:MoveNext()
System.Threading.Tasks.AwaitTaskContinuation:RunCallback(ContextCallback, Object, Task&)
System.Threading.Tasks.Task:FinishContinuations()
System.Threading.Tasks.Task`1:TrySetResult(TResult)
System.Threading.Tasks.TaskCompletionSource`1:TrySetResult(TResult)
BestHTTP.Core.RequestEventHelper:HandleRequestStateChange(RequestEventInfo)
BestHTTP.Core.RequestEventHelper:ProcessQueue()
BestHTTP.HTTPManager:OnUpdate()
BestHTTP.HTTPUpdateDelegator:CallOnUpdate()

HTTP Request > Get https://api.teamwood.games/0.41/api/user/participation/66d057b1-5826-44b7-a67c-6e9bfc3c19c8
HTTP Response > Get https://api.teamwood.games/0.41/api/user/participation/66d057b1-5826-44b7-a67c-6e9bfc3c19c8 > <color=green>200</color>
Handling match update.
Merging models.
HTTP Request > Get https://api.teamwood.games/0.41/api/user/participation/66d057b1-5826-44b7-a67c-6e9bfc3c19c8
HTTP Response > Get https://api.teamwood.games/0.41/api/user/participation/66d057b1-5826-44b7-a67c-6e9bfc3c19c8 > <color=green>200</color>
Handling match update.
Merging models.
Hub Change > 66d057b1-5826-44b7-a67c-6e9bfc3c19c8
Handling match update.
Load battle because new was found.
HTTP Request > Get https://api.teamwood.games/0.41/api/battle/get/7fd356ad-c825-40a3-93df-7198da287af7
HTTP Response > Get https://api.teamwood.games/0.41/api/battle/get/7fd356ad-c825-40a3-93df-7198da287af7 > <color=green>200</color>
Unloading 7 Unused Serialized files (Serialized files now loaded: 6)
SyncManager > Watch > 
Abort all requests
[PhysX] Initialized MultithreadedTaskDispatcher with 12 workers.
UnloadTime: 12.277263 ms
Added pool 'particles'
Unloading 1064 unused Assets to reduce memory usage. Loaded Objects now: 59300.
Total: 64.783476 ms (FindLiveObjects: 3.536523 ms CreateObjectMapping: 2.150356 ms MarkObjects: 57.056647 ms  DeleteObjects: 2.038484 ms)

[INFO] Battle Starting: master seed -56794822, player seed: -1973254449, opponent seed: 234299692
T: 4075.031 - MasterAudio: Polyphony limit of group: Smash exceeded and no playing Variation is usable for Retrigger Limit Mode. Will not play this sound for this instance.
Watch battle for participation 66d057b1-5826-44b7-a67c-6e9bfc3c19c8
Watch battle 7fd356ad-c825-40a3-93df-7198da287af7
HTTP Request > Post https://api.teamwood.games/0.41/api/versus/watch
HTTP Response > Post https://api.teamwood.games/0.41/api/versus/watch > <color=green>200</color>
[INFO] Battle completed, outcome: PlayerWon, masterSeed: -56794822, end result: 1063966362
Unloading 6 Unused Serialized files (Serialized files now loaded: 6)
Abort all requests
[PhysX] Initialized MultithreadedTaskDispatcher with 12 workers.
UnloadTime: 7.485810 ms
Unloading 62 unused Assets to reduce memory usage. Loaded Objects now: 63500.
Total: 68.015964 ms (FindLiveObjects: 3.538349 ms CreateObjectMapping: 2.155572 ms MarkObjects: 61.940379 ms  DeleteObjects: 0.380776 ms)

SyncManager > Watch > 66d057b1-5826-44b7-a67c-6e9bfc3c19c8
HTTP Request > Post https://api.teamwood.games/0.41/api/build/start
HTTP Response > Post https://api.teamwood.games/0.41/api/build/start > <color=green>200</color>
HTTP Request > Post https://api.teamwood.games/0.41/api/build/play-minion
HTTP Response > Post https://api.teamwood.games/0.41/api/build/play-minion > <color=green>200</color>
HTTP Request > Post https://api.teamwood.games/0.41/api/build/play-spell
HTTP Response > Post https://api.teamwood.games/0.41/api/build/play-spell > <color=green>200</color>
HTTP Request > Post https://api.teamwood.games/0.41/api/build/roll
HTTP Response > Post https://api.teamwood.games/0.41/api/build/roll > <color=green>200</color>
HTTP Request > Post https://api.teamwood.games/0.41/api/build/play-spell
HTTP Response > Post https://api.teamwood.games/0.41/api/build/play-spell > <color=green>200</color>
HTTP Request > Post https://api.teamwood.games/0.41/api/build/end
HTTP Response > Post https://api.teamwood.games/0.41/api/build/end > <color=green>200</color>
HTTP Request > Post https://api.teamwood.games/0.41/api/versus/ready
Hub Change Player Count > 66d057b1-5826-44b7-a67c-6e9bfc3c19c8
Handling match update.
Merging models.
HTTP Response > Post https://api.teamwood.games/0.41/api/versus/ready > <color=green>200</color>
Handling match update.
Merging models.
Load battle after ready.
Participation battle has already been watched.
Spacewood.Unity.MonoBehaviours.Build.<ReadyAsync>d__30:MoveNext()
Cysharp.Threading.Tasks.UniTaskCompletionSourceCore`1:TrySetResult(TResult)
Spacewood.Unity.<ReadyRequestAsync>d__4:MoveNext()
Cysharp.Threading.Tasks.UniTaskCompletionSourceCore`1:TrySetResult(TResult)
Spacewood.Unity.<ReadyVersusAsync>d__164:MoveNext()
Cysharp.Threading.Tasks.UniTaskCompletionSourceCore`1:TrySetResult(TResult)
Spacewood.Unity.<SendAndRetryHttpRequestAsync>d__181`1:MoveNext()
Cysharp.Threading.Tasks.UniTaskCompletionSourceCore`1:TrySetResult(TResult)
Spacewood.Unity.<SendHttpResponseAsync>d__182`1:MoveNext()
System.Threading.Tasks.AwaitTaskContinuation:RunCallback(ContextCallback, Object, Task&)
System.Threading.Tasks.Task:FinishContinuations()
System.Threading.Tasks.Task`1:TrySetResult(TResult)
System.Threading.Tasks.TaskCompletionSource`1:TrySetResult(TResult)
BestHTTP.Core.RequestEventHelper:HandleRequestStateChange(RequestEventInfo)
BestHTTP.Core.RequestEventHelper:ProcessQueue()
BestHTTP.HTTPManager:OnUpdate()
BestHTTP.HTTPUpdateDelegator:CallOnUpdate()

HTTP Request > Get https://api.teamwood.games/0.41/api/user/participation/66d057b1-5826-44b7-a67c-6e9bfc3c19c8
HTTP Response > Get https://api.teamwood.games/0.41/api/user/participation/66d057b1-5826-44b7-a67c-6e9bfc3c19c8 > <color=green>200</color>
Handling match update.
Merging models.
HTTP Request > Get https://api.teamwood.games/0.41/api/user/participation/66d057b1-5826-44b7-a67c-6e9bfc3c19c8
HTTP Response > Get https://api.teamwood.games/0.41/api/user/participation/66d057b1-5826-44b7-a67c-6e9bfc3c19c8 > <color=green>200</color>
Handling match update.
Merging models.
Hub Change > 66d057b1-5826-44b7-a67c-6e9bfc3c19c8
Handling match update.
Load battle because new was found.
HTTP Request > Get https://api.teamwood.games/0.41/api/battle/get/32ad1e34-d4ee-473c-88c3-f502ba493454
HTTP Response > Get https://api.teamwood.games/0.41/api/battle/get/32ad1e34-d4ee-473c-88c3-f502ba493454 > <color=green>200</color>
Unloading 7 Unused Serialized files (Serialized files now loaded: 6)
SyncManager > Watch > 
Abort all requests
[PhysX] Initialized MultithreadedTaskDispatcher with 12 workers.
UnloadTime: 9.872869 ms
Added pool 'particles'
Unloading 747 unused Assets to reduce memory usage. Loaded Objects now: 59567.
Total: 64.010404 ms (FindLiveObjects: 3.415325 ms CreateObjectMapping: 2.096757 ms MarkObjects: 57.795338 ms  DeleteObjects: 0.702493 ms)

[INFO] Battle Starting: master seed 700975405, player seed: -1973254449, opponent seed: 234299692
T: 4122.708 - MasterAudio: All 1 children of ShieldLost were busy. Will not play this sound for this instance. If you need more voices, increase the 'Voices / Weight' field on the Variation(s) in your Sound Group.
T: 4137.595 - MasterAudio: Polyphony limit of group: Smash exceeded and no playing Variation is usable for Retrigger Limit Mode. Will not play this sound for this instance.
Watch battle for participation 66d057b1-5826-44b7-a67c-6e9bfc3c19c8
Watch battle 32ad1e34-d4ee-473c-88c3-f502ba493454
HTTP Request > Post https://api.teamwood.games/0.41/api/versus/watch
HTTP Response > Post https://api.teamwood.games/0.41/api/versus/watch > <color=green>200</color>
[INFO] Battle completed, outcome: PlayerWon, masterSeed: 700975405, end result: -1164624116
Unloading 6 Unused Serialized files (Serialized files now loaded: 6)
Abort all requests
[PhysX] Initialized MultithreadedTaskDispatcher with 12 workers.
UnloadTime: 8.277082 ms
Unloading 68 unused Assets to reduce memory usage. Loaded Objects now: 63500.
Total: 69.565958 ms (FindLiveObjects: 3.798008 ms CreateObjectMapping: 2.228250 ms MarkObjects: 62.891808 ms  DeleteObjects: 0.647116 ms)

SyncManager > Watch > 66d057b1-5826-44b7-a67c-6e9bfc3c19c8
HTTP Request > Post https://api.teamwood.games/0.41/api/build/start
HTTP Response > Post https://api.teamwood.games/0.41/api/build/start > <color=green>200</color>
HTTP Request > Post https://api.teamwood.games/0.41/api/build/play-spell
HTTP Response > Post https://api.teamwood.games/0.41/api/build/play-spell > <color=green>200</color>
HTTP Request > Post https://api.teamwood.games/0.41/api/build/roll
HTTP Response > Post https://api.teamwood.games/0.41/api/build/roll > <color=green>200</color>
HTTP Request > Post https://api.teamwood.games/0.41/api/build/play-spell
HTTP Response > Post https://api.teamwood.games/0.41/api/build/play-spell > <color=green>200</color>
HTTP Request > Post https://api.teamwood.games/0.41/api/build/roll
HTTP Response > Post https://api.teamwood.games/0.41/api/build/roll > <color=green>200</color>
HTTP Request > Post https://api.teamwood.games/0.41/api/build/roll
HTTP Response > Post https://api.teamwood.games/0.41/api/build/roll > <color=green>200</color>
HTTP Request > Post https://api.teamwood.games/0.41/api/build/roll
HTTP Response > Post https://api.teamwood.games/0.41/api/build/roll > <color=green>200</color>
HTTP Request > Post https://api.teamwood.games/0.41/api/build/end
HTTP Response > Post https://api.teamwood.games/0.41/api/build/end > <color=green>200</color>
HTTP Request > Post https://api.teamwood.games/0.41/api/versus/ready
Hub Change Player Count > 66d057b1-5826-44b7-a67c-6e9bfc3c19c8
Handling match update.
Merging models.
HTTP Response > Post https://api.teamwood.games/0.41/api/versus/ready > <color=green>200</color>
Handling match update.
Merging models.
Load battle after ready.
Participation battle has already been watched.
Spacewood.Unity.MonoBehaviours.Build.<ReadyAsync>d__30:MoveNext()
Cysharp.Threading.Tasks.UniTaskCompletionSourceCore`1:TrySetResult(TResult)
Spacewood.Unity.<ReadyRequestAsync>d__4:MoveNext()
Cysharp.Threading.Tasks.UniTaskCompletionSourceCore`1:TrySetResult(TResult)
Spacewood.Unity.<ReadyVersusAsync>d__164:MoveNext()
Cysharp.Threading.Tasks.UniTaskCompletionSourceCore`1:TrySetResult(TResult)
Spacewood.Unity.<SendAndRetryHttpRequestAsync>d__181`1:MoveNext()
Cysharp.Threading.Tasks.UniTaskCompletionSourceCore`1:TrySetResult(TResult)
Spacewood.Unity.<SendHttpResponseAsync>d__182`1:MoveNext()
System.Threading.Tasks.AwaitTaskContinuation:RunCallback(ContextCallback, Object, Task&)
System.Threading.Tasks.Task:FinishContinuations()
System.Threading.Tasks.Task`1:TrySetResult(TResult)
System.Threading.Tasks.TaskCompletionSource`1:TrySetResult(TResult)
BestHTTP.Core.RequestEventHelper:HandleRequestStateChange(RequestEventInfo)
BestHTTP.Core.RequestEventHelper:ProcessQueue()
BestHTTP.HTTPManager:OnUpdate()
BestHTTP.HTTPUpdateDelegator:CallOnUpdate()

HTTP Request > Get https://api.teamwood.games/0.41/api/user/participation/66d057b1-5826-44b7-a67c-6e9bfc3c19c8
HTTP Response > Get https://api.teamwood.games/0.41/api/user/participation/66d057b1-5826-44b7-a67c-6e9bfc3c19c8 > <color=green>200</color>
Handling match update.
Merging models.
HTTP Request > Get https://api.teamwood.games/0.41/api/user/participation/66d057b1-5826-44b7-a67c-6e9bfc3c19c8
HTTP Response > Get https://api.teamwood.games/0.41/api/user/participation/66d057b1-5826-44b7-a67c-6e9bfc3c19c8 > <color=green>200</color>
Handling match update.
Merging models.
HTTP Request > Get https://api.teamwood.games/0.41/api/user/participation/66d057b1-5826-44b7-a67c-6e9bfc3c19c8
HTTP Response > Get https://api.teamwood.games/0.41/api/user/participation/66d057b1-5826-44b7-a67c-6e9bfc3c19c8 > <color=green>200</color>
Handling match update.
Merging models.
HTTP Request > Get https://api.teamwood.games/0.41/api/user/participation/66d057b1-5826-44b7-a67c-6e9bfc3c19c8
HTTP Response > Get https://api.teamwood.games/0.41/api/user/participation/66d057b1-5826-44b7-a67c-6e9bfc3c19c8 > <color=green>200</color>
Handling match update.
Merging models.
Hub Change > 66d057b1-5826-44b7-a67c-6e9bfc3c19c8
Handling match update.
Load battle because new was found.
HTTP Request > Get https://api.teamwood.games/0.41/api/battle/get/ccd600cf-8445-4a5d-b8b4-fe4022b5f984
HTTP Response > Get https://api.teamwood.games/0.41/api/battle/get/ccd600cf-8445-4a5d-b8b4-fe4022b5f984 > <color=green>200</color>
Unloading 7 Unused Serialized files (Serialized files now loaded: 6)
SyncManager > Watch > 
Abort all requests
[PhysX] Initialized MultithreadedTaskDispatcher with 12 workers.
UnloadTime: 11.376385 ms
Added pool 'particles'
Unloading 1055 unused Assets to reduce memory usage. Loaded Objects now: 59300.
Total: 65.698963 ms (FindLiveObjects: 3.417228 ms CreateObjectMapping: 2.042044 ms MarkObjects: 59.339007 ms  DeleteObjects: 0.899824 ms)

[INFO] Battle Starting: master seed 1228810712, player seed: -1973254449, opponent seed: 234299692
T: 4265.174 - MasterAudio: Polyphony limit of group: Smash exceeded and no playing Variation is usable for Retrigger Limit Mode. Will not play this sound for this instance.
Watch battle for participation 66d057b1-5826-44b7-a67c-6e9bfc3c19c8
Watch battle ccd600cf-8445-4a5d-b8b4-fe4022b5f984
HTTP Request > Post https://api.teamwood.games/0.41/api/versus/watch
HTTP Response > Post https://api.teamwood.games/0.41/api/versus/watch > <color=green>200</color>
[INFO] Battle completed, outcome: PlayerWon, masterSeed: 1228810712, end result: 2119474191
Unloading 6 Unused Serialized files (Serialized files now loaded: 6)
Abort all requests
[PhysX] Initialized MultithreadedTaskDispatcher with 12 workers.
UnloadTime: 7.782889 ms
Unloading 60 unused Assets to reduce memory usage. Loaded Objects now: 63499.
Total: 71.775467 ms (FindLiveObjects: 3.560114 ms CreateObjectMapping: 2.152752 ms MarkObjects: 65.684290 ms  DeleteObjects: 0.377732 ms)

SyncManager > Watch > 66d057b1-5826-44b7-a67c-6e9bfc3c19c8
HTTP Request > Post https://api.teamwood.games/0.41/api/build/start
HTTP Response > Post https://api.teamwood.games/0.41/api/build/start > <color=green>200</color>
HTTP Request > Post https://api.teamwood.games/0.41/api/build/play-spell
HTTP Response > Post https://api.teamwood.games/0.41/api/build/play-spell > <color=green>200</color>
HTTP Request > Post https://api.teamwood.games/0.41/api/build/roll
HTTP Response > Post https://api.teamwood.games/0.41/api/build/roll > <color=green>200</color>
HTTP Request > Post https://api.teamwood.games/0.41/api/build/roll
HTTP Response > Post https://api.teamwood.games/0.41/api/build/roll > <color=green>200</color>
HTTP Request > Post https://api.teamwood.games/0.41/api/build/play-spell
HTTP Response > Post https://api.teamwood.games/0.41/api/build/play-spell > <color=green>200</color>
HTTP Request > Post https://api.teamwood.games/0.41/api/build/roll
HTTP Response > Post https://api.teamwood.games/0.41/api/build/roll > <color=green>200</color>
HTTP Request > Post https://api.teamwood.games/0.41/api/build/roll
HTTP Response > Post https://api.teamwood.games/0.41/api/build/roll > <color=green>200</color>
HTTP Request > Post https://api.teamwood.games/0.41/api/build/end
HTTP Response > Post https://api.teamwood.games/0.41/api/build/end > <color=green>200</color>
HTTP Request > Post https://api.teamwood.games/0.41/api/versus/ready
Hub Change Player Count > 66d057b1-5826-44b7-a67c-6e9bfc3c19c8
Handling match update.
Merging models.
HTTP Response > Post https://api.teamwood.games/0.41/api/versus/ready > <color=green>200</color>
Handling match update.
Merging models.
Load battle after ready.
Participation battle has already been watched.
Spacewood.Unity.MonoBehaviours.Build.<ReadyAsync>d__30:MoveNext()
Cysharp.Threading.Tasks.UniTaskCompletionSourceCore`1:TrySetResult(TResult)
Spacewood.Unity.<ReadyRequestAsync>d__4:MoveNext()
Cysharp.Threading.Tasks.UniTaskCompletionSourceCore`1:TrySetResult(TResult)
Spacewood.Unity.<ReadyVersusAsync>d__164:MoveNext()
Cysharp.Threading.Tasks.UniTaskCompletionSourceCore`1:TrySetResult(TResult)
Spacewood.Unity.<SendAndRetryHttpRequestAsync>d__181`1:MoveNext()
Cysharp.Threading.Tasks.UniTaskCompletionSourceCore`1:TrySetResult(TResult)
Spacewood.Unity.<SendHttpResponseAsync>d__182`1:MoveNext()
System.Threading.Tasks.AwaitTaskContinuation:RunCallback(ContextCallback, Object, Task&)
System.Threading.Tasks.Task:FinishContinuations()
System.Threading.Tasks.Task`1:TrySetResult(TResult)
System.Threading.Tasks.TaskCompletionSource`1:TrySetResult(TResult)
BestHTTP.Core.RequestEventHelper:HandleRequestStateChange(RequestEventInfo)
BestHTTP.Core.RequestEventHelper:ProcessQueue()
BestHTTP.HTTPManager:OnUpdate()
BestHTTP.HTTPUpdateDelegator:CallOnUpdate()

HTTP Request > Get https://api.teamwood.games/0.41/api/user/participation/66d057b1-5826-44b7-a67c-6e9bfc3c19c8
HTTP Response > Get https://api.teamwood.games/0.41/api/user/participation/66d057b1-5826-44b7-a67c-6e9bfc3c19c8 > <color=green>200</color>
Handling match update.
Merging models.
HTTP Request > Get https://api.teamwood.games/0.41/api/user/participation/66d057b1-5826-44b7-a67c-6e9bfc3c19c8
HTTP Response > Get https://api.teamwood.games/0.41/api/user/participation/66d057b1-5826-44b7-a67c-6e9bfc3c19c8 > <color=green>200</color>
Handling match update.
Merging models.
HTTP Request > Get https://api.teamwood.games/0.41/api/user/participation/66d057b1-5826-44b7-a67c-6e9bfc3c19c8
HTTP Response > Get https://api.teamwood.games/0.41/api/user/participation/66d057b1-5826-44b7-a67c-6e9bfc3c19c8 > <color=green>200</color>
Handling match update.
Merging models.
HTTP Request > Get https://api.teamwood.games/0.41/api/user/participation/66d057b1-5826-44b7-a67c-6e9bfc3c19c8
HTTP Response > Get https://api.teamwood.games/0.41/api/user/participation/66d057b1-5826-44b7-a67c-6e9bfc3c19c8 > <color=green>200</color>
Handling match update.
Merging models.
HTTP Request > Get https://api.teamwood.games/0.41/api/user/participation/66d057b1-5826-44b7-a67c-6e9bfc3c19c8
HTTP Response > Get https://api.teamwood.games/0.41/api/user/participation/66d057b1-5826-44b7-a67c-6e9bfc3c19c8 > <color=green>200</color>
Handling match update.
Merging models.
HTTP Request > Get https://api.teamwood.games/0.41/api/user/participation/66d057b1-5826-44b7-a67c-6e9bfc3c19c8
Hub Change > 66d057b1-5826-44b7-a67c-6e9bfc3c19c8
Handling match update.
Load battle because new was found.
HTTP Response > Get https://api.teamwood.games/0.41/api/user/participation/66d057b1-5826-44b7-a67c-6e9bfc3c19c8 > <color=green>200</color>
Handling match update.
Load battle because new was found.
Loading battle was blocked.
HTTP Request > Get https://api.teamwood.games/0.41/api/battle/get/14e94894-31a7-4144-a6c4-08326a809b78
HTTP Response > Get https://api.teamwood.games/0.41/api/battle/get/14e94894-31a7-4144-a6c4-08326a809b78 > <color=green>200</color>
Unloading 7 Unused Serialized files (Serialized files now loaded: 6)
SyncManager > Watch > 
Abort all requests
[PhysX] Initialized MultithreadedTaskDispatcher with 12 workers.
UnloadTime: 9.740645 ms
Added pool 'particles'
Unloading 1060 unused Assets to reduce memory usage. Loaded Objects now: 59301.
Total: 63.125291 ms (FindLiveObjects: 3.456020 ms CreateObjectMapping: 2.905166 ms MarkObjects: 55.958168 ms  DeleteObjects: 0.805364 ms)

[INFO] Battle Starting: master seed -984278858, player seed: -1973254449, opponent seed: 234299692
T: 4357.687 - MasterAudio: All 1 children of ShieldLost were busy. Will not play this sound for this instance. If you need more voices, increase the 'Voices / Weight' field on the Variation(s) in your Sound Group.
T: 4375.642 - MasterAudio: Polyphony limit of group: Smash exceeded and no playing Variation is usable for Retrigger Limit Mode. Will not play this sound for this instance.
Watch battle for participation 66d057b1-5826-44b7-a67c-6e9bfc3c19c8
Watch battle 14e94894-31a7-4144-a6c4-08326a809b78
HTTP Request > Post https://api.teamwood.games/0.41/api/versus/watch
HTTP Response > Post https://api.teamwood.games/0.41/api/versus/watch > <color=green>200</color>
Hub Stop
[INFO] Battle completed, outcome: PlayerWon, masterSeed: -984278858, end result: -1604641491
Hub Closed
Unloading 5 Unused Serialized files (Serialized files now loaded: 6)
Abort all requests
[PhysX] Initialized MultithreadedTaskDispatcher with 12 workers.
UnloadTime: 7.183836 ms
Unloading 74 unused Assets to reduce memory usage. Loaded Objects now: 85893.
Total: 76.752781 ms (FindLiveObjects: 4.979112 ms CreateObjectMapping: 2.485345 ms MarkObjects: 68.338997 ms  DeleteObjects: 0.948535 ms)

Menu > Start
Uploading Crash Report
Abort all requests
Input System module state changed to: ShutdownInProgress.
Input System polling thread exited.
Input System module state changed to: Shutdown.
Memory Statistics:
[ALLOC_TEMP_TLS] TLS Allocator
  StackAllocators : 
    [ALLOC_TEMP_MAIN]
      Peak usage frame count: [4.0 KB-8.0 KB]: 170208 frames, [8.0 KB-16.0 KB]: 3803 frames, [16.0 KB-32.0 KB]: 21295 frames, [32.0 KB-64.0 KB]: 50503 frames, [64.0 KB-128.0 KB]: 9261 frames, [128.0 KB-256.0 KB]: 1726 frames, [256.0 KB-0.5 MB]: 1079 frames, [0.5 MB-1.0 MB]: 1 frames, [2.0 MB-4.0 MB]: 1 frames, [4.0 MB-8.0 MB]: 88 frames
      Initial Block Size 4.0 MB
      Current Block Size 7.8 MB
      Peak Allocated Bytes 7.8 MB
      Overflow Count 8
    [ALLOC_TEMP_Loading.AsyncRead]
      Initial Block Size 64.0 KB
      Current Block Size 64.0 KB
      Peak Allocated Bytes 58.8 KB
      Overflow Count 0
    [ALLOC_TEMP_Loading.PreloadManager]
      Initial Block Size 256.0 KB
      Current Block Size 0.5 MB
      Peak Allocated Bytes 463.3 KB
      Overflow Count 1482280
    [ALLOC_TEMP_Background Job.Worker 8]
      Initial Block Size 32.0 KB
      Current Block Size 32.0 KB
      Peak Allocated Bytes 0 B
      Overflow Count 0
    [ALLOC_TEMP_Job.Worker 6]
      Initial Block Size 256.0 KB
      Current Block Size 0.5 MB
      Peak Allocated Bytes 302.7 KB
      Overflow Count 3379
    [ALLOC_TEMP_Job.Worker 0]
      Initial Block Size 256.0 KB
      Current Block Size 0.5 MB
      Peak Allocated Bytes 302.0 KB
      Overflow Count 1198
    [ALLOC_TEMP_Background Job.Worker 10]
      Initial Block Size 32.0 KB
      Current Block Size 32.0 KB
      Peak Allocated Bytes 0 B
      Overflow Count 0
    [ALLOC_TEMP_Background Job.Worker 9]
      Initial Block Size 32.0 KB
      Current Block Size 32.0 KB
      Peak Allocated Bytes 0 B
      Overflow Count 0
    [ALLOC_TEMP_Job.Worker 5]
      Initial Block Size 256.0 KB
      Current Block Size 0.5 MB
      Peak Allocated Bytes 302.7 KB
      Overflow Count 12261
    [ALLOC_TEMP_Background Job.Worker 14]
      Initial Block Size 32.0 KB
      Current Block Size 32.0 KB
      Peak Allocated Bytes 0 B
      Overflow Count 0
    [ALLOC_TEMP_Background Job.Worker 6]
      Initial Block Size 32.0 KB
      Current Block Size 32.0 KB
      Peak Allocated Bytes 0 B
      Overflow Count 0
    [ALLOC_TEMP_Job.Worker 4]
      Initial Block Size 256.0 KB
      Current Block Size 0.5 MB
      Peak Allocated Bytes 302.7 KB
      Overflow Count 13730
    [ALLOC_TEMP_Job.Worker 3]
      Initial Block Size 256.0 KB
      Current Block Size 0.5 MB
      Peak Allocated Bytes 302.6 KB
      Overflow Count 9947
    [ALLOC_TEMP_Background Job.Worker 12]
      Initial Block Size 32.0 KB
      Current Block Size 32.0 KB
      Peak Allocated Bytes 0 B
      Overflow Count 0
    [ALLOC_TEMP_EnlightenWorker] x 12
      Initial Block Size 64.0 KB
      Current Block Size 64.0 KB
      Peak Allocated Bytes 0 B
      Overflow Count 0
    [ALLOC_TEMP_Background Job.Worker 15]
      Initial Block Size 32.0 KB
      Current Block Size 32.0 KB
      Peak Allocated Bytes 0 B
      Overflow Count 0
    [ALLOC_TEMP_Background Job.Worker 1]
      Initial Block Size 32.0 KB
      Current Block Size 36.0 KB
      Peak Allocated Bytes 35.2 KB
      Overflow Count 0
    [ALLOC_TEMP_Background Job.Worker 2]
      Initial Block Size 32.0 KB
      Current Block Size 32.0 KB
      Peak Allocated Bytes 115 B
      Overflow Count 1
    [ALLOC_TEMP_Background Job.Worker 7]
      Initial Block Size 32.0 KB
      Current Block Size 32.0 KB
      Peak Allocated Bytes 0 B
      Overflow Count 0
    [ALLOC_TEMP_UnityGfxDeviceWorker]
      Initial Block Size 256.0 KB
      Current Block Size 256.0 KB
      Peak Allocated Bytes 69.9 KB
      Overflow Count 0
    [ALLOC_TEMP_AssetGarbageCollectorHelper] x 11
      Initial Block Size 64.0 KB
      Current Block Size 64.0 KB
      Peak Allocated Bytes 0 B
      Overflow Count 0
    [ALLOC_TEMP_Background Job.Worker 5]
      Initial Block Size 32.0 KB
      Current Block Size 32.0 KB
      Peak Allocated Bytes 0 B
      Overflow Count 0
    [ALLOC_TEMP_Job.Worker 9]
      Initial Block Size 256.0 KB
      Current Block Size 0.5 MB
      Peak Allocated Bytes 302.6 KB
      Overflow Count 1035
    [ALLOC_TEMP_Background Job.Worker 13]
      Initial Block Size 32.0 KB
      Current Block Size 32.0 KB
      Peak Allocated Bytes 0 B
      Overflow Count 0
    [ALLOC_TEMP_Job.Worker 8]
      Initial Block Size 256.0 KB
      Current Block Size 0.5 MB
      Peak Allocated Bytes 302.6 KB
      Overflow Count 2969
    [ALLOC_TEMP_Job.Worker 7]
      Initial Block Size 256.0 KB
      Current Block Size 0.5 MB
      Peak Allocated Bytes 302.7 KB
      Overflow Count 4544
    [ALLOC_TEMP_Job.Worker 1]
      Initial Block Size 256.0 KB
      Current Block Size 0.5 MB
      Peak Allocated Bytes 302.7 KB
      Overflow Count 10182
    [ALLOC_TEMP_Job.Worker 2]
      Initial Block Size 256.0 KB
      Current Block Size 0.5 MB
      Peak Allocated Bytes 302.6 KB
      Overflow Count 2134
    [ALLOC_TEMP_Background Job.Worker 3]
      Initial Block Size 32.0 KB
      Current Block Size 36.0 KB
      Peak Allocated Bytes 32.0 KB
      Overflow Count 0
    [ALLOC_TEMP_Background Job.Worker 11]
      Initial Block Size 32.0 KB
      Current Block Size 32.0 KB
      Peak Allocated Bytes 0 B
      Overflow Count 0
    [ALLOC_TEMP_Job.Worker 10]
      Initial Block Size 256.0 KB
      Current Block Size 0.5 MB
      Peak Allocated Bytes 302.6 KB
      Overflow Count 787
    [ALLOC_TEMP_Background Job.Worker 0]
      Initial Block Size 32.0 KB
      Current Block Size 32.0 KB
      Peak Allocated Bytes 0 B
      Overflow Count 0
    [ALLOC_TEMP_CloudJob.Worker 0]
      Initial Block Size 32.0 KB
      Current Block Size 32.0 KB
      Peak Allocated Bytes 3.4 KB
      Overflow Count 0
    [ALLOC_TEMP_Background Job.Worker 4]
      Initial Block Size 32.0 KB
      Current Block Size 36.0 KB
      Peak Allocated Bytes 34.5 KB
      Overflow Count 0
    [ALLOC_TEMP_BatchDeleteObjects]
      Initial Block Size 64.0 KB
      Current Block Size 64.0 KB
      Peak Allocated Bytes 0 B
      Overflow Count 0
[ALLOC_DEFAULT] Dual Thread Allocator
  Peak main deferred allocation count 25756
    [ALLOC_BUCKET]
      Large Block size 4.0 MB
      Used Block count 1
      Peak Allocated bytes 4.0 MB
      Failed Allocations. Bucket layout:
        16B: 5 Subsections = 5120 buckets. Failed count: 7881595
        32B: 33 Subsections = 16896 buckets. Failed count: 2414353
        48B: 27 Subsections = 9216 buckets. Failed count: 15810075
        64B: 132 Subsections = 33792 buckets. Failed count: 3932146
        80B: 40 Subsections = 8192 buckets. Failed count: 508845
        96B: 6 Subsections = 1024 buckets. Failed count: 869393
        112B: 5 Subsections = 731 buckets. Failed count: 36146
        128B: 8 Subsections = 1024 buckets. Failed count: 949280
    [ALLOC_DEFAULT_MAIN]
      Peak usage frame count: [32.0 MB-64.0 MB]: 181 frames, [64.0 MB-128.0 MB]: 257784 frames
      Requested Block Size 16.0 MB
      Peak Block count 8
      Peak Allocated memory 108.9 MB
      Peak Large allocation bytes 12.0 MB
    [ALLOC_DEFAULT_THREAD]
      Peak usage frame count: [32.0 MB-64.0 MB]: 181 frames, [64.0 MB-128.0 MB]: 40 frames, [128.0 MB-256.0 MB]: 257744 frames
      Requested Block Size 16.0 MB
      Peak Block count 9
      Peak Allocated memory 142.4 MB
      Peak Large allocation bytes 16.0 MB
[ALLOC_TEMP_JOB_1_FRAME]
  Initial Block Size 2.0 MB
  Used Block Count 0
  Overflow Count (too large) 0
  Overflow Count (full) 0
[ALLOC_TEMP_JOB_2_FRAMES]
  Initial Block Size 2.0 MB
  Used Block Count 0
  Overflow Count (too large) 0
  Overflow Count (full) 0
[ALLOC_TEMP_JOB_4_FRAMES (JobTemp)]
  Initial Block Size 2.0 MB
  Used Block Count 1
  Overflow Count (too large) 0
  Overflow Count (full) 0
[ALLOC_TEMP_JOB_ASYNC (Background)]
  Initial Block Size 1.0 MB
  Used Block Count 1
  Overflow Count (too large) 0
  Overflow Count (full) 0
[ALLOC_GFX] Dual Thread Allocator
  Peak main deferred allocation count 4
    [ALLOC_BUCKET]
      Large Block size 4.0 MB
      Used Block count 1
      Peak Allocated bytes 4.0 MB
      Failed Allocations. Bucket layout:
        16B: 5 Subsections = 5120 buckets. Failed count: 7881595
        32B: 33 Subsections = 16896 buckets. Failed count: 2414353
        48B: 27 Subsections = 9216 buckets. Failed count: 15810075
        64B: 132 Subsections = 33792 buckets. Failed count: 3932146
        80B: 40 Subsections = 8192 buckets. Failed count: 508845
        96B: 6 Subsections = 1024 buckets. Failed count: 869393
        112B: 5 Subsections = 731 buckets. Failed count: 36146
        128B: 8 Subsections = 1024 buckets. Failed count: 949280
    [ALLOC_GFX_MAIN]
      Peak usage frame count: [64.0 KB-128.0 KB]: 181 frames, [128.0 KB-256.0 KB]: 83 frames, [256.0 KB-0.5 MB]: 225282 frames, [0.5 MB-1.0 MB]: 30228 frames, [4.0 MB-8.0 MB]: 2191 frames
      Requested Block Size 16.0 MB
      Peak Block count 1
      Peak Allocated memory 7.9 MB
      Peak Large allocation bytes 0 B
    [ALLOC_GFX_THREAD]
      Peak usage frame count: [4.0 KB-8.0 KB]: 181 frames, [2.0 MB-4.0 MB]: 257784 frames
      Requested Block Size 16.0 MB
      Peak Block count 1
      Peak Allocated memory 2.5 MB
      Peak Large allocation bytes 0 B
[ALLOC_CACHEOBJECTS] Dual Thread Allocator
  Peak main deferred allocation count 1781
    [ALLOC_BUCKET]
      Large Block size 4.0 MB
      Used Block count 1
      Peak Allocated bytes 4.0 MB
      Failed Allocations. Bucket layout:
        16B: 5 Subsections = 5120 buckets. Failed count: 7881595
        32B: 33 Subsections = 16896 buckets. Failed count: 2414353
        48B: 27 Subsections = 9216 buckets. Failed count: 15810075
        64B: 132 Subsections = 33792 buckets. Failed count: 3932146
        80B: 40 Subsections = 8192 buckets. Failed count: 508845
        96B: 6 Subsections = 1024 buckets. Failed count: 869393
        112B: 5 Subsections = 731 buckets. Failed count: 36146
        128B: 8 Subsections = 1024 buckets. Failed count: 949280
    [ALLOC_CACHEOBJECTS_MAIN]
      Peak usage frame count: [4.0 MB-8.0 MB]: 257964 frames, [8.0 MB-16.0 MB]: 1 frames
      Requested Block Size 4.0 MB
      Peak Block count 2
      Peak Allocated memory 8.8 MB
      Peak Large allocation bytes 3.1 MB
    [ALLOC_CACHEOBJECTS_THREAD]
      Peak usage frame count: [2.0 MB-4.0 MB]: 3 frames, [4.0 MB-8.0 MB]: 178 frames, [16.0 MB-32.0 MB]: 257779 frames, [32.0 MB-64.0 MB]: 5 frames
      Requested Block Size 4.0 MB
      Peak Block count 15
      Peak Allocated memory 48.7 MB
      Peak Large allocation bytes 0 B
[ALLOC_TYPETREE] Dual Thread Allocator
  Peak main deferred allocation count 1
    [ALLOC_BUCKET]
      Large Block size 4.0 MB
      Used Block count 1
      Peak Allocated bytes 4.0 MB
      Failed Allocations. Bucket layout:
        16B: 5 Subsections = 5120 buckets. Failed count: 7881595
        32B: 33 Subsections = 16896 buckets. Failed count: 2414353
        48B: 27 Subsections = 9216 buckets. Failed count: 15810075
        64B: 132 Subsections = 33792 buckets. Failed count: 3932146
        80B: 40 Subsections = 8192 buckets. Failed count: 508845
        96B: 6 Subsections = 1024 buckets. Failed count: 869393
        112B: 5 Subsections = 731 buckets. Failed count: 36146
        128B: 8 Subsections = 1024 buckets. Failed count: 949280
    [ALLOC_TYPETREE_MAIN]
      Peak usage frame count: [8.0 KB-16.0 KB]: 3557 frames, [16.0 KB-32.0 KB]: 254408 frames
      Requested Block Size 2.0 MB
      Peak Block count 1
      Peak Allocated memory 17.2 KB
      Peak Large allocation bytes 0 B
    [ALLOC_TYPETREE_THREAD]
      Peak usage frame count: [16.0 KB-32.0 KB]: 4 frames, [128.0 KB-256.0 KB]: 3 frames, [256.0 KB-0.5 MB]: 257958 frames
      Requested Block Size 2.0 MB
      Peak Block count 1
      Peak Allocated memory 479.5 KB
      Peak Large allocation bytes 0 B
IL2CPP Free after allocator was destroyed
IL2CPP Free after allocator was destroyed
IL2CPP Free after allocator was destroyed
IL2CPP Free after allocator was destroyed
IL2CPP Free after allocator was destroyed
IL2CPP Free after allocator was destroyed
IL2CPP Free after allocator was destroyed
IL2CPP Free after allocator was destroyed
IL2CPP Free after allocator was destroyed
IL2CPP Free after allocator was destroyed
IL2CPP Free after allocator was destroyed
IL2CPP Free after allocator was destroyed
IL2CPP Free after allocator was destroyed
IL2CPP Free after allocator was destroyed
IL2CPP Free after allocator was destroyed
IL2CPP Free after allocator was destroyed
IL2CPP Free after allocator was destroyed
IL2CPP Free after allocator was destroyed
IL2CPP Free after allocator was destroyed
IL2CPP Free after allocator was destroyed
IL2CPP Free after allocator was destroyed
IL2CPP Free after allocator was destroyed
IL2CPP Free after allocator was destroyed
IL2CPP Free after allocator was destroyed
IL2CPP Free after allocator was destroyed
IL2CPP Free after allocator was destroyed
IL2CPP Free after allocator was destroyed
IL2CPP Free after allocator was destroyed
IL2CPP Free after allocator was destroyed
IL2CPP Free after allocator was destroyed
IL2CPP Free after allocator was destroyed
IL2CPP Free after allocator was destroyed
IL2CPP Free after allocator was destroyed
IL2CPP Free after allocator was destroyed
IL2CPP Free after allocator was destroyed
IL2CPP Free after allocator was destroyed
IL2CPP Free after allocator was destroyed
IL2CPP Free after allocator was destroyed
IL2CPP Free after allocator was destroyed
IL2CPP Free after allocator was destroyed
IL2CPP Free after allocator was destroyed
IL2CPP Free after allocator was destroyed
IL2CPP Free after allocator was destroyed
IL2CPP Free after allocator was destroyed
IL2CPP Free after allocator was destroyed
IL2CPP Free after allocator was destroyed
IL2CPP Free after allocator was destroyed
IL2CPP Free after allocator was destroyed
IL2CPP Free after allocator was destroyed
IL2CPP Free after allocator was destroyed
IL2CPP Free after allocator was destroyed
IL2CPP Free after allocator was destroyed
IL2CPP Free after allocator was destroyed
IL2CPP Free after allocator was destroyed
IL2CPP Free after allocator was destroyed
IL2CPP Free after allocator was destroyed
IL2CPP Free after allocator was destroyed
IL2CPP Free after allocator was destroyed
IL2CPP Free after allocator was destroyed
IL2CPP Free after allocator was destroyed
IL2CPP Free after allocator was destroyed
IL2CPP Free after allocator was destroyed
IL2CPP Free after allocator was destroyed
IL2CPP Free after allocator was destroyed
IL2CPP Free after allocator was destroyed
IL2CPP Free after allocator was destroyed
IL2CPP Free after allocator was destroyed
IL2CPP Free after allocator was destroyed
IL2CPP Free after allocator was destroyed
IL2CPP Free after allocator was destroyed
IL2CPP Free after allocator was destroyed
IL2CPP Free after allocator was destroyed
IL2CPP Free after allocator was destroyed
IL2CPP Free after allocator was destroyed
IL2CPP Free after allocator was destroyed
IL2CPP Free after allocator was destroyed
IL2CPP Free after allocator was destroyed
IL2CPP Free after allocator was destroyed
IL2CPP Free after allocator was destroyed
IL2CPP Free after allocator was destroyed
IL2CPP Free after allocator was destroyed
IL2CPP Free after allocator was destroyed
IL2CPP Free after allocator was destroyed
IL2CPP Free after allocator was destroyed
IL2CPP Free after allocator was destroyed
IL2CPP Free after allocator was destroyed
IL2CPP Free after allocator was destroyed
IL2CPP Free after allocator was destroyed
IL2CPP Free after allocator was destroyed
IL2CPP Free after allocator was destroyed
IL2CPP Free after allocator was destroyed
IL2CPP Free after allocator was destroyed
IL2CPP Free after allocator was destroyed
IL2CPP Free after allocator was destroyed
IL2CPP Free after allocator was destroyed
IL2CPP Free after allocator was destroyed
IL2CPP Free after allocator was destroyed
IL2CPP Free after allocator was destroyed
IL2CPP Free after allocator was destroyed
IL2CPP Free after allocator was destroyed
IL2CPP Free after allocator was destroyed
IL2CPP Free after allocator was destroyed
IL2CPP Free after allocator was destroyed
IL2CPP Free after allocator was destroyed
IL2CPP Free after allocator was destroyed
IL2CPP Free after allocator was destroyed
IL2CPP Free after allocator was destroyed
IL2CPP Free after allocator was destroyed
IL2CPP Free after allocator was destroyed
IL2CPP Free after allocator was destroyed
IL2CPP Free after allocator was destroyed
IL2CPP Free after allocator was destroyed
IL2CPP Free after allocator was destroyed
IL2CPP Free after allocator was destroyed
IL2CPP Free after allocator was destroyed
IL2CPP Free after allocator was destroyed
IL2CPP Free after allocator was destroyed
IL2CPP Free after allocator was destroyed
IL2CPP Free after allocator was destroyed
IL2CPP Free after allocator was destroyed
IL2CPP Free after allocator was destroyed
IL2CPP Free after allocator was destroyed
IL2CPP Free after allocator was destroyed
IL2CPP Free after allocator was destroyed
IL2CPP Free after allocator was destroyed
IL2CPP Free after allocator was destroyed
IL2CPP Free after allocator was destroyed
IL2CPP Free after allocator was destroyed
IL2CPP Free after allocator was destroyed
IL2CPP Free after allocator was destroyed
IL2CPP Free after allocator was destroyed
IL2CPP Free after allocator was destroyed
IL2CPP Free after allocator was destroyed
IL2CPP Free after allocator was destroyed
IL2CPP Free after allocator was destroyed
IL2CPP Free after allocator was destroyed
IL2CPP Free after allocator was destroyed
IL2CPP Free after allocator was destroyed
IL2CPP Free after allocator was destroyed
IL2CPP Free after allocator was destroyed
IL2CPP Free after allocator was destroyed
IL2CPP Free after allocator was destroyed
IL2CPP Free after allocator was destroyed
IL2CPP Free after allocator was destroyed
IL2CPP Free after allocator was destroyed
IL2CPP Free after allocator was destroyed
IL2CPP Free after allocator was destroyed
IL2CPP Free after allocator was destroyed
IL2CPP Free after allocator was destroyed
IL2CPP Free after allocator was destroyed
IL2CPP Free after allocator was destroyed
IL2CPP Free after allocator was destroyed
IL2CPP Free after allocator was destroyed
IL2CPP Free after allocator was destroyed
IL2CPP Free after allocator was destroyed
IL2CPP Free after allocator was destroyed
IL2CPP Free after allocator was destroyed
IL2CPP Free after allocator was destroyed
IL2CPP Free after allocator was destroyed
IL2CPP Free after allocator was destroyed
IL2CPP Free after allocator was destroyed
IL2CPP Free after allocator was destroyed
IL2CPP Free after allocator was destroyed
IL2CPP Free after allocator was destroyed
IL2CPP Free after allocator was destroyed
IL2CPP Free after allocator was destroyed
IL2CPP Free after allocator was destroyed
IL2CPP Free after allocator was destroyed
IL2CPP Free after allocator was destroyed
IL2CPP Free after allocator was destroyed
IL2CPP Free after allocator was destroyed
IL2CPP Free after allocator was destroyed
IL2CPP Free after allocator was destroyed
IL2CPP Free after allocator was destroyed
IL2CPP Free after allocator was destroyed
IL2CPP Free after allocator was destroyed
IL2CPP Free after allocator was destroyed
IL2CPP Free after allocator was destroyed
IL2CPP Free after allocator was destroyed
IL2CPP Free after allocator was destroyed
IL2CPP Free after allocator was destroyed
IL2CPP Free after allocator was destroyed
IL2CPP Free after allocator was destroyed
IL2CPP Free after allocator was destroyed
IL2CPP Free after allocator was destroyed
IL2CPP Free after allocator was destroyed
IL2CPP Free after allocator was destroyed
IL2CPP Free after allocator was destroyed
IL2CPP Free after allocator was destroyed
IL2CPP Free after allocator was destroyed
IL2CPP Free after allocator was destroyed
IL2CPP Free after allocator was destroyed
IL2CPP Free after allocator was destroyed
IL2CPP Free after allocator was destroyed
IL2CPP Free after allocator was destroyed
IL2CPP Free after allocator was destroyed
IL2CPP Free after allocator was destroyed
IL2CPP Free after allocator was destroyed
IL2CPP Free after allocator was destroyed
IL2CPP Free after allocator was destroyed
IL2CPP Free after allocator was destroyed
IL2CPP Free after allocator was destroyed
IL2CPP Free after allocator was destroyed
IL2CPP Free after allocator was destroyed
IL2CPP Free after allocator was destroyed
IL2CPP Free after allocator was destroyed
IL2CPP Free after allocator was destroyed
IL2CPP Free after allocator was destroyed
IL2CPP Free after allocator was destroyed
IL2CPP Free after allocator was destroyed
IL2CPP Free after allocator was destroyed
IL2CPP Free after allocator was destroyed
IL2CPP Free after allocator was destroyed
IL2CPP Free after allocator was destroyed
IL2CPP Free after allocator was destroyed
IL2CPP Free after allocator was destroyed
IL2CPP Free after allocator was destroyed
IL2CPP Free after allocator was destroyed
IL2CPP Free after allocator was destroyed
IL2CPP Free after allocator was destroyed
IL2CPP Free after allocator was destroyed
IL2CPP Free after allocator was destroyed
IL2CPP Free after allocator was destroyed
IL2CPP Free after allocator was destroyed
IL2CPP Free after allocator was destroyed
IL2CPP Free after allocator was destroyed
IL2CPP Free after allocator was destroyed
IL2CPP Free after allocator was destroyed
IL2CPP Free after allocator was destroyed
IL2CPP Free after allocator was destroyed
IL2CPP Free after allocator was destroyed
IL2CPP Free after allocator was destroyed
IL2CPP Free after allocator was destroyed
IL2CPP Free after allocator was destroyed
IL2CPP Free after allocator was destroyed
IL2CPP Free after allocator was destroyed
IL2CPP Free after allocator was destroyed
IL2CPP Free after allocator was destroyed
IL2CPP Free after allocator was destroyed
IL2CPP Free after allocator was destroyed
IL2CPP Free after allocator was destroyed
IL2CPP Free after allocator was destroyed
IL2CPP Free after allocator was destroyed
IL2CPP Free after allocator was destroyed
IL2CPP Free after allocator was destroyed
IL2CPP Free after allocator was destroyed
IL2CPP Free after allocator was destroyed
IL2CPP Free after allocator was destroyed
IL2CPP Free after allocator was destroyed
IL2CPP Free after allocator was destroyed
IL2CPP Free after allocator was destroyed
IL2CPP Free after allocator was destroyed
IL2CPP Free after allocator was destroyed
IL2CPP Free after allocator was destroyed
IL2CPP Free after allocator was destroyed
IL2CPP Free after allocator was destroyed
IL2CPP Free after allocator was destroyed
IL2CPP Free after allocator was destroyed
IL2CPP Free after allocator was destroyed
IL2CPP Free after allocator was destroyed
IL2CPP Free after allocator was destroyed
IL2CPP Free after allocator was destroyed
IL2CPP Free after allocator was destroyed
IL2CPP Free after allocator was destroyed
IL2CPP Free after allocator was destroyed
IL2CPP Free after allocator was destroyed
IL2CPP Free after allocator was destroyed
IL2CPP Free after allocator was destroyed
IL2CPP Free after allocator was destroyed
IL2CPP Free after allocator was destroyed
IL2CPP Free after allocator was destroyed
IL2CPP Free after allocator was destroyed
IL2CPP Free after allocator was destroyed
IL2CPP Free after allocator was destroyed
IL2CPP Free after allocator was destroyed
IL2CPP Free after allocator was destroyed
IL2CPP Free after allocator was destroyed
IL2CPP Free after allocator was destroyed
IL2CPP Free after allocator was destroyed
IL2CPP Free after allocator was destroyed
IL2CPP Free after allocator was destroyed
IL2CPP Free after allocator was destroyed
IL2CPP Free after allocator was destroyed
IL2CPP Free after allocator was destroyed
IL2CPP Free after allocator was destroyed
IL2CPP Free after allocator was destroyed
IL2CPP Free after allocator was destroyed
IL2CPP Free after allocator was destroyed
IL2CPP Free after allocator was destroyed
IL2CPP Free after allocator was destroyed
IL2CPP Free after allocator was destroyed
IL2CPP Free after allocator was destroyed
IL2CPP Free after allocator was destroyed
IL2CPP Free after allocator was destroyed
IL2CPP Free after allocator was destroyed
IL2CPP Free after allocator was destroyed
IL2CPP Free after allocator was destroyed
IL2CPP Free after allocator was destroyed
IL2CPP Free after allocator was destroyed
IL2CPP Free after allocator was destroyed
IL2CPP Free after allocator was destroyed
IL2CPP Free after allocator was destroyed
IL2CPP Free after allocator was destroyed
IL2CPP Free after allocator was destroyed
IL2CPP Free after allocator was destroyed
IL2CPP Free after allocator was destroyed
IL2CPP Free after allocator was destroyed
IL2CPP Free after allocator was destroyed
IL2CPP Free after allocator was destroyed
IL2CPP Free after allocator was destroyed
IL2CPP Free after allocator was destroyed
IL2CPP Free after allocator was destroyed
IL2CPP Free after allocator was destroyed
IL2CPP Free after allocator was destroyed
IL2CPP Free after allocator was destroyed
IL2CPP Free after allocator was destroyed
IL2CPP Free after allocator was destroyed
IL2CPP Free after allocator was destroyed
IL2CPP Free after allocator was destroyed
IL2CPP Free after allocator was destroyed
IL2CPP Free after allocator was destroyed
IL2CPP Free after allocator was destroyed
IL2CPP Free after allocator was destroyed
IL2CPP Free after allocator was destroyed
IL2CPP Free after allocator was destroyed
IL2CPP Free after allocator was destroyed
IL2CPP Free after allocator was destroyed
IL2CPP Free after allocator was destroyed
IL2CPP Free after allocator was destroyed
IL2CPP Free after allocator was destroyed
IL2CPP Free after allocator was destroyed
IL2CPP Free after allocator was destroyed
IL2CPP Free after allocator was destroyed
IL2CPP Free after allocator was destroyed
IL2CPP Free after allocator was destroyed
IL2CPP Free after allocator was destroyed
IL2CPP Free after allocator was destroyed
IL2CPP Free after allocator was destroyed
IL2CPP Free after allocator was destroyed
IL2CPP Free after allocator was destroyed
IL2CPP Free after allocator was destroyed
IL2CPP Free after allocator was destroyed
IL2CPP Free after allocator was destroyed
IL2CPP Free after allocator was destroyed
IL2CPP Free after allocator was destroyed
IL2CPP Free after allocator was destroyed
IL2CPP Free after allocator was destroyed
IL2CPP Free after allocator was destroyed
IL2CPP Free after allocator was destroyed
IL2CPP Free after allocator was destroyed
IL2CPP Free after allocator was destroyed
IL2CPP Free after allocator was destroyed
IL2CPP Free after allocator was destroyed
IL2CPP Free after allocator was destroyed
IL2CPP Free after allocator was destroyed
IL2CPP Free after allocator was destroyed
IL2CPP Free after allocator was destroyed
IL2CPP Free after allocator was destroyed
IL2CPP Free after allocator was destroyed
IL2CPP Free after allocator was destroyed
IL2CPP Free after allocator was destroyed
IL2CPP Free after allocator was destroyed
IL2CPP Free after allocator was destroyed
IL2CPP Free after allocator was destroyed
IL2CPP Free after allocator was destroyed
IL2CPP Free after allocator was destroyed
IL2CPP Free after allocator was destroyed
IL2CPP Free after allocator was destroyed
IL2CPP Free after allocator was destroyed
IL2CPP Free after allocator was destroyed
IL2CPP Free after allocator was destroyed
IL2CPP Free after allocator was destroyed
IL2CPP Free after allocator was destroyed
IL2CPP Free after allocator was destroyed
IL2CPP Free after allocator was destroyed
IL2CPP Free after allocator was destroyed
IL2CPP Free after allocator was destroyed
IL2CPP Free after allocator was destroyed
IL2CPP Free after allocator was destroyed
IL2CPP Free after allocator was destroyed
IL2CPP Free after allocator was destroyed
IL2CPP Free after allocator was destroyed
IL2CPP Free after allocator was destroyed
IL2CPP Free after allocator was destroyed
IL2CPP Free after allocator was destroyed
IL2CPP Free after allocator was destroyed
IL2CPP Free after allocator was destroyed
IL2CPP Free after allocator was destroyed
IL2CPP Free after allocator was destroyed
IL2CPP Free after allocator was destroyed
IL2CPP Free after allocator was destroyed
IL2CPP Free after allocator was destroyed
IL2CPP Free after allocator was destroyed
IL2CPP Free after allocator was destroyed
IL2CPP Free after allocator was destroyed
IL2CPP Free after allocator was destroyed
IL2CPP Free after allocator was destroyed
IL2CPP Free after allocator was destroyed
IL2CPP Free after allocator was destroyed
IL2CPP Free after allocator was destroyed
IL2CPP Free after allocator was destroyed
IL2CPP Free after allocator was destroyed
IL2CPP Free after allocator was destroyed
IL2CPP Free after allocator was destroyed
IL2CPP Free after allocator was destroyed
IL2CPP Free after allocator was destroyed
IL2CPP Free after allocator was destroyed
IL2CPP Free after allocator was destroyed
IL2CPP Free after allocator was destroyed
IL2CPP Free after allocator was destroyed
IL2CPP Free after allocator was destroyed
IL2CPP Free after allocator was destroyed
IL2CPP Free after allocator was destroyed
IL2CPP Free after allocator was destroyed
IL2CPP Free after allocator was destroyed
IL2CPP Free after allocator was destroyed
IL2CPP Free after allocator was destroyed
IL2CPP Free after allocator was destroyed
IL2CPP Free after allocator was destroyed
IL2CPP Free after allocator was destroyed
IL2CPP Free after allocator was destroyed
IL2CPP Free after allocator was destroyed
IL2CPP Free after allocator was destroyed
IL2CPP Free after allocator was destroyed
IL2CPP Free after allocator was destroyed
IL2CPP Free after allocator was destroyed
IL2CPP Free after allocator was destroyed
IL2CPP Free after allocator was destroyed
IL2CPP Free after allocator was destroyed
IL2CPP Free after allocator was destroyed
IL2CPP Free after allocator was destroyed
IL2CPP Free after allocator was destroyed
IL2CPP Free after allocator was destroyed
IL2CPP Free after allocator was destroyed
IL2CPP Free after allocator was destroyed
IL2CPP Free after allocator was destroyed
IL2CPP Free after allocator was destroyed
IL2CPP Free after allocator was destroyed
IL2CPP Free after allocator was destroyed
IL2CPP Free after allocator was destroyed
IL2CPP Free after allocator was destroyed
IL2CPP Free after allocator was destroyed
IL2CPP Free after allocator was destroyed
IL2CPP Free after allocator was destroyed
IL2CPP Free after allocator was destroyed
IL2CPP Free after allocator was destroyed
IL2CPP Free after allocator was destroyed
IL2CPP Free after allocator was destroyed
IL2CPP Free after allocator was destroyed
IL2CPP Free after allocator was destroyed
IL2CPP Free after allocator was destroyed
IL2CPP Free after allocator was destroyed
IL2CPP Free after allocator was destroyed
IL2CPP Free after allocator was destroyed
IL2CPP Free after allocator was destroyed
IL2CPP Free after allocator was destroyed
IL2CPP Free after allocator was destroyed
IL2CPP Free after allocator was destroyed
IL2CPP Free after allocator was destroyed
IL2CPP Free after allocator was destroyed
IL2CPP Free after allocator was destroyed
IL2CPP Free after allocator was destroyed
IL2CPP Free after allocator was destroyed
IL2CPP Free after allocator was destroyed
IL2CPP Free after allocator was destroyed
IL2CPP Free after allocator was destroyed
IL2CPP Free after allocator was destroyed
IL2CPP Free after allocator was destroyed
IL2CPP Free after allocator was destroyed
IL2CPP Free after allocator was destroyed
IL2CPP Free after allocator was destroyed
IL2CPP Free after allocator was destroyed
IL2CPP Free after allocator was destroyed
IL2CPP Free after allocator was destroyed
IL2CPP Free after allocator was destroyed
IL2CPP Free after allocator was destroyed
IL2CPP Free after allocator was destroyed
IL2CPP Free after allocator was destroyed
IL2CPP Free after allocator was destroyed
IL2CPP Free after allocator was destroyed
IL2CPP Free after allocator was destroyed
IL2CPP Free after allocator was destroyed
IL2CPP Free after allocator was destroyed
IL2CPP Free after allocator was destroyed
IL2CPP Free after allocator was destroyed
IL2CPP Free after allocator was destroyed
IL2CPP Free after allocator was destroyed
IL2CPP Free after allocator was destroyed
IL2CPP Free after allocator was destroyed
IL2CPP Free after allocator was destroyed
IL2CPP Free after allocator was destroyed
IL2CPP Free after allocator was destroyed
IL2CPP Free after allocator was destroyed
IL2CPP Free after allocator was destroyed
IL2CPP Free after allocator was destroyed
IL2CPP Free after allocator was destroyed
IL2CPP Free after allocator was destroyed
IL2CPP Free after allocator was destroyed
IL2CPP Free after allocator was destroyed
IL2CPP Free after allocator was destroyed
IL2CPP Free after allocator was destroyed
IL2CPP Free after allocator was destroyed
IL2CPP Free after allocator was destroyed
IL2CPP Free after allocator was destroyed
IL2CPP Free after allocator was destroyed
IL2CPP Free after allocator was destroyed
IL2CPP Free after allocator was destroyed
IL2CPP Free after allocator was destroyed
IL2CPP Free after allocator was destroyed
IL2CPP Free after allocator was destroyed
IL2CPP Free after allocator was destroyed
IL2CPP Free after allocator was destroyed
IL2CPP Free after allocator was destroyed
IL2CPP Free after allocator was destroyed
IL2CPP Free after allocator was destroyed
IL2CPP Free after allocator was destroyed
IL2CPP Free after allocator was destroyed
IL2CPP Free after allocator was destroyed
IL2CPP Free after allocator was destroyed
IL2CPP Free after allocator was destroyed
IL2CPP Free after allocator was destroyed
IL2CPP Free after allocator was destroyed
IL2CPP Free after allocator was destroyed
IL2CPP Free after allocator was destroyed
IL2CPP Free after allocator was destroyed
IL2CPP Free after allocator was destroyed
IL2CPP Free after allocator was destroyed
IL2CPP Free after allocator was destroyed
IL2CPP Free after allocator was destroyed
IL2CPP Free after allocator was destroyed
IL2CPP Free after allocator was destroyed
IL2CPP Free after allocator was destroyed
IL2CPP Free after allocator was destroyed
IL2CPP Free after allocator was destroyed
IL2CPP Free after allocator was destroyed
IL2CPP Free after allocator was destroyed
IL2CPP Free after allocator was destroyed
IL2CPP Free after allocator was destroyed
IL2CPP Free after allocator was destroyed
IL2CPP Free after allocator was destroyed
IL2CPP Free after allocator was destroyed
IL2CPP Free after allocator was destroyed
IL2CPP Free after allocator was destroyed
IL2CPP Free after allocator was destroyed
IL2CPP Free after allocator was destroyed
IL2CPP Free after allocator was destroyed
IL2CPP Free after allocator was destroyed
IL2CPP Free after allocator was destroyed
IL2CPP Free after allocator was destroyed
IL2CPP Free after allocator was destroyed
IL2CPP Free after allocator was destroyed
IL2CPP Free after allocator was destroyed
IL2CPP Free after allocator was destroyed
IL2CPP Free after allocator was destroyed
IL2CPP Free after allocator was destroyed
IL2CPP Free after allocator was destroyed
IL2CPP Free after allocator was destroyed
IL2CPP Free after allocator was destroyed
IL2CPP Free after allocator was destroyed
IL2CPP Free after allocator was destroyed
IL2CPP Free after allocator was destroyed
IL2CPP Free after allocator was destroyed
IL2CPP Free after allocator was destroyed
IL2CPP Free after allocator was destroyed
IL2CPP Free after allocator was destroyed
IL2CPP Free after allocator was destroyed
IL2CPP Free after allocator was destroyed
IL2CPP Free after allocator was destroyed
IL2CPP Free after allocator was destroyed
IL2CPP Free after allocator was destroyed
IL2CPP Free after allocator was destroyed
IL2CPP Free after allocator was destroyed
IL2CPP Free after allocator was destroyed
IL2CPP Free after allocator was destroyed
IL2CPP Free after allocator was destroyed
IL2CPP Free after allocator was destroyed
IL2CPP Free after allocator was destroyed
IL2CPP Free after allocator was destroyed
IL2CPP Free after allocator was destroyed
IL2CPP Free after allocator was destroyed
IL2CPP Free after allocator was destroyed
IL2CPP Free after allocator was destroyed
IL2CPP Free after allocator was destroyed
IL2CPP Free after allocator was destroyed
IL2CPP Free after allocator was destroyed
IL2CPP Free after allocator was destroyed
IL2CPP Free after allocator was destroyed
IL2CPP Free after allocator was destroyed
IL2CPP Free after allocator was destroyed
IL2CPP Free after allocator was destroyed
IL2CPP Free after allocator was destroyed
IL2CPP Free after allocator was destroyed
IL2CPP Free after allocator was destroyed
IL2CPP Free after allocator was destroyed
IL2CPP Free after allocator was destroyed
IL2CPP Free after allocator was destroyed
IL2CPP Free after allocator was destroyed
IL2CPP Free after allocator was destroyed
IL2CPP Free after allocator was destroyed
IL2CPP Free after allocator was destroyed
IL2CPP Free after allocator was destroyed
IL2CPP Free after allocator was destroyed
IL2CPP Free after allocator was destroyed
IL2CPP Free after allocator was destroyed
IL2CPP Free after allocator was destroyed
IL2CPP Free after allocator was destroyed
IL2CPP Free after allocator was destroyed
IL2CPP Free after allocator was destroyed
IL2CPP Free after allocator was destroyed
IL2CPP Free after allocator was destroyed
IL2CPP Free after allocator was destroyed
IL2CPP Free after allocator was destroyed
IL2CPP Free after allocator was destroyed
IL2CPP Free after allocator was destroyed
IL2CPP Free after allocator was destroyed
IL2CPP Free after allocator was destroyed
IL2CPP Free after allocator was destroyed
IL2CPP Free after allocator was destroyed
IL2CPP Free after allocator was destroyed
IL2CPP Free after allocator was destroyed
IL2CPP Free after allocator was destroyed
IL2CPP Free after allocator was destroyed
IL2CPP Free after allocator was destroyed
IL2CPP Free after allocator was destroyed
IL2CPP Free after allocator was destroyed
IL2CPP Free after allocator was destroyed
IL2CPP Free after allocator was destroyed
IL2CPP Free after allocator was destroyed
IL2CPP Free after allocator was destroyed
IL2CPP Free after allocator was destroyed
IL2CPP Free after allocator was destroyed
IL2CPP Free after allocator was destroyed
IL2CPP Free after allocator was destroyed
IL2CPP Free after allocator was destroyed
IL2CPP Free after allocator was destroyed
IL2CPP Free after allocator was destroyed
IL2CPP Free after allocator was destroyed
IL2CPP Free after allocator was destroyed
IL2CPP Free after allocator was destroyed
IL2CPP Free after allocator was destroyed
IL2CPP Free after allocator was destroyed
IL2CPP Free after allocator was destroyed
IL2CPP Free after allocator was destroyed
IL2CPP Free after allocator was destroyed
IL2CPP Free after allocator was destroyed
IL2CPP Free after allocator was destroyed
IL2CPP Free after allocator was destroyed
IL2CPP Free after allocator was destroyed
IL2CPP Free after allocator was destroyed
IL2CPP Free after allocator was destroyed
IL2CPP Free after allocator was destroyed
IL2CPP Free after allocator was destroyed
IL2CPP Free after allocator was destroyed
IL2CPP Free after allocator was destroyed
IL2CPP Free after allocator was destroyed
IL2CPP Free after allocator was destroyed
IL2CPP Free after allocator was destroyed
IL2CPP Free after allocator was destroyed
IL2CPP Free after allocator was destroyed
IL2CPP Free after allocator was destroyed
IL2CPP Free after allocator was destroyed
IL2CPP Free after allocator was destroyed
IL2CPP Free after allocator was destroyed
IL2CPP Free after allocator was destroyed
IL2CPP Free after allocator was destroyed
IL2CPP Free after allocator was destroyed
IL2CPP Free after allocator was destroyed
IL2CPP Free after allocator was destroyed
IL2CPP Free after allocator was destroyed
IL2CPP Free after allocator was destroyed
IL2CPP Free after allocator was destroyed
IL2CPP Free after allocator was destroyed
IL2CPP Free after allocator was destroyed
IL2CPP Free after allocator was destroyed
IL2CPP Free after allocator was destroyed
IL2CPP Free after allocator was destroyed
IL2CPP Free after allocator was destroyed
IL2CPP Free after allocator was destroyed
IL2CPP Free after allocator was destroyed
IL2CPP Free after allocator was destroyed
IL2CPP Free after allocator was destroyed
IL2CPP Free after allocator was destroyed
IL2CPP Free after allocator was destroyed
IL2CPP Free after allocator was destroyed
IL2CPP Free after allocator was destroyed
IL2CPP Free after allocator was destroyed
IL2CPP Free after allocator was destroyed
IL2CPP Free after allocator was destroyed
IL2CPP Free after allocator was destroyed
IL2CPP Free after allocator was destroyed
IL2CPP Free after allocator was destroyed
IL2CPP Free after allocator was destroyed
IL2CPP Free after allocator was destroyed
IL2CPP Free after allocator was destroyed
IL2CPP Free after allocator was destroyed
IL2CPP Free after allocator was destroyed
IL2CPP Free after allocator was destroyed
IL2CPP Free after allocator was destroyed
IL2CPP Free after allocator was destroyed
IL2CPP Free after allocator was destroyed
IL2CPP Free after allocator was destroyed
IL2CPP Free after allocator was destroyed
IL2CPP Free after allocator was destroyed
IL2CPP Free after allocator was destroyed
IL2CPP Free after allocator was destroyed
IL2CPP Free after allocator was destroyed
IL2CPP Free after allocator was destroyed
IL2CPP Free after allocator was destroyed
IL2CPP Free after allocator was destroyed
IL2CPP Free after allocator was destroyed
IL2CPP Free after allocator was destroyed
IL2CPP Free after allocator was destroyed
IL2CPP Free after allocator was destroyed
IL2CPP Free after allocator was destroyed
IL2CPP Free after allocator was destroyed
IL2CPP Free after allocator was destroyed
IL2CPP Free after allocator was destroyed
IL2CPP Free after allocator was destroyed
IL2CPP Free after allocator was destroyed
IL2CPP Free after allocator was destroyed
IL2CPP Free after allocator was destroyed
IL2CPP Free after allocator was destroyed
IL2CPP Free after allocator was destroyed
IL2CPP Free after allocator was destroyed
IL2CPP Free after allocator was destroyed
IL2CPP Free after allocator was destroyed
IL2CPP Free after allocator was destroyed
IL2CPP Free after allocator was destroyed
IL2CPP Free after allocator was destroyed
IL2CPP Free after allocator was destroyed
IL2CPP Free after allocator was destroyed
IL2CPP Free after allocator was destroyed
IL2CPP Free after allocator was destroyed
IL2CPP Free after allocator was destroyed
IL2CPP Free after allocator was destroyed
IL2CPP Free after allocator was destroyed
IL2CPP Free after allocator was destroyed
IL2CPP Free after allocator was destroyed
IL2CPP Free after allocator was destroyed
IL2CPP Free after allocator was destroyed
IL2CPP Free after allocator was destroyed
IL2CPP Free after allocator was destroyed
IL2CPP Free after allocator was destroyed
IL2CPP Free after allocator was destroyed
IL2CPP Free after allocator was destroyed
IL2CPP Free after allocator was destroyed
IL2CPP Free after allocator was destroyed
IL2CPP Free after allocator was destroyed
IL2CPP Free after allocator was destroyed
IL2CPP Free after allocator was destroyed
IL2CPP Free after allocator was destroyed
IL2CPP Free after allocator was destroyed
IL2CPP Free after allocator was destroyed
IL2CPP Free after allocator was destroyed
IL2CPP Free after allocator was destroyed
IL2CPP Free after allocator was destroyed
IL2CPP Free after allocator was destroyed
IL2CPP Free after allocator was destroyed
IL2CPP Free after allocator was destroyed
IL2CPP Free after allocator was destroyed
IL2CPP Free after allocator was destroyed
IL2CPP Free after allocator was destroyed
IL2CPP Free after allocator was destroyed
IL2CPP Free after allocator was destroyed
IL2CPP Free after allocator was destroyed
IL2CPP Free after allocator was destroyed
IL2CPP Free after allocator was destroyed
IL2CPP Free after allocator was destroyed
IL2CPP Free after allocator was destroyed
IL2CPP Free after allocator was destroyed
IL2CPP Free after allocator was destroyed
IL2CPP Free after allocator was destroyed
IL2CPP Free after allocator was destroyed
IL2CPP Free after allocator was destroyed
IL2CPP Free after allocator was destroyed
IL2CPP Free after allocator was destroyed
IL2CPP Free after allocator was destroyed
IL2CPP Free after allocator was destroyed
