Preloaded 'lib_burst_generated.so'
Preloaded 'libsteam_api.so'
Input System module state changed to: Initialized.
Display 0 'Philips 272P4 27"': 2560x1440 (primary device).
[PhysX] Initialized MultithreadedTaskDispatcher with 12 workers.
Unable to load player prefs
Desktop is 2560 x 1440 @ 60 Hz
Initialize engine version: 2022.3.62f1 (4af31df58517)
[Subsystems] Discovering subsystems at path /home/pollen/.local/share/Steam/steamapps/common/Super Auto Pets/superautopets_Data/UnitySubsystems
GfxDevice: creating device client; threaded=1; jobified=0
Renderer: NVIDIA GeForce GTX 1660 SUPER/PCIe/SSE2
Vendor:   NVIDIA Corporation
Version:  4.5.0 NVIDIA 575.64.03
GLES:     0
 GL_AMD_multi_draw_indirect GL_AMD_seamless_cubemap_per_texture GL_AMD_vertex_shader_viewport_index GL_AMD_vertex_shader_layer GL_ARB_arrays_of_arrays GL_ARB_base_instance GL_ARB_bindless_texture GL_ARB_blend_func_extended GL_ARB_buffer_storage GL_ARB_clear_buffer_object GL_ARB_clear_texture GL_ARB_clip_control GL_ARB_color_buffer_float GL_ARB_compressed_texture_pixel_storage GL_ARB_conservative_depth GL_ARB_compute_shader GL_ARB_compute_variable_group_size GL_ARB_conditional_render_inverted GL_ARB_copy_buffer GL_ARB_copy_image GL_ARB_cull_distance GL_ARB_debug_output GL_ARB_depth_buffer_float GL_ARB_depth_clamp GL_ARB_depth_texture GL_ARB_derivative_control GL_ARB_direct_state_access GL_ARB_draw_buffers GL_ARB_draw_buffers_blend GL_ARB_draw_indirect GL_ARB_draw_elements_base_vertex GL_ARB_draw_instanced GL_ARB_enhanced_layouts GL_ARB_ES2_compatibility GL_ARB_ES3_compatibility GL_ARB_ES3_1_compatibility GL_ARB_ES3_2_compatibility GL_ARB_explicit_attrib_location GL_ARB_explicit_uniform_location GL_ARB_fragmen
t_coord_conventions GL_ARB_fragment_layer_viewport GL_ARB_fragment_program GL_ARB_fragment_program_shadow GL_ARB_fragment_shader GL_ARB_fragment_shader_interlock GL_ARB_framebuffer_no_attachments GL_ARB_framebuffer_object GL_ARB_framebuffer_sRGB GL_ARB_geometry_shader4 GL_ARB_get_program_binary GL_ARB_get_texture_sub_image GL_ARB_gl_spirv GL_ARB_gpu_shader5 GL_ARB_gpu_shader_fp64 GL_ARB_gpu_shader_int64 GL_ARB_half_float_pixel GL_ARB_half_float_vertex GL_ARB_imaging GL_ARB_indirect_parameters GL_ARB_instanced_arrays GL_ARB_internalformat_query GL_ARB_internalformat_query2 GL_ARB_invalidate_subdata GL_ARB_map_buffer_alignment GL_ARB_map_buffer_range GL_ARB_multi_bind GL_ARB_multi_draw_indirect GL_ARB_multisample GL_ARB_multitexture GL_ARB_occlusion_query GL_ARB_occlusion_query2 GL_ARB_parallel_shader_compile GL_ARB_pipeline_statistics_query GL_ARB_pixel_buffer_object GL_ARB_point_parameters GL_ARB_point_sprite GL_ARB_polygon_offset_clamp GL_ARB_post_depth_coverage GL_ARB_program_interface_query GL_ARB_provoki
ng_vertex GL_ARB_query_buffer_object GL_ARB_robust_buffer_access_behavior GL_ARB_robustness GL_ARB_sample_locations GL_ARB_sample_shading GL_ARB_sampler_objects GL_ARB_seamless_cube_map GL_ARB_seamless_cubemap_per_texture GL_ARB_separate_shader_objects GL_ARB_shader_atomic_counter_ops GL_ARB_shader_atomic_counters GL_ARB_shader_ballot GL_ARB_shader_bit_encoding GL_ARB_shader_clock GL_ARB_shader_draw_parameters GL_ARB_shader_group_vote GL_ARB_shader_image_load_store GL_ARB_shader_image_size GL_ARB_shader_objects GL_ARB_shader_precision GL_ARB_shader_storage_buffer_object GL_ARB_shader_subroutine GL_ARB_shader_texture_image_samples GL_ARB_shader_texture_lod GL_ARB_shading_language_100 GL_ARB_shader_viewport_layer_array GL_ARB_shading_language_420pack GL_ARB_shading_language_include GL_ARB_shading_language_packing GL_ARB_shadow GL_ARB_sparse_buffer GL_ARB_sparse_texture GL_ARB_sparse_texture2 GL_ARB_sparse_texture_clamp GL_ARB_spirv_extensions GL_ARB_stencil_texturing GL_ARB_sync GL_ARB_tessellation_shader GL_A
RB_texture_barrier GL_ARB_texture_border_clamp GL_ARB_texture_buffer_object GL_ARB_texture_buffer_object_rgb32 GL_ARB_texture_buffer_range GL_ARB_texture_compression GL_ARB_texture_compression_bptc GL_ARB_texture_compression_rgtc GL_ARB_texture_cube_map GL_ARB_texture_cube_map_array GL_ARB_texture_env_add GL_ARB_texture_env_combine GL_ARB_texture_env_crossbar GL_ARB_texture_env_dot3 GL_ARB_texture_filter_anisotropic GL_ARB_texture_filter_minmax GL_ARB_texture_float GL_ARB_texture_gather GL_ARB_texture_mirror_clamp_to_edge GL_ARB_texture_mirrored_repeat GL_ARB_texture_multisample GL_ARB_texture_non_power_of_two GL_ARB_texture_query_levels GL_ARB_texture_query_lod GL_ARB_texture_rectangle GL_ARB_texture_rg GL_ARB_texture_rgb10_a2ui GL_ARB_texture_stencil8 GL_ARB_texture_storage GL_ARB_texture_storage_multisample GL_ARB_texture_swizzle GL_ARB_texture_view GL_ARB_timer_query GL_ARB_transform_feedback2 GL_ARB_transform_feedback3 GL_ARB_transform_feedback_instanced GL_ARB_transform_feedback_overflow_query GL_ARB_t
ranspose_matrix GL_ARB_uniform_buffer_object GL_ARB_vertex_array_bgra GL_ARB_vertex_array_object GL_ARB_vertex_attrib_64bit GL_ARB_vertex_attrib_binding GL_ARB_vertex_buffer_object GL_ARB_vertex_program GL_ARB_vertex_shader GL_ARB_vertex_type_10f_11f_11f_rev GL_ARB_vertex_type_2_10_10_10_rev GL_ARB_viewport_array GL_ARB_window_pos GL_ATI_draw_buffers GL_ATI_texture_float GL_ATI_texture_mirror_once GL_S3_s3tc GL_EXT_texture_env_add GL_EXT_abgr GL_EXT_bgra GL_EXT_bindable_uniform GL_EXT_blend_color GL_EXT_blend_equation_separate GL_EXT_blend_func_separate GL_EXT_blend_minmax GL_EXT_blend_subtract GL_EXT_compiled_vertex_array GL_EXT_Cg_shader GL_EXT_depth_bounds_test GL_EXT_direct_state_access GL_EXT_draw_buffers2 GL_EXT_draw_instanced GL_EXT_draw_range_elements GL_EXT_fog_coord GL_EXT_framebuffer_blit GL_EXT_framebuffer_multisample GL_EXTX_framebuffer_mixed_formats GL_EXT_framebuffer_multisample_blit_scaled GL_EXT_framebuffer_object GL_EXT_framebuffer_sRGB GL_EXT_geometry_shader4 GL_EXT_gpu_program_parameters 
GL_EXT_gpu_shader4 GL_EXT_multi_draw_arrays GL_EXT_multiview_texture_multisample GL_EXT_multiview_timer_query GL_EXT_packed_depth_stencil GL_EXT_packed_float GL_EXT_packed_pixels GL_EXT_pixel_buffer_object GL_EXT_point_parameters GL_EXT_polygon_offset_clamp GL_EXT_post_depth_coverage GL_EXT_provoking_vertex GL_EXT_raster_multisample GL_EXT_rescale_normal GL_EXT_secondary_color GL_EXT_separate_shader_objects GL_EXT_separate_specular_color GL_EXT_shader_image_load_formatted GL_EXT_shader_image_load_store GL_EXT_shader_integer_mix GL_EXT_shadow_funcs GL_EXT_sparse_texture2 GL_EXT_stencil_two_side GL_EXT_stencil_wrap GL_EXT_texture3D GL_EXT_texture_array GL_EXT_texture_buffer_object GL_EXT_texture_compression_dxt1 GL_EXT_texture_compression_latc GL_EXT_texture_compression_rgtc GL_EXT_texture_compression_s3tc GL_EXT_texture_cube_map GL_EXT_texture_edge_clamp GL_EXT_texture_env_combine GL_EXT_texture_env_dot3 GL_EXT_texture_filter_anisotropic GL_EXT_texture_filter_minmax GL_EXT_texture_integer GL_EXT_texture_lod G
L_EXT_texture_lod_bias GL_EXT_texture_mirror_clamp GL_EXT_texture_object GL_EXT_texture_shadow_lod GL_EXT_texture_shared_exponent GL_EXT_texture_sRGB GL_EXT_texture_sRGB_R8 GL_EXT_texture_sRGB_decode GL_EXT_texture_storage GL_EXT_texture_swizzle GL_EXT_timer_query GL_EXT_transform_feedback2 GL_EXT_vertex_array GL_EXT_vertex_array_bgra GL_EXT_vertex_attrib_64bit GL_EXT_window_rectangles GL_EXT_import_sync_object GL_NV_robustness_video_memory_purge GL_IBM_rasterpos_clip GL_IBM_texture_mirrored_repeat GL_KHR_context_flush_control GL_KHR_debug GL_EXT_memory_object GL_EXT_memory_object_fd GL_NV_memory_object_sparse GL_KHR_parallel_shader_compile GL_KHR_no_error GL_KHR_robust_buffer_access_behavior GL_KHR_robustness GL_EXT_semaphore GL_EXT_semaphore_fd GL_NV_timeline_semaphore GL_KHR_shader_subgroup GL_KTX_buffer_region GL_NV_alpha_to_coverage_dither_control GL_NV_bindless_multi_draw_indirect GL_NV_bindless_multi_draw_indirect_count GL_NV_bindless_texture GL_NV_blend_equation_advanced GL_NV_blend_equation_advanced
_coherent GL_NVX_blend_equation_advanced_multi_draw_buffers GL_NV_blend_minmax_factor GL_NV_blend_square GL_NV_clip_space_w_scaling GL_NV_command_list GL_NV_compute_program5 GL_NV_compute_shader_derivatives GL_NV_conditional_render GL_NV_conservative_raster GL_NV_conservative_raster_dilate GL_NV_conservative_raster_pre_snap GL_NV_conservative_raster_pre_snap_triangles GL_NV_conservative_raster_underestimation GL_NV_copy_depth_to_color GL_NV_copy_image GL_NV_depth_buffer_float GL_NV_depth_clamp GL_NV_draw_texture GL_NV_draw_vulkan_image GL_NV_ES1_1_compatibility GL_NV_ES3_1_compatibility GL_NV_explicit_multisample GL_NV_feature_query GL_NV_fence GL_NV_fill_rectangle GL_NV_float_buffer GL_NV_fog_distance GL_NV_fragment_coverage_to_color GL_NV_fragment_program GL_NV_fragment_program_option GL_NV_fragment_program2 GL_NV_fragment_shader_barycentric GL_NV_fragment_shader_interlock GL_NV_framebuffer_mixed_samples GL_NV_framebuffer_multisample_coverage GL_NV_geometry_shader4 GL_NV_geometry_shader_passthrough GL_NV_g
pu_program4 GL_NV_internalformat_sample_query GL_NV_gpu_program4_1 GL_NV_gpu_program5 GL_NV_gpu_program5_mem_extended GL_NV_gpu_program_fp64 GL_NV_gpu_program_multiview GL_NV_gpu_shader5 GL_NV_half_float GL_NV_light_max_exponent GL_NV_memory_attachment GL_NV_mesh_shader GL_NV_multisample_coverage GL_NV_multisample_filter_hint GL_NV_occlusion_query GL_NV_packed_depth_stencil GL_NV_parameter_buffer_object GL_NV_parameter_buffer_object2 GL_NV_path_rendering GL_NV_path_rendering_shared_edge GL_NV_pixel_data_range GL_NV_point_sprite GL_NV_primitive_restart GL_NV_query_resource GL_NV_query_resource_tag GL_NV_register_combiners GL_NV_register_combiners2 GL_NV_representative_fragment_test GL_NV_sample_locations GL_NV_sample_mask_override_coverage GL_NV_scissor_exclusive GL_NV_shader_atomic_counters GL_NV_shader_atomic_float GL_NV_shader_atomic_float64 GL_NV_shader_atomic_fp16_vector GL_NV_shader_atomic_int64 GL_NV_shader_buffer_load GL_NV_shader_storage_buffer_object GL_NV_shader_subgroup_partitioned GL_NV_shader_te
xture_footprint GL_NV_shading_rate_image GL_NV_stereo_view_rendering GL_NV_texgen_reflection GL_NV_texture_barrier GL_NV_texture_compression_vtc GL_NV_texture_env_combine4 GL_NV_texture_multisample GL_NV_texture_rectangle GL_NV_texture_rectangle_compressed GL_NV_texture_shader GL_NV_texture_shader2 GL_NV_texture_shader3 GL_NV_transform_feedback GL_NV_transform_feedback2 GL_NV_uniform_buffer_unified_memory GL_NV_uniform_buffer_std430_layout GL_NV_vdpau_interop GL_NV_vdpau_interop2 GL_NV_vertex_array_range GL_NV_vertex_array_range2 GL_NV_vertex_attrib_integer_64bit GL_NV_vertex_buffer_unified_memory GL_NV_vertex_program GL_NV_vertex_program1_1 GL_NV_vertex_program2 GL_NV_vertex_program2_option GL_NV_vertex_program3 GL_NV_viewport_array2 GL_NV_viewport_swizzle GL_NVX_conditional_render GL_NV_gpu_multicast GL_NVX_progress_fence GL_NVX_gpu_memory_info GL_NVX_nvenc_interop GL_NV_shader_thread_group GL_NV_shader_thread_shuffle GL_KHR_blend_equation_advanced GL_KHR_blend_equation_advanced_coherent GL_OVR_multiview G
L_OVR_multiview2 GL_SGIS_generate_mipmap GL_SGIS_texture_lod GL_SGIX_depth_texture GL_SGIX_shadow GL_SUN_slice_accum
OPENGL LOG: Creating OpenGL 4.5 graphics device ; Context level  <OpenGL 4.5> ; Context handle 507051512
Default vsync count 0
requesting resize 2560 x 1440
Using native desktop resolution 2560 x 1440
requesting fullscreen 2560 x 1440 at 0/1 Hz
Desktop is 2560 x 1440 @ 60 Hz
Desktop is 2560 x 1440 @ 60 Hz
[PhysX] Initialized MultithreadedTaskDispatcher with 12 workers.
UnloadTime: 0.155547 ms
Pong!
Unloading 6 Unused Serialized files (Serialized files now loaded: 5)
[PhysX] Initialized MultithreadedTaskDispatcher with 12 workers.
UnloadTime: 2.117792 ms
[S_API] SteamAPI_Init(): Loaded '/home/pollen/.local/share/Steam/linux64/steamclient.so' OK.
Setting breakpad minidump AppID = 1714040
SteamInternal_SetMinidumpSteamID:  Caching Steam ID:  76561199206006114 [API loaded no]
Added pool 'General'
Added pool 'Fx'
Unloading 61 unused Assets to reduce memory usage. Loaded Objects now: 82709.
Total: 45.208251 ms (FindLiveObjects: 4.769127 ms CreateObjectMapping: 2.322516 ms MarkObjects: 37.711255 ms  DeleteObjects: 0.404875 ms)

Menu > Start
HTTP Request > Post https://api.teamwood.games/0.41/api/user/login
HTTP Response > Post https://api.teamwood.games/0.41/api/user/login > <color=red>400</color>
Password is wrong.
HTTP Request > Post https://api.teamwood.games/0.41/api/user/login
HTTP Response > Post https://api.teamwood.games/0.41/api/user/login > <color=green>200</color>
HTTP Request > Get https://api.teamwood.games/0.41/api/user/current
HTTP Response > Get https://api.teamwood.games/0.41/api/user/current > <color=green>200</color>
HTTP Request > Get https://api.teamwood.games/0.41/api/achievement/fetch
HTTP Response > Get https://api.teamwood.games/0.41/api/achievement/fetch > <color=green>200</color>
HTTP Request > Get https://api.teamwood.games/0.41/api/clientconfig
HTTP Response > Get https://api.teamwood.games/0.41/api/clientconfig > <color=green>200</color>
HTTP Request > Get https://api.teamwood.games/0.41/api/product/all
HTTP Response > Get https://api.teamwood.games/0.41/api/product/all > <color=green>200</color>
HTTP Request > Get https://api.teamwood.games/0.41/api/deck/all
HTTP Response > Get https://api.teamwood.games/0.41/api/deck/all > <color=green>200</color>
HTTP Request > Get https://api.teamwood.games/0.41/api/challenge/current
HTTP Request > Post https://api.teamwood.games/0.41/api/steam/login
HTTP Response > Get https://api.teamwood.games/0.41/api/challenge/current > <color=green>200</color>
HTTP Request > Get https://api.teamwood.games/0.41/api/news/1
HTTP Response > Get https://api.teamwood.games/0.41/api/news/1 > <color=green>200</color>
HTTP Request > Get https://api.teamwood.games/0.41/api/news/0
HTTP Response > Get https://api.teamwood.games/0.41/api/news/0 > <color=green>200</color>
HTTP Request > Get https://api.teamwood.games/0.41/api/versus/datetime
HTTP Response > Get https://api.teamwood.games/0.41/api/versus/datetime > <color=green>200</color>
HTTP Response > Post https://api.teamwood.games/0.41/api/steam/login > <color=green>200</color>
HTTP Request > Get https://api.teamwood.games/0.41/api/versus/datetime
HTTP Response > Get https://api.teamwood.games/0.41/api/versus/datetime > <color=green>200</color>
HTTP Request > Get https://api.teamwood.games/0.41/api/versus/datetime
HTTP Response > Get https://api.teamwood.games/0.41/api/versus/datetime > <color=green>200</color>
HTTP Request > Get https://api.teamwood.games/0.41/api/versus/datetime
HTTP Response > Get https://api.teamwood.games/0.41/api/versus/datetime > <color=green>200</color>
HTTP Request > Get https://api.teamwood.games/0.41/api/versus/datetime
HTTP Response > Get https://api.teamwood.games/0.41/api/versus/datetime > <color=green>200</color>
Server offset is -0.052136s.
HTTP Request > Post https://api.teamwood.games/0.41/api/user/change-user
HTTP Response > Post https://api.teamwood.games/0.41/api/user/change-user > <color=green>200</color>
HTTP Request > Post https://api.teamwood.games/0.41/api/arena/queue
HTTP Response > Post https://api.teamwood.games/0.41/api/arena/queue > <color=green>200</color>
Unloading 6 Unused Serialized files (Serialized files now loaded: 6)
Abort all requests
Cannot release a null or unloaded asset.
[PhysX] Initialized MultithreadedTaskDispatcher with 12 workers.
UnloadTime: 22.397675 ms
Unloading 103 unused Assets to reduce memory usage. Loaded Objects now: 62654.
Total: 44.599800 ms (FindLiveObjects: 3.653318 ms CreateObjectMapping: 3.334566 ms MarkObjects: 37.399643 ms  DeleteObjects: 0.211870 ms)

SyncManager > Watch > 56441f4e-c930-4084-9869-60a780ad8acb
HTTP Request > Post https://api.teamwood.games/0.41/api/build/start
HTTP Response > Post https://api.teamwood.games/0.41/api/build/start > <color=green>200</color>
HTTP Request > Post https://api.teamwood.games/0.41/api/build/play-minion
HTTP Response > Post https://api.teamwood.games/0.41/api/build/play-minion > <color=green>200</color>
HTTP Request > Post https://api.teamwood.games/0.41/api/build/play-minion
HTTP Response > Post https://api.teamwood.games/0.41/api/build/play-minion > <color=green>200</color>
HTTP Request > Post https://api.teamwood.games/0.41/api/build/roll
HTTP Response > Post https://api.teamwood.games/0.41/api/build/roll > <color=green>200</color>
HTTP Request > Post https://api.teamwood.games/0.41/api/build/roll
HTTP Response > Post https://api.teamwood.games/0.41/api/build/roll > <color=green>200</color>
HTTP Request > Post https://api.teamwood.games/0.41/api/build/end
HTTP Response > Post https://api.teamwood.games/0.41/api/build/end > <color=green>200</color>
HTTP Request > Post https://api.teamwood.games/0.41/api/build/name
HTTP Response > Post https://api.teamwood.games/0.41/api/build/name > <color=green>200</color>
HTTP Request > Post https://api.teamwood.games/0.41/api/arena/ready
HTTP Response > Post https://api.teamwood.games/0.41/api/arena/ready > <color=green>200</color>
Handling match update.
Load battle because new was found.
HTTP Request > Get https://api.teamwood.games/0.41/api/battle/get/ba69ca19-d265-43a6-91dc-42a5298d83ce
HTTP Response > Get https://api.teamwood.games/0.41/api/battle/get/ba69ca19-d265-43a6-91dc-42a5298d83ce > <color=green>200</color>
Unloading 7 Unused Serialized files (Serialized files now loaded: 6)
SyncManager > Watch > 
Abort all requests
[PhysX] Initialized MultithreadedTaskDispatcher with 12 workers.
UnloadTime: 9.009355 ms
Added pool 'particles'
Unloading 55 unused Assets to reduce memory usage. Loaded Objects now: 59820.
Total: 50.610312 ms (FindLiveObjects: 4.331422 ms CreateObjectMapping: 2.319312 ms MarkObjects: 43.624887 ms  DeleteObjects: 0.334127 ms)

[INFO] Battle Starting: master seed 1820936722, player seed: -1973254449, opponent seed: 644938587
[INFO] Pausing renderer
T: 155.6533 - MasterAudio: Polyphony limit of group: Smash exceeded and no playing Variation is usable for Retrigger Limit Mode. Will not play this sound for this instance.
HTTP Request > Post https://api.teamwood.games/0.41/api/arena/watch
HTTP Response > Post https://api.teamwood.games/0.41/api/arena/watch > <color=green>200</color>
[INFO] Battle completed, outcome: EnemyWon, masterSeed: 1820936722, end result: -1551354643
Unloading 6 Unused Serialized files (Serialized files now loaded: 6)
Abort all requests
[PhysX] Initialized MultithreadedTaskDispatcher with 12 workers.
UnloadTime: 5.906091 ms
Unloading 62 unused Assets to reduce memory usage. Loaded Objects now: 63347.
Total: 50.663045 ms (FindLiveObjects: 3.651542 ms CreateObjectMapping: 2.197854 ms MarkObjects: 43.826468 ms  DeleteObjects: 0.986430 ms)

SyncManager > Watch > 56441f4e-c930-4084-9869-60a780ad8acb
HTTP Request > Post https://api.teamwood.games/0.41/api/build/start
HTTP Response > Post https://api.teamwood.games/0.41/api/build/start > <color=green>200</color>
HTTP Request > Post https://api.teamwood.games/0.41/api/build/play-minion
HTTP Response > Post https://api.teamwood.games/0.41/api/build/play-minion > <color=green>200</color>
HTTP Request > Post https://api.teamwood.games/0.41/api/build/play-minion
HTTP Response > Post https://api.teamwood.games/0.41/api/build/play-minion > <color=green>200</color>
HTTP Request > Post https://api.teamwood.games/0.41/api/build/play-minion
HTTP Response > Post https://api.teamwood.games/0.41/api/build/play-minion > <color=green>200</color>
HTTP Request > Post https://api.teamwood.games/0.41/api/build/Stack-minion
HTTP Response > Post https://api.teamwood.games/0.41/api/build/Stack-minion > <color=green>200</color>
HTTP Request > Post https://api.teamwood.games/0.41/api/build/end
HTTP Response > Post https://api.teamwood.games/0.41/api/build/end > <color=green>200</color>
HTTP Request > Post https://api.teamwood.games/0.41/api/arena/ready
HTTP Response > Post https://api.teamwood.games/0.41/api/arena/ready > <color=green>200</color>
Handling match update.
Load battle because new was found.
HTTP Request > Get https://api.teamwood.games/0.41/api/battle/get/65b54136-b104-475a-86b7-1c498a333622
HTTP Response > Get https://api.teamwood.games/0.41/api/battle/get/65b54136-b104-475a-86b7-1c498a333622 > <color=green>200</color>
Unloading 7 Unused Serialized files (Serialized files now loaded: 6)
SyncManager > Watch > 
Abort all requests
[PhysX] Initialized MultithreadedTaskDispatcher with 12 workers.
UnloadTime: 9.338792 ms
Added pool 'particles'
Unloading 65 unused Assets to reduce memory usage. Loaded Objects now: 60145.
Total: 56.113276 ms (FindLiveObjects: 3.976121 ms CreateObjectMapping: 3.261637 ms MarkObjects: 48.544035 ms  DeleteObjects: 0.330713 ms)

[INFO] Battle Starting: master seed -688040857, player seed: -1973254449, opponent seed: -1071982355
T: 245.3324 - MasterAudio: Polyphony limit of group: Smash exceeded and no playing Variation is usable for Retrigger Limit Mode. Will not play this sound for this instance.
T: 247.7166 - MasterAudio: Polyphony limit of group: Smash exceeded and no playing Variation is usable for Retrigger Limit Mode. Will not play this sound for this instance.
HTTP Request > Post https://api.teamwood.games/0.41/api/arena/watch
HTTP Response > Post https://api.teamwood.games/0.41/api/arena/watch > <color=green>200</color>
[INFO] Battle completed, outcome: PlayerWon, masterSeed: -688040857, end result: 1549779292
Unloading 6 Unused Serialized files (Serialized files now loaded: 6)
Abort all requests
[PhysX] Initialized MultithreadedTaskDispatcher with 12 workers.
UnloadTime: 7.217906 ms
Unloading 62 unused Assets to reduce memory usage. Loaded Objects now: 63444.
Total: 57.145621 ms (FindLiveObjects: 3.972549 ms CreateObjectMapping: 2.519346 ms MarkObjects: 50.231303 ms  DeleteObjects: 0.422011 ms)

SyncManager > Watch > 56441f4e-c930-4084-9869-60a780ad8acb
HTTP Request > Post https://api.teamwood.games/0.41/api/build/start
HTTP Response > Post https://api.teamwood.games/0.41/api/build/start > <color=green>200</color>
HTTP Request > Post https://api.teamwood.games/0.41/api/build/play-minion
HTTP Response > Post https://api.teamwood.games/0.41/api/build/play-minion > <color=green>200</color>
HTTP Request > Post https://api.teamwood.games/0.41/api/build/roll
HTTP Response > Post https://api.teamwood.games/0.41/api/build/roll > <color=green>200</color>
HTTP Request > Post https://api.teamwood.games/0.41/api/build/play-minion
HTTP Response > Post https://api.teamwood.games/0.41/api/build/play-minion > <color=green>200</color>
HTTP Request > Post https://api.teamwood.games/0.41/api/build/play-minion
HTTP Response > Post https://api.teamwood.games/0.41/api/build/play-minion > <color=green>200</color>
HTTP Request > Post https://api.teamwood.games/0.41/api/build/end
HTTP Response > Post https://api.teamwood.games/0.41/api/build/end > <color=green>200</color>
HTTP Request > Post https://api.teamwood.games/0.41/api/arena/ready
HTTP Response > Post https://api.teamwood.games/0.41/api/arena/ready > <color=green>200</color>
Handling match update.
Load battle because new was found.
HTTP Request > Get https://api.teamwood.games/0.41/api/battle/get/9e1329b9-ecc4-4b88-8aba-3d994fcb7803
HTTP Response > Get https://api.teamwood.games/0.41/api/battle/get/9e1329b9-ecc4-4b88-8aba-3d994fcb7803 > <color=green>200</color>
Unloading 7 Unused Serialized files (Serialized files now loaded: 6)
SyncManager > Watch > 
Abort all requests
[PhysX] Initialized MultithreadedTaskDispatcher with 12 workers.
UnloadTime: 9.011239 ms
Added pool 'particles'
Unloading 71 unused Assets to reduce memory usage. Loaded Objects now: 60164.
Total: 51.367027 ms (FindLiveObjects: 3.446560 ms CreateObjectMapping: 2.125938 ms MarkObjects: 45.553390 ms  DeleteObjects: 0.240249 ms)

[INFO] Battle Starting: master seed -115511500, player seed: -1973254449, opponent seed: -1403709026
T: 317.5196 - MasterAudio: Polyphony limit of group: Smash exceeded and no playing Variation is usable for Retrigger Limit Mode. Will not play this sound for this instance.
T: 323.4709 - MasterAudio: Polyphony limit of group: Smash exceeded and no playing Variation is usable for Retrigger Limit Mode. Will not play this sound for this instance.
T: 332.8885 - MasterAudio: Polyphony limit of group: Smash exceeded and no playing Variation is usable for Retrigger Limit Mode. Will not play this sound for this instance.
HTTP Request > Post https://api.teamwood.games/0.41/api/arena/watch
HTTP Response > Post https://api.teamwood.games/0.41/api/arena/watch > <color=green>200</color>
[INFO] Battle completed, outcome: PlayerWon, masterSeed: -115511500, end result: 1194829555
Unloading 6 Unused Serialized files (Serialized files now loaded: 6)
Abort all requests
[PhysX] Initialized MultithreadedTaskDispatcher with 12 workers.
UnloadTime: 7.469595 ms
Unloading 68 unused Assets to reduce memory usage. Loaded Objects now: 63483.
Total: 52.334447 ms (FindLiveObjects: 3.511982 ms CreateObjectMapping: 2.087966 ms MarkObjects: 46.309148 ms  DeleteObjects: 0.424918 ms)

SyncManager > Watch > 56441f4e-c930-4084-9869-60a780ad8acb
HTTP Request > Post https://api.teamwood.games/0.41/api/build/start
HTTP Response > Post https://api.teamwood.games/0.41/api/build/start > <color=green>200</color>
HTTP Request > Post https://api.teamwood.games/0.41/api/build/play-minion
HTTP Response > Post https://api.teamwood.games/0.41/api/build/play-minion > <color=green>200</color>
HTTP Request > Post https://api.teamwood.games/0.41/api/build/roll
HTTP Response > Post https://api.teamwood.games/0.41/api/build/roll > <color=green>200</color>
HTTP Request > Post https://api.teamwood.games/0.41/api/build/roll
HTTP Response > Post https://api.teamwood.games/0.41/api/build/roll > <color=green>200</color>
HTTP Request > Post https://api.teamwood.games/0.41/api/build/roll
HTTP Response > Post https://api.teamwood.games/0.41/api/build/roll > <color=green>200</color>
HTTP Request > Post https://api.teamwood.games/0.41/api/build/play-minion
HTTP Response > Post https://api.teamwood.games/0.41/api/build/play-minion > <color=green>200</color>
HTTP Request > Post https://api.teamwood.games/0.41/api/build/roll
HTTP Response > Post https://api.teamwood.games/0.41/api/build/roll > <color=green>200</color>
HTTP Request > Post https://api.teamwood.games/0.41/api/build/end
HTTP Response > Post https://api.teamwood.games/0.41/api/build/end > <color=green>200</color>
HTTP Request > Post https://api.teamwood.games/0.41/api/arena/ready
HTTP Response > Post https://api.teamwood.games/0.41/api/arena/ready > <color=green>200</color>
Handling match update.
Load battle because new was found.
HTTP Request > Get https://api.teamwood.games/0.41/api/battle/get/7be73f78-4e66-4498-9882-bd6d6a06de92
HTTP Response > Get https://api.teamwood.games/0.41/api/battle/get/7be73f78-4e66-4498-9882-bd6d6a06de92 > <color=green>200</color>
Unloading 7 Unused Serialized files (Serialized files now loaded: 6)
SyncManager > Watch > 
Abort all requests
[PhysX] Initialized MultithreadedTaskDispatcher with 12 workers.
UnloadTime: 9.733286 ms
Added pool 'particles'
Unloading 102 unused Assets to reduce memory usage. Loaded Objects now: 60201.
Total: 48.754328 ms (FindLiveObjects: 3.328931 ms CreateObjectMapping: 2.045344 ms MarkObjects: 43.127233 ms  DeleteObjects: 0.252321 ms)

[INFO] Battle Starting: master seed 1248384066, player seed: -1973254449, opponent seed: 2068497543
T: 422.8953 - MasterAudio: Polyphony limit of group: Smash exceeded and no playing Variation is usable for Retrigger Limit Mode. Will not play this sound for this instance.
T: 428.8465 - MasterAudio: Polyphony limit of group: Smash exceeded and no playing Variation is usable for Retrigger Limit Mode. Will not play this sound for this instance.
T: 434.3971 - MasterAudio: Polyphony limit of group: Smash exceeded and no playing Variation is usable for Retrigger Limit Mode. Will not play this sound for this instance.
<color=#0099bc><b>DOTWEEN ► </b></color>Max Tweens reached: capacity has automatically been increased from 200/50 to 200/125. Use DOTween.SetTweensCapacity to set it manually at startup
DG.Tweening.Core.Debugger:LogWarning(Object, Tween)
DG.Tweening.Core.TweenManager:GetSequence()
DG.Tweening.DOTween:Sequence()
DG.Tweening.ShortcutExtensions:DOLocalJump(Transform, Vector3, Single, Int32, Single, Boolean)
Spacewood.Unity.Views.MinionMiniView:DOShakeCosmetic(Single)
Spacewood.Unity.Views.BoardView:Shake(ShakePreset, Single)
Spacewood.Scripts.MonoBehaviours.Board.RenderSystems.<RenderEvent>d__0:MoveNext()
Spacewood.Scripts.MonoBehaviours.Board.RenderSystems.DamageRenderer:RenderEvent(Done`1)
Spacewood.Unity.MonoBehaviours.Board.<RenderEvent>d__18:MoveNext()
Spacewood.Unity.MonoBehaviours.Board.BoardRenderer:RenderEvent(IBoardEvent)
Spacewood.Unity.MonoBehaviours.Board.<RenderAll>d__8:MoveNext()
Spacewood.Unity.MonoBehaviours.Board.BoardRendererAggregator:RenderAll(IEnumerable`1, Predicate`1, Int32, Boolean)
Spacewood.Unity.MonoBehaviours.Board.<RenderAll>d__10`1:MoveNext()
Spacewood.Unity.MonoBehaviours.Board.BoardRendererAggregator:RenderAll(IEnumerable`1, Int32)
System.Linq.WhereSelectListIterator`2:MoveNext()
System.Collections.Generic.List`1:AddEnumerable(IEnumerable`1)
System.Collections.Generic.List`1:InsertRange(Int32, IEnumerable`1)
Spacewood.Scripts.MonoBehaviours.Board.RenderAggregators.<CreateHitEventTasks>d__7:MoveNext()
Spacewood.Scripts.MonoBehaviours.Board.RenderAggregators.TradeAggregator:CreateHitEventTasks(IEnumerable`1, Int32)
Spacewood.Scripts.MonoBehaviours.Board.RenderAggregators.TradeAggregator:CreateOnHitTasks(List`1)
Cysharp.Threading.Tasks.AsyncLazy:EnsureInitializedCore()
Cysharp.Threading.Tasks.AsyncLazy:get_Task()
Spacewood.Scripts.MonoBehaviours.Board.RenderAggregators.<TradeAnimation>d__9:MoveNext()
Cysharp.Threading.Tasks.UniTaskCompletionSourceCore`1:TrySetResult(TResult)
Cysharp.Threading.Tasks.<>c:<.ctor>b__3_0(Object)
Cysharp.Threading.Tasks.UniTaskCompletionSourceCore`1:TrySetResult(TResult)
DG.Tweening.Tween:OnTweenCallback(TweenCallback, Tween)
DG.Tweening.Core.TweenManager:Despawn(Tween, Boolean)
DG.Tweening.Core.TweenManager:DespawnActiveTweens(List`1)
DG.Tweening.Core.TweenManager:Update(UpdateType, Single, Single)
DG.Tweening.Core.DOTweenComponent:Update()

<color=#0099bc><b>DOTWEEN ► </b></color>Max Tweens reached: capacity has automatically been increased from 200/125 to 500/125. Use DOTween.SetTweensCapacity to set it manually at startup
DG.Tweening.Core.Debugger:LogWarning(Object, Tween)
DG.Tweening.Core.TweenManager:GetTweener()
DG.Tweening.DOTween:ApplyTo(DOGetter`1, DOSetter`1, T2, Single, ABSTweenPlugin`3)
DG.Tweening.ShortcutExtensions:DOJump(Transform, Vector3, Single, Int32, Single, Boolean)
Spacewood.Unity.Views.<DestroyPunch>d__109:MoveNext()
Spacewood.Unity.Views.BoardView:DestroyPunch(MinionModel, Single, Single)
Cysharp.Threading.Tasks.<ContinueWith>d__27:MoveNext()
Cysharp.Threading.Tasks.UniTaskExtensions:ContinueWith(UniTask, Func`1)
Spacewood.Scripts.MonoBehaviours.Board.RenderAggregators.<CreateDestroyEventTasks>d__8:MoveNext()
Spacewood.Scripts.MonoBehaviours.Board.RenderAggregators.TradeAggregator:CreateDestroyEventTasks(IEnumerable`1, IEnumerable`1, Int32)
Spacewood.Scripts.MonoBehaviours.Board.RenderAggregators.TradeAggregator:CreateOnHitTasks(List`1)
Cysharp.Threading.Tasks.AsyncLazy:EnsureInitializedCore()
Cysharp.Threading.Tasks.AsyncLazy:get_Task()
Spacewood.Scripts.MonoBehaviours.Board.RenderAggregators.<TradeAnimation>d__9:MoveNext()
Cysharp.Threading.Tasks.UniTaskCompletionSourceCore`1:TrySetResult(TResult)
Cysharp.Threading.Tasks.<>c:<.ctor>b__3_0(Object)
Cysharp.Threading.Tasks.UniTaskCompletionSourceCore`1:TrySetResult(TResult)
DG.Tweening.Tween:OnTweenCallback(TweenCallback, Tween)
DG.Tweening.Core.TweenManager:Despawn(Tween, Boolean)
DG.Tweening.Core.TweenManager:DespawnActiveTweens(List`1)
DG.Tweening.Core.TweenManager:Update(UpdateType, Single, Single)
DG.Tweening.Core.DOTweenComponent:Update()

T: 441.231 - MasterAudio: Polyphony limit of group: Smash exceeded and no playing Variation is usable for Retrigger Limit Mode. Will not play this sound for this instance.
HTTP Request > Post https://api.teamwood.games/0.41/api/arena/watch
HTTP Response > Post https://api.teamwood.games/0.41/api/arena/watch > <color=green>200</color>
[INFO] Battle completed, outcome: Draw, masterSeed: 1248384066, end result: 144231529
Unloading 6 Unused Serialized files (Serialized files now loaded: 6)
Abort all requests
[PhysX] Initialized MultithreadedTaskDispatcher with 12 workers.
UnloadTime: 7.947033 ms
Unloading 77 unused Assets to reduce memory usage. Loaded Objects now: 63573.
Total: 49.813849 ms (FindLiveObjects: 3.551889 ms CreateObjectMapping: 2.166889 ms MarkObjects: 43.661311 ms  DeleteObjects: 0.433297 ms)

SyncManager > Watch > 56441f4e-c930-4084-9869-60a780ad8acb
HTTP Request > Post https://api.teamwood.games/0.41/api/build/start
HTTP Response > Post https://api.teamwood.games/0.41/api/build/start > <color=green>200</color>
HTTP Request > Post https://api.teamwood.games/0.41/api/build/play-minion
HTTP Response > Post https://api.teamwood.games/0.41/api/build/play-minion > <color=green>200</color>
HTTP Request > Post https://api.teamwood.games/0.41/api/build/play-minion
HTTP Response > Post https://api.teamwood.games/0.41/api/build/play-minion > <color=green>200</color>
HTTP Request > Post https://api.teamwood.games/0.41/api/build/roll
HTTP Response > Post https://api.teamwood.games/0.41/api/build/roll > <color=green>200</color>
HTTP Request > Post https://api.teamwood.games/0.41/api/build/play-minion
HTTP Response > Post https://api.teamwood.games/0.41/api/build/play-minion > <color=green>200</color>
HTTP Request > Post https://api.teamwood.games/0.41/api/build/end
HTTP Response > Post https://api.teamwood.games/0.41/api/build/end > <color=green>200</color>
HTTP Request > Post https://api.teamwood.games/0.41/api/arena/ready
HTTP Response > Post https://api.teamwood.games/0.41/api/arena/ready > <color=green>200</color>
Handling match update.
Load battle because new was found.
HTTP Request > Get https://api.teamwood.games/0.41/api/battle/get/6eb7f9bb-ace7-4401-8165-4b8ce31d5002
HTTP Response > Get https://api.teamwood.games/0.41/api/battle/get/6eb7f9bb-ace7-4401-8165-4b8ce31d5002 > <color=green>200</color>
Unloading 7 Unused Serialized files (Serialized files now loaded: 6)
SyncManager > Watch > 
Abort all requests
[PhysX] Initialized MultithreadedTaskDispatcher with 12 workers.
UnloadTime: 11.640776 ms
Added pool 'particles'
Unloading 84 unused Assets to reduce memory usage. Loaded Objects now: 60322.
Total: 57.310029 ms (FindLiveObjects: 3.390968 ms CreateObjectMapping: 2.225873 ms MarkObjects: 51.444763 ms  DeleteObjects: 0.248106 ms)

[INFO] Battle Starting: master seed 1052089744, player seed: -1973254449, opponent seed: -780455478
T: 499.1654 - MasterAudio: Polyphony limit of group: Smash exceeded and no playing Variation is usable for Retrigger Limit Mode. Will not play this sound for this instance.
T: 507.5347 - MasterAudio: Polyphony limit of group: Smash exceeded and no playing Variation is usable for Retrigger Limit Mode. Will not play this sound for this instance.
HTTP Request > Post https://api.teamwood.games/0.41/api/arena/watch
HTTP Response > Post https://api.teamwood.games/0.41/api/arena/watch > <color=green>200</color>
[INFO] Battle completed, outcome: PlayerWon, masterSeed: 1052089744, end result: 1265667516
Unloading 6 Unused Serialized files (Serialized files now loaded: 6)
Abort all requests
[PhysX] Initialized MultithreadedTaskDispatcher with 12 workers.
UnloadTime: 7.025381 ms
Unloading 77 unused Assets to reduce memory usage. Loaded Objects now: 63607.
Total: 51.096922 ms (FindLiveObjects: 3.576926 ms CreateObjectMapping: 2.186041 ms MarkObjects: 44.894874 ms  DeleteObjects: 0.438603 ms)

SyncManager > Watch > 56441f4e-c930-4084-9869-60a780ad8acb
HTTP Request > Post https://api.teamwood.games/0.41/api/build/start
HTTP Response > Post https://api.teamwood.games/0.41/api/build/start > <color=green>200</color>
HTTP Request > Post https://api.teamwood.games/0.41/api/build/play-spell
HTTP Response > Post https://api.teamwood.games/0.41/api/build/play-spell > <color=green>200</color>
HTTP Request > Post https://api.teamwood.games/0.41/api/build/roll
HTTP Response > Post https://api.teamwood.games/0.41/api/build/roll > <color=green>200</color>
HTTP Request > Post https://api.teamwood.games/0.41/api/build/play-spell
HTTP Response > Post https://api.teamwood.games/0.41/api/build/play-spell > <color=green>200</color>
HTTP Request > Post https://api.teamwood.games/0.41/api/build/roll
HTTP Response > Post https://api.teamwood.games/0.41/api/build/roll > <color=green>200</color>
HTTP Request > Post https://api.teamwood.games/0.41/api/build/roll
HTTP Response > Post https://api.teamwood.games/0.41/api/build/roll > <color=green>200</color>
HTTP Request > Post https://api.teamwood.games/0.41/api/build/roll
HTTP Response > Post https://api.teamwood.games/0.41/api/build/roll > <color=green>200</color>
HTTP Request > Post https://api.teamwood.games/0.41/api/build/end
HTTP Response > Post https://api.teamwood.games/0.41/api/build/end > <color=green>200</color>
HTTP Request > Post https://api.teamwood.games/0.41/api/arena/ready
HTTP Response > Post https://api.teamwood.games/0.41/api/arena/ready > <color=green>200</color>
Handling match update.
Load battle because new was found.
HTTP Request > Get https://api.teamwood.games/0.41/api/battle/get/99a14dab-619b-448b-b8d4-69538f95a846
HTTP Response > Get https://api.teamwood.games/0.41/api/battle/get/99a14dab-619b-448b-b8d4-69538f95a846 > <color=green>200</color>
Unloading 7 Unused Serialized files (Serialized files now loaded: 6)
SyncManager > Watch > 
Abort all requests
[PhysX] Initialized MultithreadedTaskDispatcher with 12 workers.
UnloadTime: 9.862647 ms
Added pool 'particles'
Unloading 116 unused Assets to reduce memory usage. Loaded Objects now: 60356.
Total: 51.741509 ms (FindLiveObjects: 3.516381 ms CreateObjectMapping: 3.082700 ms MarkObjects: 44.580125 ms  DeleteObjects: 0.561692 ms)

[INFO] Battle Starting: master seed 2023260650, player seed: -1973254449, opponent seed: 122593894
T: 614.2235 - MasterAudio: Polyphony limit of group: Smash exceeded and no playing Variation is usable for Retrigger Limit Mode. Will not play this sound for this instance.
T: 619.8926 - MasterAudio: Polyphony limit of group: Smash exceeded and no playing Variation is usable for Retrigger Limit Mode. Will not play this sound for this instance.
T: 628.2293 - MasterAudio: Polyphony limit of group: Smash exceeded and no playing Variation is usable for Retrigger Limit Mode. Will not play this sound for this instance.
T: 630.9462 - MasterAudio: Polyphony limit of group: Smash exceeded and no playing Variation is usable for Retrigger Limit Mode. Will not play this sound for this instance.
T: 632.6634 - MasterAudio: Polyphony limit of group: Smash exceeded and no playing Variation is usable for Retrigger Limit Mode. Will not play this sound for this instance.
HTTP Request > Post https://api.teamwood.games/0.41/api/arena/watch
HTTP Response > Post https://api.teamwood.games/0.41/api/arena/watch > <color=green>200</color>
[INFO] Battle completed, outcome: EnemyWon, masterSeed: 2023260650, end result: 1943449809
Unloading 6 Unused Serialized files (Serialized files now loaded: 6)
Abort all requests
[PhysX] Initialized MultithreadedTaskDispatcher with 12 workers.
UnloadTime: 8.968132 ms
Unloading 79 unused Assets to reduce memory usage. Loaded Objects now: 63642.
Total: 51.598875 ms (FindLiveObjects: 3.589358 ms CreateObjectMapping: 2.156721 ms MarkObjects: 45.435489 ms  DeleteObjects: 0.416903 ms)

SyncManager > Watch > 56441f4e-c930-4084-9869-60a780ad8acb
HTTP Request > Post https://api.teamwood.games/0.41/api/build/start
HTTP Response > Post https://api.teamwood.games/0.41/api/build/start > <color=green>200</color>
HTTP Request > Post https://api.teamwood.games/0.41/api/arena/abandon
HTTP Response > Post https://api.teamwood.games/0.41/api/arena/abandon > <color=green>200</color>
Unloading 5 Unused Serialized files (Serialized files now loaded: 6)
SyncManager > Watch > 
Abort all requests
[PhysX] Initialized MultithreadedTaskDispatcher with 12 workers.
UnloadTime: 10.367198 ms
Unloading 64 unused Assets to reduce memory usage. Loaded Objects now: 86955.
Total: 65.226561 ms (FindLiveObjects: 5.184262 ms CreateObjectMapping: 2.450472 ms MarkObjects: 57.186872 ms  DeleteObjects: 0.404391 ms)

Menu > Start
HTTP Request > Post https://api.teamwood.games/0.41/api/versus/create-skirmish
HTTP Response > Post https://api.teamwood.games/0.41/api/versus/create-skirmish > <color=green>200</color>
Hub Start
SyncManager > Watch > 885f144d-c2e2-440c-933a-5a63b2e3783d
Hub Connected
Hub Started
HTTP Request > Get https://api.teamwood.games/0.41/api/user/participation/885f144d-c2e2-440c-933a-5a63b2e3783d
HTTP Response > Get https://api.teamwood.games/0.41/api/user/participation/885f144d-c2e2-440c-933a-5a63b2e3783d > <color=green>200</color>
HTTP Request > Get https://api.teamwood.games/0.41/api/user/participation/885f144d-c2e2-440c-933a-5a63b2e3783d
HTTP Response > Get https://api.teamwood.games/0.41/api/user/participation/885f144d-c2e2-440c-933a-5a63b2e3783d > <color=green>200</color>
HTTP Request > Get https://api.teamwood.games/0.41/api/user/participation/885f144d-c2e2-440c-933a-5a63b2e3783d
HTTP Response > Get https://api.teamwood.games/0.41/api/user/participation/885f144d-c2e2-440c-933a-5a63b2e3783d > <color=green>200</color>
Hub Change > 885f144d-c2e2-440c-933a-5a63b2e3783d
HTTP Request > Get https://api.teamwood.games/0.41/api/user/participation/885f144d-c2e2-440c-933a-5a63b2e3783d
HTTP Response > Get https://api.teamwood.games/0.41/api/user/participation/885f144d-c2e2-440c-933a-5a63b2e3783d > <color=green>200</color>
HTTP Request > Post https://api.teamwood.games/0.41/api/versus/start-skirmish
Hub Change > 885f144d-c2e2-440c-933a-5a63b2e3783d
Unloading 6 Unused Serialized files (Serialized files now loaded: 6)
Abort all requests
[PhysX] Initialized MultithreadedTaskDispatcher with 12 workers.
UnloadTime: 22.839573 ms
Unloading 112 unused Assets to reduce memory usage. Loaded Objects now: 62754.
Total: 56.415523 ms (FindLiveObjects: 4.716348 ms CreateObjectMapping: 2.327865 ms MarkObjects: 49.049230 ms  DeleteObjects: 0.321501 ms)

SyncManager > Watch > 885f144d-c2e2-440c-933a-5a63b2e3783d
HTTP Response > Post https://api.teamwood.games/0.41/api/versus/start-skirmish > <color=green>200</color>
Handling match update.
Merging models.
HTTP Request > Post https://api.teamwood.games/0.41/api/build/start
HTTP Response > Post https://api.teamwood.games/0.41/api/build/start > <color=green>200</color>
HTTP Request > Post https://api.teamwood.games/0.41/api/build/play-minion
HTTP Response > Post https://api.teamwood.games/0.41/api/build/play-minion > <color=green>200</color>
HTTP Request > Post https://api.teamwood.games/0.41/api/build/roll
HTTP Response > Post https://api.teamwood.games/0.41/api/build/roll > <color=green>200</color>
HTTP Request > Post https://api.teamwood.games/0.41/api/build/play-minion
HTTP Response > Post https://api.teamwood.games/0.41/api/build/play-minion > <color=green>200</color>
HTTP Request > Post https://api.teamwood.games/0.41/api/build/roll
HTTP Response > Post https://api.teamwood.games/0.41/api/build/roll > <color=green>200</color>
HTTP Request > Post https://api.teamwood.games/0.41/api/build/roll
HTTP Response > Post https://api.teamwood.games/0.41/api/build/roll > <color=green>200</color>
HTTP Request > Post https://api.teamwood.games/0.41/api/build/end
HTTP Response > Post https://api.teamwood.games/0.41/api/build/end > <color=green>200</color>
HTTP Request > Post https://api.teamwood.games/0.41/api/build/name
HTTP Response > Post https://api.teamwood.games/0.41/api/build/name > <color=green>200</color>
HTTP Request > Post https://api.teamwood.games/0.41/api/versus/ready
Hub Change Player Count > 885f144d-c2e2-440c-933a-5a63b2e3783d
Handling match update.
Merging models.
Hub Change > 885f144d-c2e2-440c-933a-5a63b2e3783d
Handling match update.
Load battle because new was found.
HTTP Response > Post https://api.teamwood.games/0.41/api/versus/ready > <color=green>200</color>
Handling match update.
Load battle because new was found.
Loading battle was blocked.
Load battle after ready.
Loading battle was blocked.
HTTP Request > Get https://api.teamwood.games/0.41/api/battle/get/cb2beee9-989a-4795-81ce-26bf303128b8
HTTP Response > Get https://api.teamwood.games/0.41/api/battle/get/cb2beee9-989a-4795-81ce-26bf303128b8 > <color=green>200</color>
Unloading 7 Unused Serialized files (Serialized files now loaded: 6)
SyncManager > Watch > 
Abort all requests
[PhysX] Initialized MultithreadedTaskDispatcher with 12 workers.
UnloadTime: 7.138679 ms
Added pool 'particles'
Unloading 995 unused Assets to reduce memory usage. Loaded Objects now: 58551.
Total: 45.720956 ms (FindLiveObjects: 3.421302 ms CreateObjectMapping: 2.073242 ms MarkObjects: 39.255953 ms  DeleteObjects: 0.969960 ms)

[INFO] Battle Starting: master seed 988926428, player seed: -1973254449, opponent seed: 234299692
T: 803.0959 - MasterAudio: Polyphony limit of group: Smash exceeded and no playing Variation is usable for Retrigger Limit Mode. Will not play this sound for this instance.
Watch battle for participation 885f144d-c2e2-440c-933a-5a63b2e3783d
Watch battle cb2beee9-989a-4795-81ce-26bf303128b8
HTTP Request > Post https://api.teamwood.games/0.41/api/versus/watch
HTTP Response > Post https://api.teamwood.games/0.41/api/versus/watch > <color=green>200</color>
[INFO] Battle completed, outcome: EnemyWon, masterSeed: 988926428, end result: -1606332373
Unloading 6 Unused Serialized files (Serialized files now loaded: 6)
Abort all requests
[PhysX] Initialized MultithreadedTaskDispatcher with 12 workers.
UnloadTime: 5.961296 ms
Unloading 47 unused Assets to reduce memory usage. Loaded Objects now: 62744.
Total: 51.014793 ms (FindLiveObjects: 4.552885 ms CreateObjectMapping: 2.344195 ms MarkObjects: 43.735160 ms  DeleteObjects: 0.382013 ms)

SyncManager > Watch > 885f144d-c2e2-440c-933a-5a63b2e3783d
HTTP Request > Post https://api.teamwood.games/0.41/api/build/start
HTTP Response > Post https://api.teamwood.games/0.41/api/build/start > <color=green>200</color>
HTTP Request > Post https://api.teamwood.games/0.41/api/build/play-minion
HTTP Response > Post https://api.teamwood.games/0.41/api/build/play-minion > <color=green>200</color>
HTTP Request > Post https://api.teamwood.games/0.41/api/build/play-minion
HTTP Response > Post https://api.teamwood.games/0.41/api/build/play-minion > <color=green>200</color>
HTTP Request > Post https://api.teamwood.games/0.41/api/build/roll
HTTP Response > Post https://api.teamwood.games/0.41/api/build/roll > <color=green>200</color>
HTTP Request > Post https://api.teamwood.games/0.41/api/build/play-minion
HTTP Response > Post https://api.teamwood.games/0.41/api/build/play-minion > <color=green>200</color>
HTTP Request > Post https://api.teamwood.games/0.41/api/build/end
HTTP Response > Post https://api.teamwood.games/0.41/api/build/end > <color=green>200</color>
HTTP Request > Post https://api.teamwood.games/0.41/api/versus/ready
HTTP Response > Post https://api.teamwood.games/0.41/api/versus/ready > <color=green>200</color>
Handling match update.
Merging models.
Load battle after ready.
Participation battle has already been watched.
Spacewood.Unity.MonoBehaviours.Build.<ReadyAsync>d__30:MoveNext()
Cysharp.Threading.Tasks.UniTaskCompletionSourceCore`1:TrySetResult(TResult)
Spacewood.Unity.<ReadyRequestAsync>d__4:MoveNext()
Cysharp.Threading.Tasks.UniTaskCompletionSourceCore`1:TrySetResult(TResult)
Spacewood.Unity.<ReadyVersusAsync>d__164:MoveNext()
Cysharp.Threading.Tasks.UniTaskCompletionSourceCore`1:TrySetResult(TResult)
Spacewood.Unity.<SendAndRetryHttpRequestAsync>d__181`1:MoveNext()
Cysharp.Threading.Tasks.UniTaskCompletionSourceCore`1:TrySetResult(TResult)
Spacewood.Unity.<SendHttpResponseAsync>d__182`1:MoveNext()
System.Threading.Tasks.AwaitTaskContinuation:RunCallback(ContextCallback, Object, Task&)
System.Threading.Tasks.Task:FinishContinuations()
System.Threading.Tasks.Task`1:TrySetResult(TResult)
System.Threading.Tasks.TaskCompletionSource`1:TrySetResult(TResult)
BestHTTP.Core.RequestEventHelper:HandleRequestStateChange(RequestEventInfo)
BestHTTP.Core.RequestEventHelper:ProcessQueue()
BestHTTP.HTTPManager:OnUpdate()
BestHTTP.HTTPUpdateDelegator:CallOnUpdate()

Hub Change Player Count > 885f144d-c2e2-440c-933a-5a63b2e3783d
Handling match update.
Merging models.
HTTP Request > Get https://api.teamwood.games/0.41/api/user/participation/885f144d-c2e2-440c-933a-5a63b2e3783d
HTTP Response > Get https://api.teamwood.games/0.41/api/user/participation/885f144d-c2e2-440c-933a-5a63b2e3783d > <color=green>200</color>
Handling match update.
Merging models.
HTTP Request > Get https://api.teamwood.games/0.41/api/user/participation/885f144d-c2e2-440c-933a-5a63b2e3783d
HTTP Response > Get https://api.teamwood.games/0.41/api/user/participation/885f144d-c2e2-440c-933a-5a63b2e3783d > <color=green>200</color>
Handling match update.
Merging models.
Hub Change > 885f144d-c2e2-440c-933a-5a63b2e3783d
Handling match update.
Load battle because new was found.
HTTP Request > Get https://api.teamwood.games/0.41/api/battle/get/380ec5dc-3264-488d-a74e-1b5866113e37
HTTP Response > Get https://api.teamwood.games/0.41/api/battle/get/380ec5dc-3264-488d-a74e-1b5866113e37 > <color=green>200</color>
Unloading 7 Unused Serialized files (Serialized files now loaded: 6)
SyncManager > Watch > 
Abort all requests
[PhysX] Initialized MultithreadedTaskDispatcher with 12 workers.
UnloadTime: 7.658105 ms
Added pool 'particles'
Unloading 985 unused Assets to reduce memory usage. Loaded Objects now: 58553.
Total: 45.392783 ms (FindLiveObjects: 4.206842 ms CreateObjectMapping: 2.285206 ms MarkObjects: 37.840513 ms  DeleteObjects: 1.059752 ms)

[INFO] Battle Starting: master seed 141044227, player seed: -1973254449, opponent seed: 234299692
T: 864.7047 - MasterAudio: Polyphony limit of group: Smash exceeded and no playing Variation is usable for Retrigger Limit Mode. Will not play this sound for this instance.
Watch battle for participation 885f144d-c2e2-440c-933a-5a63b2e3783d
Watch battle 380ec5dc-3264-488d-a74e-1b5866113e37
HTTP Request > Post https://api.teamwood.games/0.41/api/versus/watch
HTTP Response > Post https://api.teamwood.games/0.41/api/versus/watch > <color=green>200</color>
[INFO] Battle completed, outcome: PlayerWon, masterSeed: 141044227, end result: 1398642302
Unloading 6 Unused Serialized files (Serialized files now loaded: 6)
Abort all requests
[PhysX] Initialized MultithreadedTaskDispatcher with 12 workers.
UnloadTime: 7.325610 ms
Unloading 55 unused Assets to reduce memory usage. Loaded Objects now: 62750.
Total: 54.931310 ms (FindLiveObjects: 3.561619 ms CreateObjectMapping: 2.225031 ms MarkObjects: 48.752931 ms  DeleteObjects: 0.391313 ms)

SyncManager > Watch > 885f144d-c2e2-440c-933a-5a63b2e3783d
HTTP Request > Post https://api.teamwood.games/0.41/api/build/start
HTTP Response > Post https://api.teamwood.games/0.41/api/build/start > <color=green>200</color>
HTTP Request > Post https://api.teamwood.games/0.41/api/build/play-spell
HTTP Response > Post https://api.teamwood.games/0.41/api/build/play-spell > <color=green>200</color>
HTTP Request > Post https://api.teamwood.games/0.41/api/build/roll
HTTP Response > Post https://api.teamwood.games/0.41/api/build/roll > <color=green>200</color>
HTTP Request > Post https://api.teamwood.games/0.41/api/build/Stack-minion
HTTP Response > Post https://api.teamwood.games/0.41/api/build/Stack-minion > <color=green>200</color>
HTTP Request > Post https://api.teamwood.games/0.41/api/build/Stack-minion
HTTP Response > Post https://api.teamwood.games/0.41/api/build/Stack-minion > <color=green>200</color>
Hub Change Player Count > 885f144d-c2e2-440c-933a-5a63b2e3783d
Handling match update.
Merging models.
HTTP Request > Post https://api.teamwood.games/0.41/api/build/play-minion
HTTP Response > Post https://api.teamwood.games/0.41/api/build/play-minion > <color=green>200</color>
HTTP Request > Post https://api.teamwood.games/0.41/api/build/play-minion
HTTP Response > Post https://api.teamwood.games/0.41/api/build/play-minion > <color=green>200</color>
HTTP Request > Post https://api.teamwood.games/0.41/api/build/end
HTTP Response > Post https://api.teamwood.games/0.41/api/build/end > <color=green>200</color>
HTTP Request > Post https://api.teamwood.games/0.41/api/versus/ready
Hub Change > 885f144d-c2e2-440c-933a-5a63b2e3783d
Handling match update.
Load battle because new was found.
HTTP Response > Post https://api.teamwood.games/0.41/api/versus/ready > <color=green>200</color>
Handling match update.
Load battle because new was found.
Loading battle was blocked.
Load battle after ready.
Loading battle was blocked.
HTTP Request > Get https://api.teamwood.games/0.41/api/battle/get/403b6899-385f-4b33-8c80-863e8c1fbd35
HTTP Response > Get https://api.teamwood.games/0.41/api/battle/get/403b6899-385f-4b33-8c80-863e8c1fbd35 > <color=green>200</color>
Unloading 7 Unused Serialized files (Serialized files now loaded: 6)
SyncManager > Watch > 
Abort all requests
[PhysX] Initialized MultithreadedTaskDispatcher with 12 workers.
UnloadTime: 8.555078 ms
Added pool 'particles'
Unloading 995 unused Assets to reduce memory usage. Loaded Objects now: 58555.
Total: 44.518823 ms (FindLiveObjects: 3.310740 ms CreateObjectMapping: 2.214105 ms MarkObjects: 38.189765 ms  DeleteObjects: 0.803798 ms)

[INFO] Battle Starting: master seed 1069760431, player seed: -1973254449, opponent seed: 234299692
T: 952.3295 - MasterAudio: Polyphony limit of group: Smash exceeded and no playing Variation is usable for Retrigger Limit Mode. Will not play this sound for this instance.
T: 956.7141 - MasterAudio: Polyphony limit of group: Smash exceeded and no playing Variation is usable for Retrigger Limit Mode. Will not play this sound for this instance.
Watch battle for participation 885f144d-c2e2-440c-933a-5a63b2e3783d
Watch battle 403b6899-385f-4b33-8c80-863e8c1fbd35
HTTP Request > Post https://api.teamwood.games/0.41/api/versus/watch
HTTP Response > Post https://api.teamwood.games/0.41/api/versus/watch > <color=green>200</color>
[INFO] Battle completed, outcome: PlayerWon, masterSeed: 1069760431, end result: -775779344
Unloading 6 Unused Serialized files (Serialized files now loaded: 6)
Abort all requests
[PhysX] Initialized MultithreadedTaskDispatcher with 12 workers.
UnloadTime: 6.903822 ms
Unloading 61 unused Assets to reduce memory usage. Loaded Objects now: 62753.
Total: 51.924224 ms (FindLiveObjects: 3.540095 ms CreateObjectMapping: 2.198838 ms MarkObjects: 45.086366 ms  DeleteObjects: 1.097985 ms)

SyncManager > Watch > 885f144d-c2e2-440c-933a-5a63b2e3783d
HTTP Request > Post https://api.teamwood.games/0.41/api/build/start
HTTP Response > Post https://api.teamwood.games/0.41/api/build/start > <color=green>200</color>
HTTP Request > Post https://api.teamwood.games/0.41/api/build/sell
HTTP Response > Post https://api.teamwood.games/0.41/api/build/sell > <color=green>200</color>
HTTP Request > Post https://api.teamwood.games/0.41/api/build/play-minion
HTTP Response > Post https://api.teamwood.games/0.41/api/build/play-minion > <color=green>200</color>
HTTP Request > Post https://api.teamwood.games/0.41/api/build/roll
HTTP Response > Post https://api.teamwood.games/0.41/api/build/roll > <color=green>200</color>
HTTP Request > Post https://api.teamwood.games/0.41/api/build/roll
HTTP Response > Post https://api.teamwood.games/0.41/api/build/roll > <color=green>200</color>
HTTP Request > Post https://api.teamwood.games/0.41/api/build/roll
HTTP Response > Post https://api.teamwood.games/0.41/api/build/roll > <color=green>200</color>
HTTP Request > Post https://api.teamwood.games/0.41/api/build/play-minion
HTTP Response > Post https://api.teamwood.games/0.41/api/build/play-minion > <color=green>200</color>
HTTP Request > Post https://api.teamwood.games/0.41/api/build/roll
HTTP Response > Post https://api.teamwood.games/0.41/api/build/roll > <color=green>200</color>
HTTP Request > Post https://api.teamwood.games/0.41/api/build/roll
HTTP Response > Post https://api.teamwood.games/0.41/api/build/roll > <color=green>200</color>
HTTP Request > Post https://api.teamwood.games/0.41/api/build/end
HTTP Response > Post https://api.teamwood.games/0.41/api/build/end > <color=green>200</color>
HTTP Request > Post https://api.teamwood.games/0.41/api/versus/ready
Hub Change Player Count > 885f144d-c2e2-440c-933a-5a63b2e3783d
Handling match update.
Merging models.
HTTP Response > Post https://api.teamwood.games/0.41/api/versus/ready > <color=green>200</color>
Handling match update.
Merging models.
Load battle after ready.
Participation battle has already been watched.
Spacewood.Unity.MonoBehaviours.Build.<ReadyAsync>d__30:MoveNext()
Cysharp.Threading.Tasks.UniTaskCompletionSourceCore`1:TrySetResult(TResult)
Spacewood.Unity.<ReadyRequestAsync>d__4:MoveNext()
Cysharp.Threading.Tasks.UniTaskCompletionSourceCore`1:TrySetResult(TResult)
Spacewood.Unity.<ReadyVersusAsync>d__164:MoveNext()
Cysharp.Threading.Tasks.UniTaskCompletionSourceCore`1:TrySetResult(TResult)
Spacewood.Unity.<SendAndRetryHttpRequestAsync>d__181`1:MoveNext()
Cysharp.Threading.Tasks.UniTaskCompletionSourceCore`1:TrySetResult(TResult)
Spacewood.Unity.<SendHttpResponseAsync>d__182`1:MoveNext()
System.Threading.Tasks.AwaitTaskContinuation:RunCallback(ContextCallback, Object, Task&)
System.Threading.Tasks.Task:FinishContinuations()
System.Threading.Tasks.Task`1:TrySetResult(TResult)
System.Threading.Tasks.TaskCompletionSource`1:TrySetResult(TResult)
BestHTTP.Core.RequestEventHelper:HandleRequestStateChange(RequestEventInfo)
BestHTTP.Core.RequestEventHelper:ProcessQueue()
BestHTTP.HTTPManager:OnUpdate()
BestHTTP.HTTPUpdateDelegator:CallOnUpdate()

HTTP Request > Get https://api.teamwood.games/0.41/api/user/participation/885f144d-c2e2-440c-933a-5a63b2e3783d
HTTP Response > Get https://api.teamwood.games/0.41/api/user/participation/885f144d-c2e2-440c-933a-5a63b2e3783d > <color=green>200</color>
Handling match update.
Merging models.
HTTP Request > Get https://api.teamwood.games/0.41/api/user/participation/885f144d-c2e2-440c-933a-5a63b2e3783d
HTTP Response > Get https://api.teamwood.games/0.41/api/user/participation/885f144d-c2e2-440c-933a-5a63b2e3783d > <color=green>200</color>
Handling match update.
Merging models.
HTTP Request > Get https://api.teamwood.games/0.41/api/user/participation/885f144d-c2e2-440c-933a-5a63b2e3783d
HTTP Response > Get https://api.teamwood.games/0.41/api/user/participation/885f144d-c2e2-440c-933a-5a63b2e3783d > <color=green>200</color>
Handling match update.
Merging models.
HTTP Request > Get https://api.teamwood.games/0.41/api/battle/get/403b6899-385f-4b33-8c80-863e8c1fbd35
HTTP Response > Get https://api.teamwood.games/0.41/api/battle/get/403b6899-385f-4b33-8c80-863e8c1fbd35 > <color=green>200</color>
Unloading 7 Unused Serialized files (Serialized files now loaded: 6)
SyncManager > Watch > 
Abort all requests
[PhysX] Initialized MultithreadedTaskDispatcher with 12 workers.
UnloadTime: 8.897329 ms
Added pool 'particles'
Unloading 1028 unused Assets to reduce memory usage. Loaded Objects now: 58566.
Total: 46.024410 ms (FindLiveObjects: 3.436955 ms CreateObjectMapping: 2.123127 ms MarkObjects: 39.726675 ms  DeleteObjects: 0.737165 ms)

[INFO] Battle Starting: master seed 1069760431, player seed: -1973254449, opponent seed: 234299692
[INFO] Cancellation invoked
Unloading 6 Unused Serialized files (Serialized files now loaded: 6)
Abort all requests
[PhysX] Initialized MultithreadedTaskDispatcher with 12 workers.
UnloadTime: 6.949392 ms
Unloading 56 unused Assets to reduce memory usage. Loaded Objects now: 62763.
Total: 50.930296 ms (FindLiveObjects: 4.480353 ms CreateObjectMapping: 2.609948 ms MarkObjects: 43.260789 ms  DeleteObjects: 0.578758 ms)

SyncManager > Watch > 885f144d-c2e2-440c-933a-5a63b2e3783d
HTTP Request > Get https://api.teamwood.games/0.41/api/user/participation/885f144d-c2e2-440c-933a-5a63b2e3783d
HTTP Response > Get https://api.teamwood.games/0.41/api/user/participation/885f144d-c2e2-440c-933a-5a63b2e3783d > <color=green>200</color>
Handling match update.
Merging models.
Hub Change > 885f144d-c2e2-440c-933a-5a63b2e3783d
Handling match update.
Load battle because new was found.
HTTP Request > Get https://api.teamwood.games/0.41/api/battle/get/8190d770-e894-4465-a182-df5d181a27f2
HTTP Response > Get https://api.teamwood.games/0.41/api/battle/get/8190d770-e894-4465-a182-df5d181a27f2 > <color=green>200</color>
Unloading 7 Unused Serialized files (Serialized files now loaded: 6)
SyncManager > Watch > 
Abort all requests
[PhysX] Initialized MultithreadedTaskDispatcher with 12 workers.
UnloadTime: 7.948235 ms
Added pool 'particles'
Unloading 961 unused Assets to reduce memory usage. Loaded Objects now: 58566.
Total: 46.235811 ms (FindLiveObjects: 3.285751 ms CreateObjectMapping: 2.141378 ms MarkObjects: 40.071944 ms  DeleteObjects: 0.736270 ms)

[INFO] Battle Starting: master seed 1569750161, player seed: -1973254449, opponent seed: 234299692
T: 1057.206 - MasterAudio: Polyphony limit of group: Smash exceeded and no playing Variation is usable for Retrigger Limit Mode. Will not play this sound for this instance.
T: 1065.224 - MasterAudio: Polyphony limit of group: Smash exceeded and no playing Variation is usable for Retrigger Limit Mode. Will not play this sound for this instance.
T: 1071.625 - MasterAudio: Polyphony limit of group: Smash exceeded and no playing Variation is usable for Retrigger Limit Mode. Will not play this sound for this instance.
T: 1077.627 - MasterAudio: Polyphony limit of group: Smash exceeded and no playing Variation is usable for Retrigger Limit Mode. Will not play this sound for this instance.
Watch battle for participation 885f144d-c2e2-440c-933a-5a63b2e3783d
Watch battle 8190d770-e894-4465-a182-df5d181a27f2
HTTP Request > Post https://api.teamwood.games/0.41/api/versus/watch
HTTP Response > Post https://api.teamwood.games/0.41/api/versus/watch > <color=green>200</color>
[INFO] Battle completed, outcome: Draw, masterSeed: 1569750161, end result: 582326026
Unloading 6 Unused Serialized files (Serialized files now loaded: 6)
Abort all requests
[PhysX] Initialized MultithreadedTaskDispatcher with 12 workers.
UnloadTime: 7.222586 ms
Unloading 65 unused Assets to reduce memory usage. Loaded Objects now: 62793.
Total: 50.784703 ms (FindLiveObjects: 3.484114 ms CreateObjectMapping: 2.232638 ms MarkObjects: 44.656559 ms  DeleteObjects: 0.410944 ms)

SyncManager > Watch > 885f144d-c2e2-440c-933a-5a63b2e3783d
HTTP Request > Post https://api.teamwood.games/0.41/api/build/start
HTTP Response > Post https://api.teamwood.games/0.41/api/build/start > <color=green>200</color>
HTTP Request > Post https://api.teamwood.games/0.41/api/build/sell
HTTP Response > Post https://api.teamwood.games/0.41/api/build/sell > <color=green>200</color>
HTTP Request > Post https://api.teamwood.games/0.41/api/build/play-minion
HTTP Response > Post https://api.teamwood.games/0.41/api/build/play-minion > <color=green>200</color>
HTTP Request > Post https://api.teamwood.games/0.41/api/build/roll
HTTP Response > Post https://api.teamwood.games/0.41/api/build/roll > <color=green>200</color>
HTTP Request > Post https://api.teamwood.games/0.41/api/build/play-minion
HTTP Response > Post https://api.teamwood.games/0.41/api/build/play-minion > <color=green>200</color>
HTTP Request > Post https://api.teamwood.games/0.41/api/build/play-minion
HTTP Response > Post https://api.teamwood.games/0.41/api/build/play-minion > <color=green>200</color>
HTTP Request > Post https://api.teamwood.games/0.41/api/build/roll
HTTP Response > Post https://api.teamwood.games/0.41/api/build/roll > <color=green>200</color>
HTTP Request > Post https://api.teamwood.games/0.41/api/build/end
HTTP Response > Post https://api.teamwood.games/0.41/api/build/end > <color=green>200</color>
HTTP Request > Post https://api.teamwood.games/0.41/api/versus/ready
Hub Change Player Count > 885f144d-c2e2-440c-933a-5a63b2e3783d
Handling match update.
Merging models.
HTTP Response > Post https://api.teamwood.games/0.41/api/versus/ready > <color=green>200</color>
Handling match update.
Merging models.
Load battle after ready.
Participation battle has already been watched.
Spacewood.Unity.MonoBehaviours.Build.<ReadyAsync>d__30:MoveNext()
Cysharp.Threading.Tasks.UniTaskCompletionSourceCore`1:TrySetResult(TResult)
Spacewood.Unity.<ReadyRequestAsync>d__4:MoveNext()
Cysharp.Threading.Tasks.UniTaskCompletionSourceCore`1:TrySetResult(TResult)
Spacewood.Unity.<ReadyVersusAsync>d__164:MoveNext()
Cysharp.Threading.Tasks.UniTaskCompletionSourceCore`1:TrySetResult(TResult)
Spacewood.Unity.<SendAndRetryHttpRequestAsync>d__181`1:MoveNext()
Cysharp.Threading.Tasks.UniTaskCompletionSourceCore`1:TrySetResult(TResult)
Spacewood.Unity.<SendHttpResponseAsync>d__182`1:MoveNext()
System.Threading.Tasks.AwaitTaskContinuation:RunCallback(ContextCallback, Object, Task&)
System.Threading.Tasks.Task:FinishContinuations()
System.Threading.Tasks.Task`1:TrySetResult(TResult)
System.Threading.Tasks.TaskCompletionSource`1:TrySetResult(TResult)
BestHTTP.Core.RequestEventHelper:HandleRequestStateChange(RequestEventInfo)
BestHTTP.Core.RequestEventHelper:ProcessQueue()
BestHTTP.HTTPManager:OnUpdate()
BestHTTP.HTTPUpdateDelegator:CallOnUpdate()

HTTP Request > Get https://api.teamwood.games/0.41/api/user/participation/885f144d-c2e2-440c-933a-5a63b2e3783d
HTTP Response > Get https://api.teamwood.games/0.41/api/user/participation/885f144d-c2e2-440c-933a-5a63b2e3783d > <color=green>200</color>
Handling match update.
Merging models.
HTTP Request > Get https://api.teamwood.games/0.41/api/user/participation/885f144d-c2e2-440c-933a-5a63b2e3783d
HTTP Response > Get https://api.teamwood.games/0.41/api/user/participation/885f144d-c2e2-440c-933a-5a63b2e3783d > <color=green>200</color>
Handling match update.
Merging models.
HTTP Request > Get https://api.teamwood.games/0.41/api/user/participation/885f144d-c2e2-440c-933a-5a63b2e3783d
HTTP Response > Get https://api.teamwood.games/0.41/api/user/participation/885f144d-c2e2-440c-933a-5a63b2e3783d > <color=green>200</color>
Handling match update.
Merging models.
HTTP Request > Get https://api.teamwood.games/0.41/api/user/participation/885f144d-c2e2-440c-933a-5a63b2e3783d
HTTP Response > Get https://api.teamwood.games/0.41/api/user/participation/885f144d-c2e2-440c-933a-5a63b2e3783d > <color=green>200</color>
Handling match update.
Merging models.
HTTP Request > Get https://api.teamwood.games/0.41/api/user/participation/885f144d-c2e2-440c-933a-5a63b2e3783d
Hub Change > 885f144d-c2e2-440c-933a-5a63b2e3783d
Handling match update.
Load battle because new was found.
HTTP Response > Get https://api.teamwood.games/0.41/api/user/participation/885f144d-c2e2-440c-933a-5a63b2e3783d > <color=green>200</color>
Handling match update.
Load battle because new was found.
Loading battle was blocked.
HTTP Request > Get https://api.teamwood.games/0.41/api/battle/get/bc36e33d-04ad-417f-84c0-17ffa016c6e4
HTTP Response > Get https://api.teamwood.games/0.41/api/battle/get/bc36e33d-04ad-417f-84c0-17ffa016c6e4 > <color=green>200</color>
Unloading 7 Unused Serialized files (Serialized files now loaded: 6)
SyncManager > Watch > 
Abort all requests
[PhysX] Initialized MultithreadedTaskDispatcher with 12 workers.
UnloadTime: 9.164241 ms
Added pool 'particles'
Unloading 1025 unused Assets to reduce memory usage. Loaded Objects now: 58593.
Total: 46.037115 ms (FindLiveObjects: 3.295892 ms CreateObjectMapping: 2.024544 ms MarkObjects: 39.710822 ms  DeleteObjects: 1.005040 ms)

[INFO] Battle Starting: master seed -1246432922, player seed: -1973254449, opponent seed: 234299692
T: 1189.822 - MasterAudio: Polyphony limit of group: Smash exceeded and no playing Variation is usable for Retrigger Limit Mode. Will not play this sound for this instance.
T: 1197.74 - MasterAudio: Polyphony limit of group: Smash exceeded and no playing Variation is usable for Retrigger Limit Mode. Will not play this sound for this instance.
T: 1202.34 - MasterAudio: Polyphony limit of group: Smash exceeded and no playing Variation is usable for Retrigger Limit Mode. Will not play this sound for this instance.
Watch battle for participation 885f144d-c2e2-440c-933a-5a63b2e3783d
Watch battle bc36e33d-04ad-417f-84c0-17ffa016c6e4
HTTP Request > Post https://api.teamwood.games/0.41/api/versus/watch
HTTP Response > Post https://api.teamwood.games/0.41/api/versus/watch > <color=green>200</color>
[INFO] Battle completed, outcome: PlayerWon, masterSeed: -1246432922, end result: 1511320024
Unloading 6 Unused Serialized files (Serialized files now loaded: 6)
Abort all requests
[PhysX] Initialized MultithreadedTaskDispatcher with 12 workers.
UnloadTime: 7.338182 ms
Unloading 63 unused Assets to reduce memory usage. Loaded Objects now: 62792.
Total: 52.057867 ms (FindLiveObjects: 4.208084 ms CreateObjectMapping: 2.310966 ms MarkObjects: 44.991216 ms  DeleteObjects: 0.547174 ms)

SyncManager > Watch > 885f144d-c2e2-440c-933a-5a63b2e3783d
HTTP Request > Post https://api.teamwood.games/0.41/api/build/start
HTTP Response > Post https://api.teamwood.games/0.41/api/build/start > <color=green>200</color>
HTTP Request > Post https://api.teamwood.games/0.41/api/build/roll
HTTP Response > Post https://api.teamwood.games/0.41/api/build/roll > <color=green>200</color>
HTTP Request > Post https://api.teamwood.games/0.41/api/build/play-spell
HTTP Response > Post https://api.teamwood.games/0.41/api/build/play-spell > <color=green>200</color>
HTTP Request > Post https://api.teamwood.games/0.41/api/build/roll
HTTP Response > Post https://api.teamwood.games/0.41/api/build/roll > <color=green>200</color>
HTTP Request > Post https://api.teamwood.games/0.41/api/build/play-spell
HTTP Response > Post https://api.teamwood.games/0.41/api/build/play-spell > <color=green>200</color>
HTTP Request > Post https://api.teamwood.games/0.41/api/build/roll
HTTP Response > Post https://api.teamwood.games/0.41/api/build/roll > <color=green>200</color>
HTTP Request > Post https://api.teamwood.games/0.41/api/build/roll
HTTP Response > Post https://api.teamwood.games/0.41/api/build/roll > <color=green>200</color>
HTTP Request > Post https://api.teamwood.games/0.41/api/build/end
HTTP Response > Post https://api.teamwood.games/0.41/api/build/end > <color=green>200</color>
HTTP Request > Post https://api.teamwood.games/0.41/api/versus/ready
Hub Change Player Count > 885f144d-c2e2-440c-933a-5a63b2e3783d
Handling match update.
Merging models.
HTTP Response > Post https://api.teamwood.games/0.41/api/versus/ready > <color=green>200</color>
Handling match update.
Merging models.
Load battle after ready.
Participation battle has already been watched.
Spacewood.Unity.MonoBehaviours.Build.<ReadyAsync>d__30:MoveNext()
Cysharp.Threading.Tasks.UniTaskCompletionSourceCore`1:TrySetResult(TResult)
Spacewood.Unity.<ReadyRequestAsync>d__4:MoveNext()
Cysharp.Threading.Tasks.UniTaskCompletionSourceCore`1:TrySetResult(TResult)
Spacewood.Unity.<ReadyVersusAsync>d__164:MoveNext()
Cysharp.Threading.Tasks.UniTaskCompletionSourceCore`1:TrySetResult(TResult)
Spacewood.Unity.<SendAndRetryHttpRequestAsync>d__181`1:MoveNext()
Cysharp.Threading.Tasks.UniTaskCompletionSourceCore`1:TrySetResult(TResult)
Spacewood.Unity.<SendHttpResponseAsync>d__182`1:MoveNext()
System.Threading.Tasks.AwaitTaskContinuation:RunCallback(ContextCallback, Object, Task&)
System.Threading.Tasks.Task:FinishContinuations()
System.Threading.Tasks.Task`1:TrySetResult(TResult)
System.Threading.Tasks.TaskCompletionSource`1:TrySetResult(TResult)
BestHTTP.Core.RequestEventHelper:HandleRequestStateChange(RequestEventInfo)
BestHTTP.Core.RequestEventHelper:ProcessQueue()
BestHTTP.HTTPManager:OnUpdate()
BestHTTP.HTTPUpdateDelegator:CallOnUpdate()

HTTP Request > Get https://api.teamwood.games/0.41/api/user/participation/885f144d-c2e2-440c-933a-5a63b2e3783d
HTTP Response > Get https://api.teamwood.games/0.41/api/user/participation/885f144d-c2e2-440c-933a-5a63b2e3783d > <color=green>200</color>
Handling match update.
Merging models.
HTTP Request > Get https://api.teamwood.games/0.41/api/user/participation/885f144d-c2e2-440c-933a-5a63b2e3783d
HTTP Response > Get https://api.teamwood.games/0.41/api/user/participation/885f144d-c2e2-440c-933a-5a63b2e3783d > <color=green>200</color>
Handling match update.
Merging models.
HTTP Request > Get https://api.teamwood.games/0.41/api/user/participation/885f144d-c2e2-440c-933a-5a63b2e3783d
HTTP Response > Get https://api.teamwood.games/0.41/api/user/participation/885f144d-c2e2-440c-933a-5a63b2e3783d > <color=green>200</color>
Handling match update.
Merging models.
Hub Change > 885f144d-c2e2-440c-933a-5a63b2e3783d
Handling match update.
Load battle because new was found.
HTTP Request > Get https://api.teamwood.games/0.41/api/battle/get/ccc9556f-7678-4516-b32c-0dce31b5bb99
HTTP Response > Get https://api.teamwood.games/0.41/api/battle/get/ccc9556f-7678-4516-b32c-0dce31b5bb99 > <color=green>200</color>
Unloading 7 Unused Serialized files (Serialized files now loaded: 6)
SyncManager > Watch > 
Abort all requests
[PhysX] Initialized MultithreadedTaskDispatcher with 12 workers.
UnloadTime: 10.136906 ms
Added pool 'particles'
Unloading 1037 unused Assets to reduce memory usage. Loaded Objects now: 58593.
Total: 53.422980 ms (FindLiveObjects: 3.392222 ms CreateObjectMapping: 2.094883 ms MarkObjects: 46.871728 ms  DeleteObjects: 1.063225 ms)

[INFO] Battle Starting: master seed 661195859, player seed: -1973254449, opponent seed: 234299692
T: 1294.496 - MasterAudio: Polyphony limit of group: Smash exceeded and no playing Variation is usable for Retrigger Limit Mode. Will not play this sound for this instance.
T: 1302.781 - MasterAudio: Polyphony limit of group: Smash exceeded and no playing Variation is usable for Retrigger Limit Mode. Will not play this sound for this instance.
T: 1324.318 - MasterAudio: Polyphony limit of group: Smash exceeded and no playing Variation is usable for Retrigger Limit Mode. Will not play this sound for this instance.
T: 1325.919 - MasterAudio: Polyphony limit of group: Smash exceeded and no playing Variation is usable for Retrigger Limit Mode. Will not play this sound for this instance.
Watch battle for participation 885f144d-c2e2-440c-933a-5a63b2e3783d
Watch battle ccc9556f-7678-4516-b32c-0dce31b5bb99
HTTP Request > Post https://api.teamwood.games/0.41/api/versus/watch
HTTP Response > Post https://api.teamwood.games/0.41/api/versus/watch > <color=green>200</color>
[INFO] Battle completed, outcome: Draw, masterSeed: 661195859, end result: 65375463
HTTP Request > Get https://api.teamwood.games/0.41/api/user/versus-participations
HTTP Response > Get https://api.teamwood.games/0.41/api/user/versus-participations > <color=green>200</color>
Unloading 6 Unused Serialized files (Serialized files now loaded: 6)
Abort all requests
[PhysX] Initialized MultithreadedTaskDispatcher with 12 workers.
UnloadTime: 6.862003 ms
Unloading 61 unused Assets to reduce memory usage. Loaded Objects now: 62791.
Total: 52.106449 ms (FindLiveObjects: 3.732431 ms CreateObjectMapping: 2.297982 ms MarkObjects: 45.271399 ms  DeleteObjects: 0.804099 ms)

SyncManager > Watch > 885f144d-c2e2-440c-933a-5a63b2e3783d
HTTP Request > Post https://api.teamwood.games/0.41/api/build/start
HTTP Response > Post https://api.teamwood.games/0.41/api/build/start > <color=green>200</color>
HTTP Request > Post https://api.teamwood.games/0.41/api/build/play-minion
HTTP Response > Post https://api.teamwood.games/0.41/api/build/play-minion > <color=green>200</color>
HTTP Request > Post https://api.teamwood.games/0.41/api/build/roll
HTTP Response > Post https://api.teamwood.games/0.41/api/build/roll > <color=green>200</color>
HTTP Request > Post https://api.teamwood.games/0.41/api/build/play-spell
HTTP Response > Post https://api.teamwood.games/0.41/api/build/play-spell > <color=green>200</color>
HTTP Request > Post https://api.teamwood.games/0.41/api/build/play-spell
HTTP Response > Post https://api.teamwood.games/0.41/api/build/play-spell > <color=green>200</color>
HTTP Request > Post https://api.teamwood.games/0.41/api/build/end
HTTP Response > Post https://api.teamwood.games/0.41/api/build/end > <color=green>200</color>
HTTP Request > Post https://api.teamwood.games/0.41/api/versus/ready
Hub Change Player Count > 885f144d-c2e2-440c-933a-5a63b2e3783d
Handling match update.
Merging models.
HTTP Response > Post https://api.teamwood.games/0.41/api/versus/ready > <color=green>200</color>
Handling match update.
Merging models.
Load battle after ready.
Participation battle has already been watched.
Spacewood.Unity.MonoBehaviours.Build.<ReadyAsync>d__30:MoveNext()
Cysharp.Threading.Tasks.UniTaskCompletionSourceCore`1:TrySetResult(TResult)
Spacewood.Unity.<ReadyRequestAsync>d__4:MoveNext()
Cysharp.Threading.Tasks.UniTaskCompletionSourceCore`1:TrySetResult(TResult)
Spacewood.Unity.<ReadyVersusAsync>d__164:MoveNext()
Cysharp.Threading.Tasks.UniTaskCompletionSourceCore`1:TrySetResult(TResult)
Spacewood.Unity.<SendAndRetryHttpRequestAsync>d__181`1:MoveNext()
Cysharp.Threading.Tasks.UniTaskCompletionSourceCore`1:TrySetResult(TResult)
Spacewood.Unity.<SendHttpResponseAsync>d__182`1:MoveNext()
System.Threading.Tasks.AwaitTaskContinuation:RunCallback(ContextCallback, Object, Task&)
System.Threading.Tasks.Task:FinishContinuations()
System.Threading.Tasks.Task`1:TrySetResult(TResult)
System.Threading.Tasks.TaskCompletionSource`1:TrySetResult(TResult)
BestHTTP.Core.RequestEventHelper:HandleRequestStateChange(RequestEventInfo)
BestHTTP.Core.RequestEventHelper:ProcessQueue()
BestHTTP.HTTPManager:OnUpdate()
BestHTTP.HTTPUpdateDelegator:CallOnUpdate()

HTTP Request > Get https://api.teamwood.games/0.41/api/user/participation/885f144d-c2e2-440c-933a-5a63b2e3783d
HTTP Response > Get https://api.teamwood.games/0.41/api/user/participation/885f144d-c2e2-440c-933a-5a63b2e3783d > <color=green>200</color>
Handling match update.
Merging models.
Hub Change > 885f144d-c2e2-440c-933a-5a63b2e3783d
Handling match update.
Load battle because new was found.
HTTP Request > Get https://api.teamwood.games/0.41/api/battle/get/5d72f216-7088-4bd4-adf7-a6cdfc7c6168
HTTP Response > Get https://api.teamwood.games/0.41/api/battle/get/5d72f216-7088-4bd4-adf7-a6cdfc7c6168 > <color=green>200</color>
Unloading 7 Unused Serialized files (Serialized files now loaded: 6)
SyncManager > Watch > 
Abort all requests
[PhysX] Initialized MultithreadedTaskDispatcher with 12 workers.
UnloadTime: 8.482391 ms
Added pool 'particles'
Unloading 1003 unused Assets to reduce memory usage. Loaded Objects now: 58593.
Total: 45.894993 ms (FindLiveObjects: 3.326258 ms CreateObjectMapping: 3.004630 ms MarkObjects: 38.791543 ms  DeleteObjects: 0.772028 ms)

[INFO] Battle Starting: master seed 1730974825, player seed: -1973254449, opponent seed: 234299692
T: 1416.803 - MasterAudio: Polyphony limit of group: Smash exceeded and no playing Variation is usable for Retrigger Limit Mode. Will not play this sound for this instance.
T: 1422.838 - MasterAudio: Polyphony limit of group: Smash exceeded and no playing Variation is usable for Retrigger Limit Mode. Will not play this sound for this instance.
T: 1433.456 - MasterAudio: Polyphony limit of group: Smash exceeded and no playing Variation is usable for Retrigger Limit Mode. Will not play this sound for this instance.
T: 1439.307 - MasterAudio: Polyphony limit of group: Smash exceeded and no playing Variation is usable for Retrigger Limit Mode. Will not play this sound for this instance.
T: 1442.773 - MasterAudio: Polyphony limit of group: Smash exceeded and no playing Variation is usable for Retrigger Limit Mode. Will not play this sound for this instance.
Watch battle for participation 885f144d-c2e2-440c-933a-5a63b2e3783d
Watch battle 5d72f216-7088-4bd4-adf7-a6cdfc7c6168
HTTP Request > Post https://api.teamwood.games/0.41/api/versus/watch
HTTP Response > Post https://api.teamwood.games/0.41/api/versus/watch > <color=green>200</color>
[INFO] Battle completed, outcome: PlayerWon, masterSeed: 1730974825, end result: -243948961
Unloading 6 Unused Serialized files (Serialized files now loaded: 6)
Abort all requests
[PhysX] Initialized MultithreadedTaskDispatcher with 12 workers.
UnloadTime: 7.780897 ms
Unloading 61 unused Assets to reduce memory usage. Loaded Objects now: 62791.
Total: 56.988537 ms (FindLiveObjects: 3.642463 ms CreateObjectMapping: 2.264392 ms MarkObjects: 50.694605 ms  DeleteObjects: 0.386585 ms)

SyncManager > Watch > 885f144d-c2e2-440c-933a-5a63b2e3783d
HTTP Request > Post https://api.teamwood.games/0.41/api/build/start
HTTP Response > Post https://api.teamwood.games/0.41/api/build/start > <color=green>200</color>
HTTP Request > Post https://api.teamwood.games/0.41/api/build/roll
HTTP Response > Post https://api.teamwood.games/0.41/api/build/roll > <color=green>200</color>
HTTP Request > Post https://api.teamwood.games/0.41/api/build/sell
HTTP Response > Post https://api.teamwood.games/0.41/api/build/sell > <color=green>200</color>
HTTP Request > Post https://api.teamwood.games/0.41/api/build/play-minion
HTTP Response > Post https://api.teamwood.games/0.41/api/build/play-minion > <color=green>200</color>
HTTP Request > Post https://api.teamwood.games/0.41/api/build/play-spell
HTTP Response > Post https://api.teamwood.games/0.41/api/build/play-spell > <color=green>200</color>
[WARN] No events for a spell Spacewood.Core.Models.SpellModel, this is normally an error
Spacewood.Scripts.MonoBehaviours.Board.RenderAggregators.<Run>d__0:MoveNext()
Spacewood.Scripts.MonoBehaviours.Board.RenderAggregators.Spell:Run(SkipableStream`1)
Spacewood.Unity.MonoBehaviours.Board.<RenderBoardEventStream>d__17:MoveNext()
Spacewood.Unity.MonoBehaviours.Board.BoardRenderer:RenderBoardEventStream(IEnumerable`1)
Spacewood.Unity.MonoBehaviours.Board.<PlayEvent>d__27:MoveNext()
Spacewood.Unity.MonoBehaviours.Board.BoardController:PlayEvent(IBoardEvent, BoardModel, Int32)
Spacewood.Unity.MonoBehaviours.Build.<ResolveAsync>d__179:MoveNext()
Spacewood.Unity.MonoBehaviours.Build.HangarMain:Resolve(Int32, Nullable`1, IBoardEvent)
Spacewood.Unity.MonoBehaviours.Build.<PlaySpellAsync>d__12:MoveNext()
Cysharp.Threading.Tasks.UniTaskCompletionSourceCore`1:TrySetResult(TResult)
Spacewood.Unity.<PlaySpellAsync>d__84:MoveNext()
Cysharp.Threading.Tasks.UniTaskCompletionSourceCore`1:TrySetResult(TResult)
Spacewood.Unity.<SendAndRetryHttpRequestAsync>d__181`1:MoveNext()
Cysharp.Threading.Tasks.UniTaskCompletionSourceCore`1:TrySetResult(TResult)
Spacewood.Unity.<SendHttpResponseAsync>d__182`1:MoveNext()
System.Threading.Tasks.AwaitTaskContinuation:RunCallback(ContextCallback, Object, Task&)
System.Threading.Tasks.Task:FinishContinuations()
System.Threading.Tasks.Task`1:TrySetResult(TResult)
System.Threading.Tasks.TaskCompletionSource`1:TrySetResult(TResult)
BestHTTP.Core.RequestEventHelper:HandleRequestStateChange(RequestEventInfo)
BestHTTP.Core.RequestEventHelper:ProcessQueue()
BestHTTP.HTTPManager:OnUpdate()
BestHTTP.HTTPUpdateDelegator:CallOnUpdate()

HTTP Request > Post https://api.teamwood.games/0.41/api/build/roll
HTTP Response > Post https://api.teamwood.games/0.41/api/build/roll > <color=green>200</color>
HTTP Request > Post https://api.teamwood.games/0.41/api/build/roll
HTTP Response > Post https://api.teamwood.games/0.41/api/build/roll > <color=green>200</color>
HTTP Request > Post https://api.teamwood.games/0.41/api/build/roll
HTTP Response > Post https://api.teamwood.games/0.41/api/build/roll > <color=green>200</color>
Hub Change Player Count > 885f144d-c2e2-440c-933a-5a63b2e3783d
Handling match update.
Merging models.
HTTP Request > Post https://api.teamwood.games/0.41/api/build/roll
HTTP Response > Post https://api.teamwood.games/0.41/api/build/roll > <color=green>200</color>
HTTP Request > Post https://api.teamwood.games/0.41/api/build/end
HTTP Response > Post https://api.teamwood.games/0.41/api/build/end > <color=green>200</color>
HTTP Request > Post https://api.teamwood.games/0.41/api/versus/ready
Hub Change > 885f144d-c2e2-440c-933a-5a63b2e3783d
Handling match update.
Load battle because new was found.
HTTP Response > Post https://api.teamwood.games/0.41/api/versus/ready > <color=green>200</color>
Handling match update.
Load battle because new was found.
Loading battle was blocked.
Load battle after ready.
Loading battle was blocked.
HTTP Request > Get https://api.teamwood.games/0.41/api/battle/get/83425a30-8d46-4212-b0d7-443890ab4f96
HTTP Response > Get https://api.teamwood.games/0.41/api/battle/get/83425a30-8d46-4212-b0d7-443890ab4f96 > <color=green>200</color>
Unloading 7 Unused Serialized files (Serialized files now loaded: 6)
SyncManager > Watch > 
Abort all requests
[PhysX] Initialized MultithreadedTaskDispatcher with 12 workers.
UnloadTime: 11.816795 ms
Added pool 'particles'
Unloading 1055 unused Assets to reduce memory usage. Loaded Objects now: 58604.
Total: 44.300361 ms (FindLiveObjects: 3.894413 ms CreateObjectMapping: 2.325756 ms MarkObjects: 37.156762 ms  DeleteObjects: 0.922906 ms)

[INFO] Battle Starting: master seed 1958537912, player seed: -1973254449, opponent seed: 234299692
T: 1536.967 - MasterAudio: Polyphony limit of group: Smash exceeded and no playing Variation is usable for Retrigger Limit Mode. Will not play this sound for this instance.
T: 1544.051 - MasterAudio: Polyphony limit of group: Smash exceeded and no playing Variation is usable for Retrigger Limit Mode. Will not play this sound for this instance.
T: 1563.654 - MasterAudio: Polyphony limit of group: Smash exceeded and no playing Variation is usable for Retrigger Limit Mode. Will not play this sound for this instance.
Watch battle for participation 885f144d-c2e2-440c-933a-5a63b2e3783d
Watch battle 83425a30-8d46-4212-b0d7-443890ab4f96
HTTP Request > Post https://api.teamwood.games/0.41/api/versus/watch
HTTP Response > Post https://api.teamwood.games/0.41/api/versus/watch > <color=green>200</color>
[INFO] Battle completed, outcome: EnemyWon, masterSeed: 1958537912, end result: 492061917
Unloading 6 Unused Serialized files (Serialized files now loaded: 6)
Abort all requests
[PhysX] Initialized MultithreadedTaskDispatcher with 12 workers.
UnloadTime: 7.237680 ms
Unloading 61 unused Assets to reduce memory usage. Loaded Objects now: 62802.
Total: 52.084890 ms (FindLiveObjects: 3.467156 ms CreateObjectMapping: 2.944031 ms MarkObjects: 45.100154 ms  DeleteObjects: 0.573162 ms)

SyncManager > Watch > 885f144d-c2e2-440c-933a-5a63b2e3783d
HTTP Request > Post https://api.teamwood.games/0.41/api/build/start
HTTP Response > Post https://api.teamwood.games/0.41/api/build/start > <color=green>200</color>
HTTP Request > Post https://api.teamwood.games/0.41/api/build/play-minion
HTTP Response > Post https://api.teamwood.games/0.41/api/build/play-minion > <color=green>200</color>
HTTP Request > Post https://api.teamwood.games/0.41/api/build/play-spell
HTTP Response > Post https://api.teamwood.games/0.41/api/build/play-spell > <color=green>200</color>
HTTP Request > Post https://api.teamwood.games/0.41/api/build/play-spell
HTTP Response > Post https://api.teamwood.games/0.41/api/build/play-spell > <color=green>200</color>
[WARN] No events for a spell Spacewood.Core.Models.SpellModel, this is normally an error
Spacewood.Scripts.MonoBehaviours.Board.RenderAggregators.<Run>d__0:MoveNext()
Spacewood.Scripts.MonoBehaviours.Board.RenderAggregators.Spell:Run(SkipableStream`1)
Spacewood.Unity.MonoBehaviours.Board.<RenderBoardEventStream>d__17:MoveNext()
Spacewood.Unity.MonoBehaviours.Board.BoardRenderer:RenderBoardEventStream(IEnumerable`1)
Spacewood.Unity.MonoBehaviours.Board.<PlayEvent>d__27:MoveNext()
Spacewood.Unity.MonoBehaviours.Board.BoardController:PlayEvent(IBoardEvent, BoardModel, Int32)
Spacewood.Unity.MonoBehaviours.Build.<ResolveAsync>d__179:MoveNext()
Spacewood.Unity.MonoBehaviours.Build.HangarMain:Resolve(Int32, Nullable`1, IBoardEvent)
Spacewood.Unity.MonoBehaviours.Build.<PlaySpellAsync>d__12:MoveNext()
Cysharp.Threading.Tasks.UniTaskCompletionSourceCore`1:TrySetResult(TResult)
Spacewood.Unity.<PlaySpellAsync>d__84:MoveNext()
Cysharp.Threading.Tasks.UniTaskCompletionSourceCore`1:TrySetResult(TResult)
Spacewood.Unity.<SendAndRetryHttpRequestAsync>d__181`1:MoveNext()
Cysharp.Threading.Tasks.UniTaskCompletionSourceCore`1:TrySetResult(TResult)
Spacewood.Unity.<SendHttpResponseAsync>d__182`1:MoveNext()
System.Threading.Tasks.AwaitTaskContinuation:RunCallback(ContextCallback, Object, Task&)
System.Threading.Tasks.Task:FinishContinuations()
System.Threading.Tasks.Task`1:TrySetResult(TResult)
System.Threading.Tasks.TaskCompletionSource`1:TrySetResult(TResult)
BestHTTP.Core.RequestEventHelper:HandleRequestStateChange(RequestEventInfo)
BestHTTP.Core.RequestEventHelper:ProcessQueue()
BestHTTP.HTTPManager:OnUpdate()
BestHTTP.HTTPUpdateDelegator:CallOnUpdate()

HTTP Request > Post https://api.teamwood.games/0.41/api/build/sell
HTTP Response > Post https://api.teamwood.games/0.41/api/build/sell > <color=green>200</color>
HTTP Request > Post https://api.teamwood.games/0.41/api/build/roll
HTTP Response > Post https://api.teamwood.games/0.41/api/build/roll > <color=green>200</color>
HTTP Request > Post https://api.teamwood.games/0.41/api/build/roll
HTTP Response > Post https://api.teamwood.games/0.41/api/build/roll > <color=green>200</color>
HTTP Request > Post https://api.teamwood.games/0.41/api/build/end
HTTP Response > Post https://api.teamwood.games/0.41/api/build/end > <color=green>200</color>
HTTP Request > Post https://api.teamwood.games/0.41/api/versus/ready
Hub Change Player Count > 885f144d-c2e2-440c-933a-5a63b2e3783d
Handling match update.
Merging models.
HTTP Response > Post https://api.teamwood.games/0.41/api/versus/ready > <color=green>200</color>
Handling match update.
Merging models.
Load battle after ready.
Participation battle has already been watched.
Spacewood.Unity.MonoBehaviours.Build.<ReadyAsync>d__30:MoveNext()
Cysharp.Threading.Tasks.UniTaskCompletionSourceCore`1:TrySetResult(TResult)
Spacewood.Unity.<ReadyRequestAsync>d__4:MoveNext()
Cysharp.Threading.Tasks.UniTaskCompletionSourceCore`1:TrySetResult(TResult)
Spacewood.Unity.<ReadyVersusAsync>d__164:MoveNext()
Cysharp.Threading.Tasks.UniTaskCompletionSourceCore`1:TrySetResult(TResult)
Spacewood.Unity.<SendAndRetryHttpRequestAsync>d__181`1:MoveNext()
Cysharp.Threading.Tasks.UniTaskCompletionSourceCore`1:TrySetResult(TResult)
Spacewood.Unity.<SendHttpResponseAsync>d__182`1:MoveNext()
System.Threading.Tasks.AwaitTaskContinuation:RunCallback(ContextCallback, Object, Task&)
System.Threading.Tasks.Task:FinishContinuations()
System.Threading.Tasks.Task`1:TrySetResult(TResult)
System.Threading.Tasks.TaskCompletionSource`1:TrySetResult(TResult)
BestHTTP.Core.RequestEventHelper:HandleRequestStateChange(RequestEventInfo)
BestHTTP.Core.RequestEventHelper:ProcessQueue()
BestHTTP.HTTPManager:OnUpdate()
BestHTTP.HTTPUpdateDelegator:CallOnUpdate()

HTTP Request > Get https://api.teamwood.games/0.41/api/user/participation/885f144d-c2e2-440c-933a-5a63b2e3783d
HTTP Response > Get https://api.teamwood.games/0.41/api/user/participation/885f144d-c2e2-440c-933a-5a63b2e3783d > <color=green>200</color>
Handling match update.
Merging models.
Hub Change > 885f144d-c2e2-440c-933a-5a63b2e3783d
Handling match update.
Load battle because new was found.
HTTP Request > Get https://api.teamwood.games/0.41/api/battle/get/710bad02-1ef3-4ba2-8258-84204cf1b065
HTTP Response > Get https://api.teamwood.games/0.41/api/battle/get/710bad02-1ef3-4ba2-8258-84204cf1b065 > <color=green>200</color>
Unloading 7 Unused Serialized files (Serialized files now loaded: 6)
SyncManager > Watch > 
Abort all requests
[PhysX] Initialized MultithreadedTaskDispatcher with 12 workers.
UnloadTime: 11.996246 ms
Added pool 'particles'
Unloading 1026 unused Assets to reduce memory usage. Loaded Objects now: 58637.
Total: 49.160772 ms (FindLiveObjects: 3.427245 ms CreateObjectMapping: 2.229517 ms MarkObjects: 42.716715 ms  DeleteObjects: 0.786921 ms)

[INFO] Battle Starting: master seed -589767112, player seed: -1973254449, opponent seed: 234299692
T: 1664.498 - MasterAudio: Polyphony limit of group: Smash exceeded and no playing Variation is usable for Retrigger Limit Mode. Will not play this sound for this instance.
HTTP Request > Get https://api.teamwood.games/0.41/api/user/versus-participations
HTTP Response > Get https://api.teamwood.games/0.41/api/user/versus-participations > <color=green>200</color>
T: 1688.236 - MasterAudio: Polyphony limit of group: Smash exceeded and no playing Variation is usable for Retrigger Limit Mode. Will not play this sound for this instance.
Watch battle for participation 885f144d-c2e2-440c-933a-5a63b2e3783d
Watch battle 710bad02-1ef3-4ba2-8258-84204cf1b065
HTTP Request > Post https://api.teamwood.games/0.41/api/versus/watch
HTTP Response > Post https://api.teamwood.games/0.41/api/versus/watch > <color=green>200</color>
[INFO] Battle completed, outcome: PlayerWon, masterSeed: -589767112, end result: 274787685
Unloading 6 Unused Serialized files (Serialized files now loaded: 6)
Abort all requests
[PhysX] Initialized MultithreadedTaskDispatcher with 12 workers.
UnloadTime: 7.135594 ms
Unloading 61 unused Assets to reduce memory usage. Loaded Objects now: 62835.
Total: 53.261549 ms (FindLiveObjects: 3.530771 ms CreateObjectMapping: 2.708647 ms MarkObjects: 46.223167 ms  DeleteObjects: 0.797996 ms)

SyncManager > Watch > 885f144d-c2e2-440c-933a-5a63b2e3783d
HTTP Request > Post https://api.teamwood.games/0.41/api/build/start
HTTP Response > Post https://api.teamwood.games/0.41/api/build/start > <color=green>200</color>
HTTP Request > Post https://api.teamwood.games/0.41/api/build/play-minion
HTTP Response > Post https://api.teamwood.games/0.41/api/build/play-minion > <color=green>200</color>
HTTP Request > Post https://api.teamwood.games/0.41/api/build/play-minion
HTTP Response > Post https://api.teamwood.games/0.41/api/build/play-minion > <color=green>200</color>
HTTP Request > Post https://api.teamwood.games/0.41/api/build/roll
HTTP Response > Post https://api.teamwood.games/0.41/api/build/roll > <color=green>200</color>
HTTP Request > Post https://api.teamwood.games/0.41/api/build/play-minion
HTTP Response > Post https://api.teamwood.games/0.41/api/build/play-minion > <color=green>200</color>
HTTP Request > Post https://api.teamwood.games/0.41/api/build/end
HTTP Response > Post https://api.teamwood.games/0.41/api/build/end > <color=green>200</color>
HTTP Request > Post https://api.teamwood.games/0.41/api/versus/ready
Hub Change Player Count > 885f144d-c2e2-440c-933a-5a63b2e3783d
Handling match update.
Merging models.
HTTP Response > Post https://api.teamwood.games/0.41/api/versus/ready > <color=green>200</color>
Handling match update.
Merging models.
Load battle after ready.
Participation battle has already been watched.
Spacewood.Unity.MonoBehaviours.Build.<ReadyAsync>d__30:MoveNext()
Cysharp.Threading.Tasks.UniTaskCompletionSourceCore`1:TrySetResult(TResult)
Spacewood.Unity.<ReadyRequestAsync>d__4:MoveNext()
Cysharp.Threading.Tasks.UniTaskCompletionSourceCore`1:TrySetResult(TResult)
Spacewood.Unity.<ReadyVersusAsync>d__164:MoveNext()
Cysharp.Threading.Tasks.UniTaskCompletionSourceCore`1:TrySetResult(TResult)
Spacewood.Unity.<SendAndRetryHttpRequestAsync>d__181`1:MoveNext()
Cysharp.Threading.Tasks.UniTaskCompletionSourceCore`1:TrySetResult(TResult)
Spacewood.Unity.<SendHttpResponseAsync>d__182`1:MoveNext()
System.Threading.Tasks.AwaitTaskContinuation:RunCallback(ContextCallback, Object, Task&)
System.Threading.Tasks.Task:FinishContinuations()
System.Threading.Tasks.Task`1:TrySetResult(TResult)
System.Threading.Tasks.TaskCompletionSource`1:TrySetResult(TResult)
BestHTTP.Core.RequestEventHelper:HandleRequestStateChange(RequestEventInfo)
BestHTTP.Core.RequestEventHelper:ProcessQueue()
BestHTTP.HTTPManager:OnUpdate()
BestHTTP.HTTPUpdateDelegator:CallOnUpdate()

HTTP Request > Get https://api.teamwood.games/0.41/api/user/participation/885f144d-c2e2-440c-933a-5a63b2e3783d
HTTP Response > Get https://api.teamwood.games/0.41/api/user/participation/885f144d-c2e2-440c-933a-5a63b2e3783d > <color=green>200</color>
Handling match update.
Merging models.
HTTP Request > Get https://api.teamwood.games/0.41/api/user/participation/885f144d-c2e2-440c-933a-5a63b2e3783d
HTTP Response > Get https://api.teamwood.games/0.41/api/user/participation/885f144d-c2e2-440c-933a-5a63b2e3783d > <color=green>200</color>
Handling match update.
Merging models.
HTTP Request > Get https://api.teamwood.games/0.41/api/user/participation/885f144d-c2e2-440c-933a-5a63b2e3783d
HTTP Response > Get https://api.teamwood.games/0.41/api/user/participation/885f144d-c2e2-440c-933a-5a63b2e3783d > <color=green>200</color>
Handling match update.
Merging models.
HTTP Request > Get https://api.teamwood.games/0.41/api/user/participation/885f144d-c2e2-440c-933a-5a63b2e3783d
HTTP Response > Get https://api.teamwood.games/0.41/api/user/participation/885f144d-c2e2-440c-933a-5a63b2e3783d > <color=green>200</color>
Handling match update.
Merging models.
HTTP Request > Get https://api.teamwood.games/0.41/api/user/participation/885f144d-c2e2-440c-933a-5a63b2e3783d
HTTP Response > Get https://api.teamwood.games/0.41/api/user/participation/885f144d-c2e2-440c-933a-5a63b2e3783d > <color=green>200</color>
Handling match update.
Merging models.
Hub Change > 885f144d-c2e2-440c-933a-5a63b2e3783d
Handling match update.
Load battle because new was found.
HTTP Request > Get https://api.teamwood.games/0.41/api/battle/get/1acad622-6a37-4a55-9c17-58ce30c60ec1
HTTP Response > Get https://api.teamwood.games/0.41/api/battle/get/1acad622-6a37-4a55-9c17-58ce30c60ec1 > <color=green>200</color>
Unloading 7 Unused Serialized files (Serialized files now loaded: 6)
SyncManager > Watch > 
Abort all requests
[PhysX] Initialized MultithreadedTaskDispatcher with 12 workers.
UnloadTime: 9.571241 ms
Added pool 'particles'
Unloading 1012 unused Assets to reduce memory usage. Loaded Objects now: 58637.
Total: 46.672700 ms (FindLiveObjects: 3.399953 ms CreateObjectMapping: 2.083288 ms MarkObjects: 40.289790 ms  DeleteObjects: 0.898958 ms)

[INFO] Battle Starting: master seed 724405032, player seed: -1973254449, opponent seed: 234299692
T: 1768.742 - MasterAudio: Polyphony limit of group: Smash exceeded and no playing Variation is usable for Retrigger Limit Mode. Will not play this sound for this instance.
T: 1792.561 - MasterAudio: Polyphony limit of group: Smash exceeded and no playing Variation is usable for Retrigger Limit Mode. Will not play this sound for this instance.
Watch battle for participation 885f144d-c2e2-440c-933a-5a63b2e3783d
Watch battle 1acad622-6a37-4a55-9c17-58ce30c60ec1
HTTP Request > Post https://api.teamwood.games/0.41/api/versus/watch
HTTP Response > Post https://api.teamwood.games/0.41/api/versus/watch > <color=green>200</color>
[INFO] Battle completed, outcome: PlayerWon, masterSeed: 724405032, end result: -1831199952
Unloading 6 Unused Serialized files (Serialized files now loaded: 6)
Abort all requests
[PhysX] Initialized MultithreadedTaskDispatcher with 12 workers.
UnloadTime: 8.020013 ms
Unloading 63 unused Assets to reduce memory usage. Loaded Objects now: 62836.
Total: 53.818214 ms (FindLiveObjects: 4.128443 ms CreateObjectMapping: 3.948214 ms MarkObjects: 44.994827 ms  DeleteObjects: 0.745941 ms)

SyncManager > Watch > 885f144d-c2e2-440c-933a-5a63b2e3783d
HTTP Request > Post https://api.teamwood.games/0.41/api/build/start
HTTP Response > Post https://api.teamwood.games/0.41/api/build/start > <color=green>200</color>
HTTP Request > Post https://api.teamwood.games/0.41/api/build/play-minion
HTTP Response > Post https://api.teamwood.games/0.41/api/build/play-minion > <color=green>200</color>
HTTP Request > Post https://api.teamwood.games/0.41/api/build/play-spell
HTTP Response > Post https://api.teamwood.games/0.41/api/build/play-spell > <color=green>200</color>
HTTP Request > Post https://api.teamwood.games/0.41/api/build/roll
HTTP Response > Post https://api.teamwood.games/0.41/api/build/roll > <color=green>200</color>
HTTP Request > Post https://api.teamwood.games/0.41/api/build/play-spell
HTTP Response > Post https://api.teamwood.games/0.41/api/build/play-spell > <color=green>200</color>
HTTP Request > Post https://api.teamwood.games/0.41/api/build/end
HTTP Response > Post https://api.teamwood.games/0.41/api/build/end > <color=green>200</color>
HTTP Request > Post https://api.teamwood.games/0.41/api/versus/ready
Hub Change Player Count > 885f144d-c2e2-440c-933a-5a63b2e3783d
Handling match update.
Merging models.
HTTP Response > Post https://api.teamwood.games/0.41/api/versus/ready > <color=green>200</color>
Handling match update.
Merging models.
Load battle after ready.
Participation battle has already been watched.
Spacewood.Unity.MonoBehaviours.Build.<ReadyAsync>d__30:MoveNext()
Cysharp.Threading.Tasks.UniTaskCompletionSourceCore`1:TrySetResult(TResult)
Spacewood.Unity.<ReadyRequestAsync>d__4:MoveNext()
Cysharp.Threading.Tasks.UniTaskCompletionSourceCore`1:TrySetResult(TResult)
Spacewood.Unity.<ReadyVersusAsync>d__164:MoveNext()
Cysharp.Threading.Tasks.UniTaskCompletionSourceCore`1:TrySetResult(TResult)
Spacewood.Unity.<SendAndRetryHttpRequestAsync>d__181`1:MoveNext()
Cysharp.Threading.Tasks.UniTaskCompletionSourceCore`1:TrySetResult(TResult)
Spacewood.Unity.<SendHttpResponseAsync>d__182`1:MoveNext()
System.Threading.Tasks.AwaitTaskContinuation:RunCallback(ContextCallback, Object, Task&)
System.Threading.Tasks.Task:FinishContinuations()
System.Threading.Tasks.Task`1:TrySetResult(TResult)
System.Threading.Tasks.TaskCompletionSource`1:TrySetResult(TResult)
BestHTTP.Core.RequestEventHelper:HandleRequestStateChange(RequestEventInfo)
BestHTTP.Core.RequestEventHelper:ProcessQueue()
BestHTTP.HTTPManager:OnUpdate()
BestHTTP.HTTPUpdateDelegator:CallOnUpdate()

HTTP Request > Get https://api.teamwood.games/0.41/api/user/participation/885f144d-c2e2-440c-933a-5a63b2e3783d
HTTP Response > Get https://api.teamwood.games/0.41/api/user/participation/885f144d-c2e2-440c-933a-5a63b2e3783d > <color=green>200</color>
Handling match update.
Merging models.
HTTP Request > Get https://api.teamwood.games/0.41/api/user/participation/885f144d-c2e2-440c-933a-5a63b2e3783d
HTTP Response > Get https://api.teamwood.games/0.41/api/user/participation/885f144d-c2e2-440c-933a-5a63b2e3783d > <color=green>200</color>
Handling match update.
Merging models.
HTTP Request > Get https://api.teamwood.games/0.41/api/user/participation/885f144d-c2e2-440c-933a-5a63b2e3783d
HTTP Response > Get https://api.teamwood.games/0.41/api/user/participation/885f144d-c2e2-440c-933a-5a63b2e3783d > <color=green>200</color>
Handling match update.
Merging models.
Hub Change > 885f144d-c2e2-440c-933a-5a63b2e3783d
Handling match update.
Load battle because new was found.
HTTP Request > Get https://api.teamwood.games/0.41/api/battle/get/e8511de4-1710-4e54-a3b1-741656ffa110
HTTP Response > Get https://api.teamwood.games/0.41/api/battle/get/e8511de4-1710-4e54-a3b1-741656ffa110 > <color=green>200</color>
Unloading 7 Unused Serialized files (Serialized files now loaded: 6)
SyncManager > Watch > 
Abort all requests
[PhysX] Initialized MultithreadedTaskDispatcher with 12 workers.
UnloadTime: 8.739322 ms
Added pool 'particles'
Unloading 1005 unused Assets to reduce memory usage. Loaded Objects now: 58637.
Total: 45.753427 ms (FindLiveObjects: 3.981378 ms CreateObjectMapping: 2.476191 ms MarkObjects: 38.123135 ms  DeleteObjects: 1.171952 ms)

[INFO] Battle Starting: master seed 2033831589, player seed: -1973254449, opponent seed: 234299692
T: 1896.954 - MasterAudio: Polyphony limit of group: Smash exceeded and no playing Variation is usable for Retrigger Limit Mode. Will not play this sound for this instance.
T: 1901.421 - MasterAudio: Polyphony limit of group: Smash exceeded and no playing Variation is usable for Retrigger Limit Mode. Will not play this sound for this instance.
Watch battle for participation 885f144d-c2e2-440c-933a-5a63b2e3783d
Watch battle e8511de4-1710-4e54-a3b1-741656ffa110
HTTP Request > Post https://api.teamwood.games/0.41/api/versus/watch
HTTP Response > Post https://api.teamwood.games/0.41/api/versus/watch > <color=green>200</color>
Hub Stop
[INFO] Battle completed, outcome: PlayerWon, masterSeed: 2033831589, end result: -54619660
Hub Closed
Unloading 5 Unused Serialized files (Serialized files now loaded: 6)
Abort all requests
[PhysX] Initialized MultithreadedTaskDispatcher with 12 workers.
UnloadTime: 7.497162 ms
Unloading 74 unused Assets to reduce memory usage. Loaded Objects now: 85229.
Total: 61.506062 ms (FindLiveObjects: 5.126843 ms CreateObjectMapping: 2.382253 ms MarkObjects: 53.551291 ms  DeleteObjects: 0.445258 ms)

Menu > Start
HTTP Request > Post https://api.teamwood.games/0.41/api/versus/create-skirmish
HTTP Response > Post https://api.teamwood.games/0.41/api/versus/create-skirmish > <color=green>200</color>
Hub Start
SyncManager > Watch > 19ccc139-7053-455b-8ef0-a837c9d1b610
Hub Connected
Hub Started
HTTP Request > Get https://api.teamwood.games/0.41/api/user/participation/19ccc139-7053-455b-8ef0-a837c9d1b610
HTTP Response > Get https://api.teamwood.games/0.41/api/user/participation/19ccc139-7053-455b-8ef0-a837c9d1b610 > <color=green>200</color>
HTTP Request > Get https://api.teamwood.games/0.41/api/user/participation/19ccc139-7053-455b-8ef0-a837c9d1b610
HTTP Response > Get https://api.teamwood.games/0.41/api/user/participation/19ccc139-7053-455b-8ef0-a837c9d1b610 > <color=green>200</color>
Hub Change > 19ccc139-7053-455b-8ef0-a837c9d1b610
HTTP Request > Post https://api.teamwood.games/0.41/api/versus/start-skirmish
Hub Change > 19ccc139-7053-455b-8ef0-a837c9d1b610
Unloading 6 Unused Serialized files (Serialized files now loaded: 6)
Abort all requests
[PhysX] Initialized MultithreadedTaskDispatcher with 12 workers.
UnloadTime: 19.998267 ms
Unloading 102 unused Assets to reduce memory usage. Loaded Objects now: 62835.
Total: 53.445173 ms (FindLiveObjects: 4.078256 ms CreateObjectMapping: 2.731284 ms MarkObjects: 46.364251 ms  DeleteObjects: 0.270840 ms)

SyncManager > Watch > 19ccc139-7053-455b-8ef0-a837c9d1b610
HTTP Response > Post https://api.teamwood.games/0.41/api/versus/start-skirmish > <color=green>200</color>
Handling match update.
Merging models.
HTTP Request > Post https://api.teamwood.games/0.41/api/build/start
HTTP Response > Post https://api.teamwood.games/0.41/api/build/start > <color=green>200</color>
HTTP Request > Post https://api.teamwood.games/0.41/api/build/roll
HTTP Response > Post https://api.teamwood.games/0.41/api/build/roll > <color=green>200</color>
HTTP Request > Post https://api.teamwood.games/0.41/api/build/roll
HTTP Response > Post https://api.teamwood.games/0.41/api/build/roll > <color=green>200</color>
HTTP Request > Post https://api.teamwood.games/0.41/api/build/roll
HTTP Response > Post https://api.teamwood.games/0.41/api/build/roll > <color=green>200</color>
HTTP Request > Post https://api.teamwood.games/0.41/api/build/play-minion
HTTP Response > Post https://api.teamwood.games/0.41/api/build/play-minion > <color=green>200</color>
HTTP Request > Post https://api.teamwood.games/0.41/api/build/play-minion
HTTP Response > Post https://api.teamwood.games/0.41/api/build/play-minion > <color=green>200</color>
Hub Change Player Count > 19ccc139-7053-455b-8ef0-a837c9d1b610
Handling match update.
Merging models.
HTTP Request > Post https://api.teamwood.games/0.41/api/build/roll
HTTP Response > Post https://api.teamwood.games/0.41/api/build/roll > <color=green>200</color>
HTTP Request > Post https://api.teamwood.games/0.41/api/build/end
HTTP Response > Post https://api.teamwood.games/0.41/api/build/end > <color=green>200</color>
HTTP Request > Post https://api.teamwood.games/0.41/api/build/name
HTTP Response > Post https://api.teamwood.games/0.41/api/build/name > <color=green>200</color>
HTTP Request > Post https://api.teamwood.games/0.41/api/versus/ready
Hub Change > 19ccc139-7053-455b-8ef0-a837c9d1b610
Handling match update.
Load battle because new was found.
HTTP Response > Post https://api.teamwood.games/0.41/api/versus/ready > <color=green>200</color>
Handling match update.
Load battle because new was found.
Loading battle was blocked.
Load battle after ready.
Loading battle was blocked.
HTTP Request > Get https://api.teamwood.games/0.41/api/battle/get/9742b455-956f-4a5a-bb15-1a857601024d
HTTP Response > Get https://api.teamwood.games/0.41/api/battle/get/9742b455-956f-4a5a-bb15-1a857601024d > <color=green>200</color>
Unloading 7 Unused Serialized files (Serialized files now loaded: 6)
SyncManager > Watch > 
Abort all requests
[PhysX] Initialized MultithreadedTaskDispatcher with 12 workers.
UnloadTime: 8.361656 ms
Added pool 'particles'
Unloading 999 unused Assets to reduce memory usage. Loaded Objects now: 58637.
Total: 45.819514 ms (FindLiveObjects: 3.393502 ms CreateObjectMapping: 2.250159 ms MarkObjects: 39.317273 ms  DeleteObjects: 0.858091 ms)

[INFO] Battle Starting: master seed -480183538, player seed: -1973254449, opponent seed: 234299692
T: 2021.775 - MasterAudio: Polyphony limit of group: Smash exceeded and no playing Variation is usable for Retrigger Limit Mode. Will not play this sound for this instance.
T: 2025.776 - MasterAudio: Polyphony limit of group: Smash exceeded and no playing Variation is usable for Retrigger Limit Mode. Will not play this sound for this instance.
Watch battle for participation 19ccc139-7053-455b-8ef0-a837c9d1b610
Watch battle 9742b455-956f-4a5a-bb15-1a857601024d
HTTP Request > Post https://api.teamwood.games/0.41/api/versus/watch
HTTP Response > Post https://api.teamwood.games/0.41/api/versus/watch > <color=green>200</color>
[INFO] Battle completed, outcome: EnemyWon, masterSeed: -480183538, end result: 433564037
Unloading 6 Unused Serialized files (Serialized files now loaded: 6)
Abort all requests
[PhysX] Initialized MultithreadedTaskDispatcher with 12 workers.
UnloadTime: 6.637675 ms
Unloading 51 unused Assets to reduce memory usage. Loaded Objects now: 62842.
Total: 50.111132 ms (FindLiveObjects: 3.577695 ms CreateObjectMapping: 2.154927 ms MarkObjects: 43.968924 ms  DeleteObjects: 0.409113 ms)

SyncManager > Watch > 19ccc139-7053-455b-8ef0-a837c9d1b610
HTTP Request > Post https://api.teamwood.games/0.41/api/build/start
HTTP Response > Post https://api.teamwood.games/0.41/api/build/start > <color=green>200</color>
HTTP Request > Post https://api.teamwood.games/0.41/api/build/roll
HTTP Response > Post https://api.teamwood.games/0.41/api/build/roll > <color=green>200</color>
HTTP Request > Post https://api.teamwood.games/0.41/api/build/roll
HTTP Response > Post https://api.teamwood.games/0.41/api/build/roll > <color=green>200</color>
HTTP Request > Post https://api.teamwood.games/0.41/api/build/play-minion
HTTP Response > Post https://api.teamwood.games/0.41/api/build/play-minion > <color=green>200</color>
HTTP Request > Post https://api.teamwood.games/0.41/api/build/roll
HTTP Response > Post https://api.teamwood.games/0.41/api/build/roll > <color=green>200</color>
HTTP Request > Post https://api.teamwood.games/0.41/api/build/play-minion
HTTP Response > Post https://api.teamwood.games/0.41/api/build/play-minion > <color=green>200</color>
HTTP Request > Post https://api.teamwood.games/0.41/api/build/roll
HTTP Response > Post https://api.teamwood.games/0.41/api/build/roll > <color=green>200</color>
HTTP Request > Post https://api.teamwood.games/0.41/api/build/end
HTTP Response > Post https://api.teamwood.games/0.41/api/build/end > <color=green>200</color>
HTTP Request > Post https://api.teamwood.games/0.41/api/versus/ready
Hub Change Player Count > 19ccc139-7053-455b-8ef0-a837c9d1b610
Handling match update.
Merging models.
HTTP Response > Post https://api.teamwood.games/0.41/api/versus/ready > <color=green>200</color>
Handling match update.
Merging models.
Load battle after ready.
Participation battle has already been watched.
Spacewood.Unity.MonoBehaviours.Build.<ReadyAsync>d__30:MoveNext()
Cysharp.Threading.Tasks.UniTaskCompletionSourceCore`1:TrySetResult(TResult)
Spacewood.Unity.<ReadyRequestAsync>d__4:MoveNext()
Cysharp.Threading.Tasks.UniTaskCompletionSourceCore`1:TrySetResult(TResult)
Spacewood.Unity.<ReadyVersusAsync>d__164:MoveNext()
Cysharp.Threading.Tasks.UniTaskCompletionSourceCore`1:TrySetResult(TResult)
Spacewood.Unity.<SendAndRetryHttpRequestAsync>d__181`1:MoveNext()
Cysharp.Threading.Tasks.UniTaskCompletionSourceCore`1:TrySetResult(TResult)
Spacewood.Unity.<SendHttpResponseAsync>d__182`1:MoveNext()
System.Threading.Tasks.AwaitTaskContinuation:RunCallback(ContextCallback, Object, Task&)
System.Threading.Tasks.Task:FinishContinuations()
System.Threading.Tasks.Task`1:TrySetResult(TResult)
System.Threading.Tasks.TaskCompletionSource`1:TrySetResult(TResult)
BestHTTP.Core.RequestEventHelper:HandleRequestStateChange(RequestEventInfo)
BestHTTP.Core.RequestEventHelper:ProcessQueue()
BestHTTP.HTTPManager:OnUpdate()
BestHTTP.HTTPUpdateDelegator:CallOnUpdate()

HTTP Request > Get https://api.teamwood.games/0.41/api/user/participation/19ccc139-7053-455b-8ef0-a837c9d1b610
HTTP Response > Get https://api.teamwood.games/0.41/api/user/participation/19ccc139-7053-455b-8ef0-a837c9d1b610 > <color=green>200</color>
Handling match update.
Merging models.
Hub Change > 19ccc139-7053-455b-8ef0-a837c9d1b610
Handling match update.
Load battle because new was found.
HTTP Request > Get https://api.teamwood.games/0.41/api/battle/get/639b8873-9c88-406d-ad4c-b5bd5051d877
HTTP Response > Get https://api.teamwood.games/0.41/api/battle/get/639b8873-9c88-406d-ad4c-b5bd5051d877 > <color=green>200</color>
Unloading 7 Unused Serialized files (Serialized files now loaded: 6)
SyncManager > Watch > 
Abort all requests
[PhysX] Initialized MultithreadedTaskDispatcher with 12 workers.
UnloadTime: 8.728134 ms
Added pool 'particles'
Unloading 1010 unused Assets to reduce memory usage. Loaded Objects now: 58649.
Total: 50.662470 ms (FindLiveObjects: 3.419480 ms CreateObjectMapping: 2.102363 ms MarkObjects: 44.262910 ms  DeleteObjects: 0.877220 ms)

[INFO] Battle Starting: master seed 707956953, player seed: -1973254449, opponent seed: 234299692
T: 2081.066 - MasterAudio: Polyphony limit of group: Smash exceeded and no playing Variation is usable for Retrigger Limit Mode. Will not play this sound for this instance.
T: 2082.716 - MasterAudio: Polyphony limit of group: Smash exceeded and no playing Variation is usable for Retrigger Limit Mode. Will not play this sound for this instance.
Watch battle for participation 19ccc139-7053-455b-8ef0-a837c9d1b610
Watch battle 639b8873-9c88-406d-ad4c-b5bd5051d877
HTTP Request > Post https://api.teamwood.games/0.41/api/versus/watch
HTTP Response > Post https://api.teamwood.games/0.41/api/versus/watch > <color=green>200</color>
[INFO] Battle completed, outcome: EnemyWon, masterSeed: 707956953, end result: 1730510809
Unloading 6 Unused Serialized files (Serialized files now loaded: 6)
Abort all requests
[PhysX] Initialized MultithreadedTaskDispatcher with 12 workers.
UnloadTime: 6.399157 ms
Unloading 53 unused Assets to reduce memory usage. Loaded Objects now: 62843.
Total: 49.189170 ms (FindLiveObjects: 3.522735 ms CreateObjectMapping: 2.081089 ms MarkObjects: 43.199106 ms  DeleteObjects: 0.385842 ms)

SyncManager > Watch > 19ccc139-7053-455b-8ef0-a837c9d1b610
HTTP Request > Post https://api.teamwood.games/0.41/api/build/start
HTTP Response > Post https://api.teamwood.games/0.41/api/build/start > <color=green>200</color>
HTTP Request > Post https://api.teamwood.games/0.41/api/build/play-minion
HTTP Response > Post https://api.teamwood.games/0.41/api/build/play-minion > <color=green>200</color>
HTTP Request > Post https://api.teamwood.games/0.41/api/build/roll
HTTP Response > Post https://api.teamwood.games/0.41/api/build/roll > <color=green>200</color>
HTTP Request > Post https://api.teamwood.games/0.41/api/build/roll
HTTP Response > Post https://api.teamwood.games/0.41/api/build/roll > <color=green>200</color>
HTTP Request > Post https://api.teamwood.games/0.41/api/build/play-minion
HTTP Response > Post https://api.teamwood.games/0.41/api/build/play-minion > <color=green>200</color>
HTTP Request > Post https://api.teamwood.games/0.41/api/build/roll
HTTP Response > Post https://api.teamwood.games/0.41/api/build/roll > <color=green>200</color>
HTTP Request > Post https://api.teamwood.games/0.41/api/build/roll
HTTP Response > Post https://api.teamwood.games/0.41/api/build/roll > <color=green>200</color>
HTTP Request > Post https://api.teamwood.games/0.41/api/build/end
HTTP Response > Post https://api.teamwood.games/0.41/api/build/end > <color=green>200</color>
HTTP Request > Post https://api.teamwood.games/0.41/api/versus/ready
Hub Change Player Count > 19ccc139-7053-455b-8ef0-a837c9d1b610
Handling match update.
Merging models.
HTTP Response > Post https://api.teamwood.games/0.41/api/versus/ready > <color=green>200</color>
Handling match update.
Merging models.
Load battle after ready.
Participation battle has already been watched.
Spacewood.Unity.MonoBehaviours.Build.<ReadyAsync>d__30:MoveNext()
Cysharp.Threading.Tasks.UniTaskCompletionSourceCore`1:TrySetResult(TResult)
Spacewood.Unity.<ReadyRequestAsync>d__4:MoveNext()
Cysharp.Threading.Tasks.UniTaskCompletionSourceCore`1:TrySetResult(TResult)
Spacewood.Unity.<ReadyVersusAsync>d__164:MoveNext()
Cysharp.Threading.Tasks.UniTaskCompletionSourceCore`1:TrySetResult(TResult)
Spacewood.Unity.<SendAndRetryHttpRequestAsync>d__181`1:MoveNext()
Cysharp.Threading.Tasks.UniTaskCompletionSourceCore`1:TrySetResult(TResult)
Spacewood.Unity.<SendHttpResponseAsync>d__182`1:MoveNext()
System.Threading.Tasks.AwaitTaskContinuation:RunCallback(ContextCallback, Object, Task&)
System.Threading.Tasks.Task:FinishContinuations()
System.Threading.Tasks.Task`1:TrySetResult(TResult)
System.Threading.Tasks.TaskCompletionSource`1:TrySetResult(TResult)
BestHTTP.Core.RequestEventHelper:HandleRequestStateChange(RequestEventInfo)
BestHTTP.Core.RequestEventHelper:ProcessQueue()
BestHTTP.HTTPManager:OnUpdate()
BestHTTP.HTTPUpdateDelegator:CallOnUpdate()

Hub Change > 19ccc139-7053-455b-8ef0-a837c9d1b610
Handling match update.
Load battle because new was found.
HTTP Request > Get https://api.teamwood.games/0.41/api/battle/get/6baabc34-a977-4a65-8383-a93007267905
HTTP Response > Get https://api.teamwood.games/0.41/api/battle/get/6baabc34-a977-4a65-8383-a93007267905 > <color=green>200</color>
Unloading 7 Unused Serialized files (Serialized files now loaded: 6)
SyncManager > Watch > 
Abort all requests
[PhysX] Initialized MultithreadedTaskDispatcher with 12 workers.
UnloadTime: 8.254984 ms
Added pool 'particles'
Unloading 747 unused Assets to reduce memory usage. Loaded Objects now: 58914.
Total: 47.791879 ms (FindLiveObjects: 3.719588 ms CreateObjectMapping: 2.335588 ms MarkObjects: 41.019365 ms  DeleteObjects: 0.716811 ms)

[INFO] Battle Starting: master seed -694718080, player seed: -1973254449, opponent seed: 234299692
T: 2146.73 - MasterAudio: Polyphony limit of group: Smash exceeded and no playing Variation is usable for Retrigger Limit Mode. Will not play this sound for this instance.
T: 2151.749 - MasterAudio: Polyphony limit of group: Smash exceeded and no playing Variation is usable for Retrigger Limit Mode. Will not play this sound for this instance.
Watch battle for participation 19ccc139-7053-455b-8ef0-a837c9d1b610
Watch battle 6baabc34-a977-4a65-8383-a93007267905
HTTP Request > Post https://api.teamwood.games/0.41/api/versus/watch
HTTP Response > Post https://api.teamwood.games/0.41/api/versus/watch > <color=green>200</color>
[INFO] Battle completed, outcome: PlayerWon, masterSeed: -694718080, end result: -946709900
Unloading 6 Unused Serialized files (Serialized files now loaded: 6)
Abort all requests
[PhysX] Initialized MultithreadedTaskDispatcher with 12 workers.
UnloadTime: 7.154555 ms
Unloading 59 unused Assets to reduce memory usage. Loaded Objects now: 62844.
Total: 50.631026 ms (FindLiveObjects: 3.756663 ms CreateObjectMapping: 2.224182 ms MarkObjects: 44.235543 ms  DeleteObjects: 0.414205 ms)

SyncManager > Watch > 19ccc139-7053-455b-8ef0-a837c9d1b610
HTTP Request > Post https://api.teamwood.games/0.41/api/build/start
HTTP Response > Post https://api.teamwood.games/0.41/api/build/start > <color=green>200</color>
HTTP Request > Post https://api.teamwood.games/0.41/api/build/play-minion
HTTP Response > Post https://api.teamwood.games/0.41/api/build/play-minion > <color=green>200</color>
HTTP Request > Post https://api.teamwood.games/0.41/api/build/roll
HTTP Response > Post https://api.teamwood.games/0.41/api/build/roll > <color=green>200</color>
HTTP Request > Post https://api.teamwood.games/0.41/api/build/roll
HTTP Response > Post https://api.teamwood.games/0.41/api/build/roll > <color=green>200</color>
HTTP Request > Post https://api.teamwood.games/0.41/api/build/roll
HTTP Response > Post https://api.teamwood.games/0.41/api/build/roll > <color=green>200</color>
HTTP Request > Post https://api.teamwood.games/0.41/api/build/roll
HTTP Response > Post https://api.teamwood.games/0.41/api/build/roll > <color=green>200</color>
HTTP Request > Post https://api.teamwood.games/0.41/api/build/roll
HTTP Response > Post https://api.teamwood.games/0.41/api/build/roll > <color=green>200</color>
HTTP Request > Post https://api.teamwood.games/0.41/api/build/roll
HTTP Response > Post https://api.teamwood.games/0.41/api/build/roll > <color=green>200</color>
HTTP Request > Post https://api.teamwood.games/0.41/api/build/roll
HTTP Response > Post https://api.teamwood.games/0.41/api/build/roll > <color=green>200</color>
HTTP Request > Post https://api.teamwood.games/0.41/api/build/end
HTTP Response > Post https://api.teamwood.games/0.41/api/build/end > <color=green>200</color>
HTTP Request > Post https://api.teamwood.games/0.41/api/versus/ready
Hub Change Player Count > 19ccc139-7053-455b-8ef0-a837c9d1b610
Handling match update.
Merging models.
HTTP Response > Post https://api.teamwood.games/0.41/api/versus/ready > <color=green>200</color>
Handling match update.
Merging models.
Load battle after ready.
Participation battle has already been watched.
Spacewood.Unity.MonoBehaviours.Build.<ReadyAsync>d__30:MoveNext()
Cysharp.Threading.Tasks.UniTaskCompletionSourceCore`1:TrySetResult(TResult)
Spacewood.Unity.<ReadyRequestAsync>d__4:MoveNext()
Cysharp.Threading.Tasks.UniTaskCompletionSourceCore`1:TrySetResult(TResult)
Spacewood.Unity.<ReadyVersusAsync>d__164:MoveNext()
Cysharp.Threading.Tasks.UniTaskCompletionSourceCore`1:TrySetResult(TResult)
Spacewood.Unity.<SendAndRetryHttpRequestAsync>d__181`1:MoveNext()
Cysharp.Threading.Tasks.UniTaskCompletionSourceCore`1:TrySetResult(TResult)
Spacewood.Unity.<SendHttpResponseAsync>d__182`1:MoveNext()
System.Threading.Tasks.AwaitTaskContinuation:RunCallback(ContextCallback, Object, Task&)
System.Threading.Tasks.Task:FinishContinuations()
System.Threading.Tasks.Task`1:TrySetResult(TResult)
System.Threading.Tasks.TaskCompletionSource`1:TrySetResult(TResult)
BestHTTP.Core.RequestEventHelper:HandleRequestStateChange(RequestEventInfo)
BestHTTP.Core.RequestEventHelper:ProcessQueue()
BestHTTP.HTTPManager:OnUpdate()
BestHTTP.HTTPUpdateDelegator:CallOnUpdate()

HTTP Request > Get https://api.teamwood.games/0.41/api/user/participation/19ccc139-7053-455b-8ef0-a837c9d1b610
HTTP Response > Get https://api.teamwood.games/0.41/api/user/participation/19ccc139-7053-455b-8ef0-a837c9d1b610 > <color=green>200</color>
Handling match update.
Merging models.
HTTP Request > Get https://api.teamwood.games/0.41/api/user/participation/19ccc139-7053-455b-8ef0-a837c9d1b610
HTTP Response > Get https://api.teamwood.games/0.41/api/user/participation/19ccc139-7053-455b-8ef0-a837c9d1b610 > <color=green>200</color>
Handling match update.
Merging models.
Hub Change > 19ccc139-7053-455b-8ef0-a837c9d1b610
Handling match update.
Load battle because new was found.
HTTP Request > Get https://api.teamwood.games/0.41/api/battle/get/ed999bc0-0c8e-4a21-bf16-f9668e80f40d
HTTP Response > Get https://api.teamwood.games/0.41/api/battle/get/ed999bc0-0c8e-4a21-bf16-f9668e80f40d > <color=green>200</color>
Unloading 7 Unused Serialized files (Serialized files now loaded: 6)
SyncManager > Watch > 
Abort all requests
[PhysX] Initialized MultithreadedTaskDispatcher with 12 workers.
UnloadTime: 10.002964 ms
Added pool 'particles'
Unloading 1043 unused Assets to reduce memory usage. Loaded Objects now: 58649.
Total: 45.009596 ms (FindLiveObjects: 3.489468 ms CreateObjectMapping: 3.058288 ms MarkObjects: 37.669984 ms  DeleteObjects: 0.791448 ms)

[INFO] Battle Starting: master seed 1798800432, player seed: -1973254449, opponent seed: 234299692
T: 2224.525 - MasterAudio: Polyphony limit of group: Smash exceeded and no playing Variation is usable for Retrigger Limit Mode. Will not play this sound for this instance.
T: 2226.342 - MasterAudio: Polyphony limit of group: Smash exceeded and no playing Variation is usable for Retrigger Limit Mode. Will not play this sound for this instance.
Watch battle for participation 19ccc139-7053-455b-8ef0-a837c9d1b610
Watch battle ed999bc0-0c8e-4a21-bf16-f9668e80f40d
HTTP Request > Post https://api.teamwood.games/0.41/api/versus/watch
HTTP Response > Post https://api.teamwood.games/0.41/api/versus/watch > <color=green>200</color>
[INFO] Battle completed, outcome: EnemyWon, masterSeed: 1798800432, end result: 1829999521
Unloading 6 Unused Serialized files (Serialized files now loaded: 6)
Abort all requests
[PhysX] Initialized MultithreadedTaskDispatcher with 12 workers.
UnloadTime: 6.607438 ms
Unloading 57 unused Assets to reduce memory usage. Loaded Objects now: 63003.
Total: 54.574270 ms (FindLiveObjects: 3.455249 ms CreateObjectMapping: 2.141329 ms MarkObjects: 48.553411 ms  DeleteObjects: 0.423884 ms)

SyncManager > Watch > 19ccc139-7053-455b-8ef0-a837c9d1b610
HTTP Request > Post https://api.teamwood.games/0.41/api/build/start
HTTP Response > Post https://api.teamwood.games/0.41/api/build/start > <color=green>200</color>
HTTP Request > Post https://api.teamwood.games/0.41/api/build/sell
HTTP Response > Post https://api.teamwood.games/0.41/api/build/sell > <color=green>200</color>
HTTP Request > Post https://api.teamwood.games/0.41/api/build/play-minion
HTTP Response > Post https://api.teamwood.games/0.41/api/build/play-minion > <color=green>200</color>
HTTP Request > Post https://api.teamwood.games/0.41/api/build/roll
HTTP Response > Post https://api.teamwood.games/0.41/api/build/roll > <color=green>200</color>
HTTP Request > Post https://api.teamwood.games/0.41/api/build/play-minion
HTTP Response > Post https://api.teamwood.games/0.41/api/build/play-minion > <color=green>200</color>
HTTP Request > Post https://api.teamwood.games/0.41/api/build/roll
HTTP Response > Post https://api.teamwood.games/0.41/api/build/roll > <color=green>200</color>
HTTP Request > Post https://api.teamwood.games/0.41/api/build/roll
HTTP Response > Post https://api.teamwood.games/0.41/api/build/roll > <color=green>200</color>
HTTP Request > Post https://api.teamwood.games/0.41/api/build/roll
HTTP Response > Post https://api.teamwood.games/0.41/api/build/roll > <color=green>200</color>
HTTP Request > Post https://api.teamwood.games/0.41/api/build/roll
HTTP Response > Post https://api.teamwood.games/0.41/api/build/roll > <color=green>200</color>
Hub Change Player Count > 19ccc139-7053-455b-8ef0-a837c9d1b610
Handling match update.
Merging models.
HTTP Request > Post https://api.teamwood.games/0.41/api/build/end
HTTP Response > Post https://api.teamwood.games/0.41/api/build/end > <color=green>200</color>
HTTP Request > Post https://api.teamwood.games/0.41/api/versus/ready
HTTP Response > Post https://api.teamwood.games/0.41/api/versus/ready > <color=green>200</color>
Handling match update.
Load battle because new was found.
Load battle after ready.
Loading battle was blocked.
Hub Change > 19ccc139-7053-455b-8ef0-a837c9d1b610
Handling match update.
Load battle because new was found.
Loading battle was blocked.
HTTP Request > Get https://api.teamwood.games/0.41/api/battle/get/1b556858-4e86-468b-bda0-8d9262d17fbb
HTTP Response > Get https://api.teamwood.games/0.41/api/battle/get/1b556858-4e86-468b-bda0-8d9262d17fbb > <color=green>200</color>
Unloading 7 Unused Serialized files (Serialized files now loaded: 6)
SyncManager > Watch > 
Abort all requests
[PhysX] Initialized MultithreadedTaskDispatcher with 12 workers.
UnloadTime: 9.877620 ms
Added pool 'particles'
Unloading 1050 unused Assets to reduce memory usage. Loaded Objects now: 58807.
Total: 46.863340 ms (FindLiveObjects: 3.330048 ms CreateObjectMapping: 2.221417 ms MarkObjects: 39.676804 ms  DeleteObjects: 1.634593 ms)

[INFO] Battle Starting: master seed 673586602, player seed: -1973254449, opponent seed: 234299692
HTTP Request > Get https://api.teamwood.games/0.41/api/user/versus-participations
T: 2287.655 - MasterAudio: Polyphony limit of group: Smash exceeded and no playing Variation is usable for Retrigger Limit Mode. Will not play this sound for this instance.
HTTP Response > Get https://api.teamwood.games/0.41/api/user/versus-participations > <color=green>200</color>
T: 2295.357 - MasterAudio: Polyphony limit of group: Smash exceeded and no playing Variation is usable for Retrigger Limit Mode. Will not play this sound for this instance.
T: 2301.275 - MasterAudio: Polyphony limit of group: Smash exceeded and no playing Variation is usable for Retrigger Limit Mode. Will not play this sound for this instance.
T: 2301.275 - MasterAudio: Polyphony limit of group: Smash exceeded and no playing Variation is usable for Retrigger Limit Mode. Will not play this sound for this instance.
Watch battle for participation 19ccc139-7053-455b-8ef0-a837c9d1b610
Watch battle 1b556858-4e86-468b-bda0-8d9262d17fbb
HTTP Request > Post https://api.teamwood.games/0.41/api/versus/watch
HTTP Response > Post https://api.teamwood.games/0.41/api/versus/watch > <color=green>200</color>
[INFO] Battle completed, outcome: PlayerWon, masterSeed: 673586602, end result: 799003859
Unloading 6 Unused Serialized files (Serialized files now loaded: 6)
Abort all requests
[PhysX] Initialized MultithreadedTaskDispatcher with 12 workers.
UnloadTime: 7.124606 ms
Unloading 57 unused Assets to reduce memory usage. Loaded Objects now: 63003.
Total: 50.760877 ms (FindLiveObjects: 3.464449 ms CreateObjectMapping: 2.116064 ms MarkObjects: 44.616649 ms  DeleteObjects: 0.562949 ms)

SyncManager > Watch > 19ccc139-7053-455b-8ef0-a837c9d1b610
HTTP Request > Post https://api.teamwood.games/0.41/api/build/start
HTTP Response > Post https://api.teamwood.games/0.41/api/build/start > <color=green>200</color>
HTTP Request > Post https://api.teamwood.games/0.41/api/build/play-minion
HTTP Response > Post https://api.teamwood.games/0.41/api/build/play-minion > <color=green>200</color>
HTTP Request > Post https://api.teamwood.games/0.41/api/build/play-minion
HTTP Response > Post https://api.teamwood.games/0.41/api/build/play-minion > <color=green>200</color>
HTTP Request > Post https://api.teamwood.games/0.41/api/build/play-minion
HTTP Response > Post https://api.teamwood.games/0.41/api/build/play-minion > <color=green>200</color>
HTTP Request > Post https://api.teamwood.games/0.41/api/build/roll
HTTP Response > Post https://api.teamwood.games/0.41/api/build/roll > <color=green>200</color>
HTTP Request > Post https://api.teamwood.games/0.41/api/build/end
HTTP Response > Post https://api.teamwood.games/0.41/api/build/end > <color=green>200</color>
HTTP Request > Post https://api.teamwood.games/0.41/api/versus/ready
Hub Change Player Count > 19ccc139-7053-455b-8ef0-a837c9d1b610
Handling match update.
Merging models.
HTTP Response > Post https://api.teamwood.games/0.41/api/versus/ready > <color=green>200</color>
Handling match update.
Merging models.
Load battle after ready.
Participation battle has already been watched.
Spacewood.Unity.MonoBehaviours.Build.<ReadyAsync>d__30:MoveNext()
Cysharp.Threading.Tasks.UniTaskCompletionSourceCore`1:TrySetResult(TResult)
Spacewood.Unity.<ReadyRequestAsync>d__4:MoveNext()
Cysharp.Threading.Tasks.UniTaskCompletionSourceCore`1:TrySetResult(TResult)
Spacewood.Unity.<ReadyVersusAsync>d__164:MoveNext()
Cysharp.Threading.Tasks.UniTaskCompletionSourceCore`1:TrySetResult(TResult)
Spacewood.Unity.<SendAndRetryHttpRequestAsync>d__181`1:MoveNext()
Cysharp.Threading.Tasks.UniTaskCompletionSourceCore`1:TrySetResult(TResult)
Spacewood.Unity.<SendHttpResponseAsync>d__182`1:MoveNext()
System.Threading.Tasks.AwaitTaskContinuation:RunCallback(ContextCallback, Object, Task&)
System.Threading.Tasks.Task:FinishContinuations()
System.Threading.Tasks.Task`1:TrySetResult(TResult)
System.Threading.Tasks.TaskCompletionSource`1:TrySetResult(TResult)
BestHTTP.Core.RequestEventHelper:HandleRequestStateChange(RequestEventInfo)
BestHTTP.Core.RequestEventHelper:ProcessQueue()
BestHTTP.HTTPManager:OnUpdate()
BestHTTP.HTTPUpdateDelegator:CallOnUpdate()

HTTP Request > Get https://api.teamwood.games/0.41/api/user/participation/19ccc139-7053-455b-8ef0-a837c9d1b610
HTTP Response > Get https://api.teamwood.games/0.41/api/user/participation/19ccc139-7053-455b-8ef0-a837c9d1b610 > <color=green>200</color>
Handling match update.
Merging models.
HTTP Request > Get https://api.teamwood.games/0.41/api/user/participation/19ccc139-7053-455b-8ef0-a837c9d1b610
HTTP Response > Get https://api.teamwood.games/0.41/api/user/participation/19ccc139-7053-455b-8ef0-a837c9d1b610 > <color=green>200</color>
Handling match update.
Merging models.
HTTP Request > Get https://api.teamwood.games/0.41/api/user/participation/19ccc139-7053-455b-8ef0-a837c9d1b610
HTTP Response > Get https://api.teamwood.games/0.41/api/user/participation/19ccc139-7053-455b-8ef0-a837c9d1b610 > <color=green>200</color>
Handling match update.
Merging models.
HTTP Request > Get https://api.teamwood.games/0.41/api/user/participation/19ccc139-7053-455b-8ef0-a837c9d1b610
HTTP Response > Get https://api.teamwood.games/0.41/api/user/participation/19ccc139-7053-455b-8ef0-a837c9d1b610 > <color=green>200</color>
Handling match update.
Merging models.
HTTP Request > Get https://api.teamwood.games/0.41/api/user/participation/19ccc139-7053-455b-8ef0-a837c9d1b610
HTTP Response > Get https://api.teamwood.games/0.41/api/user/participation/19ccc139-7053-455b-8ef0-a837c9d1b610 > <color=green>200</color>
Handling match update.
Merging models.
HTTP Request > Get https://api.teamwood.games/0.41/api/user/participation/19ccc139-7053-455b-8ef0-a837c9d1b610
HTTP Response > Get https://api.teamwood.games/0.41/api/user/participation/19ccc139-7053-455b-8ef0-a837c9d1b610 > <color=green>200</color>
Handling match update.
Merging models.
Hub Change > 19ccc139-7053-455b-8ef0-a837c9d1b610
Handling match update.
Load battle because new was found.
HTTP Request > Get https://api.teamwood.games/0.41/api/battle/get/9e61d5ff-4d42-4d63-819d-7376564c2d9a
HTTP Response > Get https://api.teamwood.games/0.41/api/battle/get/9e61d5ff-4d42-4d63-819d-7376564c2d9a > <color=green>200</color>
Unloading 7 Unused Serialized files (Serialized files now loaded: 6)
SyncManager > Watch > 
Abort all requests
[PhysX] Initialized MultithreadedTaskDispatcher with 12 workers.
UnloadTime: 8.576355 ms
Added pool 'particles'
Unloading 1007 unused Assets to reduce memory usage. Loaded Objects now: 58807.
Total: 47.676237 ms (FindLiveObjects: 3.278089 ms CreateObjectMapping: 2.057825 ms MarkObjects: 41.665262 ms  DeleteObjects: 0.674629 ms)

[INFO] Battle Starting: master seed -1123702172, player seed: -1973254449, opponent seed: 234299692
T: 2401.995 - MasterAudio: Polyphony limit of group: Smash exceeded and no playing Variation is usable for Retrigger Limit Mode. Will not play this sound for this instance.
HTTP Request > Get https://api.teamwood.games/0.41/api/user/versus-participations
HTTP Response > Get https://api.teamwood.games/0.41/api/user/versus-participations > <color=green>200</color>
T: 2414.633 - MasterAudio: Polyphony limit of group: Smash exceeded and no playing Variation is usable for Retrigger Limit Mode. Will not play this sound for this instance.
T: 2418.084 - MasterAudio: Polyphony limit of group: Smash exceeded and no playing Variation is usable for Retrigger Limit Mode. Will not play this sound for this instance.
Watch battle for participation 19ccc139-7053-455b-8ef0-a837c9d1b610
Watch battle 9e61d5ff-4d42-4d63-819d-7376564c2d9a
HTTP Request > Post https://api.teamwood.games/0.41/api/versus/watch
HTTP Response > Post https://api.teamwood.games/0.41/api/versus/watch > <color=green>200</color>
[INFO] Battle completed, outcome: PlayerWon, masterSeed: -1123702172, end result: -202221029
Unloading 6 Unused Serialized files (Serialized files now loaded: 6)
Abort all requests
[PhysX] Initialized MultithreadedTaskDispatcher with 12 workers.
UnloadTime: 6.995687 ms
Unloading 59 unused Assets to reduce memory usage. Loaded Objects now: 63004.
Total: 50.270267 ms (FindLiveObjects: 3.583848 ms CreateObjectMapping: 2.143222 ms MarkObjects: 44.115412 ms  DeleteObjects: 0.427436 ms)

SyncManager > Watch > 19ccc139-7053-455b-8ef0-a837c9d1b610
HTTP Request > Post https://api.teamwood.games/0.41/api/build/start
HTTP Response > Post https://api.teamwood.games/0.41/api/build/start > <color=green>200</color>
HTTP Request > Post https://api.teamwood.games/0.41/api/build/sell
HTTP Response > Post https://api.teamwood.games/0.41/api/build/sell > <color=green>200</color>
HTTP Request > Post https://api.teamwood.games/0.41/api/build/play-minion
HTTP Response > Post https://api.teamwood.games/0.41/api/build/play-minion > <color=green>200</color>
HTTP Request > Post https://api.teamwood.games/0.41/api/build/play-minion
HTTP Response > Post https://api.teamwood.games/0.41/api/build/play-minion > <color=green>200</color>
HTTP Request > Post https://api.teamwood.games/0.41/api/build/roll
HTTP Response > Post https://api.teamwood.games/0.41/api/build/roll > <color=green>200</color>
HTTP Request > Post https://api.teamwood.games/0.41/api/build/play-spell
HTTP Response > Post https://api.teamwood.games/0.41/api/build/play-spell > <color=green>200</color>
HTTP Request > Post https://api.teamwood.games/0.41/api/build/roll
HTTP Response > Post https://api.teamwood.games/0.41/api/build/roll > <color=green>200</color>
HTTP Request > Post https://api.teamwood.games/0.41/api/build/roll
HTTP Response > Post https://api.teamwood.games/0.41/api/build/roll > <color=green>200</color>
Hub Change Player Count > 19ccc139-7053-455b-8ef0-a837c9d1b610
Handling match update.
Merging models.
HTTP Request > Post https://api.teamwood.games/0.41/api/build/end
HTTP Response > Post https://api.teamwood.games/0.41/api/build/end > <color=green>200</color>
HTTP Request > Post https://api.teamwood.games/0.41/api/versus/ready
Hub Change > 19ccc139-7053-455b-8ef0-a837c9d1b610
Handling match update.
Load battle because new was found.
HTTP Response > Post https://api.teamwood.games/0.41/api/versus/ready > <color=green>200</color>
Handling match update.
Load battle because new was found.
Loading battle was blocked.
Load battle after ready.
Loading battle was blocked.
HTTP Request > Get https://api.teamwood.games/0.41/api/battle/get/74ca2eaf-6de8-46bd-bca7-0f3a61e3a335
HTTP Response > Get https://api.teamwood.games/0.41/api/battle/get/74ca2eaf-6de8-46bd-bca7-0f3a61e3a335 > <color=green>200</color>
Unloading 7 Unused Serialized files (Serialized files now loaded: 6)
SyncManager > Watch > 
Abort all requests
[PhysX] Initialized MultithreadedTaskDispatcher with 12 workers.
UnloadTime: 9.004605 ms
Added pool 'particles'
Unloading 1031 unused Assets to reduce memory usage. Loaded Objects now: 58807.
Total: 48.385046 ms (FindLiveObjects: 3.322076 ms CreateObjectMapping: 2.154715 ms MarkObjects: 42.165410 ms  DeleteObjects: 0.742341 ms)

[INFO] Battle Starting: master seed -1108499751, player seed: -1973254449, opponent seed: 234299692
T: 2509.113 - MasterAudio: Polyphony limit of group: Smash exceeded and no playing Variation is usable for Retrigger Limit Mode. Will not play this sound for this instance.
T: 2517.097 - MasterAudio: Polyphony limit of group: Smash exceeded and no playing Variation is usable for Retrigger Limit Mode. Will not play this sound for this instance.
T: 2517.097 - MasterAudio: Polyphony limit of group: Smash exceeded and no playing Variation is usable for Retrigger Limit Mode. Will not play this sound for this instance.
T: 2526.601 - MasterAudio: Polyphony limit of group: Smash exceeded and no playing Variation is usable for Retrigger Limit Mode. Will not play this sound for this instance.
HTTP Request > Get https://api.teamwood.games/0.41/api/user/versus-participations
HTTP Response > Get https://api.teamwood.games/0.41/api/user/versus-participations > <color=green>200</color>
Watch battle for participation 19ccc139-7053-455b-8ef0-a837c9d1b610
Watch battle 74ca2eaf-6de8-46bd-bca7-0f3a61e3a335
HTTP Request > Post https://api.teamwood.games/0.41/api/versus/watch
HTTP Response > Post https://api.teamwood.games/0.41/api/versus/watch > <color=green>200</color>
[INFO] Battle completed, outcome: EnemyWon, masterSeed: -1108499751, end result: 528183092
Unloading 6 Unused Serialized files (Serialized files now loaded: 6)
Abort all requests
[PhysX] Initialized MultithreadedTaskDispatcher with 12 workers.
UnloadTime: 8.374394 ms
Unloading 65 unused Assets to reduce memory usage. Loaded Objects now: 63022.
Total: 55.570818 ms (FindLiveObjects: 4.635714 ms CreateObjectMapping: 2.334779 ms MarkObjects: 48.204334 ms  DeleteObjects: 0.395573 ms)

SyncManager > Watch > 19ccc139-7053-455b-8ef0-a837c9d1b610
HTTP Request > Post https://api.teamwood.games/0.41/api/build/start
HTTP Response > Post https://api.teamwood.games/0.41/api/build/start > <color=green>200</color>
HTTP Request > Post https://api.teamwood.games/0.41/api/build/play-minion
HTTP Response > Post https://api.teamwood.games/0.41/api/build/play-minion > <color=green>200</color>
HTTP Request > Post https://api.teamwood.games/0.41/api/build/play-minion
HTTP Response > Post https://api.teamwood.games/0.41/api/build/play-minion > <color=green>200</color>
HTTP Request > Post https://api.teamwood.games/0.41/api/build/sell
HTTP Response > Post https://api.teamwood.games/0.41/api/build/sell > <color=green>200</color>
HTTP Request > Post https://api.teamwood.games/0.41/api/build/play-minion
HTTP Response > Post https://api.teamwood.games/0.41/api/build/play-minion > <color=green>200</color>
HTTP Request > Post https://api.teamwood.games/0.41/api/build/play-spell
HTTP Response > Post https://api.teamwood.games/0.41/api/build/play-spell > <color=green>200</color>
[WARN] No events for a spell Spacewood.Core.Models.SpellModel, this is normally an error
Spacewood.Scripts.MonoBehaviours.Board.RenderAggregators.<Run>d__0:MoveNext()
Spacewood.Scripts.MonoBehaviours.Board.RenderAggregators.Spell:Run(SkipableStream`1)
Spacewood.Unity.MonoBehaviours.Board.<RenderBoardEventStream>d__17:MoveNext()
Spacewood.Unity.MonoBehaviours.Board.BoardRenderer:RenderBoardEventStream(IEnumerable`1)
Spacewood.Unity.MonoBehaviours.Board.<PlayEvent>d__27:MoveNext()
Spacewood.Unity.MonoBehaviours.Board.BoardController:PlayEvent(IBoardEvent, BoardModel, Int32)
Spacewood.Unity.MonoBehaviours.Build.<ResolveAsync>d__179:MoveNext()
Spacewood.Unity.MonoBehaviours.Build.HangarMain:Resolve(Int32, Nullable`1, IBoardEvent)
Spacewood.Unity.MonoBehaviours.Build.<PlaySpellAsync>d__12:MoveNext()
Cysharp.Threading.Tasks.UniTaskCompletionSourceCore`1:TrySetResult(TResult)
Spacewood.Unity.<PlaySpellAsync>d__84:MoveNext()
Cysharp.Threading.Tasks.UniTaskCompletionSourceCore`1:TrySetResult(TResult)
Spacewood.Unity.<SendAndRetryHttpRequestAsync>d__181`1:MoveNext()
Cysharp.Threading.Tasks.UniTaskCompletionSourceCore`1:TrySetResult(TResult)
Spacewood.Unity.<SendHttpResponseAsync>d__182`1:MoveNext()
System.Threading.Tasks.AwaitTaskContinuation:RunCallback(ContextCallback, Object, Task&)
System.Threading.Tasks.Task:FinishContinuations()
System.Threading.Tasks.Task`1:TrySetResult(TResult)
System.Threading.Tasks.TaskCompletionSource`1:TrySetResult(TResult)
BestHTTP.Core.RequestEventHelper:HandleRequestStateChange(RequestEventInfo)
BestHTTP.Core.RequestEventHelper:ProcessQueue()
BestHTTP.HTTPManager:OnUpdate()
BestHTTP.HTTPUpdateDelegator:CallOnUpdate()

HTTP Request > Post https://api.teamwood.games/0.41/api/build/end
HTTP Response > Post https://api.teamwood.games/0.41/api/build/end > <color=green>200</color>
HTTP Request > Post https://api.teamwood.games/0.41/api/versus/ready
Hub Change Player Count > 19ccc139-7053-455b-8ef0-a837c9d1b610
Handling match update.
Merging models.
HTTP Response > Post https://api.teamwood.games/0.41/api/versus/ready > <color=green>200</color>
Handling match update.
Merging models.
Load battle after ready.
Participation battle has already been watched.
Spacewood.Unity.MonoBehaviours.Build.<ReadyAsync>d__30:MoveNext()
Cysharp.Threading.Tasks.UniTaskCompletionSourceCore`1:TrySetResult(TResult)
Spacewood.Unity.<ReadyRequestAsync>d__4:MoveNext()
Cysharp.Threading.Tasks.UniTaskCompletionSourceCore`1:TrySetResult(TResult)
Spacewood.Unity.<ReadyVersusAsync>d__164:MoveNext()
Cysharp.Threading.Tasks.UniTaskCompletionSourceCore`1:TrySetResult(TResult)
Spacewood.Unity.<SendAndRetryHttpRequestAsync>d__181`1:MoveNext()
Cysharp.Threading.Tasks.UniTaskCompletionSourceCore`1:TrySetResult(TResult)
Spacewood.Unity.<SendHttpResponseAsync>d__182`1:MoveNext()
System.Threading.Tasks.AwaitTaskContinuation:RunCallback(ContextCallback, Object, Task&)
System.Threading.Tasks.Task:FinishContinuations()
System.Threading.Tasks.Task`1:TrySetResult(TResult)
System.Threading.Tasks.TaskCompletionSource`1:TrySetResult(TResult)
BestHTTP.Core.RequestEventHelper:HandleRequestStateChange(RequestEventInfo)
BestHTTP.Core.RequestEventHelper:ProcessQueue()
BestHTTP.HTTPManager:OnUpdate()
BestHTTP.HTTPUpdateDelegator:CallOnUpdate()

Hub Change > 19ccc139-7053-455b-8ef0-a837c9d1b610
Handling match update.
Load battle because new was found.
HTTP Request > Get https://api.teamwood.games/0.41/api/battle/get/37d46c75-453f-425c-9e0e-e76ee3074ac6
HTTP Response > Get https://api.teamwood.games/0.41/api/battle/get/37d46c75-453f-425c-9e0e-e76ee3074ac6 > <color=green>200</color>
Unloading 7 Unused Serialized files (Serialized files now loaded: 6)
SyncManager > Watch > 
Abort all requests
[PhysX] Initialized MultithreadedTaskDispatcher with 12 workers.
UnloadTime: 12.017219 ms
Added pool 'particles'
Unloading 1006 unused Assets to reduce memory usage. Loaded Objects now: 58840.
Total: 46.600991 ms (FindLiveObjects: 3.285756 ms CreateObjectMapping: 2.190084 ms MarkObjects: 40.457794 ms  DeleteObjects: 0.666947 ms)

[INFO] Battle Starting: master seed 1443412612, player seed: -1973254449, opponent seed: 234299692
T: 2601.304 - MasterAudio: Polyphony limit of group: Smash exceeded and no playing Variation is usable for Retrigger Limit Mode. Will not play this sound for this instance.
T: 2607.324 - MasterAudio: Polyphony limit of group: Smash exceeded and no playing Variation is usable for Retrigger Limit Mode. Will not play this sound for this instance.
T: 2612.409 - MasterAudio: Polyphony limit of group: Smash exceeded and no playing Variation is usable for Retrigger Limit Mode. Will not play this sound for this instance.
T: 2616.926 - MasterAudio: Polyphony limit of group: Smash exceeded and no playing Variation is usable for Retrigger Limit Mode. Will not play this sound for this instance.
Watch battle for participation 19ccc139-7053-455b-8ef0-a837c9d1b610
Watch battle 37d46c75-453f-425c-9e0e-e76ee3074ac6
HTTP Request > Post https://api.teamwood.games/0.41/api/versus/watch
HTTP Response > Post https://api.teamwood.games/0.41/api/versus/watch > <color=green>200</color>
[INFO] Battle completed, outcome: PlayerWon, masterSeed: 1443412612, end result: 591952206
Unloading 6 Unused Serialized files (Serialized files now loaded: 6)
Abort all requests
[PhysX] Initialized MultithreadedTaskDispatcher with 12 workers.
UnloadTime: 8.085799 ms
Unloading 63 unused Assets to reduce memory usage. Loaded Objects now: 63039.
Total: 51.754890 ms (FindLiveObjects: 3.532480 ms CreateObjectMapping: 2.131776 ms MarkObjects: 45.646810 ms  DeleteObjects: 0.443389 ms)

SyncManager > Watch > 19ccc139-7053-455b-8ef0-a837c9d1b610
HTTP Request > Post https://api.teamwood.games/0.41/api/build/start
HTTP Response > Post https://api.teamwood.games/0.41/api/build/start > <color=green>200</color>
HTTP Request > Post https://api.teamwood.games/0.41/api/build/play-minion
HTTP Response > Post https://api.teamwood.games/0.41/api/build/play-minion > <color=green>200</color>
HTTP Request > Post https://api.teamwood.games/0.41/api/build/roll
HTTP Response > Post https://api.teamwood.games/0.41/api/build/roll > <color=green>200</color>
HTTP Request > Post https://api.teamwood.games/0.41/api/build/play-minion
HTTP Response > Post https://api.teamwood.games/0.41/api/build/play-minion > <color=green>200</color>
HTTP Request > Post https://api.teamwood.games/0.41/api/build/play-spell
HTTP Response > Post https://api.teamwood.games/0.41/api/build/play-spell > <color=green>200</color>
[WARN] No events for a spell Spacewood.Core.Models.SpellModel, this is normally an error
Spacewood.Scripts.MonoBehaviours.Board.RenderAggregators.<Run>d__0:MoveNext()
Spacewood.Scripts.MonoBehaviours.Board.RenderAggregators.Spell:Run(SkipableStream`1)
Spacewood.Unity.MonoBehaviours.Board.<RenderBoardEventStream>d__17:MoveNext()
Spacewood.Unity.MonoBehaviours.Board.BoardRenderer:RenderBoardEventStream(IEnumerable`1)
Spacewood.Unity.MonoBehaviours.Board.<PlayEvent>d__27:MoveNext()
Spacewood.Unity.MonoBehaviours.Board.BoardController:PlayEvent(IBoardEvent, BoardModel, Int32)
Spacewood.Unity.MonoBehaviours.Build.<ResolveAsync>d__179:MoveNext()
Spacewood.Unity.MonoBehaviours.Build.HangarMain:Resolve(Int32, Nullable`1, IBoardEvent)
Spacewood.Unity.MonoBehaviours.Build.<PlaySpellAsync>d__12:MoveNext()
Cysharp.Threading.Tasks.UniTaskCompletionSourceCore`1:TrySetResult(TResult)
Spacewood.Unity.<PlaySpellAsync>d__84:MoveNext()
Cysharp.Threading.Tasks.UniTaskCompletionSourceCore`1:TrySetResult(TResult)
Spacewood.Unity.<SendAndRetryHttpRequestAsync>d__181`1:MoveNext()
Cysharp.Threading.Tasks.UniTaskCompletionSourceCore`1:TrySetResult(TResult)
Spacewood.Unity.<SendHttpResponseAsync>d__182`1:MoveNext()
System.Threading.Tasks.AwaitTaskContinuation:RunCallback(ContextCallback, Object, Task&)
System.Threading.Tasks.Task:FinishContinuations()
System.Threading.Tasks.Task`1:TrySetResult(TResult)
System.Threading.Tasks.TaskCompletionSource`1:TrySetResult(TResult)
BestHTTP.Core.RequestEventHelper:HandleRequestStateChange(RequestEventInfo)
BestHTTP.Core.RequestEventHelper:ProcessQueue()
BestHTTP.HTTPManager:OnUpdate()
BestHTTP.HTTPUpdateDelegator:CallOnUpdate()

HTTP Request > Post https://api.teamwood.games/0.41/api/build/end
HTTP Response > Post https://api.teamwood.games/0.41/api/build/end > <color=green>200</color>
HTTP Request > Post https://api.teamwood.games/0.41/api/versus/ready
Hub Change Player Count > 19ccc139-7053-455b-8ef0-a837c9d1b610
Handling match update.
Merging models.
HTTP Response > Post https://api.teamwood.games/0.41/api/versus/ready > <color=green>200</color>
Handling match update.
Merging models.
Load battle after ready.
Participation battle has already been watched.
Spacewood.Unity.MonoBehaviours.Build.<ReadyAsync>d__30:MoveNext()
Cysharp.Threading.Tasks.UniTaskCompletionSourceCore`1:TrySetResult(TResult)
Spacewood.Unity.<ReadyRequestAsync>d__4:MoveNext()
Cysharp.Threading.Tasks.UniTaskCompletionSourceCore`1:TrySetResult(TResult)
Spacewood.Unity.<ReadyVersusAsync>d__164:MoveNext()
Cysharp.Threading.Tasks.UniTaskCompletionSourceCore`1:TrySetResult(TResult)
Spacewood.Unity.<SendAndRetryHttpRequestAsync>d__181`1:MoveNext()
Cysharp.Threading.Tasks.UniTaskCompletionSourceCore`1:TrySetResult(TResult)
Spacewood.Unity.<SendHttpResponseAsync>d__182`1:MoveNext()
System.Threading.Tasks.AwaitTaskContinuation:RunCallback(ContextCallback, Object, Task&)
System.Threading.Tasks.Task:FinishContinuations()
System.Threading.Tasks.Task`1:TrySetResult(TResult)
System.Threading.Tasks.TaskCompletionSource`1:TrySetResult(TResult)
BestHTTP.Core.RequestEventHelper:HandleRequestStateChange(RequestEventInfo)
BestHTTP.Core.RequestEventHelper:ProcessQueue()
BestHTTP.HTTPManager:OnUpdate()
BestHTTP.HTTPUpdateDelegator:CallOnUpdate()

HTTP Request > Get https://api.teamwood.games/0.41/api/user/participation/19ccc139-7053-455b-8ef0-a837c9d1b610
HTTP Response > Get https://api.teamwood.games/0.41/api/user/participation/19ccc139-7053-455b-8ef0-a837c9d1b610 > <color=green>200</color>
Handling match update.
Merging models.
HTTP Request > Get https://api.teamwood.games/0.41/api/user/participation/19ccc139-7053-455b-8ef0-a837c9d1b610
HTTP Response > Get https://api.teamwood.games/0.41/api/user/participation/19ccc139-7053-455b-8ef0-a837c9d1b610 > <color=green>200</color>
Handling match update.
Merging models.
HTTP Request > Get https://api.teamwood.games/0.41/api/user/participation/19ccc139-7053-455b-8ef0-a837c9d1b610
HTTP Response > Get https://api.teamwood.games/0.41/api/user/participation/19ccc139-7053-455b-8ef0-a837c9d1b610 > <color=green>200</color>
Handling match update.
Merging models.
HTTP Request > Get https://api.teamwood.games/0.41/api/user/participation/19ccc139-7053-455b-8ef0-a837c9d1b610
HTTP Response > Get https://api.teamwood.games/0.41/api/user/participation/19ccc139-7053-455b-8ef0-a837c9d1b610 > <color=green>200</color>
Handling match update.
Merging models.
Hub Change > 19ccc139-7053-455b-8ef0-a837c9d1b610
Handling match update.
Load battle because new was found.
HTTP Request > Get https://api.teamwood.games/0.41/api/battle/get/794250d8-1212-4581-a668-2f763c7e66ce
HTTP Response > Get https://api.teamwood.games/0.41/api/battle/get/794250d8-1212-4581-a668-2f763c7e66ce > <color=green>200</color>
Unloading 7 Unused Serialized files (Serialized files now loaded: 6)
SyncManager > Watch > 
Abort all requests
[PhysX] Initialized MultithreadedTaskDispatcher with 12 workers.
UnloadTime: 10.598319 ms
Added pool 'particles'
Unloading 1006 unused Assets to reduce memory usage. Loaded Objects now: 58840.
Total: 44.256914 ms (FindLiveObjects: 3.360449 ms CreateObjectMapping: 2.117927 ms MarkObjects: 37.922041 ms  DeleteObjects: 0.856034 ms)

[INFO] Battle Starting: master seed 815087596, player seed: -1973254449, opponent seed: 234299692
T: 2703.53 - MasterAudio: Polyphony limit of group: Smash exceeded and no playing Variation is usable for Retrigger Limit Mode. Will not play this sound for this instance.
T: 2713.667 - MasterAudio: Polyphony limit of group: Smash exceeded and no playing Variation is usable for Retrigger Limit Mode. Will not play this sound for this instance.
T: 2723.62 - MasterAudio: Polyphony limit of group: Smash exceeded and no playing Variation is usable for Retrigger Limit Mode. Will not play this sound for this instance.
Watch battle for participation 19ccc139-7053-455b-8ef0-a837c9d1b610
Watch battle 794250d8-1212-4581-a668-2f763c7e66ce
HTTP Request > Post https://api.teamwood.games/0.41/api/versus/watch
HTTP Response > Post https://api.teamwood.games/0.41/api/versus/watch > <color=green>200</color>
[INFO] Battle completed, outcome: EnemyWon, masterSeed: 815087596, end result: -774725580
Unloading 6 Unused Serialized files (Serialized files now loaded: 6)
Abort all requests
[PhysX] Initialized MultithreadedTaskDispatcher with 12 workers.
UnloadTime: 7.919073 ms
Unloading 61 unused Assets to reduce memory usage. Loaded Objects now: 63038.
Total: 55.724358 ms (FindLiveObjects: 3.526061 ms CreateObjectMapping: 2.300456 ms MarkObjects: 49.402299 ms  DeleteObjects: 0.495043 ms)

SyncManager > Watch > 19ccc139-7053-455b-8ef0-a837c9d1b610
HTTP Request > Post https://api.teamwood.games/0.41/api/build/start
HTTP Response > Post https://api.teamwood.games/0.41/api/build/start > <color=green>200</color>
HTTP Request > Post https://api.teamwood.games/0.41/api/build/roll
HTTP Response > Post https://api.teamwood.games/0.41/api/build/roll > <color=green>200</color>
HTTP Request > Post https://api.teamwood.games/0.41/api/build/roll
HTTP Response > Post https://api.teamwood.games/0.41/api/build/roll > <color=green>200</color>
HTTP Request > Post https://api.teamwood.games/0.41/api/build/play-minion
HTTP Response > Post https://api.teamwood.games/0.41/api/build/play-minion > <color=green>200</color>
HTTP Request > Post https://api.teamwood.games/0.41/api/build/sell
HTTP Response > Post https://api.teamwood.games/0.41/api/build/sell > <color=green>200</color>
HTTP Request > Post https://api.teamwood.games/0.41/api/build/play-minion
HTTP Response > Post https://api.teamwood.games/0.41/api/build/play-minion > <color=green>200</color>
HTTP Request > Post https://api.teamwood.games/0.41/api/build/play-spell
HTTP Response > Post https://api.teamwood.games/0.41/api/build/play-spell > <color=green>200</color>
HTTP Request > Post https://api.teamwood.games/0.41/api/build/roll
HTTP Response > Post https://api.teamwood.games/0.41/api/build/roll > <color=green>200</color>
Hub Change Player Count > 19ccc139-7053-455b-8ef0-a837c9d1b610
Handling match update.
Merging models.
HTTP Request > Post https://api.teamwood.games/0.41/api/build/end
HTTP Response > Post https://api.teamwood.games/0.41/api/build/end > <color=green>200</color>
HTTP Request > Post https://api.teamwood.games/0.41/api/versus/ready
HTTP Response > Post https://api.teamwood.games/0.41/api/versus/ready > <color=green>200</color>
Handling match update.
Load battle because new was found.
Load battle after ready.
Loading battle was blocked.
Hub Change > 19ccc139-7053-455b-8ef0-a837c9d1b610
Handling match update.
Load battle because new was found.
Loading battle was blocked.
HTTP Request > Get https://api.teamwood.games/0.41/api/battle/get/ff5ddaa1-5941-4422-8153-e11ef0a2af22
HTTP Response > Get https://api.teamwood.games/0.41/api/battle/get/ff5ddaa1-5941-4422-8153-e11ef0a2af22 > <color=green>200</color>
Unloading 7 Unused Serialized files (Serialized files now loaded: 6)
SyncManager > Watch > 
Abort all requests
[PhysX] Initialized MultithreadedTaskDispatcher with 12 workers.
UnloadTime: 10.196674 ms
Added pool 'particles'
Unloading 1049 unused Assets to reduce memory usage. Loaded Objects now: 58840.
Total: 53.894349 ms (FindLiveObjects: 3.357444 ms CreateObjectMapping: 3.254502 ms MarkObjects: 45.502444 ms  DeleteObjects: 1.778895 ms)

[INFO] Battle Starting: master seed -1849624621, player seed: -1973254449, opponent seed: 234299692
T: 2807.616 - MasterAudio: Polyphony limit of group: Smash exceeded and no playing Variation is usable for Retrigger Limit Mode. Will not play this sound for this instance.
T: 2823.535 - MasterAudio: Polyphony limit of group: Smash exceeded and no playing Variation is usable for Retrigger Limit Mode. Will not play this sound for this instance.
Watch battle for participation 19ccc139-7053-455b-8ef0-a837c9d1b610
Watch battle ff5ddaa1-5941-4422-8153-e11ef0a2af22
HTTP Request > Post https://api.teamwood.games/0.41/api/versus/watch
HTTP Response > Post https://api.teamwood.games/0.41/api/versus/watch > <color=green>200</color>
[INFO] Battle completed, outcome: EnemyWon, masterSeed: -1849624621, end result: -1870626206
Unloading 6 Unused Serialized files (Serialized files now loaded: 6)
Abort all requests
[PhysX] Initialized MultithreadedTaskDispatcher with 12 workers.
UnloadTime: 7.963509 ms
Unloading 61 unused Assets to reduce memory usage. Loaded Objects now: 63038.
Total: 57.820647 ms (FindLiveObjects: 3.495919 ms CreateObjectMapping: 2.168992 ms MarkObjects: 51.766196 ms  DeleteObjects: 0.389123 ms)

SyncManager > Watch > 19ccc139-7053-455b-8ef0-a837c9d1b610
HTTP Request > Post https://api.teamwood.games/0.41/api/build/start
HTTP Response > Post https://api.teamwood.games/0.41/api/build/start > <color=green>200</color>
HTTP Request > Post https://api.teamwood.games/0.41/api/build/play-minion
HTTP Response > Post https://api.teamwood.games/0.41/api/build/play-minion > <color=green>200</color>
HTTP Request > Post https://api.teamwood.games/0.41/api/build/play-minion
HTTP Response > Post https://api.teamwood.games/0.41/api/build/play-minion > <color=green>200</color>
HTTP Request > Post https://api.teamwood.games/0.41/api/build/sell
HTTP Response > Post https://api.teamwood.games/0.41/api/build/sell > <color=green>200</color>
HTTP Request > Post https://api.teamwood.games/0.41/api/build/play-minion
HTTP Response > Post https://api.teamwood.games/0.41/api/build/play-minion > <color=green>200</color>
HTTP Request > Post https://api.teamwood.games/0.41/api/build/sell
HTTP Response > Post https://api.teamwood.games/0.41/api/build/sell > <color=green>200</color>
Hub Change Player Count > 19ccc139-7053-455b-8ef0-a837c9d1b610
Handling match update.
Merging models.
HTTP Request > Post https://api.teamwood.games/0.41/api/build/play-minion
HTTP Response > Post https://api.teamwood.games/0.41/api/build/play-minion > <color=green>200</color>
HTTP Request > Post https://api.teamwood.games/0.41/api/build/roll
HTTP Response > Post https://api.teamwood.games/0.41/api/build/roll > <color=green>200</color>
HTTP Request > Post https://api.teamwood.games/0.41/api/build/end
HTTP Response > Post https://api.teamwood.games/0.41/api/build/end > <color=green>200</color>
HTTP Request > Post https://api.teamwood.games/0.41/api/versus/ready
Hub Change > 19ccc139-7053-455b-8ef0-a837c9d1b610
Handling match update.
Load battle because new was found.
HTTP Response > Post https://api.teamwood.games/0.41/api/versus/ready > <color=green>200</color>
Handling match update.
Load battle because new was found.
Loading battle was blocked.
Load battle after ready.
Loading battle was blocked.
HTTP Request > Get https://api.teamwood.games/0.41/api/battle/get/ac34bbb9-ca5c-45ac-a5ec-de13c931637b
HTTP Response > Get https://api.teamwood.games/0.41/api/battle/get/ac34bbb9-ca5c-45ac-a5ec-de13c931637b > <color=green>200</color>
Unloading 7 Unused Serialized files (Serialized files now loaded: 6)
SyncManager > Watch > 
Abort all requests
[PhysX] Initialized MultithreadedTaskDispatcher with 12 workers.
UnloadTime: 9.445225 ms
Added pool 'particles'
Unloading 1028 unused Assets to reduce memory usage. Loaded Objects now: 58840.
Total: 54.940946 ms (FindLiveObjects: 4.197566 ms CreateObjectMapping: 2.301146 ms MarkObjects: 47.722671 ms  DeleteObjects: 0.719119 ms)

[INFO] Battle Starting: master seed -365104683, player seed: -1973254449, opponent seed: 234299692
T: 2916.955 - MasterAudio: Polyphony limit of group: Smash exceeded and no playing Variation is usable for Retrigger Limit Mode. Will not play this sound for this instance.
T: 2921.773 - MasterAudio: Polyphony limit of group: Smash exceeded and no playing Variation is usable for Retrigger Limit Mode. Will not play this sound for this instance.
T: 2928.141 - MasterAudio: Polyphony limit of group: Smash exceeded and no playing Variation is usable for Retrigger Limit Mode. Will not play this sound for this instance.
T: 2937.896 - MasterAudio: Polyphony limit of group: Smash exceeded and no playing Variation is usable for Retrigger Limit Mode. Will not play this sound for this instance.
T: 2944.714 - MasterAudio: Polyphony limit of group: Smash exceeded and no playing Variation is usable for Retrigger Limit Mode. Will not play this sound for this instance.
T: 2944.714 - MasterAudio: Polyphony limit of group: Smash exceeded and no playing Variation is usable for Retrigger Limit Mode. Will not play this sound for this instance.
Watch battle for participation 19ccc139-7053-455b-8ef0-a837c9d1b610
Watch battle ac34bbb9-ca5c-45ac-a5ec-de13c931637b
HTTP Request > Post https://api.teamwood.games/0.41/api/versus/watch
HTTP Response > Post https://api.teamwood.games/0.41/api/versus/watch > <color=green>200</color>
[INFO] Battle completed, outcome: Draw, masterSeed: -365104683, end result: 1470796673
Unloading 6 Unused Serialized files (Serialized files now loaded: 6)
Abort all requests
[PhysX] Initialized MultithreadedTaskDispatcher with 12 workers.
UnloadTime: 7.110314 ms
Unloading 63 unused Assets to reduce memory usage. Loaded Objects now: 63039.
Total: 50.783255 ms (FindLiveObjects: 3.443311 ms CreateObjectMapping: 2.119527 ms MarkObjects: 44.772434 ms  DeleteObjects: 0.447496 ms)

SyncManager > Watch > 19ccc139-7053-455b-8ef0-a837c9d1b610
HTTP Request > Post https://api.teamwood.games/0.41/api/build/start
HTTP Response > Post https://api.teamwood.games/0.41/api/build/start > <color=green>200</color>
HTTP Request > Post https://api.teamwood.games/0.41/api/build/play-minion
HTTP Response > Post https://api.teamwood.games/0.41/api/build/play-minion > <color=green>200</color>
HTTP Request > Post https://api.teamwood.games/0.41/api/build/roll
HTTP Response > Post https://api.teamwood.games/0.41/api/build/roll > <color=green>200</color>
HTTP Request > Post https://api.teamwood.games/0.41/api/build/roll
HTTP Response > Post https://api.teamwood.games/0.41/api/build/roll > <color=green>200</color>
HTTP Request > Post https://api.teamwood.games/0.41/api/build/play-spell
HTTP Response > Post https://api.teamwood.games/0.41/api/build/play-spell > <color=green>200</color>
HTTP Request > Post https://api.teamwood.games/0.41/api/build/roll
HTTP Response > Post https://api.teamwood.games/0.41/api/build/roll > <color=green>200</color>
HTTP Request > Post https://api.teamwood.games/0.41/api/build/roll
HTTP Response > Post https://api.teamwood.games/0.41/api/build/roll > <color=green>200</color>
HTTP Request > Post https://api.teamwood.games/0.41/api/build/end
HTTP Response > Post https://api.teamwood.games/0.41/api/build/end > <color=green>200</color>
HTTP Request > Post https://api.teamwood.games/0.41/api/versus/ready
Hub Change Player Count > 19ccc139-7053-455b-8ef0-a837c9d1b610
Handling match update.
Merging models.
HTTP Response > Post https://api.teamwood.games/0.41/api/versus/ready > <color=green>200</color>
Handling match update.
Merging models.
Load battle after ready.
Participation battle has already been watched.
Spacewood.Unity.MonoBehaviours.Build.<ReadyAsync>d__30:MoveNext()
Cysharp.Threading.Tasks.UniTaskCompletionSourceCore`1:TrySetResult(TResult)
Spacewood.Unity.<ReadyRequestAsync>d__4:MoveNext()
Cysharp.Threading.Tasks.UniTaskCompletionSourceCore`1:TrySetResult(TResult)
Spacewood.Unity.<ReadyVersusAsync>d__164:MoveNext()
Cysharp.Threading.Tasks.UniTaskCompletionSourceCore`1:TrySetResult(TResult)
Spacewood.Unity.<SendAndRetryHttpRequestAsync>d__181`1:MoveNext()
Cysharp.Threading.Tasks.UniTaskCompletionSourceCore`1:TrySetResult(TResult)
Spacewood.Unity.<SendHttpResponseAsync>d__182`1:MoveNext()
System.Threading.Tasks.AwaitTaskContinuation:RunCallback(ContextCallback, Object, Task&)
System.Threading.Tasks.Task:FinishContinuations()
System.Threading.Tasks.Task`1:TrySetResult(TResult)
System.Threading.Tasks.TaskCompletionSource`1:TrySetResult(TResult)
BestHTTP.Core.RequestEventHelper:HandleRequestStateChange(RequestEventInfo)
BestHTTP.Core.RequestEventHelper:ProcessQueue()
BestHTTP.HTTPManager:OnUpdate()
BestHTTP.HTTPUpdateDelegator:CallOnUpdate()

HTTP Request > Get https://api.teamwood.games/0.41/api/user/participation/19ccc139-7053-455b-8ef0-a837c9d1b610
HTTP Response > Get https://api.teamwood.games/0.41/api/user/participation/19ccc139-7053-455b-8ef0-a837c9d1b610 > <color=green>200</color>
Handling match update.
Merging models.
HTTP Request > Get https://api.teamwood.games/0.41/api/user/participation/19ccc139-7053-455b-8ef0-a837c9d1b610
HTTP Response > Get https://api.teamwood.games/0.41/api/user/participation/19ccc139-7053-455b-8ef0-a837c9d1b610 > <color=green>200</color>
Handling match update.
Merging models.
HTTP Request > Get https://api.teamwood.games/0.41/api/user/participation/19ccc139-7053-455b-8ef0-a837c9d1b610
HTTP Response > Get https://api.teamwood.games/0.41/api/user/participation/19ccc139-7053-455b-8ef0-a837c9d1b610 > <color=green>200</color>
Handling match update.
Merging models.
Hub Change > 19ccc139-7053-455b-8ef0-a837c9d1b610
Handling match update.
Load battle because new was found.
HTTP Request > Get https://api.teamwood.games/0.41/api/battle/get/0ae410a4-bb6f-4c8f-a894-7ad54f9bdd4d
HTTP Response > Get https://api.teamwood.games/0.41/api/battle/get/0ae410a4-bb6f-4c8f-a894-7ad54f9bdd4d > <color=green>200</color>
Unloading 7 Unused Serialized files (Serialized files now loaded: 6)
SyncManager > Watch > 
Abort all requests
[PhysX] Initialized MultithreadedTaskDispatcher with 12 workers.
UnloadTime: 10.422740 ms
Added pool 'particles'
Unloading 1065 unused Assets to reduce memory usage. Loaded Objects now: 58840.
Total: 49.113476 ms (FindLiveObjects: 3.415759 ms CreateObjectMapping: 2.103993 ms MarkObjects: 42.617515 ms  DeleteObjects: 0.975729 ms)

[INFO] Battle Starting: master seed 20375517, player seed: -1973254449, opponent seed: 234299692
T: 3039.686 - MasterAudio: Polyphony limit of group: Smash exceeded and no playing Variation is usable for Retrigger Limit Mode. Will not play this sound for this instance.
T: 3046.289 - MasterAudio: Polyphony limit of group: Smash exceeded and no playing Variation is usable for Retrigger Limit Mode. Will not play this sound for this instance.
T: 3054.759 - MasterAudio: Polyphony limit of group: Smash exceeded and no playing Variation is usable for Retrigger Limit Mode. Will not play this sound for this instance.
Watch battle for participation 19ccc139-7053-455b-8ef0-a837c9d1b610
Watch battle 0ae410a4-bb6f-4c8f-a894-7ad54f9bdd4d
HTTP Request > Post https://api.teamwood.games/0.41/api/versus/watch
HTTP Response > Post https://api.teamwood.games/0.41/api/versus/watch > <color=green>200</color>
[INFO] Battle completed, outcome: PlayerWon, masterSeed: 20375517, end result: 882507448
Unloading 6 Unused Serialized files (Serialized files now loaded: 6)
Abort all requests
[PhysX] Initialized MultithreadedTaskDispatcher with 12 workers.
UnloadTime: 7.871680 ms
Unloading 63 unused Assets to reduce memory usage. Loaded Objects now: 63039.
Total: 60.007287 ms (FindLiveObjects: 3.521388 ms CreateObjectMapping: 2.120419 ms MarkObjects: 53.318415 ms  DeleteObjects: 1.046323 ms)

SyncManager > Watch > 19ccc139-7053-455b-8ef0-a837c9d1b610
HTTP Request > Post https://api.teamwood.games/0.41/api/build/start
HTTP Response > Post https://api.teamwood.games/0.41/api/build/start > <color=green>200</color>
HTTP Request > Post https://api.teamwood.games/0.41/api/build/play-minion
HTTP Response > Post https://api.teamwood.games/0.41/api/build/play-minion > <color=green>200</color>
HTTP Request > Post https://api.teamwood.games/0.41/api/build/sell
HTTP Response > Post https://api.teamwood.games/0.41/api/build/sell > <color=green>200</color>
HTTP Request > Post https://api.teamwood.games/0.41/api/build/play-minion
HTTP Response > Post https://api.teamwood.games/0.41/api/build/play-minion > <color=green>200</color>
HTTP Request > Post https://api.teamwood.games/0.41/api/build/roll
HTTP Response > Post https://api.teamwood.games/0.41/api/build/roll > <color=green>200</color>
HTTP Request > Post https://api.teamwood.games/0.41/api/build/play-spell
HTTP Response > Post https://api.teamwood.games/0.41/api/build/play-spell > <color=green>200</color>
HTTP Request > Post https://api.teamwood.games/0.41/api/build/roll
HTTP Response > Post https://api.teamwood.games/0.41/api/build/roll > <color=green>200</color>
HTTP Request > Post https://api.teamwood.games/0.41/api/build/end
HTTP Response > Post https://api.teamwood.games/0.41/api/build/end > <color=green>200</color>
HTTP Request > Post https://api.teamwood.games/0.41/api/versus/ready
Hub Change Player Count > 19ccc139-7053-455b-8ef0-a837c9d1b610
Handling match update.
Merging models.
HTTP Response > Post https://api.teamwood.games/0.41/api/versus/ready > <color=green>200</color>
Handling match update.
Merging models.
Load battle after ready.
Participation battle has already been watched.
Spacewood.Unity.MonoBehaviours.Build.<ReadyAsync>d__30:MoveNext()
Cysharp.Threading.Tasks.UniTaskCompletionSourceCore`1:TrySetResult(TResult)
Spacewood.Unity.<ReadyRequestAsync>d__4:MoveNext()
Cysharp.Threading.Tasks.UniTaskCompletionSourceCore`1:TrySetResult(TResult)
Spacewood.Unity.<ReadyVersusAsync>d__164:MoveNext()
Cysharp.Threading.Tasks.UniTaskCompletionSourceCore`1:TrySetResult(TResult)
Spacewood.Unity.<SendAndRetryHttpRequestAsync>d__181`1:MoveNext()
Cysharp.Threading.Tasks.UniTaskCompletionSourceCore`1:TrySetResult(TResult)
Spacewood.Unity.<SendHttpResponseAsync>d__182`1:MoveNext()
System.Threading.Tasks.AwaitTaskContinuation:RunCallback(ContextCallback, Object, Task&)
System.Threading.Tasks.Task:FinishContinuations()
System.Threading.Tasks.Task`1:TrySetResult(TResult)
System.Threading.Tasks.TaskCompletionSource`1:TrySetResult(TResult)
BestHTTP.Core.RequestEventHelper:HandleRequestStateChange(RequestEventInfo)
BestHTTP.Core.RequestEventHelper:ProcessQueue()
BestHTTP.HTTPManager:OnUpdate()
BestHTTP.HTTPUpdateDelegator:CallOnUpdate()

HTTP Request > Get https://api.teamwood.games/0.41/api/user/participation/19ccc139-7053-455b-8ef0-a837c9d1b610
HTTP Response > Get https://api.teamwood.games/0.41/api/user/participation/19ccc139-7053-455b-8ef0-a837c9d1b610 > <color=green>200</color>
Handling match update.
Merging models.
HTTP Request > Get https://api.teamwood.games/0.41/api/user/participation/19ccc139-7053-455b-8ef0-a837c9d1b610
HTTP Response > Get https://api.teamwood.games/0.41/api/user/participation/19ccc139-7053-455b-8ef0-a837c9d1b610 > <color=green>200</color>
Handling match update.
Merging models.
HTTP Request > Get https://api.teamwood.games/0.41/api/user/participation/19ccc139-7053-455b-8ef0-a837c9d1b610
HTTP Response > Get https://api.teamwood.games/0.41/api/user/participation/19ccc139-7053-455b-8ef0-a837c9d1b610 > <color=green>200</color>
Handling match update.
Merging models.
Hub Change > 19ccc139-7053-455b-8ef0-a837c9d1b610
Handling match update.
Load battle because new was found.
HTTP Request > Get https://api.teamwood.games/0.41/api/battle/get/0dd82410-ab43-4129-bfb0-1a74ba2d7197
HTTP Response > Get https://api.teamwood.games/0.41/api/battle/get/0dd82410-ab43-4129-bfb0-1a74ba2d7197 > <color=green>200</color>
Unloading 7 Unused Serialized files (Serialized files now loaded: 6)
SyncManager > Watch > 
Abort all requests
[PhysX] Initialized MultithreadedTaskDispatcher with 12 workers.
UnloadTime: 9.376708 ms
Added pool 'particles'
Unloading 1036 unused Assets to reduce memory usage. Loaded Objects now: 58840.
Total: 45.010430 ms (FindLiveObjects: 3.432580 ms CreateObjectMapping: 2.071027 ms MarkObjects: 38.721358 ms  DeleteObjects: 0.785059 ms)

HTTP Request > Get https://api.teamwood.games/0.41/api/user/versus-participations
HTTP Response > Get https://api.teamwood.games/0.41/api/user/versus-participations > <color=green>200</color>
[INFO] Battle Starting: master seed 1119157833, player seed: -1973254449, opponent seed: 234299692
T: 3150.184 - MasterAudio: Polyphony limit of group: Smash exceeded and no playing Variation is usable for Retrigger Limit Mode. Will not play this sound for this instance.
Watch battle for participation 19ccc139-7053-455b-8ef0-a837c9d1b610
Watch battle 0dd82410-ab43-4129-bfb0-1a74ba2d7197
HTTP Request > Post https://api.teamwood.games/0.41/api/versus/watch
HTTP Response > Post https://api.teamwood.games/0.41/api/versus/watch > <color=green>200</color>
Hub Stop
[INFO] Battle completed, outcome: PlayerWon, masterSeed: 1119157833, end result: -2046783838
Hub Closed
Unloading 5 Unused Serialized files (Serialized files now loaded: 6)
Abort all requests
[PhysX] Initialized MultithreadedTaskDispatcher with 12 workers.
UnloadTime: 8.902589 ms
Unloading 82 unused Assets to reduce memory usage. Loaded Objects now: 85528.
Total: 59.312215 ms (FindLiveObjects: 4.980811 ms CreateObjectMapping: 2.376556 ms MarkObjects: 51.440137 ms  DeleteObjects: 0.513852 ms)

Menu > Start
HTTP Request > Post https://api.teamwood.games/0.41/api/versus/create-skirmish
HTTP Response > Post https://api.teamwood.games/0.41/api/versus/create-skirmish > <color=green>200</color>
Hub Start
SyncManager > Watch > 9f308f24-5999-4ed1-ac88-3e9d1fa71008
Hub Connected
Hub Started
HTTP Request > Get https://api.teamwood.games/0.41/api/user/participation/9f308f24-5999-4ed1-ac88-3e9d1fa71008
HTTP Response > Get https://api.teamwood.games/0.41/api/user/participation/9f308f24-5999-4ed1-ac88-3e9d1fa71008 > <color=green>200</color>
HTTP Request > Post https://api.teamwood.games/0.41/api/versus/start-skirmish
Hub Change > 9f308f24-5999-4ed1-ac88-3e9d1fa71008
Unloading 6 Unused Serialized files (Serialized files now loaded: 6)
Abort all requests
[PhysX] Initialized MultithreadedTaskDispatcher with 12 workers.
UnloadTime: 21.456345 ms
Unloading 102 unused Assets to reduce memory usage. Loaded Objects now: 63134.
Total: 55.865462 ms (FindLiveObjects: 3.625607 ms CreateObjectMapping: 2.239237 ms MarkObjects: 49.793623 ms  DeleteObjects: 0.206584 ms)

SyncManager > Watch > 9f308f24-5999-4ed1-ac88-3e9d1fa71008
HTTP Response > Post https://api.teamwood.games/0.41/api/versus/start-skirmish > <color=green>200</color>
Handling match update.
Merging models.
HTTP Request > Post https://api.teamwood.games/0.41/api/build/start
HTTP Response > Post https://api.teamwood.games/0.41/api/build/start > <color=green>200</color>
HTTP Request > Post https://api.teamwood.games/0.41/api/build/play-minion
HTTP Response > Post https://api.teamwood.games/0.41/api/build/play-minion > <color=green>200</color>
HTTP Request > Post https://api.teamwood.games/0.41/api/build/play-minion
HTTP Response > Post https://api.teamwood.games/0.41/api/build/play-minion > <color=green>200</color>
HTTP Request > Post https://api.teamwood.games/0.41/api/build/roll
HTTP Response > Post https://api.teamwood.games/0.41/api/build/roll > <color=green>200</color>
HTTP Request > Post https://api.teamwood.games/0.41/api/build/play-minion
HTTP Response > Post https://api.teamwood.games/0.41/api/build/play-minion > <color=green>200</color>
HTTP Request > Post https://api.teamwood.games/0.41/api/build/end
HTTP Response > Post https://api.teamwood.games/0.41/api/build/end > <color=green>200</color>
HTTP Request > Post https://api.teamwood.games/0.41/api/build/name
HTTP Response > Post https://api.teamwood.games/0.41/api/build/name > <color=green>200</color>
HTTP Request > Post https://api.teamwood.games/0.41/api/versus/ready
Hub Change Player Count > 9f308f24-5999-4ed1-ac88-3e9d1fa71008
Handling match update.
Merging models.
HTTP Response > Post https://api.teamwood.games/0.41/api/versus/ready > <color=green>200</color>
Handling match update.
Merging models.
Load battle after ready.
Participation battle id was null.
Spacewood.Unity.MonoBehaviours.Build.<ReadyAsync>d__30:MoveNext()
Cysharp.Threading.Tasks.UniTaskCompletionSourceCore`1:TrySetResult(TResult)
Spacewood.Unity.<ReadyRequestAsync>d__4:MoveNext()
Cysharp.Threading.Tasks.UniTaskCompletionSourceCore`1:TrySetResult(TResult)
Spacewood.Unity.<ReadyVersusAsync>d__164:MoveNext()
Cysharp.Threading.Tasks.UniTaskCompletionSourceCore`1:TrySetResult(TResult)
Spacewood.Unity.<SendAndRetryHttpRequestAsync>d__181`1:MoveNext()
Cysharp.Threading.Tasks.UniTaskCompletionSourceCore`1:TrySetResult(TResult)
Spacewood.Unity.<SendHttpResponseAsync>d__182`1:MoveNext()
System.Threading.Tasks.AwaitTaskContinuation:RunCallback(ContextCallback, Object, Task&)
System.Threading.Tasks.Task:FinishContinuations()
System.Threading.Tasks.Task`1:TrySetResult(TResult)
System.Threading.Tasks.TaskCompletionSource`1:TrySetResult(TResult)
BestHTTP.Core.RequestEventHelper:HandleRequestStateChange(RequestEventInfo)
BestHTTP.Core.RequestEventHelper:ProcessQueue()
BestHTTP.HTTPManager:OnUpdate()
BestHTTP.HTTPUpdateDelegator:CallOnUpdate()

HTTP Request > Get https://api.teamwood.games/0.41/api/user/participation/9f308f24-5999-4ed1-ac88-3e9d1fa71008
HTTP Response > Get https://api.teamwood.games/0.41/api/user/participation/9f308f24-5999-4ed1-ac88-3e9d1fa71008 > <color=green>200</color>
Handling match update.
Merging models.
HTTP Request > Get https://api.teamwood.games/0.41/api/user/participation/9f308f24-5999-4ed1-ac88-3e9d1fa71008
HTTP Response > Get https://api.teamwood.games/0.41/api/user/participation/9f308f24-5999-4ed1-ac88-3e9d1fa71008 > <color=green>200</color>
Handling match update.
Merging models.
Hub Change > 9f308f24-5999-4ed1-ac88-3e9d1fa71008
Handling match update.
Load battle because new was found.
HTTP Request > Get https://api.teamwood.games/0.41/api/battle/get/608a937d-3c15-464b-94b9-780f24601eff
HTTP Response > Get https://api.teamwood.games/0.41/api/battle/get/608a937d-3c15-464b-94b9-780f24601eff > <color=green>200</color>
Unloading 7 Unused Serialized files (Serialized files now loaded: 6)
SyncManager > Watch > 
Abort all requests
[PhysX] Initialized MultithreadedTaskDispatcher with 12 workers.
UnloadTime: 9.314572 ms
Added pool 'particles'
Unloading 979 unused Assets to reduce memory usage. Loaded Objects now: 58932.
Total: 49.322722 ms (FindLiveObjects: 3.663578 ms CreateObjectMapping: 2.113029 ms MarkObjects: 42.801254 ms  DeleteObjects: 0.744472 ms)

[INFO] Battle Starting: master seed -2013532392, player seed: -1973254449, opponent seed: 234299692
T: 3277.671 - MasterAudio: Polyphony limit of group: Smash exceeded and no playing Variation is usable for Retrigger Limit Mode. Will not play this sound for this instance.
T: 3281.324 - MasterAudio: Polyphony limit of group: Smash exceeded and no playing Variation is usable for Retrigger Limit Mode. Will not play this sound for this instance.
Watch battle for participation 9f308f24-5999-4ed1-ac88-3e9d1fa71008
Watch battle 608a937d-3c15-464b-94b9-780f24601eff
HTTP Request > Post https://api.teamwood.games/0.41/api/versus/watch
HTTP Response > Post https://api.teamwood.games/0.41/api/versus/watch > <color=green>200</color>
[INFO] Battle completed, outcome: Draw, masterSeed: -2013532392, end result: 1699682723
Unloading 6 Unused Serialized files (Serialized files now loaded: 6)
Abort all requests
[PhysX] Initialized MultithreadedTaskDispatcher with 12 workers.
UnloadTime: 5.955357 ms
Unloading 49 unused Assets to reduce memory usage. Loaded Objects now: 63124.
Total: 53.968391 ms (FindLiveObjects: 3.723828 ms CreateObjectMapping: 2.845876 ms MarkObjects: 46.853442 ms  DeleteObjects: 0.544527 ms)

SyncManager > Watch > 9f308f24-5999-4ed1-ac88-3e9d1fa71008
HTTP Request > Post https://api.teamwood.games/0.41/api/build/start
HTTP Response > Post https://api.teamwood.games/0.41/api/build/start > <color=green>200</color>
HTTP Request > Post https://api.teamwood.games/0.41/api/build/roll
HTTP Response > Post https://api.teamwood.games/0.41/api/build/roll > <color=green>200</color>
HTTP Request > Post https://api.teamwood.games/0.41/api/build/play-minion
HTTP Response > Post https://api.teamwood.games/0.41/api/build/play-minion > <color=green>200</color>
HTTP Request > Post https://api.teamwood.games/0.41/api/build/roll
HTTP Response > Post https://api.teamwood.games/0.41/api/build/roll > <color=green>200</color>
HTTP Request > Post https://api.teamwood.games/0.41/api/build/play-minion
HTTP Response > Post https://api.teamwood.games/0.41/api/build/play-minion > <color=green>200</color>
HTTP Request > Post https://api.teamwood.games/0.41/api/build/roll
HTTP Response > Post https://api.teamwood.games/0.41/api/build/roll > <color=green>200</color>
HTTP Request > Post https://api.teamwood.games/0.41/api/build/roll
HTTP Response > Post https://api.teamwood.games/0.41/api/build/roll > <color=green>200</color>
HTTP Request > Post https://api.teamwood.games/0.41/api/build/end
HTTP Response > Post https://api.teamwood.games/0.41/api/build/end > <color=green>200</color>
HTTP Request > Post https://api.teamwood.games/0.41/api/versus/ready
Hub Change Player Count > 9f308f24-5999-4ed1-ac88-3e9d1fa71008
Handling match update.
Merging models.
HTTP Response > Post https://api.teamwood.games/0.41/api/versus/ready > <color=green>200</color>
Handling match update.
Merging models.
Load battle after ready.
Participation battle has already been watched.
Spacewood.Unity.MonoBehaviours.Build.<ReadyAsync>d__30:MoveNext()
Cysharp.Threading.Tasks.UniTaskCompletionSourceCore`1:TrySetResult(TResult)
Spacewood.Unity.<ReadyRequestAsync>d__4:MoveNext()
Cysharp.Threading.Tasks.UniTaskCompletionSourceCore`1:TrySetResult(TResult)
Spacewood.Unity.<ReadyVersusAsync>d__164:MoveNext()
Cysharp.Threading.Tasks.UniTaskCompletionSourceCore`1:TrySetResult(TResult)
Spacewood.Unity.<SendAndRetryHttpRequestAsync>d__181`1:MoveNext()
Cysharp.Threading.Tasks.UniTaskCompletionSourceCore`1:TrySetResult(TResult)
Spacewood.Unity.<SendHttpResponseAsync>d__182`1:MoveNext()
System.Threading.Tasks.AwaitTaskContinuation:RunCallback(ContextCallback, Object, Task&)
System.Threading.Tasks.Task:FinishContinuations()
System.Threading.Tasks.Task`1:TrySetResult(TResult)
System.Threading.Tasks.TaskCompletionSource`1:TrySetResult(TResult)
BestHTTP.Core.RequestEventHelper:HandleRequestStateChange(RequestEventInfo)
BestHTTP.Core.RequestEventHelper:ProcessQueue()
BestHTTP.HTTPManager:OnUpdate()
BestHTTP.HTTPUpdateDelegator:CallOnUpdate()

HTTP Request > Get https://api.teamwood.games/0.41/api/user/participation/9f308f24-5999-4ed1-ac88-3e9d1fa71008
HTTP Response > Get https://api.teamwood.games/0.41/api/user/participation/9f308f24-5999-4ed1-ac88-3e9d1fa71008 > <color=green>200</color>
Handling match update.
Merging models.
HTTP Request > Get https://api.teamwood.games/0.41/api/user/participation/9f308f24-5999-4ed1-ac88-3e9d1fa71008
HTTP Response > Get https://api.teamwood.games/0.41/api/user/participation/9f308f24-5999-4ed1-ac88-3e9d1fa71008 > <color=green>200</color>
Handling match update.
Merging models.
Hub Change > 9f308f24-5999-4ed1-ac88-3e9d1fa71008
Handling match update.
Load battle because new was found.
HTTP Request > Get https://api.teamwood.games/0.41/api/battle/get/4ce9e39f-0413-418b-ba40-e68b2335c9c5
HTTP Response > Get https://api.teamwood.games/0.41/api/battle/get/4ce9e39f-0413-418b-ba40-e68b2335c9c5 > <color=green>200</color>
Unloading 7 Unused Serialized files (Serialized files now loaded: 6)
SyncManager > Watch > 
Abort all requests
[PhysX] Initialized MultithreadedTaskDispatcher with 12 workers.
UnloadTime: 8.015369 ms
Added pool 'particles'
Unloading 1006 unused Assets to reduce memory usage. Loaded Objects now: 58932.
Total: 47.155519 ms (FindLiveObjects: 3.358564 ms CreateObjectMapping: 2.124103 ms MarkObjects: 40.404128 ms  DeleteObjects: 1.268057 ms)

[INFO] Battle Starting: master seed 215129129, player seed: -1973254449, opponent seed: 234299692
T: 3340.502 - MasterAudio: Polyphony limit of group: Smash exceeded and no playing Variation is usable for Retrigger Limit Mode. Will not play this sound for this instance.
T: 3342.953 - MasterAudio: Polyphony limit of group: Smash exceeded and no playing Variation is usable for Retrigger Limit Mode. Will not play this sound for this instance.
T: 3344.253 - MasterAudio: Polyphony limit of group: Smash exceeded and no playing Variation is usable for Retrigger Limit Mode. Will not play this sound for this instance.
Watch battle for participation 9f308f24-5999-4ed1-ac88-3e9d1fa71008
Watch battle 4ce9e39f-0413-418b-ba40-e68b2335c9c5
HTTP Request > Post https://api.teamwood.games/0.41/api/versus/watch
HTTP Response > Post https://api.teamwood.games/0.41/api/versus/watch > <color=green>200</color>
[INFO] Battle completed, outcome: Draw, masterSeed: 215129129, end result: -1345208815
Unloading 6 Unused Serialized files (Serialized files now loaded: 6)
Abort all requests
[PhysX] Initialized MultithreadedTaskDispatcher with 12 workers.
UnloadTime: 6.437197 ms
Unloading 53 unused Assets to reduce memory usage. Loaded Objects now: 63126.
Total: 58.625411 ms (FindLiveObjects: 4.009650 ms CreateObjectMapping: 2.302922 ms MarkObjects: 51.795537 ms  DeleteObjects: 0.516811 ms)

SyncManager > Watch > 9f308f24-5999-4ed1-ac88-3e9d1fa71008
HTTP Request > Post https://api.teamwood.games/0.41/api/build/start
HTTP Response > Post https://api.teamwood.games/0.41/api/build/start > <color=green>200</color>
HTTP Request > Post https://api.teamwood.games/0.41/api/build/play-minion
HTTP Response > Post https://api.teamwood.games/0.41/api/build/play-minion > <color=green>200</color>
HTTP Request > Post https://api.teamwood.games/0.41/api/build/play-minion
HTTP Response > Post https://api.teamwood.games/0.41/api/build/play-minion > <color=green>200</color>
HTTP Request > Post https://api.teamwood.games/0.41/api/build/roll
HTTP Response > Post https://api.teamwood.games/0.41/api/build/roll > <color=green>200</color>
HTTP Request > Post https://api.teamwood.games/0.41/api/build/play-minion
HTTP Response > Post https://api.teamwood.games/0.41/api/build/play-minion > <color=green>200</color>
HTTP Request > Post https://api.teamwood.games/0.41/api/build/end
HTTP Response > Post https://api.teamwood.games/0.41/api/build/end > <color=green>200</color>
HTTP Request > Post https://api.teamwood.games/0.41/api/versus/ready
Hub Change Player Count > 9f308f24-5999-4ed1-ac88-3e9d1fa71008
Handling match update.
Merging models.
HTTP Response > Post https://api.teamwood.games/0.41/api/versus/ready > <color=green>200</color>
Handling match update.
Merging models.
Load battle after ready.
Participation battle has already been watched.
Spacewood.Unity.MonoBehaviours.Build.<ReadyAsync>d__30:MoveNext()
Cysharp.Threading.Tasks.UniTaskCompletionSourceCore`1:TrySetResult(TResult)
Spacewood.Unity.<ReadyRequestAsync>d__4:MoveNext()
Cysharp.Threading.Tasks.UniTaskCompletionSourceCore`1:TrySetResult(TResult)
Spacewood.Unity.<ReadyVersusAsync>d__164:MoveNext()
Cysharp.Threading.Tasks.UniTaskCompletionSourceCore`1:TrySetResult(TResult)
Spacewood.Unity.<SendAndRetryHttpRequestAsync>d__181`1:MoveNext()
Cysharp.Threading.Tasks.UniTaskCompletionSourceCore`1:TrySetResult(TResult)
Spacewood.Unity.<SendHttpResponseAsync>d__182`1:MoveNext()
System.Threading.Tasks.AwaitTaskContinuation:RunCallback(ContextCallback, Object, Task&)
System.Threading.Tasks.Task:FinishContinuations()
System.Threading.Tasks.Task`1:TrySetResult(TResult)
System.Threading.Tasks.TaskCompletionSource`1:TrySetResult(TResult)
BestHTTP.Core.RequestEventHelper:HandleRequestStateChange(RequestEventInfo)
BestHTTP.Core.RequestEventHelper:ProcessQueue()
BestHTTP.HTTPManager:OnUpdate()
BestHTTP.HTTPUpdateDelegator:CallOnUpdate()

HTTP Request > Get https://api.teamwood.games/0.41/api/user/participation/9f308f24-5999-4ed1-ac88-3e9d1fa71008
HTTP Response > Get https://api.teamwood.games/0.41/api/user/participation/9f308f24-5999-4ed1-ac88-3e9d1fa71008 > <color=green>200</color>
Handling match update.
Merging models.
Hub Change > 9f308f24-5999-4ed1-ac88-3e9d1fa71008
Handling match update.
Load battle because new was found.
HTTP Request > Get https://api.teamwood.games/0.41/api/battle/get/6dd82306-46a2-414b-8e60-94f71ba44cae
HTTP Response > Get https://api.teamwood.games/0.41/api/battle/get/6dd82306-46a2-414b-8e60-94f71ba44cae > <color=green>200</color>
Unloading 7 Unused Serialized files (Serialized files now loaded: 6)
SyncManager > Watch > 
Abort all requests
[PhysX] Initialized MultithreadedTaskDispatcher with 12 workers.
UnloadTime: 9.566757 ms
Added pool 'particles'
Unloading 727 unused Assets to reduce memory usage. Loaded Objects now: 59198.
Total: 51.916260 ms (FindLiveObjects: 3.623196 ms CreateObjectMapping: 3.076057 ms MarkObjects: 44.616346 ms  DeleteObjects: 0.600235 ms)

[INFO] Battle Starting: master seed -777072926, player seed: -1973254449, opponent seed: 234299692
T: 3396.465 - MasterAudio: Polyphony limit of group: Smash exceeded and no playing Variation is usable for Retrigger Limit Mode. Will not play this sound for this instance.
T: 3397.965 - MasterAudio: Polyphony limit of group: Smash exceeded and no playing Variation is usable for Retrigger Limit Mode. Will not play this sound for this instance.
T: 3399.382 - MasterAudio: Polyphony limit of group: Smash exceeded and no playing Variation is usable for Retrigger Limit Mode. Will not play this sound for this instance.
T: 3400.683 - MasterAudio: Polyphony limit of group: Smash exceeded and no playing Variation is usable for Retrigger Limit Mode. Will not play this sound for this instance.
Watch battle for participation 9f308f24-5999-4ed1-ac88-3e9d1fa71008
Watch battle 6dd82306-46a2-414b-8e60-94f71ba44cae
HTTP Request > Post https://api.teamwood.games/0.41/api/versus/watch
HTTP Response > Post https://api.teamwood.games/0.41/api/versus/watch > <color=green>200</color>
[INFO] Battle completed, outcome: EnemyWon, masterSeed: -777072926, end result: -1442173056
Unloading 6 Unused Serialized files (Serialized files now loaded: 6)
Abort all requests
[PhysX] Initialized MultithreadedTaskDispatcher with 12 workers.
UnloadTime: 19.167545 ms
Unloading 66 unused Assets to reduce memory usage. Loaded Objects now: 63130.
Total: 52.646007 ms (FindLiveObjects: 4.421350 ms CreateObjectMapping: 2.452473 ms MarkObjects: 44.641976 ms  DeleteObjects: 1.129628 ms)

SyncManager > Watch > 9f308f24-5999-4ed1-ac88-3e9d1fa71008
HTTP Request > Post https://api.teamwood.games/0.41/api/build/start
HTTP Response > Post https://api.teamwood.games/0.41/api/build/start > <color=green>200</color>
HTTP Request > Post https://api.teamwood.games/0.41/api/build/roll
HTTP Response > Post https://api.teamwood.games/0.41/api/build/roll > <color=green>200</color>
HTTP Request > Post https://api.teamwood.games/0.41/api/build/roll
HTTP Response > Post https://api.teamwood.games/0.41/api/build/roll > <color=green>200</color>
HTTP Request > Post https://api.teamwood.games/0.41/api/build/roll
HTTP Response > Post https://api.teamwood.games/0.41/api/build/roll > <color=green>200</color>
HTTP Request > Post https://api.teamwood.games/0.41/api/build/play-minion
HTTP Response > Post https://api.teamwood.games/0.41/api/build/play-minion > <color=green>200</color>
HTTP Request > Post https://api.teamwood.games/0.41/api/build/sell
HTTP Response > Post https://api.teamwood.games/0.41/api/build/sell > <color=green>200</color>
HTTP Request > Post https://api.teamwood.games/0.41/api/build/play-minion
HTTP Response > Post https://api.teamwood.games/0.41/api/build/play-minion > <color=green>200</color>
HTTP Request > Post https://api.teamwood.games/0.41/api/build/roll
HTTP Response > Post https://api.teamwood.games/0.41/api/build/roll > <color=green>200</color>
HTTP Request > Post https://api.teamwood.games/0.41/api/build/roll
HTTP Response > Post https://api.teamwood.games/0.41/api/build/roll > <color=green>200</color>
HTTP Request > Post https://api.teamwood.games/0.41/api/build/end
HTTP Response > Post https://api.teamwood.games/0.41/api/build/end > <color=green>200</color>
HTTP Request > Post https://api.teamwood.games/0.41/api/versus/ready
Hub Change Player Count > 9f308f24-5999-4ed1-ac88-3e9d1fa71008
Handling match update.
Merging models.
HTTP Response > Post https://api.teamwood.games/0.41/api/versus/ready > <color=green>200</color>
Handling match update.
Merging models.
Load battle after ready.
Participation battle has already been watched.
Spacewood.Unity.MonoBehaviours.Build.<ReadyAsync>d__30:MoveNext()
Cysharp.Threading.Tasks.UniTaskCompletionSourceCore`1:TrySetResult(TResult)
Spacewood.Unity.<ReadyRequestAsync>d__4:MoveNext()
Cysharp.Threading.Tasks.UniTaskCompletionSourceCore`1:TrySetResult(TResult)
Spacewood.Unity.<ReadyVersusAsync>d__164:MoveNext()
Cysharp.Threading.Tasks.UniTaskCompletionSourceCore`1:TrySetResult(TResult)
Spacewood.Unity.<SendAndRetryHttpRequestAsync>d__181`1:MoveNext()
Cysharp.Threading.Tasks.UniTaskCompletionSourceCore`1:TrySetResult(TResult)
Spacewood.Unity.<SendHttpResponseAsync>d__182`1:MoveNext()
System.Threading.Tasks.AwaitTaskContinuation:RunCallback(ContextCallback, Object, Task&)
System.Threading.Tasks.Task:FinishContinuations()
System.Threading.Tasks.Task`1:TrySetResult(TResult)
System.Threading.Tasks.TaskCompletionSource`1:TrySetResult(TResult)
BestHTTP.Core.RequestEventHelper:HandleRequestStateChange(RequestEventInfo)
BestHTTP.Core.RequestEventHelper:ProcessQueue()
BestHTTP.HTTPManager:OnUpdate()
BestHTTP.HTTPUpdateDelegator:CallOnUpdate()

HTTP Request > Get https://api.teamwood.games/0.41/api/user/participation/9f308f24-5999-4ed1-ac88-3e9d1fa71008
HTTP Response > Get https://api.teamwood.games/0.41/api/user/participation/9f308f24-5999-4ed1-ac88-3e9d1fa71008 > <color=green>200</color>
Handling match update.
Merging models.
HTTP Request > Get https://api.teamwood.games/0.41/api/user/participation/9f308f24-5999-4ed1-ac88-3e9d1fa71008
HTTP Response > Get https://api.teamwood.games/0.41/api/user/participation/9f308f24-5999-4ed1-ac88-3e9d1fa71008 > <color=green>200</color>
Handling match update.
Merging models.
HTTP Request > Get https://api.teamwood.games/0.41/api/user/participation/9f308f24-5999-4ed1-ac88-3e9d1fa71008
HTTP Response > Get https://api.teamwood.games/0.41/api/user/participation/9f308f24-5999-4ed1-ac88-3e9d1fa71008 > <color=green>200</color>
Handling match update.
Merging models.
Hub Change > 9f308f24-5999-4ed1-ac88-3e9d1fa71008
Handling match update.
Load battle because new was found.
HTTP Request > Get https://api.teamwood.games/0.41/api/battle/get/a6c88119-6e21-4f1a-bdce-d1e97e16f184
HTTP Response > Get https://api.teamwood.games/0.41/api/battle/get/a6c88119-6e21-4f1a-bdce-d1e97e16f184 > <color=green>200</color>
Unloading 7 Unused Serialized files (Serialized files now loaded: 6)
SyncManager > Watch > 
Abort all requests
[PhysX] Initialized MultithreadedTaskDispatcher with 12 workers.
UnloadTime: 8.868322 ms
Added pool 'particles'
Unloading 1034 unused Assets to reduce memory usage. Loaded Objects now: 58932.
Total: 49.179801 ms (FindLiveObjects: 3.403061 ms CreateObjectMapping: 2.070320 ms MarkObjects: 42.843435 ms  DeleteObjects: 0.862170 ms)

[INFO] Battle Starting: master seed 229786674, player seed: -1973254449, opponent seed: 234299692
T: 3483.622 - MasterAudio: Polyphony limit of group: Smash exceeded and no playing Variation is usable for Retrigger Limit Mode. Will not play this sound for this instance.
HTTP Request > Get https://api.teamwood.games/0.41/api/user/versus-participations
HTTP Response > Get https://api.teamwood.games/0.41/api/user/versus-participations > <color=green>200</color>
T: 3490.008 - MasterAudio: Polyphony limit of group: Smash exceeded and no playing Variation is usable for Retrigger Limit Mode. Will not play this sound for this instance.
T: 3491.708 - MasterAudio: Polyphony limit of group: Smash exceeded and no playing Variation is usable for Retrigger Limit Mode. Will not play this sound for this instance.
Watch battle for participation 9f308f24-5999-4ed1-ac88-3e9d1fa71008
Watch battle a6c88119-6e21-4f1a-bdce-d1e97e16f184
HTTP Request > Post https://api.teamwood.games/0.41/api/versus/watch
HTTP Response > Post https://api.teamwood.games/0.41/api/versus/watch > <color=green>200</color>
[INFO] Battle completed, outcome: EnemyWon, masterSeed: 229786674, end result: 2011170810
Unloading 6 Unused Serialized files (Serialized files now loaded: 6)
Abort all requests
[PhysX] Initialized MultithreadedTaskDispatcher with 12 workers.
UnloadTime: 8.076147 ms
Unloading 61 unused Assets to reduce memory usage. Loaded Objects now: 63130.
Total: 52.107078 ms (FindLiveObjects: 3.588154 ms CreateObjectMapping: 2.142990 ms MarkObjects: 45.913838 ms  DeleteObjects: 0.461274 ms)

SyncManager > Watch > 9f308f24-5999-4ed1-ac88-3e9d1fa71008
HTTP Request > Post https://api.teamwood.games/0.41/api/build/start
HTTP Response > Post https://api.teamwood.games/0.41/api/build/start > <color=green>200</color>
HTTP Request > Post https://api.teamwood.games/0.41/api/build/sell
HTTP Response > Post https://api.teamwood.games/0.41/api/build/sell > <color=green>200</color>
HTTP Request > Post https://api.teamwood.games/0.41/api/build/play-minion
HTTP Response > Post https://api.teamwood.games/0.41/api/build/play-minion > <color=green>200</color>
HTTP Request > Post https://api.teamwood.games/0.41/api/build/sell
HTTP Response > Post https://api.teamwood.games/0.41/api/build/sell > <color=green>200</color>
HTTP Request > Post https://api.teamwood.games/0.41/api/build/roll
HTTP Response > Post https://api.teamwood.games/0.41/api/build/roll > <color=green>200</color>
HTTP Request > Post https://api.teamwood.games/0.41/api/build/play-minion
HTTP Response > Post https://api.teamwood.games/0.41/api/build/play-minion > <color=green>200</color>
HTTP Request > Post https://api.teamwood.games/0.41/api/build/roll
HTTP Response > Post https://api.teamwood.games/0.41/api/build/roll > <color=green>200</color>
HTTP Request > Post https://api.teamwood.games/0.41/api/build/play-minion
HTTP Response > Post https://api.teamwood.games/0.41/api/build/play-minion > <color=green>200</color>
HTTP Request > Post https://api.teamwood.games/0.41/api/build/roll
HTTP Response > Post https://api.teamwood.games/0.41/api/build/roll > <color=green>200</color>
HTTP Request > Post https://api.teamwood.games/0.41/api/build/play-minion
HTTP Response > Post https://api.teamwood.games/0.41/api/build/play-minion > <color=green>200</color>
HTTP Request > Post https://api.teamwood.games/0.41/api/build/end
HTTP Response > Post https://api.teamwood.games/0.41/api/build/end > <color=green>200</color>
HTTP Request > Post https://api.teamwood.games/0.41/api/versus/ready
Hub Change Player Count > 9f308f24-5999-4ed1-ac88-3e9d1fa71008
Handling match update.
Merging models.
HTTP Response > Post https://api.teamwood.games/0.41/api/versus/ready > <color=green>200</color>
Handling match update.
Merging models.
Load battle after ready.
Participation battle has already been watched.
Spacewood.Unity.MonoBehaviours.Build.<ReadyAsync>d__30:MoveNext()
Cysharp.Threading.Tasks.UniTaskCompletionSourceCore`1:TrySetResult(TResult)
Spacewood.Unity.<ReadyRequestAsync>d__4:MoveNext()
Cysharp.Threading.Tasks.UniTaskCompletionSourceCore`1:TrySetResult(TResult)
Spacewood.Unity.<ReadyVersusAsync>d__164:MoveNext()
Cysharp.Threading.Tasks.UniTaskCompletionSourceCore`1:TrySetResult(TResult)
Spacewood.Unity.<SendAndRetryHttpRequestAsync>d__181`1:MoveNext()
Cysharp.Threading.Tasks.UniTaskCompletionSourceCore`1:TrySetResult(TResult)
Spacewood.Unity.<SendHttpResponseAsync>d__182`1:MoveNext()
System.Threading.Tasks.AwaitTaskContinuation:RunCallback(ContextCallback, Object, Task&)
System.Threading.Tasks.Task:FinishContinuations()
System.Threading.Tasks.Task`1:TrySetResult(TResult)
System.Threading.Tasks.TaskCompletionSource`1:TrySetResult(TResult)
BestHTTP.Core.RequestEventHelper:HandleRequestStateChange(RequestEventInfo)
BestHTTP.Core.RequestEventHelper:ProcessQueue()
BestHTTP.HTTPManager:OnUpdate()
BestHTTP.HTTPUpdateDelegator:CallOnUpdate()

Hub Change > 9f308f24-5999-4ed1-ac88-3e9d1fa71008
Handling match update.
Load battle because new was found.
HTTP Request > Get https://api.teamwood.games/0.41/api/battle/get/ce880278-1c77-4e1d-a957-07f2041766a5
HTTP Response > Get https://api.teamwood.games/0.41/api/battle/get/ce880278-1c77-4e1d-a957-07f2041766a5 > <color=green>200</color>
Unloading 7 Unused Serialized files (Serialized files now loaded: 6)
SyncManager > Watch > 
Abort all requests
[PhysX] Initialized MultithreadedTaskDispatcher with 12 workers.
UnloadTime: 10.657261 ms
Added pool 'particles'
Unloading 1042 unused Assets to reduce memory usage. Loaded Objects now: 58932.
Total: 44.560163 ms (FindLiveObjects: 3.480252 ms CreateObjectMapping: 2.069975 ms MarkObjects: 38.225134 ms  DeleteObjects: 0.784140 ms)

[INFO] Battle Starting: master seed 1612327332, player seed: -1973254449, opponent seed: 234299692
T: 3561.202 - MasterAudio: Polyphony limit of group: Smash exceeded and no playing Variation is usable for Retrigger Limit Mode. Will not play this sound for this instance.
T: 3566.39 - MasterAudio: Polyphony limit of group: Smash exceeded and no playing Variation is usable for Retrigger Limit Mode. Will not play this sound for this instance.
T: 3567.741 - MasterAudio: Polyphony limit of group: Smash exceeded and no playing Variation is usable for Retrigger Limit Mode. Will not play this sound for this instance.
Watch battle for participation 9f308f24-5999-4ed1-ac88-3e9d1fa71008
Watch battle ce880278-1c77-4e1d-a957-07f2041766a5
HTTP Request > Post https://api.teamwood.games/0.41/api/versus/watch
HTTP Response > Post https://api.teamwood.games/0.41/api/versus/watch > <color=green>200</color>
[INFO] Battle completed, outcome: EnemyWon, masterSeed: 1612327332, end result: 641513043
Unloading 6 Unused Serialized files (Serialized files now loaded: 6)
Abort all requests
[PhysX] Initialized MultithreadedTaskDispatcher with 12 workers.
UnloadTime: 7.199009 ms
Unloading 61 unused Assets to reduce memory usage. Loaded Objects now: 63130.
Total: 51.789994 ms (FindLiveObjects: 4.533662 ms CreateObjectMapping: 2.397808 ms MarkObjects: 44.438031 ms  DeleteObjects: 0.420052 ms)

SyncManager > Watch > 9f308f24-5999-4ed1-ac88-3e9d1fa71008
HTTP Request > Post https://api.teamwood.games/0.41/api/build/start
HTTP Response > Post https://api.teamwood.games/0.41/api/build/start > <color=green>200</color>
HTTP Request > Post https://api.teamwood.games/0.41/api/build/sell
HTTP Response > Post https://api.teamwood.games/0.41/api/build/sell > <color=green>200</color>
HTTP Request > Post https://api.teamwood.games/0.41/api/build/play-minion
HTTP Response > Post https://api.teamwood.games/0.41/api/build/play-minion > <color=green>200</color>
HTTP Request > Post https://api.teamwood.games/0.41/api/build/roll
HTTP Response > Post https://api.teamwood.games/0.41/api/build/roll > <color=green>200</color>
HTTP Request > Post https://api.teamwood.games/0.41/api/build/sell
HTTP Response > Post https://api.teamwood.games/0.41/api/build/sell > <color=green>200</color>
HTTP Request > Post https://api.teamwood.games/0.41/api/build/play-minion
HTTP Response > Post https://api.teamwood.games/0.41/api/build/play-minion > <color=green>200</color>
HTTP Request > Post https://api.teamwood.games/0.41/api/build/roll
HTTP Response > Post https://api.teamwood.games/0.41/api/build/roll > <color=green>200</color>
HTTP Request > Post https://api.teamwood.games/0.41/api/build/roll
HTTP Response > Post https://api.teamwood.games/0.41/api/build/roll > <color=green>200</color>
HTTP Request > Post https://api.teamwood.games/0.41/api/build/play-spell
HTTP Response > Post https://api.teamwood.games/0.41/api/build/play-spell > <color=green>200</color>
HTTP Request > Post https://api.teamwood.games/0.41/api/build/roll
HTTP Response > Post https://api.teamwood.games/0.41/api/build/roll > <color=green>200</color>
HTTP Request > Post https://api.teamwood.games/0.41/api/build/roll
HTTP Response > Post https://api.teamwood.games/0.41/api/build/roll > <color=green>200</color>
HTTP Request > Post https://api.teamwood.games/0.41/api/build/roll
HTTP Response > Post https://api.teamwood.games/0.41/api/build/roll > <color=green>200</color>
HTTP Request > Post https://api.teamwood.games/0.41/api/build/end
HTTP Response > Post https://api.teamwood.games/0.41/api/build/end > <color=green>200</color>
HTTP Request > Post https://api.teamwood.games/0.41/api/versus/ready
Hub Change Player Count > 9f308f24-5999-4ed1-ac88-3e9d1fa71008
Handling match update.
Merging models.
HTTP Response > Post https://api.teamwood.games/0.41/api/versus/ready > <color=green>200</color>
Handling match update.
Merging models.
Load battle after ready.
Participation battle has already been watched.
Spacewood.Unity.MonoBehaviours.Build.<ReadyAsync>d__30:MoveNext()
Cysharp.Threading.Tasks.UniTaskCompletionSourceCore`1:TrySetResult(TResult)
Spacewood.Unity.<ReadyRequestAsync>d__4:MoveNext()
Cysharp.Threading.Tasks.UniTaskCompletionSourceCore`1:TrySetResult(TResult)
Spacewood.Unity.<ReadyVersusAsync>d__164:MoveNext()
Cysharp.Threading.Tasks.UniTaskCompletionSourceCore`1:TrySetResult(TResult)
Spacewood.Unity.<SendAndRetryHttpRequestAsync>d__181`1:MoveNext()
Cysharp.Threading.Tasks.UniTaskCompletionSourceCore`1:TrySetResult(TResult)
Spacewood.Unity.<SendHttpResponseAsync>d__182`1:MoveNext()
System.Threading.Tasks.AwaitTaskContinuation:RunCallback(ContextCallback, Object, Task&)
System.Threading.Tasks.Task:FinishContinuations()
System.Threading.Tasks.Task`1:TrySetResult(TResult)
System.Threading.Tasks.TaskCompletionSource`1:TrySetResult(TResult)
BestHTTP.Core.RequestEventHelper:HandleRequestStateChange(RequestEventInfo)
BestHTTP.Core.RequestEventHelper:ProcessQueue()
BestHTTP.HTTPManager:OnUpdate()
BestHTTP.HTTPUpdateDelegator:CallOnUpdate()

HTTP Request > Get https://api.teamwood.games/0.41/api/user/participation/9f308f24-5999-4ed1-ac88-3e9d1fa71008
HTTP Response > Get https://api.teamwood.games/0.41/api/user/participation/9f308f24-5999-4ed1-ac88-3e9d1fa71008 > <color=green>200</color>
Handling match update.
Merging models.
Hub Change > 9f308f24-5999-4ed1-ac88-3e9d1fa71008
Handling match update.
Load battle because new was found.
HTTP Request > Get https://api.teamwood.games/0.41/api/battle/get/b3b4b991-3170-46fc-930a-36e59a115855
HTTP Response > Get https://api.teamwood.games/0.41/api/battle/get/b3b4b991-3170-46fc-930a-36e59a115855 > <color=green>200</color>
Unloading 7 Unused Serialized files (Serialized files now loaded: 6)
SyncManager > Watch > 
Abort all requests
[PhysX] Initialized MultithreadedTaskDispatcher with 12 workers.
UnloadTime: 9.015591 ms
Added pool 'particles'
Unloading 1079 unused Assets to reduce memory usage. Loaded Objects now: 58932.
Total: 46.290756 ms (FindLiveObjects: 3.335676 ms CreateObjectMapping: 2.003872 ms MarkObjects: 40.137484 ms  DeleteObjects: 0.813290 ms)

[INFO] Battle Starting: master seed -1653860298, player seed: -1973254449, opponent seed: 234299692
T: 3657.92 - MasterAudio: Polyphony limit of group: Smash exceeded and no playing Variation is usable for Retrigger Limit Mode. Will not play this sound for this instance.
T: 3665.824 - MasterAudio: Polyphony limit of group: Smash exceeded and no playing Variation is usable for Retrigger Limit Mode. Will not play this sound for this instance.
T: 3667.224 - MasterAudio: Polyphony limit of group: Smash exceeded and no playing Variation is usable for Retrigger Limit Mode. Will not play this sound for this instance.
Watch battle for participation 9f308f24-5999-4ed1-ac88-3e9d1fa71008
Watch battle b3b4b991-3170-46fc-930a-36e59a115855
HTTP Request > Post https://api.teamwood.games/0.41/api/versus/watch
HTTP Response > Post https://api.teamwood.games/0.41/api/versus/watch > <color=green>200</color>
[INFO] Battle completed, outcome: PlayerWon, masterSeed: -1653860298, end result: 47709549
Unloading 6 Unused Serialized files (Serialized files now loaded: 6)
Abort all requests
[PhysX] Initialized MultithreadedTaskDispatcher with 12 workers.
UnloadTime: 7.651198 ms
Unloading 63 unused Assets to reduce memory usage. Loaded Objects now: 63131.
Total: 50.881648 ms (FindLiveObjects: 3.669757 ms CreateObjectMapping: 2.210345 ms MarkObjects: 44.570088 ms  DeleteObjects: 0.431034 ms)

SyncManager > Watch > 9f308f24-5999-4ed1-ac88-3e9d1fa71008
HTTP Request > Post https://api.teamwood.games/0.41/api/build/start
HTTP Response > Post https://api.teamwood.games/0.41/api/build/start > <color=green>200</color>
HTTP Request > Post https://api.teamwood.games/0.41/api/build/play-spell
HTTP Response > Post https://api.teamwood.games/0.41/api/build/play-spell > <color=green>200</color>
HTTP Request > Post https://api.teamwood.games/0.41/api/build/roll
HTTP Response > Post https://api.teamwood.games/0.41/api/build/roll > <color=green>200</color>
HTTP Request > Post https://api.teamwood.games/0.41/api/build/play-minion
HTTP Response > Post https://api.teamwood.games/0.41/api/build/play-minion > <color=green>200</color>
HTTP Request > Post https://api.teamwood.games/0.41/api/build/roll
HTTP Response > Post https://api.teamwood.games/0.41/api/build/roll > <color=green>200</color>
HTTP Request > Post https://api.teamwood.games/0.41/api/build/roll
HTTP Response > Post https://api.teamwood.games/0.41/api/build/roll > <color=green>200</color>
HTTP Request > Post https://api.teamwood.games/0.41/api/build/play-spell
HTTP Response > Post https://api.teamwood.games/0.41/api/build/play-spell > <color=green>200</color>
HTTP Request > Post https://api.teamwood.games/0.41/api/build/end
HTTP Response > Post https://api.teamwood.games/0.41/api/build/end > <color=green>200</color>
HTTP Request > Post https://api.teamwood.games/0.41/api/versus/ready
HTTP Response > Post https://api.teamwood.games/0.41/api/versus/ready > <color=green>200</color>
Handling match update.
Merging models.
Load battle after ready.
Participation battle has already been watched.
Spacewood.Unity.MonoBehaviours.Build.<ReadyAsync>d__30:MoveNext()
Cysharp.Threading.Tasks.UniTaskCompletionSourceCore`1:TrySetResult(TResult)
Spacewood.Unity.<ReadyRequestAsync>d__4:MoveNext()
Cysharp.Threading.Tasks.UniTaskCompletionSourceCore`1:TrySetResult(TResult)
Spacewood.Unity.<ReadyVersusAsync>d__164:MoveNext()
Cysharp.Threading.Tasks.UniTaskCompletionSourceCore`1:TrySetResult(TResult)
Spacewood.Unity.<SendAndRetryHttpRequestAsync>d__181`1:MoveNext()
Cysharp.Threading.Tasks.UniTaskCompletionSourceCore`1:TrySetResult(TResult)
Spacewood.Unity.<SendHttpResponseAsync>d__182`1:MoveNext()
System.Threading.Tasks.AwaitTaskContinuation:RunCallback(ContextCallback, Object, Task&)
System.Threading.Tasks.Task:FinishContinuations()
System.Threading.Tasks.Task`1:TrySetResult(TResult)
System.Threading.Tasks.TaskCompletionSource`1:TrySetResult(TResult)
BestHTTP.Core.RequestEventHelper:HandleRequestStateChange(RequestEventInfo)
BestHTTP.Core.RequestEventHelper:ProcessQueue()
BestHTTP.HTTPManager:OnUpdate()
BestHTTP.HTTPUpdateDelegator:CallOnUpdate()

Hub Change Player Count > 9f308f24-5999-4ed1-ac88-3e9d1fa71008
Handling match update.
Merging models.
HTTP Request > Get https://api.teamwood.games/0.41/api/user/participation/9f308f24-5999-4ed1-ac88-3e9d1fa71008
HTTP Response > Get https://api.teamwood.games/0.41/api/user/participation/9f308f24-5999-4ed1-ac88-3e9d1fa71008 > <color=green>200</color>
Handling match update.
Merging models.
HTTP Request > Get https://api.teamwood.games/0.41/api/user/participation/9f308f24-5999-4ed1-ac88-3e9d1fa71008
HTTP Response > Get https://api.teamwood.games/0.41/api/user/participation/9f308f24-5999-4ed1-ac88-3e9d1fa71008 > <color=green>200</color>
Handling match update.
Merging models.
HTTP Request > Get https://api.teamwood.games/0.41/api/user/participation/9f308f24-5999-4ed1-ac88-3e9d1fa71008
HTTP Response > Get https://api.teamwood.games/0.41/api/user/participation/9f308f24-5999-4ed1-ac88-3e9d1fa71008 > <color=green>200</color>
Handling match update.
Merging models.
HTTP Request > Get https://api.teamwood.games/0.41/api/user/participation/9f308f24-5999-4ed1-ac88-3e9d1fa71008
HTTP Response > Get https://api.teamwood.games/0.41/api/user/participation/9f308f24-5999-4ed1-ac88-3e9d1fa71008 > <color=green>200</color>
Handling match update.
Merging models.
Hub Change > 9f308f24-5999-4ed1-ac88-3e9d1fa71008
Handling match update.
Load battle because new was found.
HTTP Request > Get https://api.teamwood.games/0.41/api/battle/get/b6e07402-685a-4403-bda6-2a7b0e2ed0f2
HTTP Response > Get https://api.teamwood.games/0.41/api/battle/get/b6e07402-685a-4403-bda6-2a7b0e2ed0f2 > <color=green>200</color>
Unloading 7 Unused Serialized files (Serialized files now loaded: 6)
SyncManager > Watch > 
Abort all requests
[PhysX] Initialized MultithreadedTaskDispatcher with 12 workers.
UnloadTime: 9.010122 ms
Added pool 'particles'
Unloading 1026 unused Assets to reduce memory usage. Loaded Objects now: 58932.
Total: 45.321821 ms (FindLiveObjects: 3.312651 ms CreateObjectMapping: 2.014268 ms MarkObjects: 39.248387 ms  DeleteObjects: 0.745892 ms)

[INFO] Battle Starting: master seed -1812324147, player seed: -1973254449, opponent seed: 234299692
T: 3788.953 - MasterAudio: Polyphony limit of group: Smash exceeded and no playing Variation is usable for Retrigger Limit Mode. Will not play this sound for this instance.
Watch battle for participation 9f308f24-5999-4ed1-ac88-3e9d1fa71008
Watch battle b6e07402-685a-4403-bda6-2a7b0e2ed0f2
HTTP Request > Post https://api.teamwood.games/0.41/api/versus/watch
HTTP Response > Post https://api.teamwood.games/0.41/api/versus/watch > <color=green>200</color>
[INFO] Battle completed, outcome: PlayerWon, masterSeed: -1812324147, end result: 1661857815
Unloading 6 Unused Serialized files (Serialized files now loaded: 6)
Abort all requests
[PhysX] Initialized MultithreadedTaskDispatcher with 12 workers.
UnloadTime: 8.655995 ms
Unloading 63 unused Assets to reduce memory usage. Loaded Objects now: 63131.
Total: 50.404178 ms (FindLiveObjects: 3.486491 ms CreateObjectMapping: 2.125387 ms MarkObjects: 44.384157 ms  DeleteObjects: 0.407563 ms)

SyncManager > Watch > 9f308f24-5999-4ed1-ac88-3e9d1fa71008
HTTP Request > Post https://api.teamwood.games/0.41/api/build/start
HTTP Response > Post https://api.teamwood.games/0.41/api/build/start > <color=green>200</color>
HTTP Request > Post https://api.teamwood.games/0.41/api/build/play-minion
HTTP Response > Post https://api.teamwood.games/0.41/api/build/play-minion > <color=green>200</color>
HTTP Request > Post https://api.teamwood.games/0.41/api/build/roll
HTTP Response > Post https://api.teamwood.games/0.41/api/build/roll > <color=green>200</color>
HTTP Request > Post https://api.teamwood.games/0.41/api/build/roll
HTTP Response > Post https://api.teamwood.games/0.41/api/build/roll > <color=green>200</color>
HTTP Request > Post https://api.teamwood.games/0.41/api/build/roll
HTTP Response > Post https://api.teamwood.games/0.41/api/build/roll > <color=green>200</color>
HTTP Request > Post https://api.teamwood.games/0.41/api/build/roll
HTTP Response > Post https://api.teamwood.games/0.41/api/build/roll > <color=green>200</color>
HTTP Request > Post https://api.teamwood.games/0.41/api/build/roll
HTTP Response > Post https://api.teamwood.games/0.41/api/build/roll > <color=green>200</color>
HTTP Request > Post https://api.teamwood.games/0.41/api/build/play-spell
HTTP Response > Post https://api.teamwood.games/0.41/api/build/play-spell > <color=green>200</color>
HTTP Request > Post https://api.teamwood.games/0.41/api/build/roll
HTTP Response > Post https://api.teamwood.games/0.41/api/build/roll > <color=green>200</color>
HTTP Request > Post https://api.teamwood.games/0.41/api/build/end
HTTP Response > Post https://api.teamwood.games/0.41/api/build/end > <color=green>200</color>
HTTP Request > Post https://api.teamwood.games/0.41/api/versus/ready
Hub Change Player Count > 9f308f24-5999-4ed1-ac88-3e9d1fa71008
Handling match update.
Merging models.
HTTP Response > Post https://api.teamwood.games/0.41/api/versus/ready > <color=green>200</color>
Handling match update.
Merging models.
Load battle after ready.
Participation battle has already been watched.
Spacewood.Unity.MonoBehaviours.Build.<ReadyAsync>d__30:MoveNext()
Cysharp.Threading.Tasks.UniTaskCompletionSourceCore`1:TrySetResult(TResult)
Spacewood.Unity.<ReadyRequestAsync>d__4:MoveNext()
Cysharp.Threading.Tasks.UniTaskCompletionSourceCore`1:TrySetResult(TResult)
Spacewood.Unity.<ReadyVersusAsync>d__164:MoveNext()
Cysharp.Threading.Tasks.UniTaskCompletionSourceCore`1:TrySetResult(TResult)
Spacewood.Unity.<SendAndRetryHttpRequestAsync>d__181`1:MoveNext()
Cysharp.Threading.Tasks.UniTaskCompletionSourceCore`1:TrySetResult(TResult)
Spacewood.Unity.<SendHttpResponseAsync>d__182`1:MoveNext()
System.Threading.Tasks.AwaitTaskContinuation:RunCallback(ContextCallback, Object, Task&)
System.Threading.Tasks.Task:FinishContinuations()
System.Threading.Tasks.Task`1:TrySetResult(TResult)
System.Threading.Tasks.TaskCompletionSource`1:TrySetResult(TResult)
BestHTTP.Core.RequestEventHelper:HandleRequestStateChange(RequestEventInfo)
BestHTTP.Core.RequestEventHelper:ProcessQueue()
BestHTTP.HTTPManager:OnUpdate()
BestHTTP.HTTPUpdateDelegator:CallOnUpdate()

HTTP Request > Get https://api.teamwood.games/0.41/api/user/participation/9f308f24-5999-4ed1-ac88-3e9d1fa71008
HTTP Response > Get https://api.teamwood.games/0.41/api/user/participation/9f308f24-5999-4ed1-ac88-3e9d1fa71008 > <color=green>200</color>
Handling match update.
Merging models.
HTTP Request > Get https://api.teamwood.games/0.41/api/user/participation/9f308f24-5999-4ed1-ac88-3e9d1fa71008
HTTP Response > Get https://api.teamwood.games/0.41/api/user/participation/9f308f24-5999-4ed1-ac88-3e9d1fa71008 > <color=green>200</color>
Handling match update.
Merging models.
HTTP Request > Get https://api.teamwood.games/0.41/api/user/participation/9f308f24-5999-4ed1-ac88-3e9d1fa71008
HTTP Response > Get https://api.teamwood.games/0.41/api/user/participation/9f308f24-5999-4ed1-ac88-3e9d1fa71008 > <color=green>200</color>
Handling match update.
Merging models.
Hub Change > 9f308f24-5999-4ed1-ac88-3e9d1fa71008
Handling match update.
Load battle because new was found.
HTTP Request > Get https://api.teamwood.games/0.41/api/battle/get/1ca0d9da-e35c-4176-b8e2-3603e1d0d1c9
HTTP Response > Get https://api.teamwood.games/0.41/api/battle/get/1ca0d9da-e35c-4176-b8e2-3603e1d0d1c9 > <color=green>200</color>
Unloading 7 Unused Serialized files (Serialized files now loaded: 6)
SyncManager > Watch > 
Abort all requests
[PhysX] Initialized MultithreadedTaskDispatcher with 12 workers.
UnloadTime: 9.296680 ms
Added pool 'particles'
Unloading 1067 unused Assets to reduce memory usage. Loaded Objects now: 58932.
Total: 45.593123 ms (FindLiveObjects: 3.424534 ms CreateObjectMapping: 2.200577 ms MarkObjects: 38.980571 ms  DeleteObjects: 0.987040 ms)

[INFO] Battle Starting: master seed 1205401321, player seed: -1973254449, opponent seed: 234299692
Watch battle for participation 9f308f24-5999-4ed1-ac88-3e9d1fa71008
Watch battle 1ca0d9da-e35c-4176-b8e2-3603e1d0d1c9
HTTP Request > Post https://api.teamwood.games/0.41/api/versus/watch
HTTP Response > Post https://api.teamwood.games/0.41/api/versus/watch > <color=green>200</color>
[INFO] Battle completed, outcome: PlayerWon, masterSeed: 1205401321, end result: -630121686
Unloading 6 Unused Serialized files (Serialized files now loaded: 6)
Abort all requests
[PhysX] Initialized MultithreadedTaskDispatcher with 12 workers.
UnloadTime: 7.361320 ms
Unloading 61 unused Assets to reduce memory usage. Loaded Objects now: 63130.
Total: 54.603296 ms (FindLiveObjects: 3.549294 ms CreateObjectMapping: 2.168249 ms MarkObjects: 48.465233 ms  DeleteObjects: 0.420004 ms)

SyncManager > Watch > 9f308f24-5999-4ed1-ac88-3e9d1fa71008
HTTP Request > Post https://api.teamwood.games/0.41/api/build/start
HTTP Response > Post https://api.teamwood.games/0.41/api/build/start > <color=green>200</color>
HTTP Request > Post https://api.teamwood.games/0.41/api/build/sell
HTTP Response > Post https://api.teamwood.games/0.41/api/build/sell > <color=green>200</color>
HTTP Request > Post https://api.teamwood.games/0.41/api/build/play-minion
HTTP Response > Post https://api.teamwood.games/0.41/api/build/play-minion > <color=green>200</color>
HTTP Request > Post https://api.teamwood.games/0.41/api/build/play-spell
HTTP Response > Post https://api.teamwood.games/0.41/api/build/play-spell > <color=green>200</color>
[WARN] No events for a spell Spacewood.Core.Models.SpellModel, this is normally an error
Spacewood.Scripts.MonoBehaviours.Board.RenderAggregators.<Run>d__0:MoveNext()
Spacewood.Scripts.MonoBehaviours.Board.RenderAggregators.Spell:Run(SkipableStream`1)
Spacewood.Unity.MonoBehaviours.Board.<RenderBoardEventStream>d__17:MoveNext()
Spacewood.Unity.MonoBehaviours.Board.BoardRenderer:RenderBoardEventStream(IEnumerable`1)
Spacewood.Unity.MonoBehaviours.Board.<PlayEvent>d__27:MoveNext()
Spacewood.Unity.MonoBehaviours.Board.BoardController:PlayEvent(IBoardEvent, BoardModel, Int32)
Spacewood.Unity.MonoBehaviours.Build.<ResolveAsync>d__179:MoveNext()
Spacewood.Unity.MonoBehaviours.Build.HangarMain:Resolve(Int32, Nullable`1, IBoardEvent)
Spacewood.Unity.MonoBehaviours.Build.<PlaySpellAsync>d__12:MoveNext()
Cysharp.Threading.Tasks.UniTaskCompletionSourceCore`1:TrySetResult(TResult)
Spacewood.Unity.<PlaySpellAsync>d__84:MoveNext()
Cysharp.Threading.Tasks.UniTaskCompletionSourceCore`1:TrySetResult(TResult)
Spacewood.Unity.<SendAndRetryHttpRequestAsync>d__181`1:MoveNext()
Cysharp.Threading.Tasks.UniTaskCompletionSourceCore`1:TrySetResult(TResult)
Spacewood.Unity.<SendHttpResponseAsync>d__182`1:MoveNext()
System.Threading.Tasks.AwaitTaskContinuation:RunCallback(ContextCallback, Object, Task&)
System.Threading.Tasks.Task:FinishContinuations()
System.Threading.Tasks.Task`1:TrySetResult(TResult)
System.Threading.Tasks.TaskCompletionSource`1:TrySetResult(TResult)
BestHTTP.Core.RequestEventHelper:HandleRequestStateChange(RequestEventInfo)
BestHTTP.Core.RequestEventHelper:ProcessQueue()
BestHTTP.HTTPManager:OnUpdate()
BestHTTP.HTTPUpdateDelegator:CallOnUpdate()

HTTP Request > Post https://api.teamwood.games/0.41/api/build/play-minion
HTTP Response > Post https://api.teamwood.games/0.41/api/build/play-minion > <color=green>200</color>
HTTP Request > Post https://api.teamwood.games/0.41/api/build/roll
HTTP Response > Post https://api.teamwood.games/0.41/api/build/roll > <color=green>200</color>
HTTP Request > Post https://api.teamwood.games/0.41/api/build/roll
HTTP Response > Post https://api.teamwood.games/0.41/api/build/roll > <color=green>200</color>
HTTP Request > Post https://api.teamwood.games/0.41/api/build/roll
HTTP Response > Post https://api.teamwood.games/0.41/api/build/roll > <color=green>200</color>
HTTP Request > Post https://api.teamwood.games/0.41/api/build/roll
HTTP Response > Post https://api.teamwood.games/0.41/api/build/roll > <color=green>200</color>
HTTP Request > Post https://api.teamwood.games/0.41/api/build/end
HTTP Response > Post https://api.teamwood.games/0.41/api/build/end > <color=green>200</color>
HTTP Request > Post https://api.teamwood.games/0.41/api/versus/ready
Hub Change Player Count > 9f308f24-5999-4ed1-ac88-3e9d1fa71008
Handling match update.
Merging models.
HTTP Response > Post https://api.teamwood.games/0.41/api/versus/ready > <color=green>200</color>
Handling match update.
Merging models.
Load battle after ready.
Participation battle has already been watched.
Spacewood.Unity.MonoBehaviours.Build.<ReadyAsync>d__30:MoveNext()
Cysharp.Threading.Tasks.UniTaskCompletionSourceCore`1:TrySetResult(TResult)
Spacewood.Unity.<ReadyRequestAsync>d__4:MoveNext()
Cysharp.Threading.Tasks.UniTaskCompletionSourceCore`1:TrySetResult(TResult)
Spacewood.Unity.<ReadyVersusAsync>d__164:MoveNext()
Cysharp.Threading.Tasks.UniTaskCompletionSourceCore`1:TrySetResult(TResult)
Spacewood.Unity.<SendAndRetryHttpRequestAsync>d__181`1:MoveNext()
Cysharp.Threading.Tasks.UniTaskCompletionSourceCore`1:TrySetResult(TResult)
Spacewood.Unity.<SendHttpResponseAsync>d__182`1:MoveNext()
System.Threading.Tasks.AwaitTaskContinuation:RunCallback(ContextCallback, Object, Task&)
System.Threading.Tasks.Task:FinishContinuations()
System.Threading.Tasks.Task`1:TrySetResult(TResult)
System.Threading.Tasks.TaskCompletionSource`1:TrySetResult(TResult)
BestHTTP.Core.RequestEventHelper:HandleRequestStateChange(RequestEventInfo)
BestHTTP.Core.RequestEventHelper:ProcessQueue()
BestHTTP.HTTPManager:OnUpdate()
BestHTTP.HTTPUpdateDelegator:CallOnUpdate()

HTTP Request > Get https://api.teamwood.games/0.41/api/user/participation/9f308f24-5999-4ed1-ac88-3e9d1fa71008
HTTP Response > Get https://api.teamwood.games/0.41/api/user/participation/9f308f24-5999-4ed1-ac88-3e9d1fa71008 > <color=green>200</color>
Handling match update.
Merging models.
Hub Change > 9f308f24-5999-4ed1-ac88-3e9d1fa71008
Handling match update.
Load battle because new was found.
HTTP Request > Get https://api.teamwood.games/0.41/api/battle/get/6a7e3907-90ef-47fd-8c69-52be500a9274
HTTP Response > Get https://api.teamwood.games/0.41/api/battle/get/6a7e3907-90ef-47fd-8c69-52be500a9274 > <color=green>200</color>
Unloading 7 Unused Serialized files (Serialized files now loaded: 6)
SyncManager > Watch > 
Abort all requests
[PhysX] Initialized MultithreadedTaskDispatcher with 12 workers.
UnloadTime: 10.681519 ms
Added pool 'particles'
Unloading 1067 unused Assets to reduce memory usage. Loaded Objects now: 58932.
Total: 52.124365 ms (FindLiveObjects: 3.327158 ms CreateObjectMapping: 2.911843 ms MarkObjects: 44.383232 ms  DeleteObjects: 1.501722 ms)

[INFO] Battle Starting: master seed 1026506756, player seed: -1973254449, opponent seed: 234299692
T: 4003.737 - MasterAudio: Polyphony limit of group: Smash exceeded and no playing Variation is usable for Retrigger Limit Mode. Will not play this sound for this instance.
T: 4020.51 - MasterAudio: Polyphony limit of group: Smash exceeded and no playing Variation is usable for Retrigger Limit Mode. Will not play this sound for this instance.
Watch battle for participation 9f308f24-5999-4ed1-ac88-3e9d1fa71008
Watch battle 6a7e3907-90ef-47fd-8c69-52be500a9274
HTTP Request > Post https://api.teamwood.games/0.41/api/versus/watch
HTTP Response > Post https://api.teamwood.games/0.41/api/versus/watch > <color=green>200</color>
[INFO] Battle completed, outcome: PlayerWon, masterSeed: 1026506756, end result: -1496902557
Unloading 6 Unused Serialized files (Serialized files now loaded: 6)
Abort all requests
[PhysX] Initialized MultithreadedTaskDispatcher with 12 workers.
UnloadTime: 7.409306 ms
Unloading 64 unused Assets to reduce memory usage. Loaded Objects now: 63130.
Total: 50.570672 ms (FindLiveObjects: 3.472994 ms CreateObjectMapping: 2.103630 ms MarkObjects: 44.530432 ms  DeleteObjects: 0.463210 ms)

SyncManager > Watch > 9f308f24-5999-4ed1-ac88-3e9d1fa71008
HTTP Request > Post https://api.teamwood.games/0.41/api/build/start
HTTP Response > Post https://api.teamwood.games/0.41/api/build/start > <color=green>200</color>
HTTP Request > Post https://api.teamwood.games/0.41/api/build/sell
HTTP Response > Post https://api.teamwood.games/0.41/api/build/sell > <color=green>200</color>
HTTP Request > Post https://api.teamwood.games/0.41/api/build/play-minion
HTTP Response > Post https://api.teamwood.games/0.41/api/build/play-minion > <color=green>200</color>
HTTP Request > Post https://api.teamwood.games/0.41/api/build/play-minion
HTTP Response > Post https://api.teamwood.games/0.41/api/build/play-minion > <color=green>200</color>
HTTP Request > Post https://api.teamwood.games/0.41/api/build/roll
HTTP Response > Post https://api.teamwood.games/0.41/api/build/roll > <color=green>200</color>
HTTP Request > Post https://api.teamwood.games/0.41/api/build/play-minion
HTTP Response > Post https://api.teamwood.games/0.41/api/build/play-minion > <color=green>200</color>
HTTP Request > Post https://api.teamwood.games/0.41/api/build/play-minion
HTTP Response > Post https://api.teamwood.games/0.41/api/build/play-minion > <color=green>200</color>
HTTP Request > Post https://api.teamwood.games/0.41/api/build/roll
HTTP Response > Post https://api.teamwood.games/0.41/api/build/roll > <color=green>200</color>
HTTP Request > Post https://api.teamwood.games/0.41/api/build/end
HTTP Response > Post https://api.teamwood.games/0.41/api/build/end > <color=green>200</color>
HTTP Request > Post https://api.teamwood.games/0.41/api/versus/ready
Hub Change Player Count > 9f308f24-5999-4ed1-ac88-3e9d1fa71008
Handling match update.
Merging models.
HTTP Response > Post https://api.teamwood.games/0.41/api/versus/ready > <color=green>200</color>
Handling match update.
Merging models.
Load battle after ready.
Participation battle has already been watched.
Spacewood.Unity.MonoBehaviours.Build.<ReadyAsync>d__30:MoveNext()
Cysharp.Threading.Tasks.UniTaskCompletionSourceCore`1:TrySetResult(TResult)
Spacewood.Unity.<ReadyRequestAsync>d__4:MoveNext()
Cysharp.Threading.Tasks.UniTaskCompletionSourceCore`1:TrySetResult(TResult)
Spacewood.Unity.<ReadyVersusAsync>d__164:MoveNext()
Cysharp.Threading.Tasks.UniTaskCompletionSourceCore`1:TrySetResult(TResult)
Spacewood.Unity.<SendAndRetryHttpRequestAsync>d__181`1:MoveNext()
Cysharp.Threading.Tasks.UniTaskCompletionSourceCore`1:TrySetResult(TResult)
Spacewood.Unity.<SendHttpResponseAsync>d__182`1:MoveNext()
System.Threading.Tasks.AwaitTaskContinuation:RunCallback(ContextCallback, Object, Task&)
System.Threading.Tasks.Task:FinishContinuations()
System.Threading.Tasks.Task`1:TrySetResult(TResult)
System.Threading.Tasks.TaskCompletionSource`1:TrySetResult(TResult)
BestHTTP.Core.RequestEventHelper:HandleRequestStateChange(RequestEventInfo)
BestHTTP.Core.RequestEventHelper:ProcessQueue()
BestHTTP.HTTPManager:OnUpdate()
BestHTTP.HTTPUpdateDelegator:CallOnUpdate()

HTTP Request > Get https://api.teamwood.games/0.41/api/user/participation/9f308f24-5999-4ed1-ac88-3e9d1fa71008
HTTP Response > Get https://api.teamwood.games/0.41/api/user/participation/9f308f24-5999-4ed1-ac88-3e9d1fa71008 > <color=green>200</color>
Handling match update.
Merging models.
HTTP Request > Get https://api.teamwood.games/0.41/api/user/participation/9f308f24-5999-4ed1-ac88-3e9d1fa71008
HTTP Response > Get https://api.teamwood.games/0.41/api/user/participation/9f308f24-5999-4ed1-ac88-3e9d1fa71008 > <color=green>200</color>
Handling match update.
Merging models.
HTTP Request > Get https://api.teamwood.games/0.41/api/user/participation/9f308f24-5999-4ed1-ac88-3e9d1fa71008
HTTP Response > Get https://api.teamwood.games/0.41/api/user/participation/9f308f24-5999-4ed1-ac88-3e9d1fa71008 > <color=green>200</color>
Handling match update.
Merging models.
HTTP Request > Get https://api.teamwood.games/0.41/api/user/participation/9f308f24-5999-4ed1-ac88-3e9d1fa71008
HTTP Response > Get https://api.teamwood.games/0.41/api/user/participation/9f308f24-5999-4ed1-ac88-3e9d1fa71008 > <color=green>200</color>
Handling match update.
Merging models.
Hub Change > 9f308f24-5999-4ed1-ac88-3e9d1fa71008
Handling match update.
Load battle because new was found.
HTTP Request > Get https://api.teamwood.games/0.41/api/battle/get/5dcc2734-aba9-4a89-bbf6-e29a2d2ddab8
HTTP Response > Get https://api.teamwood.games/0.41/api/battle/get/5dcc2734-aba9-4a89-bbf6-e29a2d2ddab8 > <color=green>200</color>
Unloading 7 Unused Serialized files (Serialized files now loaded: 6)
SyncManager > Watch > 
Abort all requests
[PhysX] Initialized MultithreadedTaskDispatcher with 12 workers.
UnloadTime: 9.291971 ms
Added pool 'particles'
Unloading 1041 unused Assets to reduce memory usage. Loaded Objects now: 58932.
Total: 52.072645 ms (FindLiveObjects: 3.314012 ms CreateObjectMapping: 2.151108 ms MarkObjects: 45.862899 ms  DeleteObjects: 0.744032 ms)

[INFO] Battle Starting: master seed -1205551687, player seed: -1973254449, opponent seed: 234299692
T: 4128.855 - MasterAudio: Polyphony limit of group: Smash exceeded and no playing Variation is usable for Retrigger Limit Mode. Will not play this sound for this instance.
Watch battle for participation 9f308f24-5999-4ed1-ac88-3e9d1fa71008
Watch battle 5dcc2734-aba9-4a89-bbf6-e29a2d2ddab8
HTTP Request > Post https://api.teamwood.games/0.41/api/versus/watch
HTTP Response > Post https://api.teamwood.games/0.41/api/versus/watch > <color=green>200</color>
[INFO] Battle completed, outcome: PlayerWon, masterSeed: -1205551687, end result: -1486500756
Unloading 6 Unused Serialized files (Serialized files now loaded: 6)
Abort all requests
[PhysX] Initialized MultithreadedTaskDispatcher with 12 workers.
UnloadTime: 7.785258 ms
Unloading 64 unused Assets to reduce memory usage. Loaded Objects now: 63320.
Total: 50.807013 ms (FindLiveObjects: 3.558386 ms CreateObjectMapping: 2.107556 ms MarkObjects: 44.684308 ms  DeleteObjects: 0.456348 ms)

SyncManager > Watch > 9f308f24-5999-4ed1-ac88-3e9d1fa71008
HTTP Request > Post https://api.teamwood.games/0.41/api/build/start
HTTP Response > Post https://api.teamwood.games/0.41/api/build/start > <color=green>200</color>
HTTP Request > Post https://api.teamwood.games/0.41/api/build/play-spell
HTTP Response > Post https://api.teamwood.games/0.41/api/build/play-spell > <color=green>200</color>
HTTP Request > Post https://api.teamwood.games/0.41/api/build/roll
HTTP Response > Post https://api.teamwood.games/0.41/api/build/roll > <color=green>200</color>
HTTP Request > Post https://api.teamwood.games/0.41/api/build/roll
HTTP Response > Post https://api.teamwood.games/0.41/api/build/roll > <color=green>200</color>
HTTP Request > Post https://api.teamwood.games/0.41/api/build/play-minion
HTTP Response > Post https://api.teamwood.games/0.41/api/build/play-minion > <color=green>200</color>
HTTP Request > Post https://api.teamwood.games/0.41/api/build/roll
HTTP Response > Post https://api.teamwood.games/0.41/api/build/roll > <color=green>200</color>
HTTP Request > Post https://api.teamwood.games/0.41/api/build/roll
HTTP Response > Post https://api.teamwood.games/0.41/api/build/roll > <color=green>200</color>
HTTP Request > Post https://api.teamwood.games/0.41/api/build/end
HTTP Response > Post https://api.teamwood.games/0.41/api/build/end > <color=green>200</color>
HTTP Request > Post https://api.teamwood.games/0.41/api/versus/ready
Hub Change Player Count > 9f308f24-5999-4ed1-ac88-3e9d1fa71008
Handling match update.
Merging models.
HTTP Response > Post https://api.teamwood.games/0.41/api/versus/ready > <color=green>200</color>
Handling match update.
Merging models.
Load battle after ready.
Participation battle has already been watched.
Spacewood.Unity.MonoBehaviours.Build.<ReadyAsync>d__30:MoveNext()
Cysharp.Threading.Tasks.UniTaskCompletionSourceCore`1:TrySetResult(TResult)
Spacewood.Unity.<ReadyRequestAsync>d__4:MoveNext()
Cysharp.Threading.Tasks.UniTaskCompletionSourceCore`1:TrySetResult(TResult)
Spacewood.Unity.<ReadyVersusAsync>d__164:MoveNext()
Cysharp.Threading.Tasks.UniTaskCompletionSourceCore`1:TrySetResult(TResult)
Spacewood.Unity.<SendAndRetryHttpRequestAsync>d__181`1:MoveNext()
Cysharp.Threading.Tasks.UniTaskCompletionSourceCore`1:TrySetResult(TResult)
Spacewood.Unity.<SendHttpResponseAsync>d__182`1:MoveNext()
System.Threading.Tasks.AwaitTaskContinuation:RunCallback(ContextCallback, Object, Task&)
System.Threading.Tasks.Task:FinishContinuations()
System.Threading.Tasks.Task`1:TrySetResult(TResult)
System.Threading.Tasks.TaskCompletionSource`1:TrySetResult(TResult)
BestHTTP.Core.RequestEventHelper:HandleRequestStateChange(RequestEventInfo)
BestHTTP.Core.RequestEventHelper:ProcessQueue()
BestHTTP.HTTPManager:OnUpdate()
BestHTTP.HTTPUpdateDelegator:CallOnUpdate()

HTTP Request > Get https://api.teamwood.games/0.41/api/user/participation/9f308f24-5999-4ed1-ac88-3e9d1fa71008
HTTP Response > Get https://api.teamwood.games/0.41/api/user/participation/9f308f24-5999-4ed1-ac88-3e9d1fa71008 > <color=green>200</color>
Handling match update.
Merging models.
HTTP Request > Get https://api.teamwood.games/0.41/api/user/participation/9f308f24-5999-4ed1-ac88-3e9d1fa71008
HTTP Response > Get https://api.teamwood.games/0.41/api/user/participation/9f308f24-5999-4ed1-ac88-3e9d1fa71008 > <color=green>200</color>
Handling match update.
Merging models.
HTTP Request > Get https://api.teamwood.games/0.41/api/user/participation/9f308f24-5999-4ed1-ac88-3e9d1fa71008
HTTP Response > Get https://api.teamwood.games/0.41/api/user/participation/9f308f24-5999-4ed1-ac88-3e9d1fa71008 > <color=green>200</color>
Handling match update.
Merging models.
Hub Change > 9f308f24-5999-4ed1-ac88-3e9d1fa71008
Handling match update.
Load battle because new was found.
HTTP Request > Get https://api.teamwood.games/0.41/api/battle/get/8da8a13d-edec-4340-bbb3-5736542b680c
HTTP Response > Get https://api.teamwood.games/0.41/api/battle/get/8da8a13d-edec-4340-bbb3-5736542b680c > <color=green>200</color>
Unloading 7 Unused Serialized files (Serialized files now loaded: 6)
SyncManager > Watch > 
Abort all requests
[PhysX] Initialized MultithreadedTaskDispatcher with 12 workers.
UnloadTime: 10.038939 ms
Added pool 'particles'
Unloading 1057 unused Assets to reduce memory usage. Loaded Objects now: 59122.
Total: 45.189949 ms (FindLiveObjects: 3.332998 ms CreateObjectMapping: 2.143275 ms MarkObjects: 38.874036 ms  DeleteObjects: 0.839234 ms)

[INFO] Battle Starting: master seed 113589482, player seed: -1973254449, opponent seed: 234299692
T: 4245.262 - MasterAudio: Polyphony limit of group: Smash exceeded and no playing Variation is usable for Retrigger Limit Mode. Will not play this sound for this instance.
T: 4257.631 - MasterAudio: Polyphony limit of group: Smash exceeded and no playing Variation is usable for Retrigger Limit Mode. Will not play this sound for this instance.
Watch battle for participation 9f308f24-5999-4ed1-ac88-3e9d1fa71008
Watch battle 8da8a13d-edec-4340-bbb3-5736542b680c
HTTP Request > Post https://api.teamwood.games/0.41/api/versus/watch
HTTP Response > Post https://api.teamwood.games/0.41/api/versus/watch > <color=green>200</color>
[INFO] Battle completed, outcome: PlayerWon, masterSeed: 113589482, end result: 845948043
Unloading 6 Unused Serialized files (Serialized files now loaded: 6)
Abort all requests
[PhysX] Initialized MultithreadedTaskDispatcher with 12 workers.
UnloadTime: 7.283054 ms
Unloading 62 unused Assets to reduce memory usage. Loaded Objects now: 63319.
Total: 52.220459 ms (FindLiveObjects: 3.489560 ms CreateObjectMapping: 2.182527 ms MarkObjects: 46.019171 ms  DeleteObjects: 0.528855 ms)

SyncManager > Watch > 9f308f24-5999-4ed1-ac88-3e9d1fa71008
HTTP Request > Post https://api.teamwood.games/0.41/api/build/start
HTTP Response > Post https://api.teamwood.games/0.41/api/build/start > <color=green>200</color>
HTTP Request > Post https://api.teamwood.games/0.41/api/build/play-minion
HTTP Response > Post https://api.teamwood.games/0.41/api/build/play-minion > <color=green>200</color>
HTTP Request > Post https://api.teamwood.games/0.41/api/build/play-spell
HTTP Response > Post https://api.teamwood.games/0.41/api/build/play-spell > <color=green>200</color>
HTTP Request > Post https://api.teamwood.games/0.41/api/build/roll
HTTP Response > Post https://api.teamwood.games/0.41/api/build/roll > <color=green>200</color>
HTTP Request > Post https://api.teamwood.games/0.41/api/build/play-spell
HTTP Response > Post https://api.teamwood.games/0.41/api/build/play-spell > <color=green>200</color>
HTTP Request > Post https://api.teamwood.games/0.41/api/build/end
HTTP Response > Post https://api.teamwood.games/0.41/api/build/end > <color=green>200</color>
HTTP Request > Post https://api.teamwood.games/0.41/api/versus/ready
Hub Change Player Count > 9f308f24-5999-4ed1-ac88-3e9d1fa71008
Handling match update.
Merging models.
HTTP Response > Post https://api.teamwood.games/0.41/api/versus/ready > <color=green>200</color>
Handling match update.
Merging models.
Load battle after ready.
Participation battle has already been watched.
Spacewood.Unity.MonoBehaviours.Build.<ReadyAsync>d__30:MoveNext()
Cysharp.Threading.Tasks.UniTaskCompletionSourceCore`1:TrySetResult(TResult)
Spacewood.Unity.<ReadyRequestAsync>d__4:MoveNext()
Cysharp.Threading.Tasks.UniTaskCompletionSourceCore`1:TrySetResult(TResult)
Spacewood.Unity.<ReadyVersusAsync>d__164:MoveNext()
Cysharp.Threading.Tasks.UniTaskCompletionSourceCore`1:TrySetResult(TResult)
Spacewood.Unity.<SendAndRetryHttpRequestAsync>d__181`1:MoveNext()
Cysharp.Threading.Tasks.UniTaskCompletionSourceCore`1:TrySetResult(TResult)
Spacewood.Unity.<SendHttpResponseAsync>d__182`1:MoveNext()
System.Threading.Tasks.AwaitTaskContinuation:RunCallback(ContextCallback, Object, Task&)
System.Threading.Tasks.Task:FinishContinuations()
System.Threading.Tasks.Task`1:TrySetResult(TResult)
System.Threading.Tasks.TaskCompletionSource`1:TrySetResult(TResult)
BestHTTP.Core.RequestEventHelper:HandleRequestStateChange(RequestEventInfo)
BestHTTP.Core.RequestEventHelper:ProcessQueue()
BestHTTP.HTTPManager:OnUpdate()
BestHTTP.HTTPUpdateDelegator:CallOnUpdate()

HTTP Request > Get https://api.teamwood.games/0.41/api/user/participation/9f308f24-5999-4ed1-ac88-3e9d1fa71008
HTTP Response > Get https://api.teamwood.games/0.41/api/user/participation/9f308f24-5999-4ed1-ac88-3e9d1fa71008 > <color=green>200</color>
Handling match update.
Merging models.
HTTP Request > Get https://api.teamwood.games/0.41/api/user/participation/9f308f24-5999-4ed1-ac88-3e9d1fa71008
HTTP Response > Get https://api.teamwood.games/0.41/api/user/participation/9f308f24-5999-4ed1-ac88-3e9d1fa71008 > <color=green>200</color>
Handling match update.
Merging models.
HTTP Request > Get https://api.teamwood.games/0.41/api/user/participation/9f308f24-5999-4ed1-ac88-3e9d1fa71008
HTTP Response > Get https://api.teamwood.games/0.41/api/user/participation/9f308f24-5999-4ed1-ac88-3e9d1fa71008 > <color=green>200</color>
Handling match update.
Merging models.
HTTP Request > Get https://api.teamwood.games/0.41/api/user/participation/9f308f24-5999-4ed1-ac88-3e9d1fa71008
HTTP Response > Get https://api.teamwood.games/0.41/api/user/participation/9f308f24-5999-4ed1-ac88-3e9d1fa71008 > <color=green>200</color>
Handling match update.
Merging models.
Hub Change > 9f308f24-5999-4ed1-ac88-3e9d1fa71008
Handling match update.
Load battle because new was found.
HTTP Request > Get https://api.teamwood.games/0.41/api/battle/get/0960c434-c3bb-4cdb-8ed9-6bed22c35547
HTTP Response > Get https://api.teamwood.games/0.41/api/battle/get/0960c434-c3bb-4cdb-8ed9-6bed22c35547 > <color=green>200</color>
Unloading 7 Unused Serialized files (Serialized files now loaded: 6)
SyncManager > Watch > 
Abort all requests
[PhysX] Initialized MultithreadedTaskDispatcher with 12 workers.
UnloadTime: 9.582243 ms
Added pool 'particles'
Unloading 1005 unused Assets to reduce memory usage. Loaded Objects now: 59122.
Total: 46.464660 ms (FindLiveObjects: 3.399016 ms CreateObjectMapping: 2.133032 ms MarkObjects: 39.804734 ms  DeleteObjects: 1.127457 ms)

[INFO] Battle Starting: master seed -262649602, player seed: -1973254449, opponent seed: 234299692
T: 4343.147 - MasterAudio: Polyphony limit of group: Smash exceeded and no playing Variation is usable for Retrigger Limit Mode. Will not play this sound for this instance.
T: 4365.538 - MasterAudio: Polyphony limit of group: Smash exceeded and no playing Variation is usable for Retrigger Limit Mode. Will not play this sound for this instance.
Watch battle for participation 9f308f24-5999-4ed1-ac88-3e9d1fa71008
Watch battle 0960c434-c3bb-4cdb-8ed9-6bed22c35547
HTTP Request > Post https://api.teamwood.games/0.41/api/versus/watch
HTTP Response > Post https://api.teamwood.games/0.41/api/versus/watch > <color=green>200</color>
[INFO] Battle completed, outcome: PlayerWon, masterSeed: -262649602, end result: 1550185455
Unloading 6 Unused Serialized files (Serialized files now loaded: 6)
Abort all requests
[PhysX] Initialized MultithreadedTaskDispatcher with 12 workers.
UnloadTime: 7.403361 ms
Unloading 62 unused Assets to reduce memory usage. Loaded Objects now: 63319.
Total: 51.558041 ms (FindLiveObjects: 3.803271 ms CreateObjectMapping: 2.244673 ms MarkObjects: 45.082814 ms  DeleteObjects: 0.426804 ms)

SyncManager > Watch > 9f308f24-5999-4ed1-ac88-3e9d1fa71008
HTTP Request > Post https://api.teamwood.games/0.41/api/build/start
HTTP Response > Post https://api.teamwood.games/0.41/api/build/start > <color=green>200</color>
HTTP Request > Post https://api.teamwood.games/0.41/api/build/roll
HTTP Response > Post https://api.teamwood.games/0.41/api/build/roll > <color=green>200</color>
HTTP Request > Post https://api.teamwood.games/0.41/api/build/play-spell
HTTP Response > Post https://api.teamwood.games/0.41/api/build/play-spell > <color=green>200</color>
HTTP Request > Post https://api.teamwood.games/0.41/api/build/roll
HTTP Response > Post https://api.teamwood.games/0.41/api/build/roll > <color=green>200</color>
HTTP Request > Post https://api.teamwood.games/0.41/api/build/roll
HTTP Response > Post https://api.teamwood.games/0.41/api/build/roll > <color=green>200</color>
HTTP Request > Post https://api.teamwood.games/0.41/api/build/play-minion
HTTP Response > Post https://api.teamwood.games/0.41/api/build/play-minion > <color=green>200</color>
HTTP Request > Post https://api.teamwood.games/0.41/api/build/roll
HTTP Response > Post https://api.teamwood.games/0.41/api/build/roll > <color=green>200</color>
Hub Change Player Count > 9f308f24-5999-4ed1-ac88-3e9d1fa71008
Handling match update.
Merging models.
HTTP Request > Post https://api.teamwood.games/0.41/api/build/end
HTTP Response > Post https://api.teamwood.games/0.41/api/build/end > <color=green>200</color>
HTTP Request > Post https://api.teamwood.games/0.41/api/versus/ready
Hub Change > 9f308f24-5999-4ed1-ac88-3e9d1fa71008
Handling match update.
Load battle because new was found.
HTTP Response > Post https://api.teamwood.games/0.41/api/versus/ready > <color=green>200</color>
Handling match update.
Load battle because new was found.
Loading battle was blocked.
Load battle after ready.
Loading battle was blocked.
HTTP Request > Get https://api.teamwood.games/0.41/api/battle/get/1700fc7a-b746-4f49-ae57-96c5e1207854
HTTP Response > Get https://api.teamwood.games/0.41/api/battle/get/1700fc7a-b746-4f49-ae57-96c5e1207854 > <color=green>200</color>
Unloading 7 Unused Serialized files (Serialized files now loaded: 6)
SyncManager > Watch > 
Abort all requests
[PhysX] Initialized MultithreadedTaskDispatcher with 12 workers.
UnloadTime: 23.452343 ms
Added pool 'particles'
Unloading 1061 unused Assets to reduce memory usage. Loaded Objects now: 59122.
Total: 46.107720 ms (FindLiveObjects: 4.275544 ms CreateObjectMapping: 2.359450 ms MarkObjects: 37.983370 ms  DeleteObjects: 1.488815 ms)

HTTP Request > Get https://api.teamwood.games/0.41/api/user/versus-participations
HTTP Response > Get https://api.teamwood.games/0.41/api/user/versus-participations > <color=green>200</color>
[INFO] Battle Starting: master seed 798542262, player seed: -1973254449, opponent seed: 234299692
T: 4449.734 - MasterAudio: Polyphony limit of group: Smash exceeded and no playing Variation is usable for Retrigger Limit Mode. Will not play this sound for this instance.
T: 4462.492 - MasterAudio: Polyphony limit of group: Smash exceeded and no playing Variation is usable for Retrigger Limit Mode. Will not play this sound for this instance.
Watch battle for participation 9f308f24-5999-4ed1-ac88-3e9d1fa71008
Watch battle 1700fc7a-b746-4f49-ae57-96c5e1207854
HTTP Request > Post https://api.teamwood.games/0.41/api/versus/watch
HTTP Response > Post https://api.teamwood.games/0.41/api/versus/watch > <color=green>200</color>
[INFO] Battle completed, outcome: PlayerWon, masterSeed: 798542262, end result: -1827763322
Unloading 6 Unused Serialized files (Serialized files now loaded: 6)
Abort all requests
[PhysX] Initialized MultithreadedTaskDispatcher with 12 workers.
UnloadTime: 7.609381 ms
Unloading 64 unused Assets to reduce memory usage. Loaded Objects now: 63320.
Total: 51.200164 ms (FindLiveObjects: 3.490513 ms CreateObjectMapping: 2.209806 ms MarkObjects: 44.941849 ms  DeleteObjects: 0.557310 ms)

SyncManager > Watch > 9f308f24-5999-4ed1-ac88-3e9d1fa71008
HTTP Request > Post https://api.teamwood.games/0.41/api/build/start
HTTP Response > Post https://api.teamwood.games/0.41/api/build/start > <color=green>200</color>
HTTP Request > Post https://api.teamwood.games/0.41/api/build/play-minion
HTTP Response > Post https://api.teamwood.games/0.41/api/build/play-minion > <color=green>200</color>
HTTP Request > Post https://api.teamwood.games/0.41/api/build/play-minion
HTTP Response > Post https://api.teamwood.games/0.41/api/build/play-minion > <color=green>200</color>
HTTP Request > Post https://api.teamwood.games/0.41/api/build/roll
HTTP Response > Post https://api.teamwood.games/0.41/api/build/roll > <color=green>200</color>
HTTP Request > Post https://api.teamwood.games/0.41/api/build/play-spell
HTTP Response > Post https://api.teamwood.games/0.41/api/build/play-spell > <color=green>200</color>
HTTP Request > Post https://api.teamwood.games/0.41/api/build/end
HTTP Response > Post https://api.teamwood.games/0.41/api/build/end > <color=green>200</color>
HTTP Request > Post https://api.teamwood.games/0.41/api/versus/ready
Hub Change Player Count > 9f308f24-5999-4ed1-ac88-3e9d1fa71008
Handling match update.
Merging models.
HTTP Response > Post https://api.teamwood.games/0.41/api/versus/ready > <color=green>200</color>
Handling match update.
Merging models.
Load battle after ready.
Participation battle has already been watched.
Spacewood.Unity.MonoBehaviours.Build.<ReadyAsync>d__30:MoveNext()
Cysharp.Threading.Tasks.UniTaskCompletionSourceCore`1:TrySetResult(TResult)
Spacewood.Unity.<ReadyRequestAsync>d__4:MoveNext()
Cysharp.Threading.Tasks.UniTaskCompletionSourceCore`1:TrySetResult(TResult)
Spacewood.Unity.<ReadyVersusAsync>d__164:MoveNext()
Cysharp.Threading.Tasks.UniTaskCompletionSourceCore`1:TrySetResult(TResult)
Spacewood.Unity.<SendAndRetryHttpRequestAsync>d__181`1:MoveNext()
Cysharp.Threading.Tasks.UniTaskCompletionSourceCore`1:TrySetResult(TResult)
Spacewood.Unity.<SendHttpResponseAsync>d__182`1:MoveNext()
System.Threading.Tasks.AwaitTaskContinuation:RunCallback(ContextCallback, Object, Task&)
System.Threading.Tasks.Task:FinishContinuations()
System.Threading.Tasks.Task`1:TrySetResult(TResult)
System.Threading.Tasks.TaskCompletionSource`1:TrySetResult(TResult)
BestHTTP.Core.RequestEventHelper:HandleRequestStateChange(RequestEventInfo)
BestHTTP.Core.RequestEventHelper:ProcessQueue()
BestHTTP.HTTPManager:OnUpdate()
BestHTTP.HTTPUpdateDelegator:CallOnUpdate()

HTTP Request > Get https://api.teamwood.games/0.41/api/user/participation/9f308f24-5999-4ed1-ac88-3e9d1fa71008
HTTP Response > Get https://api.teamwood.games/0.41/api/user/participation/9f308f24-5999-4ed1-ac88-3e9d1fa71008 > <color=green>200</color>
Handling match update.
Merging models.
HTTP Request > Get https://api.teamwood.games/0.41/api/user/participation/9f308f24-5999-4ed1-ac88-3e9d1fa71008
HTTP Response > Get https://api.teamwood.games/0.41/api/user/participation/9f308f24-5999-4ed1-ac88-3e9d1fa71008 > <color=green>200</color>
Handling match update.
Merging models.
HTTP Request > Get https://api.teamwood.games/0.41/api/user/participation/9f308f24-5999-4ed1-ac88-3e9d1fa71008
HTTP Response > Get https://api.teamwood.games/0.41/api/user/participation/9f308f24-5999-4ed1-ac88-3e9d1fa71008 > <color=green>200</color>
Handling match update.
Merging models.
Hub Change > 9f308f24-5999-4ed1-ac88-3e9d1fa71008
Handling match update.
Load battle because new was found.
HTTP Request > Get https://api.teamwood.games/0.41/api/battle/get/24728c01-6438-4350-8d13-cb044ab16846
HTTP Response > Get https://api.teamwood.games/0.41/api/battle/get/24728c01-6438-4350-8d13-cb044ab16846 > <color=green>200</color>
Unloading 7 Unused Serialized files (Serialized files now loaded: 6)
SyncManager > Watch > 
Abort all requests
[PhysX] Initialized MultithreadedTaskDispatcher with 12 workers.
UnloadTime: 9.302360 ms
Added pool 'particles'
Unloading 1015 unused Assets to reduce memory usage. Loaded Objects now: 59122.
Total: 45.410544 ms (FindLiveObjects: 3.377049 ms CreateObjectMapping: 2.017663 ms MarkObjects: 39.338926 ms  DeleteObjects: 0.676452 ms)

[INFO] Battle Starting: master seed 1671263170, player seed: -1973254449, opponent seed: 234299692
T: 4543.537 - MasterAudio: Polyphony limit of group: Smash exceeded and no playing Variation is usable for Retrigger Limit Mode. Will not play this sound for this instance.
T: 4556.29 - MasterAudio: Polyphony limit of group: Smash exceeded and no playing Variation is usable for Retrigger Limit Mode. Will not play this sound for this instance.
HTTP Request > Get https://api.teamwood.games/0.41/api/user/versus-participations
HTTP Response > Get https://api.teamwood.games/0.41/api/user/versus-participations > <color=green>200</color>
Watch battle for participation 9f308f24-5999-4ed1-ac88-3e9d1fa71008
Watch battle 24728c01-6438-4350-8d13-cb044ab16846
HTTP Request > Post https://api.teamwood.games/0.41/api/versus/watch
HTTP Response > Post https://api.teamwood.games/0.41/api/versus/watch > <color=green>200</color>
[INFO] Battle completed, outcome: PlayerWon, masterSeed: 1671263170, end result: -1556695830
Unloading 6 Unused Serialized files (Serialized files now loaded: 6)
Abort all requests
[PhysX] Initialized MultithreadedTaskDispatcher with 12 workers.
UnloadTime: 9.039723 ms
Unloading 68 unused Assets to reduce memory usage. Loaded Objects now: 63322.
Total: 51.701868 ms (FindLiveObjects: 3.706304 ms CreateObjectMapping: 2.145697 ms MarkObjects: 45.316694 ms  DeleteObjects: 0.532445 ms)

SyncManager > Watch > 9f308f24-5999-4ed1-ac88-3e9d1fa71008
HTTP Request > Post https://api.teamwood.games/0.41/api/build/start
HTTP Response > Post https://api.teamwood.games/0.41/api/build/start > <color=green>200</color>
HTTP Request > Post https://api.teamwood.games/0.41/api/build/play-spell
HTTP Response > Post https://api.teamwood.games/0.41/api/build/play-spell > <color=green>200</color>
HTTP Request > Post https://api.teamwood.games/0.41/api/build/roll
HTTP Response > Post https://api.teamwood.games/0.41/api/build/roll > <color=green>200</color>
HTTP Request > Post https://api.teamwood.games/0.41/api/build/roll
HTTP Response > Post https://api.teamwood.games/0.41/api/build/roll > <color=green>200</color>
HTTP Request > Post https://api.teamwood.games/0.41/api/build/roll
HTTP Response > Post https://api.teamwood.games/0.41/api/build/roll > <color=green>200</color>
HTTP Request > Post https://api.teamwood.games/0.41/api/build/play-minion
HTTP Response > Post https://api.teamwood.games/0.41/api/build/play-minion > <color=green>200</color>
HTTP Request > Post https://api.teamwood.games/0.41/api/build/roll
HTTP Response > Post https://api.teamwood.games/0.41/api/build/roll > <color=green>200</color>
HTTP Request > Post https://api.teamwood.games/0.41/api/build/end
HTTP Response > Post https://api.teamwood.games/0.41/api/build/end > <color=green>200</color>
HTTP Request > Post https://api.teamwood.games/0.41/api/versus/ready
Hub Change Player Count > 9f308f24-5999-4ed1-ac88-3e9d1fa71008
Handling match update.
Merging models.
HTTP Response > Post https://api.teamwood.games/0.41/api/versus/ready > <color=green>200</color>
Handling match update.
Merging models.
Load battle after ready.
Participation battle has already been watched.
Spacewood.Unity.MonoBehaviours.Build.<ReadyAsync>d__30:MoveNext()
Cysharp.Threading.Tasks.UniTaskCompletionSourceCore`1:TrySetResult(TResult)
Spacewood.Unity.<ReadyRequestAsync>d__4:MoveNext()
Cysharp.Threading.Tasks.UniTaskCompletionSourceCore`1:TrySetResult(TResult)
Spacewood.Unity.<ReadyVersusAsync>d__164:MoveNext()
Cysharp.Threading.Tasks.UniTaskCompletionSourceCore`1:TrySetResult(TResult)
Spacewood.Unity.<SendAndRetryHttpRequestAsync>d__181`1:MoveNext()
Cysharp.Threading.Tasks.UniTaskCompletionSourceCore`1:TrySetResult(TResult)
Spacewood.Unity.<SendHttpResponseAsync>d__182`1:MoveNext()
System.Threading.Tasks.AwaitTaskContinuation:RunCallback(ContextCallback, Object, Task&)
System.Threading.Tasks.Task:FinishContinuations()
System.Threading.Tasks.Task`1:TrySetResult(TResult)
System.Threading.Tasks.TaskCompletionSource`1:TrySetResult(TResult)
BestHTTP.Core.RequestEventHelper:HandleRequestStateChange(RequestEventInfo)
BestHTTP.Core.RequestEventHelper:ProcessQueue()
BestHTTP.HTTPManager:OnUpdate()
BestHTTP.HTTPUpdateDelegator:CallOnUpdate()

HTTP Request > Get https://api.teamwood.games/0.41/api/user/participation/9f308f24-5999-4ed1-ac88-3e9d1fa71008
HTTP Response > Get https://api.teamwood.games/0.41/api/user/participation/9f308f24-5999-4ed1-ac88-3e9d1fa71008 > <color=green>200</color>
Handling match update.
Merging models.
HTTP Request > Get https://api.teamwood.games/0.41/api/user/participation/9f308f24-5999-4ed1-ac88-3e9d1fa71008
HTTP Response > Get https://api.teamwood.games/0.41/api/user/participation/9f308f24-5999-4ed1-ac88-3e9d1fa71008 > <color=green>200</color>
Handling match update.
Merging models.
HTTP Request > Get https://api.teamwood.games/0.41/api/user/participation/9f308f24-5999-4ed1-ac88-3e9d1fa71008
HTTP Response > Get https://api.teamwood.games/0.41/api/user/participation/9f308f24-5999-4ed1-ac88-3e9d1fa71008 > <color=green>200</color>
Handling match update.
Merging models.
Hub Change > 9f308f24-5999-4ed1-ac88-3e9d1fa71008
Handling match update.
Load battle because new was found.
HTTP Request > Get https://api.teamwood.games/0.41/api/battle/get/73e723d3-8c6c-4cd8-9f2d-51870e560ad5
HTTP Response > Get https://api.teamwood.games/0.41/api/battle/get/73e723d3-8c6c-4cd8-9f2d-51870e560ad5 > <color=green>200</color>
Unloading 7 Unused Serialized files (Serialized files now loaded: 6)
SyncManager > Watch > 
Abort all requests
[PhysX] Initialized MultithreadedTaskDispatcher with 12 workers.
UnloadTime: 9.854166 ms
Added pool 'particles'
Unloading 1064 unused Assets to reduce memory usage. Loaded Objects now: 59122.
Total: 44.685519 ms (FindLiveObjects: 3.479485 ms CreateObjectMapping: 2.156710 ms MarkObjects: 38.095002 ms  DeleteObjects: 0.953784 ms)

[INFO] Battle Starting: master seed -379194934, player seed: -1973254449, opponent seed: 234299692
HTTP Request > Get https://api.teamwood.games/0.41/api/user/versus-participations
HTTP Response > Get https://api.teamwood.games/0.41/api/user/versus-participations > <color=green>200</color>
T: 4689.216 - MasterAudio: Polyphony limit of group: Smash exceeded and no playing Variation is usable for Retrigger Limit Mode. Will not play this sound for this instance.
T: 4700.22 - MasterAudio: Polyphony limit of group: Smash exceeded and no playing Variation is usable for Retrigger Limit Mode. Will not play this sound for this instance.
Watch battle for participation 9f308f24-5999-4ed1-ac88-3e9d1fa71008
Watch battle 73e723d3-8c6c-4cd8-9f2d-51870e560ad5
HTTP Request > Post https://api.teamwood.games/0.41/api/versus/watch
HTTP Response > Post https://api.teamwood.games/0.41/api/versus/watch > <color=green>200</color>
[INFO] Battle completed, outcome: EnemyWon, masterSeed: -379194934, end result: 29592267
Unloading 6 Unused Serialized files (Serialized files now loaded: 6)
Abort all requests
[PhysX] Initialized MultithreadedTaskDispatcher with 12 workers.
UnloadTime: 7.821776 ms
Unloading 67 unused Assets to reduce memory usage. Loaded Objects now: 63323.
Total: 57.132759 ms (FindLiveObjects: 3.460160 ms CreateObjectMapping: 2.132858 ms MarkObjects: 50.815140 ms  DeleteObjects: 0.724104 ms)

SyncManager > Watch > 9f308f24-5999-4ed1-ac88-3e9d1fa71008
HTTP Request > Post https://api.teamwood.games/0.41/api/build/start
HTTP Response > Post https://api.teamwood.games/0.41/api/build/start > <color=green>200</color>
HTTP Request > Post https://api.teamwood.games/0.41/api/build/play-spell
HTTP Response > Post https://api.teamwood.games/0.41/api/build/play-spell > <color=green>200</color>
[WARN] No events for a spell Spacewood.Core.Models.SpellModel, this is normally an error
Spacewood.Scripts.MonoBehaviours.Board.RenderAggregators.<Run>d__0:MoveNext()
Spacewood.Scripts.MonoBehaviours.Board.RenderAggregators.Spell:Run(SkipableStream`1)
Spacewood.Unity.MonoBehaviours.Board.<RenderBoardEventStream>d__17:MoveNext()
Spacewood.Unity.MonoBehaviours.Board.BoardRenderer:RenderBoardEventStream(IEnumerable`1)
Spacewood.Unity.MonoBehaviours.Board.<PlayEvent>d__27:MoveNext()
Spacewood.Unity.MonoBehaviours.Board.BoardController:PlayEvent(IBoardEvent, BoardModel, Int32)
Spacewood.Unity.MonoBehaviours.Build.<ResolveAsync>d__179:MoveNext()
Spacewood.Unity.MonoBehaviours.Build.HangarMain:Resolve(Int32, Nullable`1, IBoardEvent)
Spacewood.Unity.MonoBehaviours.Build.<PlaySpellAsync>d__12:MoveNext()
Cysharp.Threading.Tasks.UniTaskCompletionSourceCore`1:TrySetResult(TResult)
Spacewood.Unity.<PlaySpellAsync>d__84:MoveNext()
Cysharp.Threading.Tasks.UniTaskCompletionSourceCore`1:TrySetResult(TResult)
Spacewood.Unity.<SendAndRetryHttpRequestAsync>d__181`1:MoveNext()
Cysharp.Threading.Tasks.UniTaskCompletionSourceCore`1:TrySetResult(TResult)
Spacewood.Unity.<SendHttpResponseAsync>d__182`1:MoveNext()
System.Threading.Tasks.AwaitTaskContinuation:RunCallback(ContextCallback, Object, Task&)
System.Threading.Tasks.Task:FinishContinuations()
System.Threading.Tasks.Task`1:TrySetResult(TResult)
System.Threading.Tasks.TaskCompletionSource`1:TrySetResult(TResult)
BestHTTP.Core.RequestEventHelper:HandleRequestStateChange(RequestEventInfo)
BestHTTP.Core.RequestEventHelper:ProcessQueue()
BestHTTP.HTTPManager:OnUpdate()
BestHTTP.HTTPUpdateDelegator:CallOnUpdate()

HTTP Request > Post https://api.teamwood.games/0.41/api/build/roll
HTTP Response > Post https://api.teamwood.games/0.41/api/build/roll > <color=green>200</color>
HTTP Request > Post https://api.teamwood.games/0.41/api/build/play-minion
HTTP Response > Post https://api.teamwood.games/0.41/api/build/play-minion > <color=green>200</color>
HTTP Request > Post https://api.teamwood.games/0.41/api/build/play-spell
HTTP Response > Post https://api.teamwood.games/0.41/api/build/play-spell > <color=green>200</color>
HTTP Request > Post https://api.teamwood.games/0.41/api/build/end
HTTP Response > Post https://api.teamwood.games/0.41/api/build/end > <color=green>200</color>
HTTP Request > Post https://api.teamwood.games/0.41/api/versus/ready
Hub Change Player Count > 9f308f24-5999-4ed1-ac88-3e9d1fa71008
Handling match update.
Merging models.
HTTP Response > Post https://api.teamwood.games/0.41/api/versus/ready > <color=green>200</color>
Handling match update.
Merging models.
Load battle after ready.
Participation battle has already been watched.
Spacewood.Unity.MonoBehaviours.Build.<ReadyAsync>d__30:MoveNext()
Cysharp.Threading.Tasks.UniTaskCompletionSourceCore`1:TrySetResult(TResult)
Spacewood.Unity.<ReadyRequestAsync>d__4:MoveNext()
Cysharp.Threading.Tasks.UniTaskCompletionSourceCore`1:TrySetResult(TResult)
Spacewood.Unity.<ReadyVersusAsync>d__164:MoveNext()
Cysharp.Threading.Tasks.UniTaskCompletionSourceCore`1:TrySetResult(TResult)
Spacewood.Unity.<SendAndRetryHttpRequestAsync>d__181`1:MoveNext()
Cysharp.Threading.Tasks.UniTaskCompletionSourceCore`1:TrySetResult(TResult)
Spacewood.Unity.<SendHttpResponseAsync>d__182`1:MoveNext()
System.Threading.Tasks.AwaitTaskContinuation:RunCallback(ContextCallback, Object, Task&)
System.Threading.Tasks.Task:FinishContinuations()
System.Threading.Tasks.Task`1:TrySetResult(TResult)
System.Threading.Tasks.TaskCompletionSource`1:TrySetResult(TResult)
BestHTTP.Core.RequestEventHelper:HandleRequestStateChange(RequestEventInfo)
BestHTTP.Core.RequestEventHelper:ProcessQueue()
BestHTTP.HTTPManager:OnUpdate()
BestHTTP.HTTPUpdateDelegator:CallOnUpdate()

HTTP Request > Get https://api.teamwood.games/0.41/api/user/participation/9f308f24-5999-4ed1-ac88-3e9d1fa71008
HTTP Response > Get https://api.teamwood.games/0.41/api/user/participation/9f308f24-5999-4ed1-ac88-3e9d1fa71008 > <color=green>200</color>
Handling match update.
Merging models.
HTTP Request > Get https://api.teamwood.games/0.41/api/user/participation/9f308f24-5999-4ed1-ac88-3e9d1fa71008
HTTP Response > Get https://api.teamwood.games/0.41/api/user/participation/9f308f24-5999-4ed1-ac88-3e9d1fa71008 > <color=green>200</color>
Handling match update.
Merging models.
HTTP Request > Get https://api.teamwood.games/0.41/api/battle/get/73e723d3-8c6c-4cd8-9f2d-51870e560ad5
HTTP Response > Get https://api.teamwood.games/0.41/api/battle/get/73e723d3-8c6c-4cd8-9f2d-51870e560ad5 > <color=green>200</color>
Unloading 7 Unused Serialized files (Serialized files now loaded: 6)
SyncManager > Watch > 
Abort all requests
[PhysX] Initialized MultithreadedTaskDispatcher with 12 workers.
UnloadTime: 10.645071 ms
Added pool 'particles'
Unloading 1015 unused Assets to reduce memory usage. Loaded Objects now: 59122.
Total: 48.873931 ms (FindLiveObjects: 3.357753 ms CreateObjectMapping: 2.129981 ms MarkObjects: 42.631619 ms  DeleteObjects: 0.754135 ms)

[INFO] Cancellation invoked
Unloading 6 Unused Serialized files (Serialized files now loaded: 6)
Abort all requests
[PhysX] Initialized MultithreadedTaskDispatcher with 12 workers.
UnloadTime: 7.591100 ms
Unloading 56 unused Assets to reduce memory usage. Loaded Objects now: 63319.
Total: 55.176784 ms (FindLiveObjects: 3.603272 ms CreateObjectMapping: 2.365580 ms MarkObjects: 48.427889 ms  DeleteObjects: 0.779357 ms)

SyncManager > Watch > 9f308f24-5999-4ed1-ac88-3e9d1fa71008
HTTP Request > Get https://api.teamwood.games/0.41/api/user/participation/9f308f24-5999-4ed1-ac88-3e9d1fa71008
HTTP Response > Get https://api.teamwood.games/0.41/api/user/participation/9f308f24-5999-4ed1-ac88-3e9d1fa71008 > <color=green>200</color>
Handling match update.
Merging models.
HTTP Request > Get https://api.teamwood.games/0.41/api/user/participation/9f308f24-5999-4ed1-ac88-3e9d1fa71008
HTTP Response > Get https://api.teamwood.games/0.41/api/user/participation/9f308f24-5999-4ed1-ac88-3e9d1fa71008 > <color=green>200</color>
Handling match update.
Merging models.
Hub Change > 9f308f24-5999-4ed1-ac88-3e9d1fa71008
Handling match update.
Load battle because new was found.
HTTP Request > Get https://api.teamwood.games/0.41/api/battle/get/f4ba9d54-ebc5-4c8c-af68-189f4817ff92
HTTP Response > Get https://api.teamwood.games/0.41/api/battle/get/f4ba9d54-ebc5-4c8c-af68-189f4817ff92 > <color=green>200</color>
Unloading 7 Unused Serialized files (Serialized files now loaded: 6)
SyncManager > Watch > 
Abort all requests
[PhysX] Initialized MultithreadedTaskDispatcher with 12 workers.
UnloadTime: 11.425719 ms
Added pool 'particles'
Unloading 970 unused Assets to reduce memory usage. Loaded Objects now: 59122.
Total: 46.158434 ms (FindLiveObjects: 3.354252 ms CreateObjectMapping: 2.208490 ms MarkObjects: 39.868488 ms  DeleteObjects: 0.726683 ms)

[INFO] Battle Starting: master seed 1386128536, player seed: -1973254449, opponent seed: 234299692
Watch battle for participation 9f308f24-5999-4ed1-ac88-3e9d1fa71008
Watch battle f4ba9d54-ebc5-4c8c-af68-189f4817ff92
HTTP Request > Post https://api.teamwood.games/0.41/api/versus/watch
HTTP Response > Post https://api.teamwood.games/0.41/api/versus/watch > <color=green>200</color>
Hub Stop
[INFO] Battle completed, outcome: PlayerWon, masterSeed: 1386128536, end result: 1568991953
Hub Closed
Unloading 5 Unused Serialized files (Serialized files now loaded: 6)
Abort all requests
[PhysX] Initialized MultithreadedTaskDispatcher with 12 workers.
UnloadTime: 7.592120 ms
Unloading 79 unused Assets to reduce memory usage. Loaded Objects now: 85715.
Total: 58.550629 ms (FindLiveObjects: 5.010574 ms CreateObjectMapping: 2.387236 ms MarkObjects: 50.667897 ms  DeleteObjects: 0.484355 ms)

Menu > Start
HTTP Request > Post https://api.teamwood.games/0.41/api/customize/background
HTTP Response > Post https://api.teamwood.games/0.41/api/customize/background > <color=green>200</color>
HTTP Request > Post https://api.teamwood.games/0.41/api/customize/cosmetic
HTTP Response > Post https://api.teamwood.games/0.41/api/customize/cosmetic > <color=green>200</color>
HTTP Request > Post https://api.teamwood.games/0.41/api/versus/create-skirmish
HTTP Response > Post https://api.teamwood.games/0.41/api/versus/create-skirmish > <color=green>200</color>
Hub Start
SyncManager > Watch > 6cc65a97-10b6-49f7-a9c3-7fb540e2857d
Hub Connected
Hub Started
HTTP Request > Get https://api.teamwood.games/0.41/api/user/participation/6cc65a97-10b6-49f7-a9c3-7fb540e2857d
HTTP Response > Get https://api.teamwood.games/0.41/api/user/participation/6cc65a97-10b6-49f7-a9c3-7fb540e2857d > <color=green>200</color>
HTTP Request > Get https://api.teamwood.games/0.41/api/user/participation/6cc65a97-10b6-49f7-a9c3-7fb540e2857d
HTTP Response > Get https://api.teamwood.games/0.41/api/user/participation/6cc65a97-10b6-49f7-a9c3-7fb540e2857d > <color=green>200</color>
Hub Change > 6cc65a97-10b6-49f7-a9c3-7fb540e2857d
HTTP Request > Post https://api.teamwood.games/0.41/api/versus/start-skirmish
HTTP Response > Post https://api.teamwood.games/0.41/api/versus/start-skirmish > <color=green>200</color>
Hub Change > 6cc65a97-10b6-49f7-a9c3-7fb540e2857d
Unloading 6 Unused Serialized files (Serialized files now loaded: 6)
Abort all requests
[PhysX] Initialized MultithreadedTaskDispatcher with 12 workers.
UnloadTime: 43.764649 ms
Unloading 105 unused Assets to reduce memory usage. Loaded Objects now: 63573.
Total: 56.414239 ms (FindLiveObjects: 3.619554 ms CreateObjectMapping: 2.190150 ms MarkObjects: 50.264351 ms  DeleteObjects: 0.339769 ms)

Unloading 6 Unused Serialized files (Serialized files now loaded: 6)
SyncManager > Watch > 
Abort all requests
[PhysX] Initialized MultithreadedTaskDispatcher with 12 workers.
UnloadTime: 9.228755 ms
Unloading 1 unused Assets to reduce memory usage. Loaded Objects now: 63573.
Total: 56.996345 ms (FindLiveObjects: 4.606924 ms CreateObjectMapping: 2.601637 ms MarkObjects: 49.643081 ms  DeleteObjects: 0.144154 ms)

SyncManager > Watch > 6cc65a97-10b6-49f7-a9c3-7fb540e2857d
HTTP Request > Post https://api.teamwood.games/0.41/api/build/start
HTTP Response > Post https://api.teamwood.games/0.41/api/build/start > <color=green>200</color>
HTTP Request > Post https://api.teamwood.games/0.41/api/build/roll
HTTP Response > Post https://api.teamwood.games/0.41/api/build/roll > <color=green>200</color>
HTTP Request > Post https://api.teamwood.games/0.41/api/build/play-minion
HTTP Response > Post https://api.teamwood.games/0.41/api/build/play-minion > <color=green>200</color>
HTTP Request > Post https://api.teamwood.games/0.41/api/build/play-minion
HTTP Response > Post https://api.teamwood.games/0.41/api/build/play-minion > <color=green>200</color>
HTTP Request > Post https://api.teamwood.games/0.41/api/build/roll
HTTP Response > Post https://api.teamwood.games/0.41/api/build/roll > <color=green>200</color>
HTTP Request > Post https://api.teamwood.games/0.41/api/build/roll
HTTP Response > Post https://api.teamwood.games/0.41/api/build/roll > <color=green>200</color>
HTTP Request > Post https://api.teamwood.games/0.41/api/build/roll
HTTP Response > Post https://api.teamwood.games/0.41/api/build/roll > <color=green>200</color>
Hub Change Player Count > 6cc65a97-10b6-49f7-a9c3-7fb540e2857d
Handling match update.
Merging models.
HTTP Request > Post https://api.teamwood.games/0.41/api/build/end
HTTP Response > Post https://api.teamwood.games/0.41/api/build/end > <color=green>200</color>
HTTP Request > Post https://api.teamwood.games/0.41/api/build/name
HTTP Response > Post https://api.teamwood.games/0.41/api/build/name > <color=green>200</color>
HTTP Request > Post https://api.teamwood.games/0.41/api/versus/ready
HTTP Response > Post https://api.teamwood.games/0.41/api/versus/ready > <color=green>200</color>
Handling match update.
Load battle because new was found.
Load battle after ready.
Loading battle was blocked.
HTTP Request > Get https://api.teamwood.games/0.41/api/battle/get/101b5c5f-8052-4328-b987-714b6a0eb02a
HTTP Response > Get https://api.teamwood.games/0.41/api/battle/get/101b5c5f-8052-4328-b987-714b6a0eb02a > <color=green>200</color>
Unloading 7 Unused Serialized files (Serialized files now loaded: 6)
SyncManager > Watch > 
Abort all requests
[PhysX] Initialized MultithreadedTaskDispatcher with 12 workers.
UnloadTime: 8.525421 ms
Added pool 'particles'
Unloading 1000 unused Assets to reduce memory usage. Loaded Objects now: 59383.
Total: 55.617664 ms (FindLiveObjects: 3.513654 ms CreateObjectMapping: 2.211001 ms MarkObjects: 48.574416 ms  DeleteObjects: 1.317418 ms)

Hub Change > 6cc65a97-10b6-49f7-a9c3-7fb540e2857d
[INFO] Battle Starting: master seed -1782675040, player seed: -1973254449, opponent seed: 234299692
HTTP Request > Get https://api.teamwood.games/0.41/api/user/versus-participations
HTTP Response > Get https://api.teamwood.games/0.41/api/user/versus-participations > <color=green>200</color>
T: 4929.19 - MasterAudio: Polyphony limit of group: Smash exceeded and no playing Variation is usable for Retrigger Limit Mode. Will not play this sound for this instance.
T: 4930.874 - MasterAudio: Polyphony limit of group: Smash exceeded and no playing Variation is usable for Retrigger Limit Mode. Will not play this sound for this instance.
Watch battle for participation 6cc65a97-10b6-49f7-a9c3-7fb540e2857d
Watch battle 101b5c5f-8052-4328-b987-714b6a0eb02a
HTTP Request > Post https://api.teamwood.games/0.41/api/versus/watch
HTTP Response > Post https://api.teamwood.games/0.41/api/versus/watch > <color=green>200</color>
[INFO] Battle completed, outcome: Draw, masterSeed: -1782675040, end result: 1479682384
Unloading 6 Unused Serialized files (Serialized files now loaded: 6)
Abort all requests
[PhysX] Initialized MultithreadedTaskDispatcher with 12 workers.
UnloadTime: 5.974762 ms
Unloading 47 unused Assets to reduce memory usage. Loaded Objects now: 63574.
Total: 64.255314 ms (FindLiveObjects: 3.901409 ms CreateObjectMapping: 2.299274 ms MarkObjects: 57.672348 ms  DeleteObjects: 0.381751 ms)

SyncManager > Watch > 6cc65a97-10b6-49f7-a9c3-7fb540e2857d
HTTP Request > Post https://api.teamwood.games/0.41/api/build/start
HTTP Response > Post https://api.teamwood.games/0.41/api/build/start > <color=green>200</color>
HTTP Request > Post https://api.teamwood.games/0.41/api/build/play-minion
HTTP Response > Post https://api.teamwood.games/0.41/api/build/play-minion > <color=green>200</color>
HTTP Request > Post https://api.teamwood.games/0.41/api/build/play-minion
HTTP Response > Post https://api.teamwood.games/0.41/api/build/play-minion > <color=green>200</color>
HTTP Request > Post https://api.teamwood.games/0.41/api/build/play-minion
HTTP Response > Post https://api.teamwood.games/0.41/api/build/play-minion > <color=green>200</color>
Hub Change Player Count > 6cc65a97-10b6-49f7-a9c3-7fb540e2857d
Handling match update.
Merging models.
HTTP Request > Post https://api.teamwood.games/0.41/api/build/roll
HTTP Response > Post https://api.teamwood.games/0.41/api/build/roll > <color=green>200</color>
HTTP Request > Post https://api.teamwood.games/0.41/api/build/end
HTTP Response > Post https://api.teamwood.games/0.41/api/build/end > <color=green>200</color>
HTTP Request > Post https://api.teamwood.games/0.41/api/versus/ready
HTTP Response > Post https://api.teamwood.games/0.41/api/versus/ready > <color=green>200</color>
Handling match update.
Load battle because new was found.
Load battle after ready.
Loading battle was blocked.
HTTP Request > Get https://api.teamwood.games/0.41/api/battle/get/8b9026ae-ad01-4496-a4ad-0c9e4c3883d9
HTTP Response > Get https://api.teamwood.games/0.41/api/battle/get/8b9026ae-ad01-4496-a4ad-0c9e4c3883d9 > <color=green>200</color>
Unloading 7 Unused Serialized files (Serialized files now loaded: 6)
SyncManager > Watch > 
Abort all requests
[PhysX] Initialized MultithreadedTaskDispatcher with 12 workers.
UnloadTime: 9.565704 ms
Added pool 'particles'
Unloading 985 unused Assets to reduce memory usage. Loaded Objects now: 59384.
Total: 56.940903 ms (FindLiveObjects: 3.369572 ms CreateObjectMapping: 2.069279 ms MarkObjects: 49.837346 ms  DeleteObjects: 1.663176 ms)

Hub Change > 6cc65a97-10b6-49f7-a9c3-7fb540e2857d
[INFO] Battle Starting: master seed -682669941, player seed: -1973254449, opponent seed: 234299692
T: 4984.115 - MasterAudio: Polyphony limit of group: Smash exceeded and no playing Variation is usable for Retrigger Limit Mode. Will not play this sound for this instance.
T: 4991.982 - MasterAudio: Polyphony limit of group: Smash exceeded and no playing Variation is usable for Retrigger Limit Mode. Will not play this sound for this instance.
T: 4999.384 - MasterAudio: Polyphony limit of group: Smash exceeded and no playing Variation is usable for Retrigger Limit Mode. Will not play this sound for this instance.
Watch battle for participation 6cc65a97-10b6-49f7-a9c3-7fb540e2857d
Watch battle 8b9026ae-ad01-4496-a4ad-0c9e4c3883d9
HTTP Request > Post https://api.teamwood.games/0.41/api/versus/watch
HTTP Response > Post https://api.teamwood.games/0.41/api/versus/watch > <color=green>200</color>
[INFO] Battle completed, outcome: Draw, masterSeed: -682669941, end result: 1718739430
Unloading 6 Unused Serialized files (Serialized files now loaded: 6)
Abort all requests
[PhysX] Initialized MultithreadedTaskDispatcher with 12 workers.
UnloadTime: 6.620749 ms
Unloading 54 unused Assets to reduce memory usage. Loaded Objects now: 63580.
Total: 57.431801 ms (FindLiveObjects: 3.525187 ms CreateObjectMapping: 2.247651 ms MarkObjects: 51.074954 ms  DeleteObjects: 0.583391 ms)

SyncManager > Watch > 6cc65a97-10b6-49f7-a9c3-7fb540e2857d
HTTP Request > Post https://api.teamwood.games/0.41/api/build/start
HTTP Response > Post https://api.teamwood.games/0.41/api/build/start > <color=green>200</color>
HTTP Request > Post https://api.teamwood.games/0.41/api/build/play-minion
HTTP Response > Post https://api.teamwood.games/0.41/api/build/play-minion > <color=green>200</color>
HTTP Request > Post https://api.teamwood.games/0.41/api/build/roll
HTTP Response > Post https://api.teamwood.games/0.41/api/build/roll > <color=green>200</color>
HTTP Request > Post https://api.teamwood.games/0.41/api/build/play-minion
HTTP Response > Post https://api.teamwood.games/0.41/api/build/play-minion > <color=green>200</color>
HTTP Request > Post https://api.teamwood.games/0.41/api/build/play-minion
HTTP Response > Post https://api.teamwood.games/0.41/api/build/play-minion > <color=green>200</color>
HTTP Request > Post https://api.teamwood.games/0.41/api/build/end
HTTP Response > Post https://api.teamwood.games/0.41/api/build/end > <color=green>200</color>
HTTP Request > Post https://api.teamwood.games/0.41/api/versus/ready
Hub Change Player Count > 6cc65a97-10b6-49f7-a9c3-7fb540e2857d
Handling match update.
Merging models.
HTTP Response > Post https://api.teamwood.games/0.41/api/versus/ready > <color=green>200</color>
Handling match update.
Merging models.
Load battle after ready.
Participation battle has already been watched.
Spacewood.Unity.MonoBehaviours.Build.<ReadyAsync>d__30:MoveNext()
Cysharp.Threading.Tasks.UniTaskCompletionSourceCore`1:TrySetResult(TResult)
Spacewood.Unity.<ReadyRequestAsync>d__4:MoveNext()
Cysharp.Threading.Tasks.UniTaskCompletionSourceCore`1:TrySetResult(TResult)
Spacewood.Unity.<ReadyVersusAsync>d__164:MoveNext()
Cysharp.Threading.Tasks.UniTaskCompletionSourceCore`1:TrySetResult(TResult)
Spacewood.Unity.<SendAndRetryHttpRequestAsync>d__181`1:MoveNext()
Cysharp.Threading.Tasks.UniTaskCompletionSourceCore`1:TrySetResult(TResult)
Spacewood.Unity.<SendHttpResponseAsync>d__182`1:MoveNext()
System.Threading.Tasks.AwaitTaskContinuation:RunCallback(ContextCallback, Object, Task&)
System.Threading.Tasks.Task:FinishContinuations()
System.Threading.Tasks.Task`1:TrySetResult(TResult)
System.Threading.Tasks.TaskCompletionSource`1:TrySetResult(TResult)
BestHTTP.Core.RequestEventHelper:HandleRequestStateChange(RequestEventInfo)
BestHTTP.Core.RequestEventHelper:ProcessQueue()
BestHTTP.HTTPManager:OnUpdate()
BestHTTP.HTTPUpdateDelegator:CallOnUpdate()

HTTP Request > Get https://api.teamwood.games/0.41/api/user/participation/6cc65a97-10b6-49f7-a9c3-7fb540e2857d
HTTP Response > Get https://api.teamwood.games/0.41/api/user/participation/6cc65a97-10b6-49f7-a9c3-7fb540e2857d > <color=green>200</color>
Handling match update.
Merging models.
Hub Change > 6cc65a97-10b6-49f7-a9c3-7fb540e2857d
Handling match update.
Load battle because new was found.
HTTP Request > Get https://api.teamwood.games/0.41/api/battle/get/0cf0e768-36a4-49e4-9a99-eeda47553b4f
HTTP Response > Get https://api.teamwood.games/0.41/api/battle/get/0cf0e768-36a4-49e4-9a99-eeda47553b4f > <color=green>200</color>
Unloading 7 Unused Serialized files (Serialized files now loaded: 6)
SyncManager > Watch > 
Abort all requests
[PhysX] Initialized MultithreadedTaskDispatcher with 12 workers.
UnloadTime: 8.549286 ms
Added pool 'particles'
Unloading 989 unused Assets to reduce memory usage. Loaded Objects now: 59385.
Total: 56.186027 ms (FindLiveObjects: 3.418521 ms CreateObjectMapping: 2.081546 ms MarkObjects: 49.217234 ms  DeleteObjects: 1.467949 ms)

[INFO] Battle Starting: master seed -916030748, player seed: -1973254449, opponent seed: 234299692
T: 5071.09 - MasterAudio: Polyphony limit of group: Smash exceeded and no playing Variation is usable for Retrigger Limit Mode. Will not play this sound for this instance.
T: 5075.375 - MasterAudio: Polyphony limit of group: Smash exceeded and no playing Variation is usable for Retrigger Limit Mode. Will not play this sound for this instance.
T: 5083.328 - MasterAudio: Polyphony limit of group: Smash exceeded and no playing Variation is usable for Retrigger Limit Mode. Will not play this sound for this instance.
Watch battle for participation 6cc65a97-10b6-49f7-a9c3-7fb540e2857d
Watch battle 0cf0e768-36a4-49e4-9a99-eeda47553b4f
HTTP Request > Post https://api.teamwood.games/0.41/api/versus/watch
HTTP Response > Post https://api.teamwood.games/0.41/api/versus/watch > <color=green>200</color>
[INFO] Battle completed, outcome: PlayerWon, masterSeed: -916030748, end result: -528654807
Unloading 6 Unused Serialized files (Serialized files now loaded: 6)
Abort all requests
[PhysX] Initialized MultithreadedTaskDispatcher with 12 workers.
UnloadTime: 7.628180 ms
Unloading 61 unused Assets to reduce memory usage. Loaded Objects now: 63583.
Total: 61.688240 ms (FindLiveObjects: 3.680090 ms CreateObjectMapping: 2.201298 ms MarkObjects: 55.327055 ms  DeleteObjects: 0.479267 ms)

SyncManager > Watch > 6cc65a97-10b6-49f7-a9c3-7fb540e2857d
HTTP Request > Post https://api.teamwood.games/0.41/api/build/start
HTTP Response > Post https://api.teamwood.games/0.41/api/build/start > <color=green>200</color>
HTTP Request > Post https://api.teamwood.games/0.41/api/build/play-minion
HTTP Response > Post https://api.teamwood.games/0.41/api/build/play-minion > <color=green>200</color>
HTTP Request > Post https://api.teamwood.games/0.41/api/build/roll
HTTP Response > Post https://api.teamwood.games/0.41/api/build/roll > <color=green>200</color>
HTTP Request > Post https://api.teamwood.games/0.41/api/build/roll
HTTP Response > Post https://api.teamwood.games/0.41/api/build/roll > <color=green>200</color>
HTTP Request > Post https://api.teamwood.games/0.41/api/build/roll
HTTP Response > Post https://api.teamwood.games/0.41/api/build/roll > <color=green>200</color>
HTTP Request > Post https://api.teamwood.games/0.41/api/build/roll
HTTP Response > Post https://api.teamwood.games/0.41/api/build/roll > <color=green>200</color>
HTTP Request > Post https://api.teamwood.games/0.41/api/build/roll
HTTP Response > Post https://api.teamwood.games/0.41/api/build/roll > <color=green>200</color>
HTTP Request > Post https://api.teamwood.games/0.41/api/build/roll
HTTP Response > Post https://api.teamwood.games/0.41/api/build/roll > <color=green>200</color>
HTTP Request > Post https://api.teamwood.games/0.41/api/build/sell
HTTP Response > Post https://api.teamwood.games/0.41/api/build/sell > <color=green>200</color>
HTTP Request > Post https://api.teamwood.games/0.41/api/build/play-minion
HTTP Response > Post https://api.teamwood.games/0.41/api/build/play-minion > <color=green>200</color>
HTTP Request > Post https://api.teamwood.games/0.41/api/build/end
HTTP Response > Post https://api.teamwood.games/0.41/api/build/end > <color=green>200</color>
HTTP Request > Post https://api.teamwood.games/0.41/api/versus/ready
Hub Change Player Count > 6cc65a97-10b6-49f7-a9c3-7fb540e2857d
Handling match update.
Merging models.
HTTP Response > Post https://api.teamwood.games/0.41/api/versus/ready > <color=green>200</color>
Handling match update.
Merging models.
Load battle after ready.
Participation battle has already been watched.
Spacewood.Unity.MonoBehaviours.Build.<ReadyAsync>d__30:MoveNext()
Cysharp.Threading.Tasks.UniTaskCompletionSourceCore`1:TrySetResult(TResult)
Spacewood.Unity.<ReadyRequestAsync>d__4:MoveNext()
Cysharp.Threading.Tasks.UniTaskCompletionSourceCore`1:TrySetResult(TResult)
Spacewood.Unity.<ReadyVersusAsync>d__164:MoveNext()
Cysharp.Threading.Tasks.UniTaskCompletionSourceCore`1:TrySetResult(TResult)
Spacewood.Unity.<SendAndRetryHttpRequestAsync>d__181`1:MoveNext()
Cysharp.Threading.Tasks.UniTaskCompletionSourceCore`1:TrySetResult(TResult)
Spacewood.Unity.<SendHttpResponseAsync>d__182`1:MoveNext()
System.Threading.Tasks.AwaitTaskContinuation:RunCallback(ContextCallback, Object, Task&)
System.Threading.Tasks.Task:FinishContinuations()
System.Threading.Tasks.Task`1:TrySetResult(TResult)
System.Threading.Tasks.TaskCompletionSource`1:TrySetResult(TResult)
BestHTTP.Core.RequestEventHelper:HandleRequestStateChange(RequestEventInfo)
BestHTTP.Core.RequestEventHelper:ProcessQueue()
BestHTTP.HTTPManager:OnUpdate()
BestHTTP.HTTPUpdateDelegator:CallOnUpdate()

HTTP Request > Get https://api.teamwood.games/0.41/api/user/participation/6cc65a97-10b6-49f7-a9c3-7fb540e2857d
HTTP Response > Get https://api.teamwood.games/0.41/api/user/participation/6cc65a97-10b6-49f7-a9c3-7fb540e2857d > <color=green>200</color>
Handling match update.
Merging models.
HTTP Request > Get https://api.teamwood.games/0.41/api/user/participation/6cc65a97-10b6-49f7-a9c3-7fb540e2857d
HTTP Response > Get https://api.teamwood.games/0.41/api/user/participation/6cc65a97-10b6-49f7-a9c3-7fb540e2857d > <color=green>200</color>
Handling match update.
Merging models.
Hub Change > 6cc65a97-10b6-49f7-a9c3-7fb540e2857d
Handling match update.
Load battle because new was found.
HTTP Request > Get https://api.teamwood.games/0.41/api/battle/get/8fed55af-34cd-43f3-ace7-178d386da7be
HTTP Response > Get https://api.teamwood.games/0.41/api/battle/get/8fed55af-34cd-43f3-ace7-178d386da7be > <color=green>200</color>
Unloading 7 Unused Serialized files (Serialized files now loaded: 6)
SyncManager > Watch > 
Abort all requests
[PhysX] Initialized MultithreadedTaskDispatcher with 12 workers.
UnloadTime: 9.509500 ms
Added pool 'particles'
Unloading 1037 unused Assets to reduce memory usage. Loaded Objects now: 59384.
Total: 58.738355 ms (FindLiveObjects: 3.364704 ms CreateObjectMapping: 2.075598 ms MarkObjects: 51.617602 ms  DeleteObjects: 1.679614 ms)

[INFO] Battle Starting: master seed -415018952, player seed: -1973254449, opponent seed: 234299692
T: 5151.981 - MasterAudio: Polyphony limit of group: Smash exceeded and no playing Variation is usable for Retrigger Limit Mode. Will not play this sound for this instance.
T: 5158.701 - MasterAudio: Polyphony limit of group: Smash exceeded and no playing Variation is usable for Retrigger Limit Mode. Will not play this sound for this instance.
T: 5165.621 - MasterAudio: Polyphony limit of group: Smash exceeded and no playing Variation is usable for Retrigger Limit Mode. Will not play this sound for this instance.
HTTP Request > Get https://api.teamwood.games/0.41/api/user/versus-participations
HTTP Response > Get https://api.teamwood.games/0.41/api/user/versus-participations > <color=green>200</color>
T: 5168.755 - MasterAudio: Polyphony limit of group: Smash exceeded and no playing Variation is usable for Retrigger Limit Mode. Will not play this sound for this instance.
Watch battle for participation 6cc65a97-10b6-49f7-a9c3-7fb540e2857d
Watch battle 8fed55af-34cd-43f3-ace7-178d386da7be
HTTP Request > Post https://api.teamwood.games/0.41/api/versus/watch
HTTP Response > Post https://api.teamwood.games/0.41/api/versus/watch > <color=green>200</color>
[INFO] Battle completed, outcome: EnemyWon, masterSeed: -415018952, end result: 841270838
Unloading 6 Unused Serialized files (Serialized files now loaded: 6)
Abort all requests
[PhysX] Initialized MultithreadedTaskDispatcher with 12 workers.
UnloadTime: 7.757187 ms
Unloading 64 unused Assets to reduce memory usage. Loaded Objects now: 63585.
Total: 59.886296 ms (FindLiveObjects: 3.535847 ms CreateObjectMapping: 2.061837 ms MarkObjects: 53.818551 ms  DeleteObjects: 0.469622 ms)

SyncManager > Watch > 6cc65a97-10b6-49f7-a9c3-7fb540e2857d
HTTP Request > Post https://api.teamwood.games/0.41/api/build/start
HTTP Response > Post https://api.teamwood.games/0.41/api/build/start > <color=green>200</color>
HTTP Request > Post https://api.teamwood.games/0.41/api/build/play-minion
HTTP Response > Post https://api.teamwood.games/0.41/api/build/play-minion > <color=green>200</color>
HTTP Request > Post https://api.teamwood.games/0.41/api/build/roll
HTTP Response > Post https://api.teamwood.games/0.41/api/build/roll > <color=green>200</color>
HTTP Request > Post https://api.teamwood.games/0.41/api/build/roll
HTTP Response > Post https://api.teamwood.games/0.41/api/build/roll > <color=green>200</color>
HTTP Request > Post https://api.teamwood.games/0.41/api/build/roll
HTTP Response > Post https://api.teamwood.games/0.41/api/build/roll > <color=green>200</color>
HTTP Request > Post https://api.teamwood.games/0.41/api/build/roll
HTTP Response > Post https://api.teamwood.games/0.41/api/build/roll > <color=green>200</color>
HTTP Request > Post https://api.teamwood.games/0.41/api/build/play-minion
HTTP Response > Post https://api.teamwood.games/0.41/api/build/play-minion > <color=green>200</color>
HTTP Request > Post https://api.teamwood.games/0.41/api/build/end
HTTP Response > Post https://api.teamwood.games/0.41/api/build/end > <color=green>200</color>
HTTP Request > Post https://api.teamwood.games/0.41/api/versus/ready
Hub Change Player Count > 6cc65a97-10b6-49f7-a9c3-7fb540e2857d
Handling match update.
Merging models.
HTTP Response > Post https://api.teamwood.games/0.41/api/versus/ready > <color=green>200</color>
Handling match update.
Merging models.
Load battle after ready.
Participation battle has already been watched.
Spacewood.Unity.MonoBehaviours.Build.<ReadyAsync>d__30:MoveNext()
Cysharp.Threading.Tasks.UniTaskCompletionSourceCore`1:TrySetResult(TResult)
Spacewood.Unity.<ReadyRequestAsync>d__4:MoveNext()
Cysharp.Threading.Tasks.UniTaskCompletionSourceCore`1:TrySetResult(TResult)
Spacewood.Unity.<ReadyVersusAsync>d__164:MoveNext()
Cysharp.Threading.Tasks.UniTaskCompletionSourceCore`1:TrySetResult(TResult)
Spacewood.Unity.<SendAndRetryHttpRequestAsync>d__181`1:MoveNext()
Cysharp.Threading.Tasks.UniTaskCompletionSourceCore`1:TrySetResult(TResult)
Spacewood.Unity.<SendHttpResponseAsync>d__182`1:MoveNext()
System.Threading.Tasks.AwaitTaskContinuation:RunCallback(ContextCallback, Object, Task&)
System.Threading.Tasks.Task:FinishContinuations()
System.Threading.Tasks.Task`1:TrySetResult(TResult)
System.Threading.Tasks.TaskCompletionSource`1:TrySetResult(TResult)
BestHTTP.Core.RequestEventHelper:HandleRequestStateChange(RequestEventInfo)
BestHTTP.Core.RequestEventHelper:ProcessQueue()
BestHTTP.HTTPManager:OnUpdate()
BestHTTP.HTTPUpdateDelegator:CallOnUpdate()

HTTP Request > Get https://api.teamwood.games/0.41/api/user/participation/6cc65a97-10b6-49f7-a9c3-7fb540e2857d
HTTP Response > Get https://api.teamwood.games/0.41/api/user/participation/6cc65a97-10b6-49f7-a9c3-7fb540e2857d > <color=green>200</color>
Handling match update.
Merging models.
HTTP Request > Get https://api.teamwood.games/0.41/api/user/participation/6cc65a97-10b6-49f7-a9c3-7fb540e2857d
HTTP Response > Get https://api.teamwood.games/0.41/api/user/participation/6cc65a97-10b6-49f7-a9c3-7fb540e2857d > <color=green>200</color>
Handling match update.
Merging models.
HTTP Request > Get https://api.teamwood.games/0.41/api/user/participation/6cc65a97-10b6-49f7-a9c3-7fb540e2857d
HTTP Response > Get https://api.teamwood.games/0.41/api/user/participation/6cc65a97-10b6-49f7-a9c3-7fb540e2857d > <color=green>200</color>
Handling match update.
Merging models.
HTTP Request > Get https://api.teamwood.games/0.41/api/user/participation/6cc65a97-10b6-49f7-a9c3-7fb540e2857d
HTTP Response > Get https://api.teamwood.games/0.41/api/user/participation/6cc65a97-10b6-49f7-a9c3-7fb540e2857d > <color=green>200</color>
Handling match update.
Merging models.
HTTP Request > Get https://api.teamwood.games/0.41/api/user/participation/6cc65a97-10b6-49f7-a9c3-7fb540e2857d
HTTP Response > Get https://api.teamwood.games/0.41/api/user/participation/6cc65a97-10b6-49f7-a9c3-7fb540e2857d > <color=green>200</color>
Handling match update.
Merging models.
Hub Change > 6cc65a97-10b6-49f7-a9c3-7fb540e2857d
Handling match update.
Load battle because new was found.
HTTP Request > Get https://api.teamwood.games/0.41/api/battle/get/b90bf2d6-7524-4c0f-a21e-7426142137fd
HTTP Response > Get https://api.teamwood.games/0.41/api/battle/get/b90bf2d6-7524-4c0f-a21e-7426142137fd > <color=green>200</color>
Unloading 7 Unused Serialized files (Serialized files now loaded: 6)
SyncManager > Watch > 
Abort all requests
[PhysX] Initialized MultithreadedTaskDispatcher with 12 workers.
UnloadTime: 9.600458 ms
Added pool 'particles'
Unloading 1038 unused Assets to reduce memory usage. Loaded Objects now: 59385.
Total: 56.276989 ms (FindLiveObjects: 3.407096 ms CreateObjectMapping: 2.114425 ms MarkObjects: 49.363781 ms  DeleteObjects: 1.391090 ms)

[INFO] Battle Starting: master seed 1558931664, player seed: -1973254449, opponent seed: 234299692
T: 5266.278 - MasterAudio: Polyphony limit of group: Smash exceeded and no playing Variation is usable for Retrigger Limit Mode. Will not play this sound for this instance.
T: 5279.714 - MasterAudio: Polyphony limit of group: Smash exceeded and no playing Variation is usable for Retrigger Limit Mode. Will not play this sound for this instance.
T: 5281.314 - MasterAudio: Polyphony limit of group: Smash exceeded and no playing Variation is usable for Retrigger Limit Mode. Will not play this sound for this instance.
Watch battle for participation 6cc65a97-10b6-49f7-a9c3-7fb540e2857d
Watch battle b90bf2d6-7524-4c0f-a21e-7426142137fd
HTTP Request > Post https://api.teamwood.games/0.41/api/versus/watch
HTTP Response > Post https://api.teamwood.games/0.41/api/versus/watch > <color=green>200</color>
[INFO] Battle completed, outcome: Draw, masterSeed: 1558931664, end result: 1405454084
Unloading 6 Unused Serialized files (Serialized files now loaded: 6)
Abort all requests
[PhysX] Initialized MultithreadedTaskDispatcher with 12 workers.
UnloadTime: 8.487492 ms
Unloading 63 unused Assets to reduce memory usage. Loaded Objects now: 63622.
Total: 57.205866 ms (FindLiveObjects: 4.584979 ms CreateObjectMapping: 2.373827 ms MarkObjects: 49.799051 ms  DeleteObjects: 0.447539 ms)

SyncManager > Watch > 6cc65a97-10b6-49f7-a9c3-7fb540e2857d
HTTP Request > Post https://api.teamwood.games/0.41/api/build/start
HTTP Response > Post https://api.teamwood.games/0.41/api/build/start > <color=green>200</color>
HTTP Request > Post https://api.teamwood.games/0.41/api/build/sell
HTTP Response > Post https://api.teamwood.games/0.41/api/build/sell > <color=green>200</color>
HTTP Request > Post https://api.teamwood.games/0.41/api/build/play-minion
HTTP Response > Post https://api.teamwood.games/0.41/api/build/play-minion > <color=green>200</color>
HTTP Request > Post https://api.teamwood.games/0.41/api/build/play-spell
HTTP Response > Post https://api.teamwood.games/0.41/api/build/play-spell > <color=green>200</color>
HTTP Request > Post https://api.teamwood.games/0.41/api/build/roll
HTTP Response > Post https://api.teamwood.games/0.41/api/build/roll > <color=green>200</color>
HTTP Request > Post https://api.teamwood.games/0.41/api/build/roll
HTTP Response > Post https://api.teamwood.games/0.41/api/build/roll > <color=green>200</color>
HTTP Request > Post https://api.teamwood.games/0.41/api/build/sell
HTTP Response > Post https://api.teamwood.games/0.41/api/build/sell > <color=green>200</color>
HTTP Request > Post https://api.teamwood.games/0.41/api/build/play-minion
HTTP Response > Post https://api.teamwood.games/0.41/api/build/play-minion > <color=green>200</color>
Hub Change Player Count > 6cc65a97-10b6-49f7-a9c3-7fb540e2857d
Handling match update.
Merging models.
HTTP Request > Post https://api.teamwood.games/0.41/api/build/roll
HTTP Response > Post https://api.teamwood.games/0.41/api/build/roll > <color=green>200</color>
HTTP Request > Post https://api.teamwood.games/0.41/api/build/end
HTTP Response > Post https://api.teamwood.games/0.41/api/build/end > <color=green>200</color>
HTTP Request > Post https://api.teamwood.games/0.41/api/versus/ready
Hub Change > 6cc65a97-10b6-49f7-a9c3-7fb540e2857d
Handling match update.
Load battle because new was found.
HTTP Response > Post https://api.teamwood.games/0.41/api/versus/ready > <color=green>200</color>
Handling match update.
Load battle because new was found.
Loading battle was blocked.
Load battle after ready.
Loading battle was blocked.
HTTP Request > Get https://api.teamwood.games/0.41/api/battle/get/44b46faa-a3bb-4814-a793-ddf5c35cf288
HTTP Response > Get https://api.teamwood.games/0.41/api/battle/get/44b46faa-a3bb-4814-a793-ddf5c35cf288 > <color=green>200</color>
Unloading 7 Unused Serialized files (Serialized files now loaded: 6)
SyncManager > Watch > 
Abort all requests
[PhysX] Initialized MultithreadedTaskDispatcher with 12 workers.
UnloadTime: 11.612967 ms
Added pool 'particles'
Unloading 1034 unused Assets to reduce memory usage. Loaded Objects now: 59422.
Total: 68.327948 ms (FindLiveObjects: 3.345871 ms CreateObjectMapping: 2.103409 ms MarkObjects: 62.085791 ms  DeleteObjects: 0.792313 ms)

[INFO] Battle Starting: master seed 2083936588, player seed: -1973254449, opponent seed: 234299692
T: 5348.377 - MasterAudio: Polyphony limit of group: Smash exceeded and no playing Variation is usable for Retrigger Limit Mode. Will not play this sound for this instance.
T: 5352.746 - MasterAudio: Polyphony limit of group: Smash exceeded and no playing Variation is usable for Retrigger Limit Mode. Will not play this sound for this instance.
T: 5357.948 - MasterAudio: Polyphony limit of group: Smash exceeded and no playing Variation is usable for Retrigger Limit Mode. Will not play this sound for this instance.
T: 5361.416 - MasterAudio: Polyphony limit of group: Smash exceeded and no playing Variation is usable for Retrigger Limit Mode. Will not play this sound for this instance.
T: 5362.716 - MasterAudio: Polyphony limit of group: Smash exceeded and no playing Variation is usable for Retrigger Limit Mode. Will not play this sound for this instance.
Watch battle for participation 6cc65a97-10b6-49f7-a9c3-7fb540e2857d
Watch battle 44b46faa-a3bb-4814-a793-ddf5c35cf288
HTTP Request > Post https://api.teamwood.games/0.41/api/versus/watch
HTTP Response > Post https://api.teamwood.games/0.41/api/versus/watch > <color=green>200</color>
[INFO] Battle completed, outcome: Draw, masterSeed: 2083936588, end result: 766415953
Unloading 6 Unused Serialized files (Serialized files now loaded: 6)
Abort all requests
[PhysX] Initialized MultithreadedTaskDispatcher with 12 workers.
UnloadTime: 7.481806 ms
Unloading 61 unused Assets to reduce memory usage. Loaded Objects now: 63620.
Total: 73.668333 ms (FindLiveObjects: 3.580061 ms CreateObjectMapping: 2.409978 ms MarkObjects: 67.261550 ms  DeleteObjects: 0.416161 ms)

SyncManager > Watch > 6cc65a97-10b6-49f7-a9c3-7fb540e2857d
HTTP Request > Post https://api.teamwood.games/0.41/api/build/start
HTTP Response > Post https://api.teamwood.games/0.41/api/build/start > <color=green>200</color>
HTTP Request > Post https://api.teamwood.games/0.41/api/build/play-minion
HTTP Response > Post https://api.teamwood.games/0.41/api/build/play-minion > <color=green>200</color>
HTTP Request > Post https://api.teamwood.games/0.41/api/build/play-spell
HTTP Response > Post https://api.teamwood.games/0.41/api/build/play-spell > <color=green>200</color>
HTTP Request > Post https://api.teamwood.games/0.41/api/build/roll
HTTP Response > Post https://api.teamwood.games/0.41/api/build/roll > <color=green>200</color>
HTTP Request > Post https://api.teamwood.games/0.41/api/build/play-spell
HTTP Response > Post https://api.teamwood.games/0.41/api/build/play-spell > <color=green>200</color>
[WARN] No events for a spell Spacewood.Core.Models.SpellModel, this is normally an error
Spacewood.Scripts.MonoBehaviours.Board.RenderAggregators.<Run>d__0:MoveNext()
Spacewood.Scripts.MonoBehaviours.Board.RenderAggregators.Spell:Run(SkipableStream`1)
Spacewood.Unity.MonoBehaviours.Board.<RenderBoardEventStream>d__17:MoveNext()
Spacewood.Unity.MonoBehaviours.Board.BoardRenderer:RenderBoardEventStream(IEnumerable`1)
Spacewood.Unity.MonoBehaviours.Board.<PlayEvent>d__27:MoveNext()
Spacewood.Unity.MonoBehaviours.Board.BoardController:PlayEvent(IBoardEvent, BoardModel, Int32)
Spacewood.Unity.MonoBehaviours.Build.<ResolveAsync>d__179:MoveNext()
Spacewood.Unity.MonoBehaviours.Build.HangarMain:Resolve(Int32, Nullable`1, IBoardEvent)
Spacewood.Unity.MonoBehaviours.Build.<PlaySpellAsync>d__12:MoveNext()
Cysharp.Threading.Tasks.UniTaskCompletionSourceCore`1:TrySetResult(TResult)
Spacewood.Unity.<PlaySpellAsync>d__84:MoveNext()
Cysharp.Threading.Tasks.UniTaskCompletionSourceCore`1:TrySetResult(TResult)
Spacewood.Unity.<SendAndRetryHttpRequestAsync>d__181`1:MoveNext()
Cysharp.Threading.Tasks.UniTaskCompletionSourceCore`1:TrySetResult(TResult)
Spacewood.Unity.<SendHttpResponseAsync>d__182`1:MoveNext()
System.Threading.Tasks.AwaitTaskContinuation:RunCallback(ContextCallback, Object, Task&)
System.Threading.Tasks.Task:FinishContinuations()
System.Threading.Tasks.Task`1:TrySetResult(TResult)
System.Threading.Tasks.TaskCompletionSource`1:TrySetResult(TResult)
BestHTTP.Core.RequestEventHelper:HandleRequestStateChange(RequestEventInfo)
BestHTTP.Core.RequestEventHelper:ProcessQueue()
BestHTTP.HTTPManager:OnUpdate()
BestHTTP.HTTPUpdateDelegator:CallOnUpdate()

HTTP Request > Post https://api.teamwood.games/0.41/api/build/end
HTTP Response > Post https://api.teamwood.games/0.41/api/build/end > <color=green>200</color>
HTTP Request > Post https://api.teamwood.games/0.41/api/versus/ready
Hub Change Player Count > 6cc65a97-10b6-49f7-a9c3-7fb540e2857d
Handling match update.
Merging models.
HTTP Response > Post https://api.teamwood.games/0.41/api/versus/ready > <color=green>200</color>
Handling match update.
Merging models.
Load battle after ready.
Participation battle has already been watched.
Spacewood.Unity.MonoBehaviours.Build.<ReadyAsync>d__30:MoveNext()
Cysharp.Threading.Tasks.UniTaskCompletionSourceCore`1:TrySetResult(TResult)
Spacewood.Unity.<ReadyRequestAsync>d__4:MoveNext()
Cysharp.Threading.Tasks.UniTaskCompletionSourceCore`1:TrySetResult(TResult)
Spacewood.Unity.<ReadyVersusAsync>d__164:MoveNext()
Cysharp.Threading.Tasks.UniTaskCompletionSourceCore`1:TrySetResult(TResult)
Spacewood.Unity.<SendAndRetryHttpRequestAsync>d__181`1:MoveNext()
Cysharp.Threading.Tasks.UniTaskCompletionSourceCore`1:TrySetResult(TResult)
Spacewood.Unity.<SendHttpResponseAsync>d__182`1:MoveNext()
System.Threading.Tasks.AwaitTaskContinuation:RunCallback(ContextCallback, Object, Task&)
System.Threading.Tasks.Task:FinishContinuations()
System.Threading.Tasks.Task`1:TrySetResult(TResult)
System.Threading.Tasks.TaskCompletionSource`1:TrySetResult(TResult)
BestHTTP.Core.RequestEventHelper:HandleRequestStateChange(RequestEventInfo)
BestHTTP.Core.RequestEventHelper:ProcessQueue()
BestHTTP.HTTPManager:OnUpdate()
BestHTTP.HTTPUpdateDelegator:CallOnUpdate()

HTTP Request > Get https://api.teamwood.games/0.41/api/user/participation/6cc65a97-10b6-49f7-a9c3-7fb540e2857d
HTTP Response > Get https://api.teamwood.games/0.41/api/user/participation/6cc65a97-10b6-49f7-a9c3-7fb540e2857d > <color=green>200</color>
Handling match update.
Merging models.
HTTP Request > Get https://api.teamwood.games/0.41/api/user/participation/6cc65a97-10b6-49f7-a9c3-7fb540e2857d
HTTP Response > Get https://api.teamwood.games/0.41/api/user/participation/6cc65a97-10b6-49f7-a9c3-7fb540e2857d > <color=green>200</color>
Handling match update.
Merging models.
HTTP Request > Get https://api.teamwood.games/0.41/api/user/participation/6cc65a97-10b6-49f7-a9c3-7fb540e2857d
HTTP Response > Get https://api.teamwood.games/0.41/api/user/participation/6cc65a97-10b6-49f7-a9c3-7fb540e2857d > <color=green>200</color>
Handling match update.
Merging models.
Hub Change > 6cc65a97-10b6-49f7-a9c3-7fb540e2857d
Handling match update.
Load battle because new was found.
HTTP Request > Get https://api.teamwood.games/0.41/api/battle/get/66f99d4c-8908-48a0-874c-d6a297d9985b
HTTP Response > Get https://api.teamwood.games/0.41/api/battle/get/66f99d4c-8908-48a0-874c-d6a297d9985b > <color=green>200</color>
Unloading 7 Unused Serialized files (Serialized files now loaded: 6)
SyncManager > Watch > 
Abort all requests
[PhysX] Initialized MultithreadedTaskDispatcher with 12 workers.
UnloadTime: 11.679942 ms
Added pool 'particles'
Unloading 996 unused Assets to reduce memory usage. Loaded Objects now: 59423.
Total: 56.020563 ms (FindLiveObjects: 3.657929 ms CreateObjectMapping: 2.256482 ms MarkObjects: 49.417073 ms  DeleteObjects: 0.688046 ms)

[INFO] Battle Starting: master seed 1928266715, player seed: -1973254449, opponent seed: 234299692
T: 5440.703 - MasterAudio: Polyphony limit of group: Smash exceeded and no playing Variation is usable for Retrigger Limit Mode. Will not play this sound for this instance.
T: 5444.987 - MasterAudio: Polyphony limit of group: Smash exceeded and no playing Variation is usable for Retrigger Limit Mode. Will not play this sound for this instance.
T: 5457.124 - MasterAudio: Polyphony limit of group: Smash exceeded and no playing Variation is usable for Retrigger Limit Mode. Will not play this sound for this instance.
Watch battle for participation 6cc65a97-10b6-49f7-a9c3-7fb540e2857d
Watch battle 66f99d4c-8908-48a0-874c-d6a297d9985b
HTTP Request > Post https://api.teamwood.games/0.41/api/versus/watch
HTTP Response > Post https://api.teamwood.games/0.41/api/versus/watch > <color=green>200</color>
[INFO] Battle completed, outcome: PlayerWon, masterSeed: 1928266715, end result: -955980472
Unloading 6 Unused Serialized files (Serialized files now loaded: 6)
Abort all requests
[PhysX] Initialized MultithreadedTaskDispatcher with 12 workers.
UnloadTime: 8.025227 ms
Unloading 62 unused Assets to reduce memory usage. Loaded Objects now: 63620.
Total: 59.690664 ms (FindLiveObjects: 3.538730 ms CreateObjectMapping: 2.093224 ms MarkObjects: 53.376385 ms  DeleteObjects: 0.681818 ms)

SyncManager > Watch > 6cc65a97-10b6-49f7-a9c3-7fb540e2857d
HTTP Request > Post https://api.teamwood.games/0.41/api/build/start
HTTP Response > Post https://api.teamwood.games/0.41/api/build/start > <color=green>200</color>
HTTP Request > Post https://api.teamwood.games/0.41/api/build/roll
HTTP Response > Post https://api.teamwood.games/0.41/api/build/roll > <color=green>200</color>
HTTP Request > Post https://api.teamwood.games/0.41/api/build/roll
HTTP Response > Post https://api.teamwood.games/0.41/api/build/roll > <color=green>200</color>
HTTP Request > Post https://api.teamwood.games/0.41/api/build/sell
HTTP Response > Post https://api.teamwood.games/0.41/api/build/sell > <color=green>200</color>
HTTP Request > Post https://api.teamwood.games/0.41/api/build/play-minion
HTTP Response > Post https://api.teamwood.games/0.41/api/build/play-minion > <color=green>200</color>
HTTP Request > Post https://api.teamwood.games/0.41/api/build/roll
HTTP Response > Post https://api.teamwood.games/0.41/api/build/roll > <color=green>200</color>
HTTP Request > Post https://api.teamwood.games/0.41/api/build/play-spell
HTTP Response > Post https://api.teamwood.games/0.41/api/build/play-spell > <color=green>200</color>
HTTP Request > Post https://api.teamwood.games/0.41/api/build/roll
HTTP Response > Post https://api.teamwood.games/0.41/api/build/roll > <color=green>200</color>
HTTP Request > Post https://api.teamwood.games/0.41/api/build/roll
HTTP Response > Post https://api.teamwood.games/0.41/api/build/roll > <color=green>200</color>
HTTP Request > Post https://api.teamwood.games/0.41/api/build/end
HTTP Response > Post https://api.teamwood.games/0.41/api/build/end > <color=green>200</color>
HTTP Request > Post https://api.teamwood.games/0.41/api/versus/ready
Hub Change Player Count > 6cc65a97-10b6-49f7-a9c3-7fb540e2857d
Handling match update.
Merging models.
HTTP Response > Post https://api.teamwood.games/0.41/api/versus/ready > <color=green>200</color>
Handling match update.
Merging models.
Load battle after ready.
Participation battle has already been watched.
Spacewood.Unity.MonoBehaviours.Build.<ReadyAsync>d__30:MoveNext()
Cysharp.Threading.Tasks.UniTaskCompletionSourceCore`1:TrySetResult(TResult)
Spacewood.Unity.<ReadyRequestAsync>d__4:MoveNext()
Cysharp.Threading.Tasks.UniTaskCompletionSourceCore`1:TrySetResult(TResult)
Spacewood.Unity.<ReadyVersusAsync>d__164:MoveNext()
Cysharp.Threading.Tasks.UniTaskCompletionSourceCore`1:TrySetResult(TResult)
Spacewood.Unity.<SendAndRetryHttpRequestAsync>d__181`1:MoveNext()
Cysharp.Threading.Tasks.UniTaskCompletionSourceCore`1:TrySetResult(TResult)
Spacewood.Unity.<SendHttpResponseAsync>d__182`1:MoveNext()
System.Threading.Tasks.AwaitTaskContinuation:RunCallback(ContextCallback, Object, Task&)
System.Threading.Tasks.Task:FinishContinuations()
System.Threading.Tasks.Task`1:TrySetResult(TResult)
System.Threading.Tasks.TaskCompletionSource`1:TrySetResult(TResult)
BestHTTP.Core.RequestEventHelper:HandleRequestStateChange(RequestEventInfo)
BestHTTP.Core.RequestEventHelper:ProcessQueue()
BestHTTP.HTTPManager:OnUpdate()
BestHTTP.HTTPUpdateDelegator:CallOnUpdate()

HTTP Request > Get https://api.teamwood.games/0.41/api/user/participation/6cc65a97-10b6-49f7-a9c3-7fb540e2857d
HTTP Response > Get https://api.teamwood.games/0.41/api/user/participation/6cc65a97-10b6-49f7-a9c3-7fb540e2857d > <color=green>200</color>
Handling match update.
Merging models.
HTTP Request > Get https://api.teamwood.games/0.41/api/user/participation/6cc65a97-10b6-49f7-a9c3-7fb540e2857d
HTTP Response > Get https://api.teamwood.games/0.41/api/user/participation/6cc65a97-10b6-49f7-a9c3-7fb540e2857d > <color=green>200</color>
Handling match update.
Merging models.
Hub Change > 6cc65a97-10b6-49f7-a9c3-7fb540e2857d
Handling match update.
Load battle because new was found.
HTTP Request > Get https://api.teamwood.games/0.41/api/battle/get/6a4be9dd-2b9c-4554-b18b-2caffa87c07f
HTTP Response > Get https://api.teamwood.games/0.41/api/battle/get/6a4be9dd-2b9c-4554-b18b-2caffa87c07f > <color=green>200</color>
Unloading 7 Unused Serialized files (Serialized files now loaded: 6)
SyncManager > Watch > 
Abort all requests
[PhysX] Initialized MultithreadedTaskDispatcher with 12 workers.
UnloadTime: 10.201062 ms
Added pool 'particles'
Unloading 1056 unused Assets to reduce memory usage. Loaded Objects now: 59422.
Total: 58.409368 ms (FindLiveObjects: 4.270174 ms CreateObjectMapping: 2.232906 ms MarkObjects: 50.954336 ms  DeleteObjects: 0.951461 ms)

[INFO] Battle Starting: master seed -1243894649, player seed: -1973254449, opponent seed: 234299692
T: 5566.952 - MasterAudio: Polyphony limit of group: Smash exceeded and no playing Variation is usable for Retrigger Limit Mode. Will not play this sound for this instance.
T: 5582.938 - MasterAudio: Polyphony limit of group: Smash exceeded and no playing Variation is usable for Retrigger Limit Mode. Will not play this sound for this instance.
Watch battle for participation 6cc65a97-10b6-49f7-a9c3-7fb540e2857d
Watch battle 6a4be9dd-2b9c-4554-b18b-2caffa87c07f
HTTP Request > Post https://api.teamwood.games/0.41/api/versus/watch
HTTP Response > Post https://api.teamwood.games/0.41/api/versus/watch > <color=green>200</color>
[INFO] Battle completed, outcome: PlayerWon, masterSeed: -1243894649, end result: 1615426164
Unloading 6 Unused Serialized files (Serialized files now loaded: 6)
Abort all requests
[PhysX] Initialized MultithreadedTaskDispatcher with 12 workers.
UnloadTime: 7.126493 ms
Unloading 58 unused Assets to reduce memory usage. Loaded Objects now: 63643.
Total: 60.033022 ms (FindLiveObjects: 3.563494 ms CreateObjectMapping: 2.422496 ms MarkObjects: 53.633822 ms  DeleteObjects: 0.412661 ms)

SyncManager > Watch > 6cc65a97-10b6-49f7-a9c3-7fb540e2857d
HTTP Request > Post https://api.teamwood.games/0.41/api/build/start
HTTP Response > Post https://api.teamwood.games/0.41/api/build/start > <color=green>200</color>
HTTP Request > Post https://api.teamwood.games/0.41/api/build/play-minion
HTTP Response > Post https://api.teamwood.games/0.41/api/build/play-minion > <color=green>200</color>
HTTP Request > Post https://api.teamwood.games/0.41/api/build/play-minion
HTTP Response > Post https://api.teamwood.games/0.41/api/build/play-minion > <color=green>200</color>
HTTP Request > Post https://api.teamwood.games/0.41/api/build/play-minion
HTTP Response > Post https://api.teamwood.games/0.41/api/build/play-minion > <color=green>200</color>
HTTP Request > Post https://api.teamwood.games/0.41/api/build/roll
HTTP Response > Post https://api.teamwood.games/0.41/api/build/roll > <color=green>200</color>
Hub Change Player Count > 6cc65a97-10b6-49f7-a9c3-7fb540e2857d
Handling match update.
Merging models.
HTTP Request > Post https://api.teamwood.games/0.41/api/build/end
HTTP Response > Post https://api.teamwood.games/0.41/api/build/end > <color=green>200</color>
HTTP Request > Post https://api.teamwood.games/0.41/api/versus/ready
Hub Change > 6cc65a97-10b6-49f7-a9c3-7fb540e2857d
Handling match update.
Load battle because new was found.
HTTP Response > Post https://api.teamwood.games/0.41/api/versus/ready > <color=green>200</color>
Handling match update.
Load battle because new was found.
Loading battle was blocked.
Load battle after ready.
Loading battle was blocked.
HTTP Request > Get https://api.teamwood.games/0.41/api/battle/get/8413e3df-bca3-4a6d-b00e-ac254306b7db
HTTP Response > Get https://api.teamwood.games/0.41/api/battle/get/8413e3df-bca3-4a6d-b00e-ac254306b7db > <color=green>200</color>
Unloading 7 Unused Serialized files (Serialized files now loaded: 6)
SyncManager > Watch > 
Abort all requests
[PhysX] Initialized MultithreadedTaskDispatcher with 12 workers.
UnloadTime: 11.227452 ms
Added pool 'particles'
Unloading 1014 unused Assets to reduce memory usage. Loaded Objects now: 59446.
Total: 61.000993 ms (FindLiveObjects: 4.094425 ms CreateObjectMapping: 5.338362 ms MarkObjects: 50.796133 ms  DeleteObjects: 0.771551 ms)

[INFO] Battle Starting: master seed -170479610, player seed: -1973254449, opponent seed: 234299692
T: 5647.837 - MasterAudio: Polyphony limit of group: Smash exceeded and no playing Variation is usable for Retrigger Limit Mode. Will not play this sound for this instance.
HTTP Request > Get https://api.teamwood.games/0.41/api/user/versus-participations
HTTP Response > Get https://api.teamwood.games/0.41/api/user/versus-participations > <color=green>200</color>
Watch battle for participation 6cc65a97-10b6-49f7-a9c3-7fb540e2857d
Watch battle 8413e3df-bca3-4a6d-b00e-ac254306b7db
HTTP Request > Post https://api.teamwood.games/0.41/api/versus/watch
HTTP Response > Post https://api.teamwood.games/0.41/api/versus/watch > <color=green>200</color>
[INFO] Battle completed, outcome: PlayerWon, masterSeed: -170479610, end result: -612148497
Unloading 6 Unused Serialized files (Serialized files now loaded: 6)
Abort all requests
[PhysX] Initialized MultithreadedTaskDispatcher with 12 workers.
UnloadTime: 8.858194 ms
Unloading 59 unused Assets to reduce memory usage. Loaded Objects now: 63643.
Total: 62.991659 ms (FindLiveObjects: 3.584640 ms CreateObjectMapping: 2.082667 ms MarkObjects: 56.879657 ms  DeleteObjects: 0.444139 ms)

SyncManager > Watch > 6cc65a97-10b6-49f7-a9c3-7fb540e2857d
HTTP Request > Post https://api.teamwood.games/0.41/api/build/start
HTTP Response > Post https://api.teamwood.games/0.41/api/build/start > <color=green>200</color>
HTTP Request > Post https://api.teamwood.games/0.41/api/build/play-spell
HTTP Response > Post https://api.teamwood.games/0.41/api/build/play-spell > <color=green>200</color>
HTTP Request > Post https://api.teamwood.games/0.41/api/build/play-minion
HTTP Response > Post https://api.teamwood.games/0.41/api/build/play-minion > <color=green>200</color>
HTTP Request > Post https://api.teamwood.games/0.41/api/build/roll
HTTP Response > Post https://api.teamwood.games/0.41/api/build/roll > <color=green>200</color>
HTTP Request > Post https://api.teamwood.games/0.41/api/build/roll
HTTP Response > Post https://api.teamwood.games/0.41/api/build/roll > <color=green>200</color>
HTTP Request > Post https://api.teamwood.games/0.41/api/build/roll
HTTP Response > Post https://api.teamwood.games/0.41/api/build/roll > <color=green>200</color>
HTTP Request > Post https://api.teamwood.games/0.41/api/build/roll
HTTP Response > Post https://api.teamwood.games/0.41/api/build/roll > <color=green>200</color>
Hub Change Player Count > 6cc65a97-10b6-49f7-a9c3-7fb540e2857d
Handling match update.
Merging models.
HTTP Request > Post https://api.teamwood.games/0.41/api/build/end
HTTP Response > Post https://api.teamwood.games/0.41/api/build/end > <color=green>200</color>
HTTP Request > Post https://api.teamwood.games/0.41/api/versus/ready
HTTP Response > Post https://api.teamwood.games/0.41/api/versus/ready > <color=green>200</color>
Handling match update.
Load battle because new was found.
Load battle after ready.
Loading battle was blocked.
Hub Change > 6cc65a97-10b6-49f7-a9c3-7fb540e2857d
Handling match update.
Load battle because new was found.
Loading battle was blocked.
HTTP Request > Get https://api.teamwood.games/0.41/api/battle/get/ba4f7f58-fb3f-466c-8912-67ab9b2a89ef
HTTP Response > Get https://api.teamwood.games/0.41/api/battle/get/ba4f7f58-fb3f-466c-8912-67ab9b2a89ef > <color=green>200</color>
Unloading 7 Unused Serialized files (Serialized files now loaded: 6)
SyncManager > Watch > 
Abort all requests
[PhysX] Initialized MultithreadedTaskDispatcher with 12 workers.
UnloadTime: 9.158524 ms
Added pool 'particles'
Unloading 1063 unused Assets to reduce memory usage. Loaded Objects now: 59445.
Total: 56.082854 ms (FindLiveObjects: 3.353186 ms CreateObjectMapping: 2.134139 ms MarkObjects: 49.768112 ms  DeleteObjects: 0.826712 ms)

[INFO] Battle Starting: master seed -2141275175, player seed: -1973254449, opponent seed: 234299692
HTTP Request > Get https://api.teamwood.games/0.41/api/user/versus-participations
HTTP Response > Get https://api.teamwood.games/0.41/api/user/versus-participations > <color=green>200</color>
T: 5770.717 - MasterAudio: Polyphony limit of group: Smash exceeded and no playing Variation is usable for Retrigger Limit Mode. Will not play this sound for this instance.
Watch battle for participation 6cc65a97-10b6-49f7-a9c3-7fb540e2857d
Watch battle ba4f7f58-fb3f-466c-8912-67ab9b2a89ef
HTTP Request > Post https://api.teamwood.games/0.41/api/versus/watch
HTTP Response > Post https://api.teamwood.games/0.41/api/versus/watch > <color=green>200</color>
[INFO] Battle completed, outcome: PlayerWon, masterSeed: -2141275175, end result: -408982575
Unloading 6 Unused Serialized files (Serialized files now loaded: 6)
Abort all requests
[PhysX] Initialized MultithreadedTaskDispatcher with 12 workers.
UnloadTime: 7.479852 ms
Unloading 60 unused Assets to reduce memory usage. Loaded Objects now: 63644.
Total: 57.802147 ms (FindLiveObjects: 3.676158 ms CreateObjectMapping: 2.178863 ms MarkObjects: 51.221072 ms  DeleteObjects: 0.724944 ms)

SyncManager > Watch > 6cc65a97-10b6-49f7-a9c3-7fb540e2857d
HTTP Request > Post https://api.teamwood.games/0.41/api/build/start
HTTP Response > Post https://api.teamwood.games/0.41/api/build/start > <color=green>200</color>
HTTP Request > Post https://api.teamwood.games/0.41/api/build/sell
HTTP Response > Post https://api.teamwood.games/0.41/api/build/sell > <color=green>200</color>
HTTP Request > Post https://api.teamwood.games/0.41/api/build/play-minion
HTTP Response > Post https://api.teamwood.games/0.41/api/build/play-minion > <color=green>200</color>
HTTP Request > Post https://api.teamwood.games/0.41/api/build/sell
HTTP Response > Post https://api.teamwood.games/0.41/api/build/sell > <color=green>200</color>
HTTP Request > Post https://api.teamwood.games/0.41/api/build/play-minion
HTTP Response > Post https://api.teamwood.games/0.41/api/build/play-minion > <color=green>200</color>
HTTP Request > Post https://api.teamwood.games/0.41/api/build/play-spell
HTTP Response > Post https://api.teamwood.games/0.41/api/build/play-spell > <color=green>200</color>
HTTP Request > Post https://api.teamwood.games/0.41/api/build/roll
HTTP Response > Post https://api.teamwood.games/0.41/api/build/roll > <color=green>200</color>
HTTP Request > Post https://api.teamwood.games/0.41/api/build/sell
HTTP Response > Post https://api.teamwood.games/0.41/api/build/sell > <color=green>200</color>
HTTP Request > Post https://api.teamwood.games/0.41/api/build/play-minion
HTTP Response > Post https://api.teamwood.games/0.41/api/build/play-minion > <color=green>200</color>
HTTP Request > Post https://api.teamwood.games/0.41/api/build/end
HTTP Response > Post https://api.teamwood.games/0.41/api/build/end > <color=green>200</color>
HTTP Request > Post https://api.teamwood.games/0.41/api/versus/ready
Hub Change Player Count > 6cc65a97-10b6-49f7-a9c3-7fb540e2857d
Handling match update.
Merging models.
HTTP Response > Post https://api.teamwood.games/0.41/api/versus/ready > <color=green>200</color>
Handling match update.
Merging models.
Load battle after ready.
Participation battle has already been watched.
Spacewood.Unity.MonoBehaviours.Build.<ReadyAsync>d__30:MoveNext()
Cysharp.Threading.Tasks.UniTaskCompletionSourceCore`1:TrySetResult(TResult)
Spacewood.Unity.<ReadyRequestAsync>d__4:MoveNext()
Cysharp.Threading.Tasks.UniTaskCompletionSourceCore`1:TrySetResult(TResult)
Spacewood.Unity.<ReadyVersusAsync>d__164:MoveNext()
Cysharp.Threading.Tasks.UniTaskCompletionSourceCore`1:TrySetResult(TResult)
Spacewood.Unity.<SendAndRetryHttpRequestAsync>d__181`1:MoveNext()
Cysharp.Threading.Tasks.UniTaskCompletionSourceCore`1:TrySetResult(TResult)
Spacewood.Unity.<SendHttpResponseAsync>d__182`1:MoveNext()
System.Threading.Tasks.AwaitTaskContinuation:RunCallback(ContextCallback, Object, Task&)
System.Threading.Tasks.Task:FinishContinuations()
System.Threading.Tasks.Task`1:TrySetResult(TResult)
System.Threading.Tasks.TaskCompletionSource`1:TrySetResult(TResult)
BestHTTP.Core.RequestEventHelper:HandleRequestStateChange(RequestEventInfo)
BestHTTP.Core.RequestEventHelper:ProcessQueue()
BestHTTP.HTTPManager:OnUpdate()
BestHTTP.HTTPUpdateDelegator:CallOnUpdate()

HTTP Request > Get https://api.teamwood.games/0.41/api/user/participation/6cc65a97-10b6-49f7-a9c3-7fb540e2857d
HTTP Response > Get https://api.teamwood.games/0.41/api/user/participation/6cc65a97-10b6-49f7-a9c3-7fb540e2857d > <color=green>200</color>
Handling match update.
Merging models.
HTTP Request > Get https://api.teamwood.games/0.41/api/user/participation/6cc65a97-10b6-49f7-a9c3-7fb540e2857d
HTTP Response > Get https://api.teamwood.games/0.41/api/user/participation/6cc65a97-10b6-49f7-a9c3-7fb540e2857d > <color=green>200</color>
Handling match update.
Merging models.
Hub Change > 6cc65a97-10b6-49f7-a9c3-7fb540e2857d
Handling match update.
Load battle because new was found.
HTTP Request > Get https://api.teamwood.games/0.41/api/battle/get/922336a4-455b-4ec9-b4b6-8fda8171a42d
HTTP Response > Get https://api.teamwood.games/0.41/api/battle/get/922336a4-455b-4ec9-b4b6-8fda8171a42d > <color=green>200</color>
Unloading 7 Unused Serialized files (Serialized files now loaded: 6)
SyncManager > Watch > 
Abort all requests
[PhysX] Initialized MultithreadedTaskDispatcher with 12 workers.
UnloadTime: 9.730628 ms
Added pool 'particles'
Unloading 1022 unused Assets to reduce memory usage. Loaded Objects now: 59446.
Total: 56.969763 ms (FindLiveObjects: 3.396551 ms CreateObjectMapping: 2.084926 ms MarkObjects: 50.766536 ms  DeleteObjects: 0.721203 ms)

[INFO] Battle Starting: master seed -1077819242, player seed: -1973254449, opponent seed: 234299692
T: 5870.714 - MasterAudio: Polyphony limit of group: Smash exceeded and no playing Variation is usable for Retrigger Limit Mode. Will not play this sound for this instance.
HTTP Request > Get https://api.teamwood.games/0.41/api/user/versus-participations
HTTP Response > Get https://api.teamwood.games/0.41/api/user/versus-participations > <color=green>200</color>
Watch battle for participation 6cc65a97-10b6-49f7-a9c3-7fb540e2857d
Watch battle 922336a4-455b-4ec9-b4b6-8fda8171a42d
HTTP Request > Post https://api.teamwood.games/0.41/api/versus/watch
HTTP Response > Post https://api.teamwood.games/0.41/api/versus/watch > <color=green>200</color>
[INFO] Battle completed, outcome: PlayerWon, masterSeed: -1077819242, end result: -1393034875
Unloading 6 Unused Serialized files (Serialized files now loaded: 6)
Abort all requests
[PhysX] Initialized MultithreadedTaskDispatcher with 12 workers.
UnloadTime: 7.754296 ms
Unloading 63 unused Assets to reduce memory usage. Loaded Objects now: 63645.
Total: 55.248013 ms (FindLiveObjects: 3.528319 ms CreateObjectMapping: 2.125485 ms MarkObjects: 49.150695 ms  DeleteObjects: 0.442939 ms)

SyncManager > Watch > 6cc65a97-10b6-49f7-a9c3-7fb540e2857d
HTTP Request > Post https://api.teamwood.games/0.41/api/build/start
HTTP Response > Post https://api.teamwood.games/0.41/api/build/start > <color=green>200</color>
HTTP Request > Post https://api.teamwood.games/0.41/api/build/play-spell
HTTP Response > Post https://api.teamwood.games/0.41/api/build/play-spell > <color=green>200</color>
HTTP Request > Post https://api.teamwood.games/0.41/api/build/roll
HTTP Response > Post https://api.teamwood.games/0.41/api/build/roll > <color=green>200</color>
HTTP Request > Post https://api.teamwood.games/0.41/api/build/roll
HTTP Response > Post https://api.teamwood.games/0.41/api/build/roll > <color=green>200</color>
HTTP Request > Post https://api.teamwood.games/0.41/api/build/roll
HTTP Response > Post https://api.teamwood.games/0.41/api/build/roll > <color=green>200</color>
HTTP Request > Post https://api.teamwood.games/0.41/api/build/play-spell
HTTP Response > Post https://api.teamwood.games/0.41/api/build/play-spell > <color=green>200</color>
HTTP Request > Post https://api.teamwood.games/0.41/api/build/roll
HTTP Response > Post https://api.teamwood.games/0.41/api/build/roll > <color=green>200</color>
HTTP Request > Post https://api.teamwood.games/0.41/api/build/end
HTTP Response > Post https://api.teamwood.games/0.41/api/build/end > <color=green>200</color>
HTTP Request > Post https://api.teamwood.games/0.41/api/versus/ready
Hub Change Player Count > 6cc65a97-10b6-49f7-a9c3-7fb540e2857d
Handling match update.
Merging models.
HTTP Response > Post https://api.teamwood.games/0.41/api/versus/ready > <color=green>200</color>
Handling match update.
Merging models.
Load battle after ready.
Participation battle has already been watched.
Spacewood.Unity.MonoBehaviours.Build.<ReadyAsync>d__30:MoveNext()
Cysharp.Threading.Tasks.UniTaskCompletionSourceCore`1:TrySetResult(TResult)
Spacewood.Unity.<ReadyRequestAsync>d__4:MoveNext()
Cysharp.Threading.Tasks.UniTaskCompletionSourceCore`1:TrySetResult(TResult)
Spacewood.Unity.<ReadyVersusAsync>d__164:MoveNext()
Cysharp.Threading.Tasks.UniTaskCompletionSourceCore`1:TrySetResult(TResult)
Spacewood.Unity.<SendAndRetryHttpRequestAsync>d__181`1:MoveNext()
Cysharp.Threading.Tasks.UniTaskCompletionSourceCore`1:TrySetResult(TResult)
Spacewood.Unity.<SendHttpResponseAsync>d__182`1:MoveNext()
System.Threading.Tasks.AwaitTaskContinuation:RunCallback(ContextCallback, Object, Task&)
System.Threading.Tasks.Task:FinishContinuations()
System.Threading.Tasks.Task`1:TrySetResult(TResult)
System.Threading.Tasks.TaskCompletionSource`1:TrySetResult(TResult)
BestHTTP.Core.RequestEventHelper:HandleRequestStateChange(RequestEventInfo)
BestHTTP.Core.RequestEventHelper:ProcessQueue()
BestHTTP.HTTPManager:OnUpdate()
BestHTTP.HTTPUpdateDelegator:CallOnUpdate()

HTTP Request > Get https://api.teamwood.games/0.41/api/user/participation/6cc65a97-10b6-49f7-a9c3-7fb540e2857d
HTTP Response > Get https://api.teamwood.games/0.41/api/user/participation/6cc65a97-10b6-49f7-a9c3-7fb540e2857d > <color=green>200</color>
Handling match update.
Merging models.
HTTP Request > Get https://api.teamwood.games/0.41/api/user/participation/6cc65a97-10b6-49f7-a9c3-7fb540e2857d
HTTP Response > Get https://api.teamwood.games/0.41/api/user/participation/6cc65a97-10b6-49f7-a9c3-7fb540e2857d > <color=green>200</color>
Handling match update.
Merging models.
Hub Change > 6cc65a97-10b6-49f7-a9c3-7fb540e2857d
Handling match update.
Load battle because new was found.
HTTP Request > Get https://api.teamwood.games/0.41/api/battle/get/9afbab07-cd7a-4316-85cc-fc0056519eed
HTTP Response > Get https://api.teamwood.games/0.41/api/battle/get/9afbab07-cd7a-4316-85cc-fc0056519eed > <color=green>200</color>
Unloading 7 Unused Serialized files (Serialized files now loaded: 6)
SyncManager > Watch > 
Abort all requests
[PhysX] Initialized MultithreadedTaskDispatcher with 12 workers.
UnloadTime: 9.539984 ms
Added pool 'particles'
Unloading 1053 unused Assets to reduce memory usage. Loaded Objects now: 59445.
Total: 55.967058 ms (FindLiveObjects: 3.352527 ms CreateObjectMapping: 2.078024 ms MarkObjects: 49.442794 ms  DeleteObjects: 1.093250 ms)

[INFO] Battle Starting: master seed 25862477, player seed: -1973254449, opponent seed: 234299692
T: 5992.479 - MasterAudio: Polyphony limit of group: Smash exceeded and no playing Variation is usable for Retrigger Limit Mode. Will not play this sound for this instance.
T: 5994.896 - MasterAudio: Polyphony limit of group: Smash exceeded and no playing Variation is usable for Retrigger Limit Mode. Will not play this sound for this instance.
T: 6001.4 - MasterAudio: Polyphony limit of group: Smash exceeded and no playing Variation is usable for Retrigger Limit Mode. Will not play this sound for this instance.
Watch battle for participation 6cc65a97-10b6-49f7-a9c3-7fb540e2857d
Watch battle 9afbab07-cd7a-4316-85cc-fc0056519eed
HTTP Request > Post https://api.teamwood.games/0.41/api/versus/watch
HTTP Response > Post https://api.teamwood.games/0.41/api/versus/watch > <color=green>200</color>
[INFO] Battle completed, outcome: PlayerWon, masterSeed: 25862477, end result: 577245222
Unloading 6 Unused Serialized files (Serialized files now loaded: 6)
Abort all requests
[PhysX] Initialized MultithreadedTaskDispatcher with 12 workers.
UnloadTime: 8.347450 ms
Unloading 60 unused Assets to reduce memory usage. Loaded Objects now: 63644.
Total: 58.223425 ms (FindLiveObjects: 3.583497 ms CreateObjectMapping: 2.596964 ms MarkObjects: 51.542991 ms  DeleteObjects: 0.499525 ms)

SyncManager > Watch > 6cc65a97-10b6-49f7-a9c3-7fb540e2857d
HTTP Request > Post https://api.teamwood.games/0.41/api/build/start
HTTP Response > Post https://api.teamwood.games/0.41/api/build/start > <color=green>200</color>
HTTP Request > Post https://api.teamwood.games/0.41/api/build/play-spell
HTTP Response > Post https://api.teamwood.games/0.41/api/build/play-spell > <color=green>200</color>
HTTP Request > Post https://api.teamwood.games/0.41/api/build/roll
HTTP Response > Post https://api.teamwood.games/0.41/api/build/roll > <color=green>200</color>
HTTP Request > Post https://api.teamwood.games/0.41/api/build/roll
HTTP Response > Post https://api.teamwood.games/0.41/api/build/roll > <color=green>200</color>
HTTP Request > Post https://api.teamwood.games/0.41/api/build/roll
HTTP Response > Post https://api.teamwood.games/0.41/api/build/roll > <color=green>200</color>
HTTP Request > Post https://api.teamwood.games/0.41/api/build/play-spell
HTTP Response > Post https://api.teamwood.games/0.41/api/build/play-spell > <color=green>200</color>
HTTP Request > Post https://api.teamwood.games/0.41/api/build/roll
HTTP Response > Post https://api.teamwood.games/0.41/api/build/roll > <color=green>200</color>
HTTP Request > Post https://api.teamwood.games/0.41/api/build/end
HTTP Response > Post https://api.teamwood.games/0.41/api/build/end > <color=green>200</color>
HTTP Request > Post https://api.teamwood.games/0.41/api/versus/ready
Hub Change Player Count > 6cc65a97-10b6-49f7-a9c3-7fb540e2857d
Handling match update.
Merging models.
HTTP Response > Post https://api.teamwood.games/0.41/api/versus/ready > <color=green>200</color>
Handling match update.
Merging models.
Load battle after ready.
Participation battle has already been watched.
Spacewood.Unity.MonoBehaviours.Build.<ReadyAsync>d__30:MoveNext()
Cysharp.Threading.Tasks.UniTaskCompletionSourceCore`1:TrySetResult(TResult)
Spacewood.Unity.<ReadyRequestAsync>d__4:MoveNext()
Cysharp.Threading.Tasks.UniTaskCompletionSourceCore`1:TrySetResult(TResult)
Spacewood.Unity.<ReadyVersusAsync>d__164:MoveNext()
Cysharp.Threading.Tasks.UniTaskCompletionSourceCore`1:TrySetResult(TResult)
Spacewood.Unity.<SendAndRetryHttpRequestAsync>d__181`1:MoveNext()
Cysharp.Threading.Tasks.UniTaskCompletionSourceCore`1:TrySetResult(TResult)
Spacewood.Unity.<SendHttpResponseAsync>d__182`1:MoveNext()
System.Threading.Tasks.AwaitTaskContinuation:RunCallback(ContextCallback, Object, Task&)
System.Threading.Tasks.Task:FinishContinuations()
System.Threading.Tasks.Task`1:TrySetResult(TResult)
System.Threading.Tasks.TaskCompletionSource`1:TrySetResult(TResult)
BestHTTP.Core.RequestEventHelper:HandleRequestStateChange(RequestEventInfo)
BestHTTP.Core.RequestEventHelper:ProcessQueue()
BestHTTP.HTTPManager:OnUpdate()
BestHTTP.HTTPUpdateDelegator:CallOnUpdate()

HTTP Request > Get https://api.teamwood.games/0.41/api/user/participation/6cc65a97-10b6-49f7-a9c3-7fb540e2857d
HTTP Response > Get https://api.teamwood.games/0.41/api/user/participation/6cc65a97-10b6-49f7-a9c3-7fb540e2857d > <color=green>200</color>
Handling match update.
Merging models.
HTTP Request > Get https://api.teamwood.games/0.41/api/user/participation/6cc65a97-10b6-49f7-a9c3-7fb540e2857d
HTTP Response > Get https://api.teamwood.games/0.41/api/user/participation/6cc65a97-10b6-49f7-a9c3-7fb540e2857d > <color=green>200</color>
Handling match update.
Merging models.
HTTP Request > Get https://api.teamwood.games/0.41/api/user/participation/6cc65a97-10b6-49f7-a9c3-7fb540e2857d
HTTP Response > Get https://api.teamwood.games/0.41/api/user/participation/6cc65a97-10b6-49f7-a9c3-7fb540e2857d > <color=green>200</color>
Handling match update.
Merging models.
HTTP Request > Get https://api.teamwood.games/0.41/api/user/participation/6cc65a97-10b6-49f7-a9c3-7fb540e2857d
HTTP Response > Get https://api.teamwood.games/0.41/api/user/participation/6cc65a97-10b6-49f7-a9c3-7fb540e2857d > <color=green>200</color>
Handling match update.
Merging models.
Hub Change > 6cc65a97-10b6-49f7-a9c3-7fb540e2857d
Handling match update.
Load battle because new was found.
HTTP Request > Get https://api.teamwood.games/0.41/api/battle/get/0eae450f-a519-4629-bc6e-75072fd1d2ce
HTTP Response > Get https://api.teamwood.games/0.41/api/battle/get/0eae450f-a519-4629-bc6e-75072fd1d2ce > <color=green>200</color>
Unloading 7 Unused Serialized files (Serialized files now loaded: 6)
SyncManager > Watch > 
Abort all requests
[PhysX] Initialized MultithreadedTaskDispatcher with 12 workers.
UnloadTime: 10.422145 ms
Added pool 'particles'
Unloading 1060 unused Assets to reduce memory usage. Loaded Objects now: 59446.
Total: 57.072453 ms (FindLiveObjects: 3.468304 ms CreateObjectMapping: 2.128742 ms MarkObjects: 50.511963 ms  DeleteObjects: 0.962928 ms)

[INFO] Battle Starting: master seed 1713859849, player seed: -1973254449, opponent seed: 234299692
T: 6116.538 - MasterAudio: Polyphony limit of group: Smash exceeded and no playing Variation is usable for Retrigger Limit Mode. Will not play this sound for this instance.
Watch battle for participation 6cc65a97-10b6-49f7-a9c3-7fb540e2857d
Watch battle 0eae450f-a519-4629-bc6e-75072fd1d2ce
HTTP Request > Post https://api.teamwood.games/0.41/api/versus/watch
HTTP Response > Post https://api.teamwood.games/0.41/api/versus/watch > <color=green>200</color>
[INFO] Battle completed, outcome: PlayerWon, masterSeed: 1713859849, end result: 1597877303
Unloading 6 Unused Serialized files (Serialized files now loaded: 6)
Abort all requests
[PhysX] Initialized MultithreadedTaskDispatcher with 12 workers.
UnloadTime: 7.679382 ms
Unloading 65 unused Assets to reduce memory usage. Loaded Objects now: 63646.
Total: 62.163775 ms (FindLiveObjects: 3.578299 ms CreateObjectMapping: 2.129846 ms MarkObjects: 56.035298 ms  DeleteObjects: 0.419961 ms)

SyncManager > Watch > 6cc65a97-10b6-49f7-a9c3-7fb540e2857d
HTTP Request > Post https://api.teamwood.games/0.41/api/build/start
HTTP Response > Post https://api.teamwood.games/0.41/api/build/start > <color=green>200</color>
HTTP Request > Post https://api.teamwood.games/0.41/api/build/play-spell
HTTP Response > Post https://api.teamwood.games/0.41/api/build/play-spell > <color=green>200</color>
[WARN] No events for a spell Spacewood.Core.Models.SpellModel, this is normally an error
Spacewood.Scripts.MonoBehaviours.Board.RenderAggregators.<Run>d__0:MoveNext()
Spacewood.Scripts.MonoBehaviours.Board.RenderAggregators.Spell:Run(SkipableStream`1)
Spacewood.Unity.MonoBehaviours.Board.<RenderBoardEventStream>d__17:MoveNext()
Spacewood.Unity.MonoBehaviours.Board.BoardRenderer:RenderBoardEventStream(IEnumerable`1)
Spacewood.Unity.MonoBehaviours.Board.<PlayEvent>d__27:MoveNext()
Spacewood.Unity.MonoBehaviours.Board.BoardController:PlayEvent(IBoardEvent, BoardModel, Int32)
Spacewood.Unity.MonoBehaviours.Build.<ResolveAsync>d__179:MoveNext()
Spacewood.Unity.MonoBehaviours.Build.HangarMain:Resolve(Int32, Nullable`1, IBoardEvent)
Spacewood.Unity.MonoBehaviours.Build.<PlaySpellAsync>d__12:MoveNext()
Cysharp.Threading.Tasks.UniTaskCompletionSourceCore`1:TrySetResult(TResult)
Spacewood.Unity.<PlaySpellAsync>d__84:MoveNext()
Cysharp.Threading.Tasks.UniTaskCompletionSourceCore`1:TrySetResult(TResult)
Spacewood.Unity.<SendAndRetryHttpRequestAsync>d__181`1:MoveNext()
Cysharp.Threading.Tasks.UniTaskCompletionSourceCore`1:TrySetResult(TResult)
Spacewood.Unity.<SendHttpResponseAsync>d__182`1:MoveNext()
System.Threading.Tasks.AwaitTaskContinuation:RunCallback(ContextCallback, Object, Task&)
System.Threading.Tasks.Task:FinishContinuations()
System.Threading.Tasks.Task`1:TrySetResult(TResult)
System.Threading.Tasks.TaskCompletionSource`1:TrySetResult(TResult)
BestHTTP.Core.RequestEventHelper:HandleRequestStateChange(RequestEventInfo)
BestHTTP.Core.RequestEventHelper:ProcessQueue()
BestHTTP.HTTPManager:OnUpdate()
BestHTTP.HTTPUpdateDelegator:CallOnUpdate()

HTTP Request > Post https://api.teamwood.games/0.41/api/build/sell
HTTP Response > Post https://api.teamwood.games/0.41/api/build/sell > <color=green>200</color>
HTTP Request > Post https://api.teamwood.games/0.41/api/build/play-minion
HTTP Response > Post https://api.teamwood.games/0.41/api/build/play-minion > <color=green>200</color>
HTTP Request > Post https://api.teamwood.games/0.41/api/build/play-minion
HTTP Response > Post https://api.teamwood.games/0.41/api/build/play-minion > <color=green>200</color>
HTTP Request > Post https://api.teamwood.games/0.41/api/build/roll
HTTP Response > Post https://api.teamwood.games/0.41/api/build/roll > <color=green>200</color>
HTTP Request > Post https://api.teamwood.games/0.41/api/build/roll
HTTP Response > Post https://api.teamwood.games/0.41/api/build/roll > <color=green>200</color>
HTTP Request > Post https://api.teamwood.games/0.41/api/build/roll
HTTP Response > Post https://api.teamwood.games/0.41/api/build/roll > <color=green>200</color>
HTTP Request > Post https://api.teamwood.games/0.41/api/build/end
HTTP Response > Post https://api.teamwood.games/0.41/api/build/end > <color=green>200</color>
HTTP Request > Post https://api.teamwood.games/0.41/api/versus/ready
Hub Change Player Count > 6cc65a97-10b6-49f7-a9c3-7fb540e2857d
Handling match update.
Merging models.
HTTP Response > Post https://api.teamwood.games/0.41/api/versus/ready > <color=green>200</color>
Handling match update.
Merging models.
Load battle after ready.
Participation battle has already been watched.
Spacewood.Unity.MonoBehaviours.Build.<ReadyAsync>d__30:MoveNext()
Cysharp.Threading.Tasks.UniTaskCompletionSourceCore`1:TrySetResult(TResult)
Spacewood.Unity.<ReadyRequestAsync>d__4:MoveNext()
Cysharp.Threading.Tasks.UniTaskCompletionSourceCore`1:TrySetResult(TResult)
Spacewood.Unity.<ReadyVersusAsync>d__164:MoveNext()
Cysharp.Threading.Tasks.UniTaskCompletionSourceCore`1:TrySetResult(TResult)
Spacewood.Unity.<SendAndRetryHttpRequestAsync>d__181`1:MoveNext()
Cysharp.Threading.Tasks.UniTaskCompletionSourceCore`1:TrySetResult(TResult)
Spacewood.Unity.<SendHttpResponseAsync>d__182`1:MoveNext()
System.Threading.Tasks.AwaitTaskContinuation:RunCallback(ContextCallback, Object, Task&)
System.Threading.Tasks.Task:FinishContinuations()
System.Threading.Tasks.Task`1:TrySetResult(TResult)
System.Threading.Tasks.TaskCompletionSource`1:TrySetResult(TResult)
BestHTTP.Core.RequestEventHelper:HandleRequestStateChange(RequestEventInfo)
BestHTTP.Core.RequestEventHelper:ProcessQueue()
BestHTTP.HTTPManager:OnUpdate()
BestHTTP.HTTPUpdateDelegator:CallOnUpdate()

HTTP Request > Get https://api.teamwood.games/0.41/api/user/participation/6cc65a97-10b6-49f7-a9c3-7fb540e2857d
HTTP Response > Get https://api.teamwood.games/0.41/api/user/participation/6cc65a97-10b6-49f7-a9c3-7fb540e2857d > <color=green>200</color>
Handling match update.
Merging models.
Hub Change > 6cc65a97-10b6-49f7-a9c3-7fb540e2857d
Handling match update.
Load battle because new was found.
HTTP Request > Get https://api.teamwood.games/0.41/api/battle/get/0a2b7c88-a8b3-4e8f-b953-3a7d0bd71827
HTTP Response > Get https://api.teamwood.games/0.41/api/battle/get/0a2b7c88-a8b3-4e8f-b953-3a7d0bd71827 > <color=green>200</color>
Unloading 7 Unused Serialized files (Serialized files now loaded: 6)
SyncManager > Watch > 
Abort all requests
[PhysX] Initialized MultithreadedTaskDispatcher with 12 workers.
UnloadTime: 10.273217 ms
Added pool 'particles'
Unloading 1049 unused Assets to reduce memory usage. Loaded Objects now: 59445.
Total: 58.553991 ms (FindLiveObjects: 3.356124 ms CreateObjectMapping: 2.118486 ms MarkObjects: 51.927110 ms  DeleteObjects: 1.151775 ms)

[INFO] Battle Starting: master seed -1276747117, player seed: -1973254449, opponent seed: 234299692
T: 6239.592 - MasterAudio: Polyphony limit of group: Smash exceeded and no playing Variation is usable for Retrigger Limit Mode. Will not play this sound for this instance.
T: 6246.111 - MasterAudio: Polyphony limit of group: Smash exceeded and no playing Variation is usable for Retrigger Limit Mode. Will not play this sound for this instance.
Watch battle for participation 6cc65a97-10b6-49f7-a9c3-7fb540e2857d
Watch battle 0a2b7c88-a8b3-4e8f-b953-3a7d0bd71827
HTTP Request > Post https://api.teamwood.games/0.41/api/versus/watch
HTTP Response > Post https://api.teamwood.games/0.41/api/versus/watch > <color=green>200</color>
[INFO] Battle completed, outcome: PlayerWon, masterSeed: -1276747117, end result: -1204768065
HTTP Request > Get https://api.teamwood.games/0.41/api/user/versus-participations
HTTP Response > Get https://api.teamwood.games/0.41/api/user/versus-participations > <color=green>200</color>
Unloading 6 Unused Serialized files (Serialized files now loaded: 6)
Abort all requests
[PhysX] Initialized MultithreadedTaskDispatcher with 12 workers.
UnloadTime: 7.385031 ms
Unloading 60 unused Assets to reduce memory usage. Loaded Objects now: 63644.
Total: 57.052858 ms (FindLiveObjects: 4.582196 ms CreateObjectMapping: 2.338481 ms MarkObjects: 49.770768 ms  DeleteObjects: 0.360919 ms)

SyncManager > Watch > 6cc65a97-10b6-49f7-a9c3-7fb540e2857d
HTTP Request > Post https://api.teamwood.games/0.41/api/build/start
HTTP Response > Post https://api.teamwood.games/0.41/api/build/start > <color=green>200</color>
HTTP Request > Post https://api.teamwood.games/0.41/api/build/play-spell
HTTP Response > Post https://api.teamwood.games/0.41/api/build/play-spell > <color=green>200</color>
HTTP Request > Post https://api.teamwood.games/0.41/api/build/roll
HTTP Response > Post https://api.teamwood.games/0.41/api/build/roll > <color=green>200</color>
HTTP Request > Post https://api.teamwood.games/0.41/api/build/roll
HTTP Response > Post https://api.teamwood.games/0.41/api/build/roll > <color=green>200</color>
HTTP Request > Post https://api.teamwood.games/0.41/api/build/roll
HTTP Response > Post https://api.teamwood.games/0.41/api/build/roll > <color=green>200</color>
HTTP Request > Post https://api.teamwood.games/0.41/api/build/play-spell
HTTP Response > Post https://api.teamwood.games/0.41/api/build/play-spell > <color=green>200</color>
HTTP Request > Post https://api.teamwood.games/0.41/api/build/roll
HTTP Response > Post https://api.teamwood.games/0.41/api/build/roll > <color=green>200</color>
HTTP Request > Post https://api.teamwood.games/0.41/api/build/end
HTTP Response > Post https://api.teamwood.games/0.41/api/build/end > <color=green>200</color>
HTTP Request > Post https://api.teamwood.games/0.41/api/versus/ready
Hub Change Player Count > 6cc65a97-10b6-49f7-a9c3-7fb540e2857d
Handling match update.
Merging models.
HTTP Response > Post https://api.teamwood.games/0.41/api/versus/ready > <color=green>200</color>
Handling match update.
Merging models.
Load battle after ready.
Participation battle has already been watched.
Spacewood.Unity.MonoBehaviours.Build.<ReadyAsync>d__30:MoveNext()
Cysharp.Threading.Tasks.UniTaskCompletionSourceCore`1:TrySetResult(TResult)
Spacewood.Unity.<ReadyRequestAsync>d__4:MoveNext()
Cysharp.Threading.Tasks.UniTaskCompletionSourceCore`1:TrySetResult(TResult)
Spacewood.Unity.<ReadyVersusAsync>d__164:MoveNext()
Cysharp.Threading.Tasks.UniTaskCompletionSourceCore`1:TrySetResult(TResult)
Spacewood.Unity.<SendAndRetryHttpRequestAsync>d__181`1:MoveNext()
Cysharp.Threading.Tasks.UniTaskCompletionSourceCore`1:TrySetResult(TResult)
Spacewood.Unity.<SendHttpResponseAsync>d__182`1:MoveNext()
System.Threading.Tasks.AwaitTaskContinuation:RunCallback(ContextCallback, Object, Task&)
System.Threading.Tasks.Task:FinishContinuations()
System.Threading.Tasks.Task`1:TrySetResult(TResult)
System.Threading.Tasks.TaskCompletionSource`1:TrySetResult(TResult)
BestHTTP.Core.RequestEventHelper:HandleRequestStateChange(RequestEventInfo)
BestHTTP.Core.RequestEventHelper:ProcessQueue()
BestHTTP.HTTPManager:OnUpdate()
BestHTTP.HTTPUpdateDelegator:CallOnUpdate()

HTTP Request > Get https://api.teamwood.games/0.41/api/user/participation/6cc65a97-10b6-49f7-a9c3-7fb540e2857d
HTTP Response > Get https://api.teamwood.games/0.41/api/user/participation/6cc65a97-10b6-49f7-a9c3-7fb540e2857d > <color=green>200</color>
Handling match update.
Merging models.
HTTP Request > Get https://api.teamwood.games/0.41/api/user/participation/6cc65a97-10b6-49f7-a9c3-7fb540e2857d
HTTP Response > Get https://api.teamwood.games/0.41/api/user/participation/6cc65a97-10b6-49f7-a9c3-7fb540e2857d > <color=green>200</color>
Handling match update.
Merging models.
HTTP Request > Get https://api.teamwood.games/0.41/api/user/participation/6cc65a97-10b6-49f7-a9c3-7fb540e2857d
HTTP Response > Get https://api.teamwood.games/0.41/api/user/participation/6cc65a97-10b6-49f7-a9c3-7fb540e2857d > <color=green>200</color>
Handling match update.
Merging models.
HTTP Request > Get https://api.teamwood.games/0.41/api/user/participation/6cc65a97-10b6-49f7-a9c3-7fb540e2857d
HTTP Response > Get https://api.teamwood.games/0.41/api/user/participation/6cc65a97-10b6-49f7-a9c3-7fb540e2857d > <color=green>200</color>
Handling match update.
Merging models.
HTTP Request > Get https://api.teamwood.games/0.41/api/user/participation/6cc65a97-10b6-49f7-a9c3-7fb540e2857d
HTTP Response > Get https://api.teamwood.games/0.41/api/user/participation/6cc65a97-10b6-49f7-a9c3-7fb540e2857d > <color=green>200</color>
Handling match update.
Merging models.
Hub Change > 6cc65a97-10b6-49f7-a9c3-7fb540e2857d
Handling match update.
Load battle because new was found.
HTTP Request > Get https://api.teamwood.games/0.41/api/battle/get/b2c8d7a7-ec4f-4a4e-88bb-d82c684c3b8e
HTTP Response > Get https://api.teamwood.games/0.41/api/battle/get/b2c8d7a7-ec4f-4a4e-88bb-d82c684c3b8e > <color=green>200</color>
Unloading 7 Unused Serialized files (Serialized files now loaded: 6)
SyncManager > Watch > 
Abort all requests
[PhysX] Initialized MultithreadedTaskDispatcher with 12 workers.
UnloadTime: 10.005000 ms
Added pool 'particles'
Unloading 1060 unused Assets to reduce memory usage. Loaded Objects now: 59446.
Total: 59.102377 ms (FindLiveObjects: 4.556552 ms CreateObjectMapping: 2.950853 ms MarkObjects: 50.547630 ms  DeleteObjects: 1.046858 ms)

[INFO] Battle Starting: master seed -1066503563, player seed: -1973254449, opponent seed: 234299692
T: 6359.066 - MasterAudio: Polyphony limit of group: Smash exceeded and no playing Variation is usable for Retrigger Limit Mode. Will not play this sound for this instance.
T: 6361.451 - MasterAudio: Polyphony limit of group: Smash exceeded and no playing Variation is usable for Retrigger Limit Mode. Will not play this sound for this instance.
Watch battle for participation 6cc65a97-10b6-49f7-a9c3-7fb540e2857d
Watch battle b2c8d7a7-ec4f-4a4e-88bb-d82c684c3b8e
HTTP Request > Post https://api.teamwood.games/0.41/api/versus/watch
HTTP Response > Post https://api.teamwood.games/0.41/api/versus/watch > <color=green>200</color>
Hub Stop
[INFO] Battle completed, outcome: PlayerWon, masterSeed: -1066503563, end result: 1291049135
Hub Closed
Unloading 5 Unused Serialized files (Serialized files now loaded: 6)
Abort all requests
[PhysX] Initialized MultithreadedTaskDispatcher with 12 workers.
UnloadTime: 9.042431 ms
Unloading 76 unused Assets to reduce memory usage. Loaded Objects now: 86039.
Total: 67.594455 ms (FindLiveObjects: 5.104107 ms CreateObjectMapping: 2.475054 ms MarkObjects: 59.129762 ms  DeleteObjects: 0.884654 ms)

Menu > Start
Abort all requests
Input System module state changed to: ShutdownInProgress.
Input System polling thread exited.
Input System module state changed to: Shutdown.
Memory Statistics:
[ALLOC_TEMP_TLS] TLS Allocator
  StackAllocators : 
    [ALLOC_TEMP_MAIN]
      Peak usage frame count: [4.0 KB-8.0 KB]: 245741 frames, [8.0 KB-16.0 KB]: 6996 frames, [16.0 KB-32.0 KB]: 34871 frames, [32.0 KB-64.0 KB]: 68317 frames, [64.0 KB-128.0 KB]: 14521 frames, [128.0 KB-256.0 KB]: 5176 frames, [256.0 KB-0.5 MB]: 62 frames, [2.0 MB-4.0 MB]: 1 frames, [4.0 MB-8.0 MB]: 133 frames
      Initial Block Size 4.0 MB
      Current Block Size 8.0 MB
      Peak Allocated Bytes 8.0 MB
      Overflow Count 16
    [ALLOC_TEMP_Loading.AsyncRead]
      Initial Block Size 64.0 KB
      Current Block Size 64.0 KB
      Peak Allocated Bytes 58.8 KB
      Overflow Count 0
    [ALLOC_TEMP_Loading.PreloadManager]
      Initial Block Size 256.0 KB
      Current Block Size 0.5 MB
      Peak Allocated Bytes 464.3 KB
      Overflow Count 2206494
    [ALLOC_TEMP_Background Job.Worker 8]
      Initial Block Size 32.0 KB
      Current Block Size 32.0 KB
      Peak Allocated Bytes 0 B
      Overflow Count 0
    [ALLOC_TEMP_Job.Worker 6]
      Initial Block Size 256.0 KB
      Current Block Size 256.0 KB
      Peak Allocated Bytes 49.2 KB
      Overflow Count 0
    [ALLOC_TEMP_Job.Worker 0]
      Initial Block Size 256.0 KB
      Current Block Size 256.0 KB
      Peak Allocated Bytes 19.4 KB
      Overflow Count 0
    [ALLOC_TEMP_Background Job.Worker 10]
      Initial Block Size 32.0 KB
      Current Block Size 32.0 KB
      Peak Allocated Bytes 0 B
      Overflow Count 0
    [ALLOC_TEMP_Background Job.Worker 9]
      Initial Block Size 32.0 KB
      Current Block Size 32.0 KB
      Peak Allocated Bytes 0 B
      Overflow Count 0
    [ALLOC_TEMP_Job.Worker 5]
      Initial Block Size 256.0 KB
      Current Block Size 256.0 KB
      Peak Allocated Bytes 48.2 KB
      Overflow Count 0
    [ALLOC_TEMP_Background Job.Worker 14]
      Initial Block Size 32.0 KB
      Current Block Size 32.0 KB
      Peak Allocated Bytes 0 B
      Overflow Count 0
    [ALLOC_TEMP_Background Job.Worker 6]
      Initial Block Size 32.0 KB
      Current Block Size 32.0 KB
      Peak Allocated Bytes 0 B
      Overflow Count 0
    [ALLOC_TEMP_Job.Worker 4]
      Initial Block Size 256.0 KB
      Current Block Size 256.0 KB
      Peak Allocated Bytes 62.5 KB
      Overflow Count 0
    [ALLOC_TEMP_Job.Worker 3]
      Initial Block Size 256.0 KB
      Current Block Size 256.0 KB
      Peak Allocated Bytes 62.4 KB
      Overflow Count 0
    [ALLOC_TEMP_Background Job.Worker 12]
      Initial Block Size 32.0 KB
      Current Block Size 32.0 KB
      Peak Allocated Bytes 0 B
      Overflow Count 0
    [ALLOC_TEMP_EnlightenWorker] x 12
      Initial Block Size 64.0 KB
      Current Block Size 64.0 KB
      Peak Allocated Bytes 0 B
      Overflow Count 0
    [ALLOC_TEMP_Background Job.Worker 15]
      Initial Block Size 32.0 KB
      Current Block Size 32.0 KB
      Peak Allocated Bytes 0 B
      Overflow Count 0
    [ALLOC_TEMP_Background Job.Worker 1]
      Initial Block Size 32.0 KB
      Current Block Size 36.0 KB
      Peak Allocated Bytes 35.2 KB
      Overflow Count 0
    [ALLOC_TEMP_Background Job.Worker 2]
      Initial Block Size 32.0 KB
      Current Block Size 32.0 KB
      Peak Allocated Bytes 115 B
      Overflow Count 1
    [ALLOC_TEMP_Background Job.Worker 7]
      Initial Block Size 32.0 KB
      Current Block Size 32.0 KB
      Peak Allocated Bytes 0 B
      Overflow Count 0
    [ALLOC_TEMP_UnityGfxDeviceWorker]
      Initial Block Size 256.0 KB
      Current Block Size 256.0 KB
      Peak Allocated Bytes 69.9 KB
      Overflow Count 0
    [ALLOC_TEMP_AssetGarbageCollectorHelper] x 11
      Initial Block Size 64.0 KB
      Current Block Size 64.0 KB
      Peak Allocated Bytes 0 B
      Overflow Count 0
    [ALLOC_TEMP_Background Job.Worker 5]
      Initial Block Size 32.0 KB
      Current Block Size 32.0 KB
      Peak Allocated Bytes 0 B
      Overflow Count 0
    [ALLOC_TEMP_Job.Worker 9]
      Initial Block Size 256.0 KB
      Current Block Size 256.0 KB
      Peak Allocated Bytes 19.4 KB
      Overflow Count 0
    [ALLOC_TEMP_Background Job.Worker 13]
      Initial Block Size 32.0 KB
      Current Block Size 32.0 KB
      Peak Allocated Bytes 0 B
      Overflow Count 0
    [ALLOC_TEMP_Job.Worker 8]
      Initial Block Size 256.0 KB
      Current Block Size 256.0 KB
      Peak Allocated Bytes 23.9 KB
      Overflow Count 0
    [ALLOC_TEMP_Job.Worker 7]
      Initial Block Size 256.0 KB
      Current Block Size 256.0 KB
      Peak Allocated Bytes 19.4 KB
      Overflow Count 0
    [ALLOC_TEMP_Job.Worker 1]
      Initial Block Size 256.0 KB
      Current Block Size 256.0 KB
      Peak Allocated Bytes 62.5 KB
      Overflow Count 0
    [ALLOC_TEMP_Job.Worker 2]
      Initial Block Size 256.0 KB
      Current Block Size 256.0 KB
      Peak Allocated Bytes 62.4 KB
      Overflow Count 0
    [ALLOC_TEMP_Background Job.Worker 3]
      Initial Block Size 32.0 KB
      Current Block Size 36.0 KB
      Peak Allocated Bytes 32.0 KB
      Overflow Count 0
    [ALLOC_TEMP_Background Job.Worker 11]
      Initial Block Size 32.0 KB
      Current Block Size 32.0 KB
      Peak Allocated Bytes 0 B
      Overflow Count 0
    [ALLOC_TEMP_Job.Worker 10]
      Initial Block Size 256.0 KB
      Current Block Size 256.0 KB
      Peak Allocated Bytes 19.4 KB
      Overflow Count 0
    [ALLOC_TEMP_Background Job.Worker 0]
      Initial Block Size 32.0 KB
      Current Block Size 32.0 KB
      Peak Allocated Bytes 0 B
      Overflow Count 0
    [ALLOC_TEMP_CloudJob.Worker 0]
      Initial Block Size 32.0 KB
      Current Block Size 32.0 KB
      Peak Allocated Bytes 11.0 KB
      Overflow Count 0
    [ALLOC_TEMP_Background Job.Worker 4]
      Initial Block Size 32.0 KB
      Current Block Size 36.0 KB
      Peak Allocated Bytes 32.0 KB
      Overflow Count 0
    [ALLOC_TEMP_BatchDeleteObjects]
      Initial Block Size 64.0 KB
      Current Block Size 64.0 KB
      Peak Allocated Bytes 0 B
      Overflow Count 0
[ALLOC_DEFAULT] Dual Thread Allocator
  Peak main deferred allocation count 11364
    [ALLOC_BUCKET]
      Large Block size 4.0 MB
      Used Block count 1
      Peak Allocated bytes 4.0 MB
      Failed Allocations. Bucket layout:
        16B: 5 Subsections = 5120 buckets. Failed count: 10821709
        32B: 33 Subsections = 16896 buckets. Failed count: 2981983
        48B: 27 Subsections = 9216 buckets. Failed count: 19828453
        64B: 132 Subsections = 33792 buckets. Failed count: 5822184
        80B: 40 Subsections = 8192 buckets. Failed count: 662030
        96B: 6 Subsections = 1024 buckets. Failed count: 937868
        112B: 5 Subsections = 731 buckets. Failed count: 51565
        128B: 8 Subsections = 1024 buckets. Failed count: 1063587
    [ALLOC_DEFAULT_MAIN]
      Peak usage frame count: [32.0 MB-64.0 MB]: 463 frames, [64.0 MB-128.0 MB]: 375355 frames
      Requested Block Size 16.0 MB
      Peak Block count 8
      Peak Allocated memory 95.7 MB
      Peak Large allocation bytes 0 B
    [ALLOC_DEFAULT_THREAD]
      Peak usage frame count: [32.0 MB-64.0 MB]: 463 frames, [64.0 MB-128.0 MB]: 41 frames, [128.0 MB-256.0 MB]: 375314 frames
      Requested Block Size 16.0 MB
      Peak Block count 9
      Peak Allocated memory 142.6 MB
      Peak Large allocation bytes 16.0 MB
[ALLOC_TEMP_JOB_1_FRAME]
  Initial Block Size 2.0 MB
  Used Block Count 0
  Overflow Count (too large) 0
  Overflow Count (full) 0
[ALLOC_TEMP_JOB_2_FRAMES]
  Initial Block Size 2.0 MB
  Used Block Count 0
  Overflow Count (too large) 0
  Overflow Count (full) 0
[ALLOC_TEMP_JOB_4_FRAMES (JobTemp)]
  Initial Block Size 2.0 MB
  Used Block Count 1
  Overflow Count (too large) 0
  Overflow Count (full) 0
[ALLOC_TEMP_JOB_ASYNC (Background)]
  Initial Block Size 1.0 MB
  Used Block Count 1
  Overflow Count (too large) 0
  Overflow Count (full) 0
[ALLOC_GFX] Dual Thread Allocator
  Peak main deferred allocation count 4
    [ALLOC_BUCKET]
      Large Block size 4.0 MB
      Used Block count 1
      Peak Allocated bytes 4.0 MB
      Failed Allocations. Bucket layout:
        16B: 5 Subsections = 5120 buckets. Failed count: 10821709
        32B: 33 Subsections = 16896 buckets. Failed count: 2981983
        48B: 27 Subsections = 9216 buckets. Failed count: 19828453
        64B: 132 Subsections = 33792 buckets. Failed count: 5822184
        80B: 40 Subsections = 8192 buckets. Failed count: 662030
        96B: 6 Subsections = 1024 buckets. Failed count: 937868
        112B: 5 Subsections = 731 buckets. Failed count: 51565
        128B: 8 Subsections = 1024 buckets. Failed count: 1063587
    [ALLOC_GFX_MAIN]
      Peak usage frame count: [64.0 KB-128.0 KB]: 463 frames, [128.0 KB-256.0 KB]: 375 frames, [256.0 KB-0.5 MB]: 318637 frames, [0.5 MB-1.0 MB]: 55602 frames, [1.0 MB-2.0 MB]: 741 frames
      Requested Block Size 16.0 MB
      Peak Block count 1
      Peak Allocated memory 1.4 MB
      Peak Large allocation bytes 0 B
    [ALLOC_GFX_THREAD]
      Peak usage frame count: [4.0 KB-8.0 KB]: 463 frames, [2.0 MB-4.0 MB]: 375355 frames
      Requested Block Size 16.0 MB
      Peak Block count 1
      Peak Allocated memory 2.5 MB
      Peak Large allocation bytes 0 B
[ALLOC_CACHEOBJECTS] Dual Thread Allocator
  Peak main deferred allocation count 1795
    [ALLOC_BUCKET]
      Large Block size 4.0 MB
      Used Block count 1
      Peak Allocated bytes 4.0 MB
      Failed Allocations. Bucket layout:
        16B: 5 Subsections = 5120 buckets. Failed count: 10821709
        32B: 33 Subsections = 16896 buckets. Failed count: 2981983
        48B: 27 Subsections = 9216 buckets. Failed count: 19828453
        64B: 132 Subsections = 33792 buckets. Failed count: 5822184
        80B: 40 Subsections = 8192 buckets. Failed count: 662030
        96B: 6 Subsections = 1024 buckets. Failed count: 937868
        112B: 5 Subsections = 731 buckets. Failed count: 51565
        128B: 8 Subsections = 1024 buckets. Failed count: 1063587
    [ALLOC_CACHEOBJECTS_MAIN]
      Peak usage frame count: [4.0 MB-8.0 MB]: 375818 frames
      Requested Block Size 4.0 MB
      Peak Block count 2
      Peak Allocated memory 6.8 MB
      Peak Large allocation bytes 0 B
    [ALLOC_CACHEOBJECTS_THREAD]
      Peak usage frame count: [2.0 MB-4.0 MB]: 3 frames, [4.0 MB-8.0 MB]: 460 frames, [16.0 MB-32.0 MB]: 375344 frames, [32.0 MB-64.0 MB]: 11 frames
      Requested Block Size 4.0 MB
      Peak Block count 16
      Peak Allocated memory 49.6 MB
      Peak Large allocation bytes 0 B
[ALLOC_TYPETREE] Dual Thread Allocator
  Peak main deferred allocation count 1
    [ALLOC_BUCKET]
      Large Block size 4.0 MB
      Used Block count 1
      Peak Allocated bytes 4.0 MB
      Failed Allocations. Bucket layout:
        16B: 5 Subsections = 5120 buckets. Failed count: 10821709
        32B: 33 Subsections = 16896 buckets. Failed count: 2981983
        48B: 27 Subsections = 9216 buckets. Failed count: 19828453
        64B: 132 Subsections = 33792 buckets. Failed count: 5822184
        80B: 40 Subsections = 8192 buckets. Failed count: 662030
        96B: 6 Subsections = 1024 buckets. Failed count: 937868
        112B: 5 Subsections = 731 buckets. Failed count: 51565
        128B: 8 Subsections = 1024 buckets. Failed count: 1063587
    [ALLOC_TYPETREE_MAIN]
      Peak usage frame count: [8.0 KB-16.0 KB]: 4532 frames, [16.0 KB-32.0 KB]: 371286 frames
      Requested Block Size 2.0 MB
      Peak Block count 1
      Peak Allocated memory 17.2 KB
      Peak Large allocation bytes 0 B
    [ALLOC_TYPETREE_THREAD]
      Peak usage frame count: [16.0 KB-32.0 KB]: 4 frames, [128.0 KB-256.0 KB]: 3 frames, [256.0 KB-0.5 MB]: 375811 frames
      Requested Block Size 2.0 MB
      Peak Block count 1
      Peak Allocated memory 482.3 KB
      Peak Large allocation bytes 0 B
IL2CPP Free after allocator was destroyed
IL2CPP Free after allocator was destroyed
IL2CPP Free after allocator was destroyed
IL2CPP Free after allocator was destroyed
IL2CPP Free after allocator was destroyed
IL2CPP Free after allocator was destroyed
IL2CPP Free after allocator was destroyed
IL2CPP Free after allocator was destroyed
IL2CPP Free after allocator was destroyed
IL2CPP Free after allocator was destroyed
IL2CPP Free after allocator was destroyed
IL2CPP Free after allocator was destroyed
IL2CPP Free after allocator was destroyed
IL2CPP Free after allocator was destroyed
IL2CPP Free after allocator was destroyed
IL2CPP Free after allocator was destroyed
IL2CPP Free after allocator was destroyed
IL2CPP Free after allocator was destroyed
IL2CPP Free after allocator was destroyed
IL2CPP Free after allocator was destroyed
IL2CPP Free after allocator was destroyed
IL2CPP Free after allocator was destroyed
IL2CPP Free after allocator was destroyed
IL2CPP Free after allocator was destroyed
IL2CPP Free after allocator was destroyed
IL2CPP Free after allocator was destroyed
IL2CPP Free after allocator was destroyed
IL2CPP Free after allocator was destroyed
IL2CPP Free after allocator was destroyed
IL2CPP Free after allocator was destroyed
IL2CPP Free after allocator was destroyed
IL2CPP Free after allocator was destroyed
IL2CPP Free after allocator was destroyed
IL2CPP Free after allocator was destroyed
IL2CPP Free after allocator was destroyed
IL2CPP Free after allocator was destroyed
IL2CPP Free after allocator was destroyed
IL2CPP Free after allocator was destroyed
IL2CPP Free after allocator was destroyed
IL2CPP Free after allocator was destroyed
IL2CPP Free after allocator was destroyed
IL2CPP Free after allocator was destroyed
IL2CPP Free after allocator was destroyed
IL2CPP Free after allocator was destroyed
IL2CPP Free after allocator was destroyed
IL2CPP Free after allocator was destroyed
IL2CPP Free after allocator was destroyed
IL2CPP Free after allocator was destroyed
IL2CPP Free after allocator was destroyed
IL2CPP Free after allocator was destroyed
IL2CPP Free after allocator was destroyed
IL2CPP Free after allocator was destroyed
IL2CPP Free after allocator was destroyed
IL2CPP Free after allocator was destroyed
IL2CPP Free after allocator was destroyed
IL2CPP Free after allocator was destroyed
IL2CPP Free after allocator was destroyed
IL2CPP Free after allocator was destroyed
IL2CPP Free after allocator was destroyed
IL2CPP Free after allocator was destroyed
IL2CPP Free after allocator was destroyed
IL2CPP Free after allocator was destroyed
IL2CPP Free after allocator was destroyed
IL2CPP Free after allocator was destroyed
IL2CPP Free after allocator was destroyed
IL2CPP Free after allocator was destroyed
IL2CPP Free after allocator was destroyed
IL2CPP Free after allocator was destroyed
IL2CPP Free after allocator was destroyed
IL2CPP Free after allocator was destroyed
IL2CPP Free after allocator was destroyed
IL2CPP Free after allocator was destroyed
IL2CPP Free after allocator was destroyed
IL2CPP Free after allocator was destroyed
IL2CPP Free after allocator was destroyed
IL2CPP Free after allocator was destroyed
IL2CPP Free after allocator was destroyed
IL2CPP Free after allocator was destroyed
IL2CPP Free after allocator was destroyed
IL2CPP Free after allocator was destroyed
IL2CPP Free after allocator was destroyed
IL2CPP Free after allocator was destroyed
IL2CPP Free after allocator was destroyed
IL2CPP Free after allocator was destroyed
IL2CPP Free after allocator was destroyed
IL2CPP Free after allocator was destroyed
IL2CPP Free after allocator was destroyed
IL2CPP Free after allocator was destroyed
IL2CPP Free after allocator was destroyed
IL2CPP Free after allocator was destroyed
IL2CPP Free after allocator was destroyed
IL2CPP Free after allocator was destroyed
IL2CPP Free after allocator was destroyed
IL2CPP Free after allocator was destroyed
IL2CPP Free after allocator was destroyed
IL2CPP Free after allocator was destroyed
IL2CPP Free after allocator was destroyed
IL2CPP Free after allocator was destroyed
IL2CPP Free after allocator was destroyed
IL2CPP Free after allocator was destroyed
IL2CPP Free after allocator was destroyed
IL2CPP Free after allocator was destroyed
IL2CPP Free after allocator was destroyed
IL2CPP Free after allocator was destroyed
IL2CPP Free after allocator was destroyed
IL2CPP Free after allocator was destroyed
IL2CPP Free after allocator was destroyed
IL2CPP Free after allocator was destroyed
IL2CPP Free after allocator was destroyed
IL2CPP Free after allocator was destroyed
IL2CPP Free after allocator was destroyed
IL2CPP Free after allocator was destroyed
IL2CPP Free after allocator was destroyed
IL2CPP Free after allocator was destroyed
IL2CPP Free after allocator was destroyed
IL2CPP Free after allocator was destroyed
IL2CPP Free after allocator was destroyed
IL2CPP Free after allocator was destroyed
IL2CPP Free after allocator was destroyed
IL2CPP Free after allocator was destroyed
IL2CPP Free after allocator was destroyed
IL2CPP Free after allocator was destroyed
IL2CPP Free after allocator was destroyed
IL2CPP Free after allocator was destroyed
IL2CPP Free after allocator was destroyed
IL2CPP Free after allocator was destroyed
IL2CPP Free after allocator was destroyed
IL2CPP Free after allocator was destroyed
IL2CPP Free after allocator was destroyed
IL2CPP Free after allocator was destroyed
IL2CPP Free after allocator was destroyed
IL2CPP Free after allocator was destroyed
IL2CPP Free after allocator was destroyed
IL2CPP Free after allocator was destroyed
IL2CPP Free after allocator was destroyed
IL2CPP Free after allocator was destroyed
IL2CPP Free after allocator was destroyed
IL2CPP Free after allocator was destroyed
IL2CPP Free after allocator was destroyed
IL2CPP Free after allocator was destroyed
IL2CPP Free after allocator was destroyed
IL2CPP Free after allocator was destroyed
IL2CPP Free after allocator was destroyed
IL2CPP Free after allocator was destroyed
IL2CPP Free after allocator was destroyed
IL2CPP Free after allocator was destroyed
IL2CPP Free after allocator was destroyed
IL2CPP Free after allocator was destroyed
IL2CPP Free after allocator was destroyed
IL2CPP Free after allocator was destroyed
IL2CPP Free after allocator was destroyed
IL2CPP Free after allocator was destroyed
IL2CPP Free after allocator was destroyed
IL2CPP Free after allocator was destroyed
IL2CPP Free after allocator was destroyed
IL2CPP Free after allocator was destroyed
IL2CPP Free after allocator was destroyed
IL2CPP Free after allocator was destroyed
IL2CPP Free after allocator was destroyed
IL2CPP Free after allocator was destroyed
IL2CPP Free after allocator was destroyed
IL2CPP Free after allocator was destroyed
IL2CPP Free after allocator was destroyed
IL2CPP Free after allocator was destroyed
IL2CPP Free after allocator was destroyed
IL2CPP Free after allocator was destroyed
IL2CPP Free after allocator was destroyed
IL2CPP Free after allocator was destroyed
IL2CPP Free after allocator was destroyed
IL2CPP Free after allocator was destroyed
IL2CPP Free after allocator was destroyed
IL2CPP Free after allocator was destroyed
IL2CPP Free after allocator was destroyed
IL2CPP Free after allocator was destroyed
IL2CPP Free after allocator was destroyed
IL2CPP Free after allocator was destroyed
IL2CPP Free after allocator was destroyed
IL2CPP Free after allocator was destroyed
IL2CPP Free after allocator was destroyed
IL2CPP Free after allocator was destroyed
IL2CPP Free after allocator was destroyed
IL2CPP Free after allocator was destroyed
IL2CPP Free after allocator was destroyed
IL2CPP Free after allocator was destroyed
IL2CPP Free after allocator was destroyed
IL2CPP Free after allocator was destroyed
IL2CPP Free after allocator was destroyed
IL2CPP Free after allocator was destroyed
IL2CPP Free after allocator was destroyed
IL2CPP Free after allocator was destroyed
IL2CPP Free after allocator was destroyed
IL2CPP Free after allocator was destroyed
IL2CPP Free after allocator was destroyed
IL2CPP Free after allocator was destroyed
IL2CPP Free after allocator was destroyed
IL2CPP Free after allocator was destroyed
IL2CPP Free after allocator was destroyed
IL2CPP Free after allocator was destroyed
IL2CPP Free after allocator was destroyed
IL2CPP Free after allocator was destroyed
IL2CPP Free after allocator was destroyed
IL2CPP Free after allocator was destroyed
IL2CPP Free after allocator was destroyed
IL2CPP Free after allocator was destroyed
IL2CPP Free after allocator was destroyed
IL2CPP Free after allocator was destroyed
IL2CPP Free after allocator was destroyed
IL2CPP Free after allocator was destroyed
IL2CPP Free after allocator was destroyed
IL2CPP Free after allocator was destroyed
IL2CPP Free after allocator was destroyed
IL2CPP Free after allocator was destroyed
IL2CPP Free after allocator was destroyed
IL2CPP Free after allocator was destroyed
IL2CPP Free after allocator was destroyed
IL2CPP Free after allocator was destroyed
IL2CPP Free after allocator was destroyed
IL2CPP Free after allocator was destroyed
IL2CPP Free after allocator was destroyed
IL2CPP Free after allocator was destroyed
IL2CPP Free after allocator was destroyed
IL2CPP Free after allocator was destroyed
IL2CPP Free after allocator was destroyed
IL2CPP Free after allocator was destroyed
IL2CPP Free after allocator was destroyed
IL2CPP Free after allocator was destroyed
IL2CPP Free after allocator was destroyed
IL2CPP Free after allocator was destroyed
IL2CPP Free after allocator was destroyed
IL2CPP Free after allocator was destroyed
IL2CPP Free after allocator was destroyed
IL2CPP Free after allocator was destroyed
IL2CPP Free after allocator was destroyed
IL2CPP Free after allocator was destroyed
IL2CPP Free after allocator was destroyed
IL2CPP Free after allocator was destroyed
IL2CPP Free after allocator was destroyed
IL2CPP Free after allocator was destroyed
IL2CPP Free after allocator was destroyed
IL2CPP Free after allocator was destroyed
IL2CPP Free after allocator was destroyed
IL2CPP Free after allocator was destroyed
IL2CPP Free after allocator was destroyed
IL2CPP Free after allocator was destroyed
IL2CPP Free after allocator was destroyed
IL2CPP Free after allocator was destroyed
IL2CPP Free after allocator was destroyed
IL2CPP Free after allocator was destroyed
IL2CPP Free after allocator was destroyed
IL2CPP Free after allocator was destroyed
IL2CPP Free after allocator was destroyed
IL2CPP Free after allocator was destroyed
IL2CPP Free after allocator was destroyed
IL2CPP Free after allocator was destroyed
IL2CPP Free after allocator was destroyed
IL2CPP Free after allocator was destroyed
IL2CPP Free after allocator was destroyed
IL2CPP Free after allocator was destroyed
IL2CPP Free after allocator was destroyed
IL2CPP Free after allocator was destroyed
IL2CPP Free after allocator was destroyed
IL2CPP Free after allocator was destroyed
IL2CPP Free after allocator was destroyed
IL2CPP Free after allocator was destroyed
IL2CPP Free after allocator was destroyed
IL2CPP Free after allocator was destroyed
IL2CPP Free after allocator was destroyed
IL2CPP Free after allocator was destroyed
IL2CPP Free after allocator was destroyed
IL2CPP Free after allocator was destroyed
IL2CPP Free after allocator was destroyed
IL2CPP Free after allocator was destroyed
IL2CPP Free after allocator was destroyed
IL2CPP Free after allocator was destroyed
IL2CPP Free after allocator was destroyed
IL2CPP Free after allocator was destroyed
IL2CPP Free after allocator was destroyed
IL2CPP Free after allocator was destroyed
IL2CPP Free after allocator was destroyed
IL2CPP Free after allocator was destroyed
IL2CPP Free after allocator was destroyed
IL2CPP Free after allocator was destroyed
IL2CPP Free after allocator was destroyed
IL2CPP Free after allocator was destroyed
IL2CPP Free after allocator was destroyed
IL2CPP Free after allocator was destroyed
IL2CPP Free after allocator was destroyed
IL2CPP Free after allocator was destroyed
IL2CPP Free after allocator was destroyed
IL2CPP Free after allocator was destroyed
IL2CPP Free after allocator was destroyed
IL2CPP Free after allocator was destroyed
IL2CPP Free after allocator was destroyed
IL2CPP Free after allocator was destroyed
IL2CPP Free after allocator was destroyed
IL2CPP Free after allocator was destroyed
IL2CPP Free after allocator was destroyed
IL2CPP Free after allocator was destroyed
IL2CPP Free after allocator was destroyed
IL2CPP Free after allocator was destroyed
IL2CPP Free after allocator was destroyed
IL2CPP Free after allocator was destroyed
IL2CPP Free after allocator was destroyed
IL2CPP Free after allocator was destroyed
IL2CPP Free after allocator was destroyed
IL2CPP Free after allocator was destroyed
IL2CPP Free after allocator was destroyed
IL2CPP Free after allocator was destroyed
IL2CPP Free after allocator was destroyed
IL2CPP Free after allocator was destroyed
IL2CPP Free after allocator was destroyed
IL2CPP Free after allocator was destroyed
IL2CPP Free after allocator was destroyed
IL2CPP Free after allocator was destroyed
IL2CPP Free after allocator was destroyed
IL2CPP Free after allocator was destroyed
IL2CPP Free after allocator was destroyed
IL2CPP Free after allocator was destroyed
IL2CPP Free after allocator was destroyed
IL2CPP Free after allocator was destroyed
IL2CPP Free after allocator was destroyed
IL2CPP Free after allocator was destroyed
IL2CPP Free after allocator was destroyed
IL2CPP Free after allocator was destroyed
IL2CPP Free after allocator was destroyed
IL2CPP Free after allocator was destroyed
IL2CPP Free after allocator was destroyed
IL2CPP Free after allocator was destroyed
IL2CPP Free after allocator was destroyed
IL2CPP Free after allocator was destroyed
IL2CPP Free after allocator was destroyed
IL2CPP Free after allocator was destroyed
IL2CPP Free after allocator was destroyed
IL2CPP Free after allocator was destroyed
IL2CPP Free after allocator was destroyed
IL2CPP Free after allocator was destroyed
IL2CPP Free after allocator was destroyed
IL2CPP Free after allocator was destroyed
IL2CPP Free after allocator was destroyed
IL2CPP Free after allocator was destroyed
IL2CPP Free after allocator was destroyed
IL2CPP Free after allocator was destroyed
IL2CPP Free after allocator was destroyed
IL2CPP Free after allocator was destroyed
IL2CPP Free after allocator was destroyed
IL2CPP Free after allocator was destroyed
IL2CPP Free after allocator was destroyed
IL2CPP Free after allocator was destroyed
IL2CPP Free after allocator was destroyed
IL2CPP Free after allocator was destroyed
IL2CPP Free after allocator was destroyed
IL2CPP Free after allocator was destroyed
IL2CPP Free after allocator was destroyed
IL2CPP Free after allocator was destroyed
IL2CPP Free after allocator was destroyed
IL2CPP Free after allocator was destroyed
IL2CPP Free after allocator was destroyed
IL2CPP Free after allocator was destroyed
IL2CPP Free after allocator was destroyed
IL2CPP Free after allocator was destroyed
IL2CPP Free after allocator was destroyed
IL2CPP Free after allocator was destroyed
IL2CPP Free after allocator was destroyed
IL2CPP Free after allocator was destroyed
IL2CPP Free after allocator was destroyed
IL2CPP Free after allocator was destroyed
IL2CPP Free after allocator was destroyed
IL2CPP Free after allocator was destroyed
IL2CPP Free after allocator was destroyed
IL2CPP Free after allocator was destroyed
IL2CPP Free after allocator was destroyed
IL2CPP Free after allocator was destroyed
IL2CPP Free after allocator was destroyed
IL2CPP Free after allocator was destroyed
IL2CPP Free after allocator was destroyed
IL2CPP Free after allocator was destroyed
IL2CPP Free after allocator was destroyed
IL2CPP Free after allocator was destroyed
IL2CPP Free after allocator was destroyed
IL2CPP Free after allocator was destroyed
IL2CPP Free after allocator was destroyed
IL2CPP Free after allocator was destroyed
IL2CPP Free after allocator was destroyed
IL2CPP Free after allocator was destroyed
IL2CPP Free after allocator was destroyed
IL2CPP Free after allocator was destroyed
IL2CPP Free after allocator was destroyed
IL2CPP Free after allocator was destroyed
IL2CPP Free after allocator was destroyed
IL2CPP Free after allocator was destroyed
IL2CPP Free after allocator was destroyed
IL2CPP Free after allocator was destroyed
IL2CPP Free after allocator was destroyed
IL2CPP Free after allocator was destroyed
IL2CPP Free after allocator was destroyed
IL2CPP Free after allocator was destroyed
IL2CPP Free after allocator was destroyed
IL2CPP Free after allocator was destroyed
IL2CPP Free after allocator was destroyed
IL2CPP Free after allocator was destroyed
IL2CPP Free after allocator was destroyed
IL2CPP Free after allocator was destroyed
IL2CPP Free after allocator was destroyed
IL2CPP Free after allocator was destroyed
IL2CPP Free after allocator was destroyed
IL2CPP Free after allocator was destroyed
IL2CPP Free after allocator was destroyed
IL2CPP Free after allocator was destroyed
IL2CPP Free after allocator was destroyed
IL2CPP Free after allocator was destroyed
IL2CPP Free after allocator was destroyed
IL2CPP Free after allocator was destroyed
IL2CPP Free after allocator was destroyed
IL2CPP Free after allocator was destroyed
IL2CPP Free after allocator was destroyed
IL2CPP Free after allocator was destroyed
IL2CPP Free after allocator was destroyed
IL2CPP Free after allocator was destroyed
IL2CPP Free after allocator was destroyed
IL2CPP Free after allocator was destroyed
IL2CPP Free after allocator was destroyed
IL2CPP Free after allocator was destroyed
IL2CPP Free after allocator was destroyed
IL2CPP Free after allocator was destroyed
IL2CPP Free after allocator was destroyed
IL2CPP Free after allocator was destroyed
IL2CPP Free after allocator was destroyed
IL2CPP Free after allocator was destroyed
IL2CPP Free after allocator was destroyed
IL2CPP Free after allocator was destroyed
IL2CPP Free after allocator was destroyed
IL2CPP Free after allocator was destroyed
IL2CPP Free after allocator was destroyed
IL2CPP Free after allocator was destroyed
IL2CPP Free after allocator was destroyed
IL2CPP Free after allocator was destroyed
IL2CPP Free after allocator was destroyed
IL2CPP Free after allocator was destroyed
IL2CPP Free after allocator was destroyed
IL2CPP Free after allocator was destroyed
IL2CPP Free after allocator was destroyed
IL2CPP Free after allocator was destroyed
IL2CPP Free after allocator was destroyed
IL2CPP Free after allocator was destroyed
IL2CPP Free after allocator was destroyed
IL2CPP Free after allocator was destroyed
IL2CPP Free after allocator was destroyed
IL2CPP Free after allocator was destroyed
IL2CPP Free after allocator was destroyed
IL2CPP Free after allocator was destroyed
IL2CPP Free after allocator was destroyed
IL2CPP Free after allocator was destroyed
IL2CPP Free after allocator was destroyed
IL2CPP Free after allocator was destroyed
IL2CPP Free after allocator was destroyed
IL2CPP Free after allocator was destroyed
IL2CPP Free after allocator was destroyed
IL2CPP Free after allocator was destroyed
IL2CPP Free after allocator was destroyed
IL2CPP Free after allocator was destroyed
IL2CPP Free after allocator was destroyed
IL2CPP Free after allocator was destroyed
IL2CPP Free after allocator was destroyed
IL2CPP Free after allocator was destroyed
IL2CPP Free after allocator was destroyed
IL2CPP Free after allocator was destroyed
IL2CPP Free after allocator was destroyed
IL2CPP Free after allocator was destroyed
IL2CPP Free after allocator was destroyed
IL2CPP Free after allocator was destroyed
IL2CPP Free after allocator was destroyed
IL2CPP Free after allocator was destroyed
IL2CPP Free after allocator was destroyed
IL2CPP Free after allocator was destroyed
IL2CPP Free after allocator was destroyed
IL2CPP Free after allocator was destroyed
IL2CPP Free after allocator was destroyed
IL2CPP Free after allocator was destroyed
IL2CPP Free after allocator was destroyed
IL2CPP Free after allocator was destroyed
IL2CPP Free after allocator was destroyed
IL2CPP Free after allocator was destroyed
IL2CPP Free after allocator was destroyed
IL2CPP Free after allocator was destroyed
IL2CPP Free after allocator was destroyed
IL2CPP Free after allocator was destroyed
IL2CPP Free after allocator was destroyed
IL2CPP Free after allocator was destroyed
IL2CPP Free after allocator was destroyed
IL2CPP Free after allocator was destroyed
IL2CPP Free after allocator was destroyed
IL2CPP Free after allocator was destroyed
IL2CPP Free after allocator was destroyed
IL2CPP Free after allocator was destroyed
IL2CPP Free after allocator was destroyed
IL2CPP Free after allocator was destroyed
IL2CPP Free after allocator was destroyed
IL2CPP Free after allocator was destroyed
IL2CPP Free after allocator was destroyed
IL2CPP Free after allocator was destroyed
IL2CPP Free after allocator was destroyed
IL2CPP Free after allocator was destroyed
IL2CPP Free after allocator was destroyed
IL2CPP Free after allocator was destroyed
IL2CPP Free after allocator was destroyed
IL2CPP Free after allocator was destroyed
IL2CPP Free after allocator was destroyed
IL2CPP Free after allocator was destroyed
IL2CPP Free after allocator was destroyed
IL2CPP Free after allocator was destroyed
IL2CPP Free after allocator was destroyed
IL2CPP Free after allocator was destroyed
IL2CPP Free after allocator was destroyed
IL2CPP Free after allocator was destroyed
IL2CPP Free after allocator was destroyed
IL2CPP Free after allocator was destroyed
IL2CPP Free after allocator was destroyed
IL2CPP Free after allocator was destroyed
IL2CPP Free after allocator was destroyed
IL2CPP Free after allocator was destroyed
IL2CPP Free after allocator was destroyed
IL2CPP Free after allocator was destroyed
IL2CPP Free after allocator was destroyed
IL2CPP Free after allocator was destroyed
IL2CPP Free after allocator was destroyed
IL2CPP Free after allocator was destroyed
IL2CPP Free after allocator was destroyed
IL2CPP Free after allocator was destroyed
IL2CPP Free after allocator was destroyed
IL2CPP Free after allocator was destroyed
IL2CPP Free after allocator was destroyed
IL2CPP Free after allocator was destroyed
IL2CPP Free after allocator was destroyed
IL2CPP Free after allocator was destroyed
IL2CPP Free after allocator was destroyed
IL2CPP Free after allocator was destroyed
IL2CPP Free after allocator was destroyed
IL2CPP Free after allocator was destroyed
IL2CPP Free after allocator was destroyed
IL2CPP Free after allocator was destroyed
IL2CPP Free after allocator was destroyed
IL2CPP Free after allocator was destroyed
IL2CPP Free after allocator was destroyed
IL2CPP Free after allocator was destroyed
IL2CPP Free after allocator was destroyed
IL2CPP Free after allocator was destroyed
IL2CPP Free after allocator was destroyed
IL2CPP Free after allocator was destroyed
IL2CPP Free after allocator was destroyed
IL2CPP Free after allocator was destroyed
IL2CPP Free after allocator was destroyed
IL2CPP Free after allocator was destroyed
IL2CPP Free after allocator was destroyed
IL2CPP Free after allocator was destroyed
IL2CPP Free after allocator was destroyed
IL2CPP Free after allocator was destroyed
IL2CPP Free after allocator was destroyed
IL2CPP Free after allocator was destroyed
IL2CPP Free after allocator was destroyed
IL2CPP Free after allocator was destroyed
IL2CPP Free after allocator was destroyed
IL2CPP Free after allocator was destroyed
IL2CPP Free after allocator was destroyed
IL2CPP Free after allocator was destroyed
IL2CPP Free after allocator was destroyed
IL2CPP Free after allocator was destroyed
IL2CPP Free after allocator was destroyed
IL2CPP Free after allocator was destroyed
IL2CPP Free after allocator was destroyed
IL2CPP Free after allocator was destroyed
IL2CPP Free after allocator was destroyed
IL2CPP Free after allocator was destroyed
IL2CPP Free after allocator was destroyed
IL2CPP Free after allocator was destroyed
IL2CPP Free after allocator was destroyed
IL2CPP Free after allocator was destroyed
IL2CPP Free after allocator was destroyed
IL2CPP Free after allocator was destroyed
IL2CPP Free after allocator was destroyed
IL2CPP Free after allocator was destroyed
IL2CPP Free after allocator was destroyed
IL2CPP Free after allocator was destroyed
IL2CPP Free after allocator was destroyed
IL2CPP Free after allocator was destroyed
IL2CPP Free after allocator was destroyed
IL2CPP Free after allocator was destroyed
IL2CPP Free after allocator was destroyed
IL2CPP Free after allocator was destroyed
IL2CPP Free after allocator was destroyed
IL2CPP Free after allocator was destroyed
IL2CPP Free after allocator was destroyed
IL2CPP Free after allocator was destroyed
IL2CPP Free after allocator was destroyed
IL2CPP Free after allocator was destroyed
IL2CPP Free after allocator was destroyed
IL2CPP Free after allocator was destroyed
IL2CPP Free after allocator was destroyed
IL2CPP Free after allocator was destroyed
IL2CPP Free after allocator was destroyed
IL2CPP Free after allocator was destroyed
IL2CPP Free after allocator was destroyed
IL2CPP Free after allocator was destroyed
IL2CPP Free after allocator was destroyed
IL2CPP Free after allocator was destroyed
IL2CPP Free after allocator was destroyed
IL2CPP Free after allocator was destroyed
IL2CPP Free after allocator was destroyed
IL2CPP Free after allocator was destroyed
IL2CPP Free after allocator was destroyed
IL2CPP Free after allocator was destroyed
IL2CPP Free after allocator was destroyed
IL2CPP Free after allocator was destroyed
IL2CPP Free after allocator was destroyed
IL2CPP Free after allocator was destroyed
IL2CPP Free after allocator was destroyed
IL2CPP Free after allocator was destroyed
IL2CPP Free after allocator was destroyed
IL2CPP Free after allocator was destroyed
IL2CPP Free after allocator was destroyed
IL2CPP Free after allocator was destroyed
IL2CPP Free after allocator was destroyed
IL2CPP Free after allocator was destroyed
IL2CPP Free after allocator was destroyed
IL2CPP Free after allocator was destroyed
IL2CPP Free after allocator was destroyed
IL2CPP Free after allocator was destroyed
IL2CPP Free after allocator was destroyed
IL2CPP Free after allocator was destroyed
IL2CPP Free after allocator was destroyed
IL2CPP Free after allocator was destroyed
IL2CPP Free after allocator was destroyed
IL2CPP Free after allocator was destroyed
IL2CPP Free after allocator was destroyed
IL2CPP Free after allocator was destroyed
IL2CPP Free after allocator was destroyed
IL2CPP Free after allocator was destroyed
IL2CPP Free after allocator was destroyed
IL2CPP Free after allocator was destroyed
IL2CPP Free after allocator was destroyed
IL2CPP Free after allocator was destroyed
IL2CPP Free after allocator was destroyed
IL2CPP Free after allocator was destroyed
IL2CPP Free after allocator was destroyed
IL2CPP Free after allocator was destroyed
IL2CPP Free after allocator was destroyed
IL2CPP Free after allocator was destroyed
IL2CPP Free after allocator was destroyed
IL2CPP Free after allocator was destroyed
IL2CPP Free after allocator was destroyed
IL2CPP Free after allocator was destroyed
IL2CPP Free after allocator was destroyed
IL2CPP Free after allocator was destroyed
IL2CPP Free after allocator was destroyed
IL2CPP Free after allocator was destroyed
IL2CPP Free after allocator was destroyed
IL2CPP Free after allocator was destroyed
IL2CPP Free after allocator was destroyed
IL2CPP Free after allocator was destroyed
IL2CPP Free after allocator was destroyed
IL2CPP Free after allocator was destroyed
IL2CPP Free after allocator was destroyed
IL2CPP Free after allocator was destroyed
IL2CPP Free after allocator was destroyed
IL2CPP Free after allocator was destroyed
IL2CPP Free after allocator was destroyed
IL2CPP Free after allocator was destroyed
IL2CPP Free after allocator was destroyed
IL2CPP Free after allocator was destroyed
IL2CPP Free after allocator was destroyed
IL2CPP Free after allocator was destroyed
IL2CPP Free after allocator was destroyed
IL2CPP Free after allocator was destroyed
IL2CPP Free after allocator was destroyed
IL2CPP Free after allocator was destroyed
IL2CPP Free after allocator was destroyed
IL2CPP Free after allocator was destroyed
IL2CPP Free after allocator was destroyed
IL2CPP Free after allocator was destroyed
IL2CPP Free after allocator was destroyed
IL2CPP Free after allocator was destroyed
IL2CPP Free after allocator was destroyed
IL2CPP Free after allocator was destroyed
IL2CPP Free after allocator was destroyed
IL2CPP Free after allocator was destroyed
IL2CPP Free after allocator was destroyed
IL2CPP Free after allocator was destroyed
IL2CPP Free after allocator was destroyed
IL2CPP Free after allocator was destroyed
IL2CPP Free after allocator was destroyed
IL2CPP Free after allocator was destroyed
IL2CPP Free after allocator was destroyed
IL2CPP Free after allocator was destroyed
IL2CPP Free after allocator was destroyed
IL2CPP Free after allocator was destroyed
IL2CPP Free after allocator was destroyed
IL2CPP Free after allocator was destroyed
IL2CPP Free after allocator was destroyed
IL2CPP Free after allocator was destroyed
IL2CPP Free after allocator was destroyed
IL2CPP Free after allocator was destroyed
IL2CPP Free after allocator was destroyed
IL2CPP Free after allocator was destroyed
IL2CPP Free after allocator was destroyed
IL2CPP Free after allocator was destroyed
IL2CPP Free after allocator was destroyed
IL2CPP Free after allocator was destroyed
IL2CPP Free after allocator was destroyed
IL2CPP Free after allocator was destroyed
IL2CPP Free after allocator was destroyed
IL2CPP Free after allocator was destroyed
IL2CPP Free after allocator was destroyed
IL2CPP Free after allocator was destroyed
IL2CPP Free after allocator was destroyed
IL2CPP Free after allocator was destroyed
IL2CPP Free after allocator was destroyed
IL2CPP Free after allocator was destroyed
IL2CPP Free after allocator was destroyed
IL2CPP Free after allocator was destroyed
IL2CPP Free after allocator was destroyed
IL2CPP Free after allocator was destroyed
IL2CPP Free after allocator was destroyed
IL2CPP Free after allocator was destroyed
IL2CPP Free after allocator was destroyed
IL2CPP Free after allocator was destroyed
IL2CPP Free after allocator was destroyed
IL2CPP Free after allocator was destroyed
IL2CPP Free after allocator was destroyed
IL2CPP Free after allocator was destroyed
IL2CPP Free after allocator was destroyed
IL2CPP Free after allocator was destroyed
IL2CPP Free after allocator was destroyed
IL2CPP Free after allocator was destroyed
IL2CPP Free after allocator was destroyed
IL2CPP Free after allocator was destroyed
IL2CPP Free after allocator was destroyed
IL2CPP Free after allocator was destroyed
IL2CPP Free after allocator was destroyed
IL2CPP Free after allocator was destroyed
IL2CPP Free after allocator was destroyed
IL2CPP Free after allocator was destroyed
IL2CPP Free after allocator was destroyed
IL2CPP Free after allocator was destroyed
IL2CPP Free after allocator was destroyed
IL2CPP Free after allocator was destroyed
IL2CPP Free after allocator was destroyed
IL2CPP Free after allocator was destroyed
IL2CPP Free after allocator was destroyed
IL2CPP Free after allocator was destroyed
IL2CPP Free after allocator was destroyed
IL2CPP Free after allocator was destroyed
IL2CPP Free after allocator was destroyed
IL2CPP Free after allocator was destroyed
IL2CPP Free after allocator was destroyed
IL2CPP Free after allocator was destroyed
IL2CPP Free after allocator was destroyed
IL2CPP Free after allocator was destroyed
IL2CPP Free after allocator was destroyed
IL2CPP Free after allocator was destroyed
IL2CPP Free after allocator was destroyed
IL2CPP Free after allocator was destroyed
IL2CPP Free after allocator was destroyed
IL2CPP Free after allocator was destroyed
IL2CPP Free after allocator was destroyed
IL2CPP Free after allocator was destroyed
IL2CPP Free after allocator was destroyed
IL2CPP Free after allocator was destroyed
IL2CPP Free after allocator was destroyed
IL2CPP Free after allocator was destroyed
IL2CPP Free after allocator was destroyed
IL2CPP Free after allocator was destroyed
IL2CPP Free after allocator was destroyed
IL2CPP Free after allocator was destroyed
IL2CPP Free after allocator was destroyed
IL2CPP Free after allocator was destroyed
IL2CPP Free after allocator was destroyed
IL2CPP Free after allocator was destroyed
IL2CPP Free after allocator was destroyed
IL2CPP Free after allocator was destroyed
IL2CPP Free after allocator was destroyed
IL2CPP Free after allocator was destroyed
IL2CPP Free after allocator was destroyed
IL2CPP Free after allocator was destroyed
IL2CPP Free after allocator was destroyed
IL2CPP Free after allocator was destroyed
IL2CPP Free after allocator was destroyed
IL2CPP Free after allocator was destroyed
IL2CPP Free after allocator was destroyed
IL2CPP Free after allocator was destroyed
IL2CPP Free after allocator was destroyed
IL2CPP Free after allocator was destroyed
IL2CPP Free after allocator was destroyed
IL2CPP Free after allocator was destroyed
IL2CPP Free after allocator was destroyed
IL2CPP Free after allocator was destroyed
IL2CPP Free after allocator was destroyed
IL2CPP Free after allocator was destroyed
IL2CPP Free after allocator was destroyed
IL2CPP Free after allocator was destroyed
IL2CPP Free after allocator was destroyed
IL2CPP Free after allocator was destroyed
IL2CPP Free after allocator was destroyed
IL2CPP Free after allocator was destroyed
IL2CPP Free after allocator was destroyed
IL2CPP Free after allocator was destroyed
IL2CPP Free after allocator was destroyed
IL2CPP Free after allocator was destroyed
IL2CPP Free after allocator was destroyed
IL2CPP Free after allocator was destroyed
IL2CPP Free after allocator was destroyed
IL2CPP Free after allocator was destroyed
IL2CPP Free after allocator was destroyed
IL2CPP Free after allocator was destroyed
IL2CPP Free after allocator was destroyed
IL2CPP Free after allocator was destroyed
IL2CPP Free after allocator was destroyed
IL2CPP Free after allocator was destroyed
IL2CPP Free after allocator was destroyed
IL2CPP Free after allocator was destroyed
IL2CPP Free after allocator was destroyed
IL2CPP Free after allocator was destroyed
IL2CPP Free after allocator was destroyed
IL2CPP Free after allocator was destroyed
IL2CPP Free after allocator was destroyed
IL2CPP Free after allocator was destroyed
IL2CPP Free after allocator was destroyed
IL2CPP Free after allocator was destroyed
IL2CPP Free after allocator was destroyed
IL2CPP Free after allocator was destroyed
IL2CPP Free after allocator was destroyed
IL2CPP Free after allocator was destroyed
IL2CPP Free after allocator was destroyed
IL2CPP Free after allocator was destroyed
IL2CPP Free after allocator was destroyed
IL2CPP Free after allocator was destroyed
IL2CPP Free after allocator was destroyed
IL2CPP Free after allocator was destroyed
IL2CPP Free after allocator was destroyed
IL2CPP Free after allocator was destroyed
IL2CPP Free after allocator was destroyed
IL2CPP Free after allocator was destroyed
IL2CPP Free after allocator was destroyed
IL2CPP Free after allocator was destroyed
IL2CPP Free after allocator was destroyed
IL2CPP Free after allocator was destroyed
IL2CPP Free after allocator was destroyed
IL2CPP Free after allocator was destroyed
IL2CPP Free after allocator was destroyed
IL2CPP Free after allocator was destroyed
IL2CPP Free after allocator was destroyed
IL2CPP Free after allocator was destroyed
IL2CPP Free after allocator was destroyed
IL2CPP Free after allocator was destroyed
IL2CPP Free after allocator was destroyed
IL2CPP Free after allocator was destroyed
IL2CPP Free after allocator was destroyed
IL2CPP Free after allocator was destroyed
IL2CPP Free after allocator was destroyed
IL2CPP Free after allocator was destroyed
IL2CPP Free after allocator was destroyed
IL2CPP Free after allocator was destroyed
IL2CPP Free after allocator was destroyed
IL2CPP Free after allocator was destroyed
IL2CPP Free after allocator was destroyed
IL2CPP Free after allocator was destroyed
IL2CPP Free after allocator was destroyed
IL2CPP Free after allocator was destroyed
IL2CPP Free after allocator was destroyed
IL2CPP Free after allocator was destroyed
IL2CPP Free after allocator was destroyed
IL2CPP Free after allocator was destroyed
IL2CPP Free after allocator was destroyed
IL2CPP Free after allocator was destroyed
IL2CPP Free after allocator was destroyed
IL2CPP Free after allocator was destroyed
IL2CPP Free after allocator was destroyed
IL2CPP Free after allocator was destroyed
IL2CPP Free after allocator was destroyed
IL2CPP Free after allocator was destroyed
IL2CPP Free after allocator was destroyed
IL2CPP Free after allocator was destroyed
IL2CPP Free after allocator was destroyed
IL2CPP Free after allocator was destroyed
IL2CPP Free after allocator was destroyed
IL2CPP Free after allocator was destroyed
IL2CPP Free after allocator was destroyed
IL2CPP Free after allocator was destroyed
IL2CPP Free after allocator was destroyed
IL2CPP Free after allocator was destroyed
IL2CPP Free after allocator was destroyed
IL2CPP Free after allocator was destroyed
IL2CPP Free after allocator was destroyed
IL2CPP Free after allocator was destroyed
IL2CPP Free after allocator was destroyed
IL2CPP Free after allocator was destroyed
IL2CPP Free after allocator was destroyed
IL2CPP Free after allocator was destroyed
IL2CPP Free after allocator was destroyed
IL2CPP Free after allocator was destroyed
IL2CPP Free after allocator was destroyed
IL2CPP Free after allocator was destroyed
IL2CPP Free after allocator was destroyed
IL2CPP Free after allocator was destroyed
IL2CPP Free after allocator was destroyed
IL2CPP Free after allocator was destroyed
IL2CPP Free after allocator was destroyed
IL2CPP Free after allocator was destroyed
IL2CPP Free after allocator was destroyed
IL2CPP Free after allocator was destroyed
IL2CPP Free after allocator was destroyed
IL2CPP Free after allocator was destroyed
IL2CPP Free after allocator was destroyed
IL2CPP Free after allocator was destroyed
IL2CPP Free after allocator was destroyed
IL2CPP Free after allocator was destroyed
IL2CPP Free after allocator was destroyed
IL2CPP Free after allocator was destroyed
IL2CPP Free after allocator was destroyed
IL2CPP Free after allocator was destroyed
IL2CPP Free after allocator was destroyed
IL2CPP Free after allocator was destroyed
IL2CPP Free after allocator was destroyed
IL2CPP Free after allocator was destroyed
IL2CPP Free after allocator was destroyed
IL2CPP Free after allocator was destroyed
IL2CPP Free after allocator was destroyed
IL2CPP Free after allocator was destroyed
IL2CPP Free after allocator was destroyed
IL2CPP Free after allocator was destroyed
IL2CPP Free after allocator was destroyed
IL2CPP Free after allocator was destroyed
IL2CPP Free after allocator was destroyed
IL2CPP Free after allocator was destroyed
IL2CPP Free after allocator was destroyed
IL2CPP Free after allocator was destroyed
IL2CPP Free after allocator was destroyed
IL2CPP Free after allocator was destroyed
IL2CPP Free after allocator was destroyed
IL2CPP Free after allocator was destroyed
IL2CPP Free after allocator was destroyed
IL2CPP Free after allocator was destroyed
IL2CPP Free after allocator was destroyed
IL2CPP Free after allocator was destroyed
IL2CPP Free after allocator was destroyed
IL2CPP Free after allocator was destroyed
IL2CPP Free after allocator was destroyed
IL2CPP Free after allocator was destroyed
IL2CPP Free after allocator was destroyed
IL2CPP Free after allocator was destroyed
IL2CPP Free after allocator was destroyed
IL2CPP Free after allocator was destroyed
IL2CPP Free after allocator was destroyed
IL2CPP Free after allocator was destroyed
IL2CPP Free after allocator was destroyed
IL2CPP Free after allocator was destroyed
IL2CPP Free after allocator was destroyed
IL2CPP Free after allocator was destroyed
IL2CPP Free after allocator was destroyed
IL2CPP Free after allocator was destroyed
IL2CPP Free after allocator was destroyed
IL2CPP Free after allocator was destroyed
IL2CPP Free after allocator was destroyed
IL2CPP Free after allocator was destroyed
IL2CPP Free after allocator was destroyed
IL2CPP Free after allocator was destroyed
IL2CPP Free after allocator was destroyed
IL2CPP Free after allocator was destroyed
IL2CPP Free after allocator was destroyed
IL2CPP Free after allocator was destroyed
IL2CPP Free after allocator was destroyed
IL2CPP Free after allocator was destroyed
IL2CPP Free after allocator was destroyed
IL2CPP Free after allocator was destroyed
IL2CPP Free after allocator was destroyed
IL2CPP Free after allocator was destroyed
IL2CPP Free after allocator was destroyed
IL2CPP Free after allocator was destroyed
IL2CPP Free after allocator was destroyed
IL2CPP Free after allocator was destroyed
IL2CPP Free after allocator was destroyed
IL2CPP Free after allocator was destroyed
IL2CPP Free after allocator was destroyed
IL2CPP Free after allocator was destroyed
IL2CPP Free after allocator was destroyed
IL2CPP Free after allocator was destroyed
IL2CPP Free after allocator was destroyed
IL2CPP Free after allocator was destroyed
IL2CPP Free after allocator was destroyed
IL2CPP Free after allocator was destroyed
IL2CPP Free after allocator was destroyed
IL2CPP Free after allocator was destroyed
IL2CPP Free after allocator was destroyed
IL2CPP Free after allocator was destroyed
IL2CPP Free after allocator was destroyed
IL2CPP Free after allocator was destroyed
IL2CPP Free after allocator was destroyed
IL2CPP Free after allocator was destroyed
IL2CPP Free after allocator was destroyed
IL2CPP Free after allocator was destroyed
IL2CPP Free after allocator was destroyed
IL2CPP Free after allocator was destroyed
IL2CPP Free after allocator was destroyed
IL2CPP Free after allocator was destroyed
IL2CPP Free after allocator was destroyed
IL2CPP Free after allocator was destroyed
IL2CPP Free after allocator was destroyed
IL2CPP Free after allocator was destroyed
IL2CPP Free after allocator was destroyed
IL2CPP Free after allocator was destroyed
IL2CPP Free after allocator was destroyed
IL2CPP Free after allocator was destroyed
IL2CPP Free after allocator was destroyed
IL2CPP Free after allocator was destroyed
IL2CPP Free after allocator was destroyed
IL2CPP Free after allocator was destroyed
IL2CPP Free after allocator was destroyed
IL2CPP Free after allocator was destroyed
IL2CPP Free after allocator was destroyed
IL2CPP Free after allocator was destroyed
IL2CPP Free after allocator was destroyed
IL2CPP Free after allocator was destroyed
IL2CPP Free after allocator was destroyed
IL2CPP Free after allocator was destroyed
IL2CPP Free after allocator was destroyed
IL2CPP Free after allocator was destroyed
IL2CPP Free after allocator was destroyed
IL2CPP Free after allocator was destroyed
IL2CPP Free after allocator was destroyed
IL2CPP Free after allocator was destroyed
IL2CPP Free after allocator was destroyed
IL2CPP Free after allocator was destroyed
IL2CPP Free after allocator was destroyed
IL2CPP Free after allocator was destroyed
IL2CPP Free after allocator was destroyed
IL2CPP Free after allocator was destroyed
IL2CPP Free after allocator was destroyed
IL2CPP Free after allocator was destroyed
IL2CPP Free after allocator was destroyed
IL2CPP Free after allocator was destroyed
IL2CPP Free after allocator was destroyed
IL2CPP Free after allocator was destroyed
IL2CPP Free after allocator was destroyed
IL2CPP Free after allocator was destroyed
IL2CPP Free after allocator was destroyed
IL2CPP Free after allocator was destroyed
IL2CPP Free after allocator was destroyed
IL2CPP Free after allocator was destroyed
IL2CPP Free after allocator was destroyed
IL2CPP Free after allocator was destroyed
IL2CPP Free after allocator was destroyed
IL2CPP Free after allocator was destroyed
IL2CPP Free after allocator was destroyed
IL2CPP Free after allocator was destroyed
IL2CPP Free after allocator was destroyed
IL2CPP Free after allocator was destroyed
IL2CPP Free after allocator was destroyed
IL2CPP Free after allocator was destroyed
IL2CPP Free after allocator was destroyed
IL2CPP Free after allocator was destroyed
IL2CPP Free after allocator was destroyed
IL2CPP Free after allocator was destroyed
IL2CPP Free after allocator was destroyed
IL2CPP Free after allocator was destroyed
IL2CPP Free after allocator was destroyed
IL2CPP Free after allocator was destroyed
IL2CPP Free after allocator was destroyed
IL2CPP Free after allocator was destroyed
IL2CPP Free after allocator was destroyed
IL2CPP Free after allocator was destroyed
IL2CPP Free after allocator was destroyed
IL2CPP Free after allocator was destroyed
IL2CPP Free after allocator was destroyed
IL2CPP Free after allocator was destroyed
IL2CPP Free after allocator was destroyed
IL2CPP Free after allocator was destroyed
IL2CPP Free after allocator was destroyed
IL2CPP Free after allocator was destroyed
IL2CPP Free after allocator was destroyed
IL2CPP Free after allocator was destroyed
IL2CPP Free after allocator was destroyed
IL2CPP Free after allocator was destroyed
IL2CPP Free after allocator was destroyed
IL2CPP Free after allocator was destroyed
IL2CPP Free after allocator was destroyed
IL2CPP Free after allocator was destroyed
IL2CPP Free after allocator was destroyed
IL2CPP Free after allocator was destroyed
IL2CPP Free after allocator was destroyed
IL2CPP Free after allocator was destroyed
IL2CPP Free after allocator was destroyed
IL2CPP Free after allocator was destroyed
IL2CPP Free after allocator was destroyed
IL2CPP Free after allocator was destroyed
IL2CPP Free after allocator was destroyed
IL2CPP Free after allocator was destroyed
IL2CPP Free after allocator was destroyed
IL2CPP Free after allocator was destroyed
IL2CPP Free after allocator was destroyed
IL2CPP Free after allocator was destroyed
IL2CPP Free after allocator was destroyed
IL2CPP Free after allocator was destroyed
IL2CPP Free after allocator was destroyed
IL2CPP Free after allocator was destroyed
IL2CPP Free after allocator was destroyed
IL2CPP Free after allocator was destroyed
IL2CPP Free after allocator was destroyed
IL2CPP Free after allocator was destroyed
IL2CPP Free after allocator was destroyed
IL2CPP Free after allocator was destroyed
IL2CPP Free after allocator was destroyed
IL2CPP Free after allocator was destroyed
IL2CPP Free after allocator was destroyed
IL2CPP Free after allocator was destroyed
IL2CPP Free after allocator was destroyed
IL2CPP Free after allocator was destroyed
IL2CPP Free after allocator was destroyed
IL2CPP Free after allocator was destroyed
IL2CPP Free after allocator was destroyed
IL2CPP Free after allocator was destroyed
IL2CPP Free after allocator was destroyed
IL2CPP Free after allocator was destroyed
IL2CPP Free after allocator was destroyed
IL2CPP Free after allocator was destroyed
IL2CPP Free after allocator was destroyed
IL2CPP Free after allocator was destroyed
IL2CPP Free after allocator was destroyed
IL2CPP Free after allocator was destroyed
IL2CPP Free after allocator was destroyed
IL2CPP Free after allocator was destroyed
IL2CPP Free after allocator was destroyed
IL2CPP Free after allocator was destroyed
IL2CPP Free after allocator was destroyed
IL2CPP Free after allocator was destroyed
IL2CPP Free after allocator was destroyed
IL2CPP Free after allocator was destroyed
IL2CPP Free after allocator was destroyed
IL2CPP Free after allocator was destroyed
IL2CPP Free after allocator was destroyed
IL2CPP Free after allocator was destroyed
IL2CPP Free after allocator was destroyed
IL2CPP Free after allocator was destroyed
IL2CPP Free after allocator was destroyed
IL2CPP Free after allocator was destroyed
IL2CPP Free after allocator was destroyed
IL2CPP Free after allocator was destroyed
IL2CPP Free after allocator was destroyed
IL2CPP Free after allocator was destroyed
IL2CPP Free after allocator was destroyed
IL2CPP Free after allocator was destroyed
IL2CPP Free after allocator was destroyed
IL2CPP Free after allocator was destroyed
IL2CPP Free after allocator was destroyed
IL2CPP Free after allocator was destroyed
IL2CPP Free after allocator was destroyed
IL2CPP Free after allocator was destroyed
IL2CPP Free after allocator was destroyed
IL2CPP Free after allocator was destroyed
IL2CPP Free after allocator was destroyed
IL2CPP Free after allocator was destroyed
IL2CPP Free after allocator was destroyed
IL2CPP Free after allocator was destroyed
IL2CPP Free after allocator was destroyed
IL2CPP Free after allocator was destroyed
IL2CPP Free after allocator was destroyed
IL2CPP Free after allocator was destroyed
IL2CPP Free after allocator was destroyed
IL2CPP Free after allocator was destroyed
IL2CPP Free after allocator was destroyed
IL2CPP Free after allocator was destroyed
IL2CPP Free after allocator was destroyed
IL2CPP Free after allocator was destroyed
IL2CPP Free after allocator was destroyed
IL2CPP Free after allocator was destroyed
IL2CPP Free after allocator was destroyed
IL2CPP Free after allocator was destroyed
IL2CPP Free after allocator was destroyed
IL2CPP Free after allocator was destroyed
IL2CPP Free after allocator was destroyed
IL2CPP Free after allocator was destroyed
IL2CPP Free after allocator was destroyed
IL2CPP Free after allocator was destroyed
IL2CPP Free after allocator was destroyed
IL2CPP Free after allocator was destroyed
IL2CPP Free after allocator was destroyed
IL2CPP Free after allocator was destroyed
IL2CPP Free after allocator was destroyed
IL2CPP Free after allocator was destroyed
IL2CPP Free after allocator was destroyed
IL2CPP Free after allocator was destroyed
IL2CPP Free after allocator was destroyed
IL2CPP Free after allocator was destroyed
IL2CPP Free after allocator was destroyed
IL2CPP Free after allocator was destroyed
IL2CPP Free after allocator was destroyed
IL2CPP Free after allocator was destroyed
IL2CPP Free after allocator was destroyed
IL2CPP Free after allocator was destroyed
IL2CPP Free after allocator was destroyed
IL2CPP Free after allocator was destroyed
IL2CPP Free after allocator was destroyed
IL2CPP Free after allocator was destroyed
IL2CPP Free after allocator was destroyed
IL2CPP Free after allocator was destroyed
IL2CPP Free after allocator was destroyed
IL2CPP Free after allocator was destroyed
IL2CPP Free after allocator was destroyed
IL2CPP Free after allocator was destroyed
IL2CPP Free after allocator was destroyed
IL2CPP Free after allocator was destroyed
IL2CPP Free after allocator was destroyed
IL2CPP Free after allocator was destroyed
IL2CPP Free after allocator was destroyed
IL2CPP Free after allocator was destroyed
IL2CPP Free after allocator was destroyed
IL2CPP Free after allocator was destroyed
IL2CPP Free after allocator was destroyed
IL2CPP Free after allocator was destroyed
IL2CPP Free after allocator was destroyed
IL2CPP Free after allocator was destroyed
IL2CPP Free after allocator was destroyed
IL2CPP Free after allocator was destroyed
IL2CPP Free after allocator was destroyed
IL2CPP Free after allocator was destroyed
IL2CPP Free after allocator was destroyed
IL2CPP Free after allocator was destroyed
IL2CPP Free after allocator was destroyed
IL2CPP Free after allocator was destroyed
IL2CPP Free after allocator was destroyed
IL2CPP Free after allocator was destroyed
IL2CPP Free after allocator was destroyed
IL2CPP Free after allocator was destroyed
IL2CPP Free after allocator was destroyed
IL2CPP Free after allocator was destroyed
IL2CPP Free after allocator was destroyed
IL2CPP Free after allocator was destroyed
IL2CPP Free after allocator was destroyed
IL2CPP Free after allocator was destroyed
IL2CPP Free after allocator was destroyed
IL2CPP Free after allocator was destroyed
IL2CPP Free after allocator was destroyed
IL2CPP Free after allocator was destroyed
IL2CPP Free after allocator was destroyed
IL2CPP Free after allocator was destroyed
IL2CPP Free after allocator was destroyed
IL2CPP Free after allocator was destroyed
IL2CPP Free after allocator was destroyed
IL2CPP Free after allocator was destroyed
IL2CPP Free after allocator was destroyed
IL2CPP Free after allocator was destroyed
IL2CPP Free after allocator was destroyed
IL2CPP Free after allocator was destroyed
IL2CPP Free after allocator was destroyed
IL2CPP Free after allocator was destroyed
IL2CPP Free after allocator was destroyed
IL2CPP Free after allocator was destroyed
IL2CPP Free after allocator was destroyed
IL2CPP Free after allocator was destroyed
IL2CPP Free after allocator was destroyed
IL2CPP Free after allocator was destroyed
IL2CPP Free after allocator was destroyed
IL2CPP Free after allocator was destroyed
IL2CPP Free after allocator was destroyed
IL2CPP Free after allocator was destroyed
IL2CPP Free after allocator was destroyed
IL2CPP Free after allocator was destroyed
IL2CPP Free after allocator was destroyed
IL2CPP Free after allocator was destroyed
IL2CPP Free after allocator was destroyed
IL2CPP Free after allocator was destroyed
IL2CPP Free after allocator was destroyed
IL2CPP Free after allocator was destroyed
IL2CPP Free after allocator was destroyed
IL2CPP Free after allocator was destroyed
IL2CPP Free after allocator was destroyed
IL2CPP Free after allocator was destroyed
IL2CPP Free after allocator was destroyed
IL2CPP Free after allocator was destroyed
IL2CPP Free after allocator was destroyed
IL2CPP Free after allocator was destroyed
IL2CPP Free after allocator was destroyed
IL2CPP Free after allocator was destroyed
IL2CPP Free after allocator was destroyed
IL2CPP Free after allocator was destroyed
IL2CPP Free after allocator was destroyed
IL2CPP Free after allocator was destroyed
IL2CPP Free after allocator was destroyed
IL2CPP Free after allocator was destroyed
IL2CPP Free after allocator was destroyed
IL2CPP Free after allocator was destroyed
IL2CPP Free after allocator was destroyed
IL2CPP Free after allocator was destroyed
IL2CPP Free after allocator was destroyed
IL2CPP Free after allocator was destroyed
IL2CPP Free after allocator was destroyed
IL2CPP Free after allocator was destroyed
IL2CPP Free after allocator was destroyed
IL2CPP Free after allocator was destroyed
IL2CPP Free after allocator was destroyed
IL2CPP Free after allocator was destroyed
IL2CPP Free after allocator was destroyed
IL2CPP Free after allocator was destroyed
IL2CPP Free after allocator was destroyed
IL2CPP Free after allocator was destroyed
IL2CPP Free after allocator was destroyed
IL2CPP Free after allocator was destroyed
IL2CPP Free after allocator was destroyed
IL2CPP Free after allocator was destroyed
IL2CPP Free after allocator was destroyed
IL2CPP Free after allocator was destroyed
IL2CPP Free after allocator was destroyed
IL2CPP Free after allocator was destroyed
IL2CPP Free after allocator was destroyed
IL2CPP Free after allocator was destroyed
IL2CPP Free after allocator was destroyed
IL2CPP Free after allocator was destroyed
IL2CPP Free after allocator was destroyed
IL2CPP Free after allocator was destroyed
IL2CPP Free after allocator was destroyed
IL2CPP Free after allocator was destroyed
IL2CPP Free after allocator was destroyed
IL2CPP Free after allocator was destroyed
IL2CPP Free after allocator was destroyed
IL2CPP Free after allocator was destroyed
IL2CPP Free after allocator was destroyed
IL2CPP Free after allocator was destroyed
IL2CPP Free after allocator was destroyed
IL2CPP Free after allocator was destroyed
IL2CPP Free after allocator was destroyed
IL2CPP Free after allocator was destroyed
IL2CPP Free after allocator was destroyed
IL2CPP Free after allocator was destroyed
IL2CPP Free after allocator was destroyed
IL2CPP Free after allocator was destroyed
IL2CPP Free after allocator was destroyed
IL2CPP Free after allocator was destroyed
IL2CPP Free after allocator was destroyed
IL2CPP Free after allocator was destroyed
IL2CPP Free after allocator was destroyed
IL2CPP Free after allocator was destroyed
IL2CPP Free after allocator was destroyed
IL2CPP Free after allocator was destroyed
IL2CPP Free after allocator was destroyed
IL2CPP Free after allocator was destroyed
IL2CPP Free after allocator was destroyed
IL2CPP Free after allocator was destroyed
IL2CPP Free after allocator was destroyed
IL2CPP Free after allocator was destroyed
IL2CPP Free after allocator was destroyed
IL2CPP Free after allocator was destroyed
IL2CPP Free after allocator was destroyed
IL2CPP Free after allocator was destroyed
IL2CPP Free after allocator was destroyed
IL2CPP Free after allocator was destroyed
IL2CPP Free after allocator was destroyed
IL2CPP Free after allocator was destroyed
IL2CPP Free after allocator was destroyed
IL2CPP Free after allocator was destroyed
IL2CPP Free after allocator was destroyed
IL2CPP Free after allocator was destroyed
IL2CPP Free after allocator was destroyed
IL2CPP Free after allocator was destroyed
IL2CPP Free after allocator was destroyed
IL2CPP Free after allocator was destroyed
IL2CPP Free after allocator was destroyed
IL2CPP Free after allocator was destroyed
IL2CPP Free after allocator was destroyed
IL2CPP Free after allocator was destroyed
IL2CPP Free after allocator was destroyed
IL2CPP Free after allocator was destroyed
IL2CPP Free after allocator was destroyed
IL2CPP Free after allocator was destroyed
IL2CPP Free after allocator was destroyed
IL2CPP Free after allocator was destroyed
IL2CPP Free after allocator was destroyed
IL2CPP Free after allocator was destroyed
IL2CPP Free after allocator was destroyed
IL2CPP Free after allocator was destroyed
IL2CPP Free after allocator was destroyed
IL2CPP Free after allocator was destroyed
IL2CPP Free after allocator was destroyed
IL2CPP Free after allocator was destroyed
IL2CPP Free after allocator was destroyed
IL2CPP Free after allocator was destroyed
IL2CPP Free after allocator was destroyed
IL2CPP Free after allocator was destroyed
IL2CPP Free after allocator was destroyed
IL2CPP Free after allocator was destroyed
IL2CPP Free after allocator was destroyed
IL2CPP Free after allocator was destroyed
IL2CPP Free after allocator was destroyed
IL2CPP Free after allocator was destroyed
IL2CPP Free after allocator was destroyed
IL2CPP Free after allocator was destroyed
IL2CPP Free after allocator was destroyed
IL2CPP Free after allocator was destroyed
IL2CPP Free after allocator was destroyed
IL2CPP Free after allocator was destroyed
IL2CPP Free after allocator was destroyed
IL2CPP Free after allocator was destroyed
IL2CPP Free after allocator was destroyed
IL2CPP Free after allocator was destroyed
IL2CPP Free after allocator was destroyed
IL2CPP Free after allocator was destroyed
IL2CPP Free after allocator was destroyed
IL2CPP Free after allocator was destroyed
IL2CPP Free after allocator was destroyed
IL2CPP Free after allocator was destroyed
IL2CPP Free after allocator was destroyed
IL2CPP Free after allocator was destroyed
IL2CPP Free after allocator was destroyed
IL2CPP Free after allocator was destroyed
IL2CPP Free after allocator was destroyed
IL2CPP Free after allocator was destroyed
IL2CPP Free after allocator was destroyed
IL2CPP Free after allocator was destroyed
IL2CPP Free after allocator was destroyed
IL2CPP Free after allocator was destroyed
IL2CPP Free after allocator was destroyed
IL2CPP Free after allocator was destroyed
IL2CPP Free after allocator was destroyed
IL2CPP Free after allocator was destroyed
IL2CPP Free after allocator was destroyed
IL2CPP Free after allocator was destroyed
IL2CPP Free after allocator was destroyed
IL2CPP Free after allocator was destroyed
IL2CPP Free after allocator was destroyed
IL2CPP Free after allocator was destroyed
IL2CPP Free after allocator was destroyed
IL2CPP Free after allocator was destroyed
IL2CPP Free after allocator was destroyed
IL2CPP Free after allocator was destroyed
IL2CPP Free after allocator was destroyed
IL2CPP Free after allocator was destroyed
IL2CPP Free after allocator was destroyed
IL2CPP Free after allocator was destroyed
IL2CPP Free after allocator was destroyed
IL2CPP Free after allocator was destroyed
IL2CPP Free after allocator was destroyed
IL2CPP Free after allocator was destroyed
IL2CPP Free after allocator was destroyed
IL2CPP Free after allocator was destroyed
IL2CPP Free after allocator was destroyed
IL2CPP Free after allocator was destroyed
IL2CPP Free after allocator was destroyed
IL2CPP Free after allocator was destroyed
IL2CPP Free after allocator was destroyed
IL2CPP Free after allocator was destroyed
IL2CPP Free after allocator was destroyed
IL2CPP Free after allocator was destroyed
IL2CPP Free after allocator was destroyed
IL2CPP Free after allocator was destroyed
IL2CPP Free after allocator was destroyed
IL2CPP Free after allocator was destroyed
IL2CPP Free after allocator was destroyed
IL2CPP Free after allocator was destroyed
IL2CPP Free after allocator was destroyed
IL2CPP Free after allocator was destroyed
IL2CPP Free after allocator was destroyed
IL2CPP Free after allocator was destroyed
IL2CPP Free after allocator was destroyed
IL2CPP Free after allocator was destroyed
IL2CPP Free after allocator was destroyed
IL2CPP Free after allocator was destroyed
IL2CPP Free after allocator was destroyed
IL2CPP Free after allocator was destroyed
IL2CPP Free after allocator was destroyed
IL2CPP Free after allocator was destroyed
IL2CPP Free after allocator was destroyed
IL2CPP Free after allocator was destroyed
IL2CPP Free after allocator was destroyed
IL2CPP Free after allocator was destroyed
IL2CPP Free after allocator was destroyed
IL2CPP Free after allocator was destroyed
IL2CPP Free after allocator was destroyed
IL2CPP Free after allocator was destroyed
IL2CPP Free after allocator was destroyed
IL2CPP Free after allocator was destroyed
IL2CPP Free after allocator was destroyed
IL2CPP Free after allocator was destroyed
IL2CPP Free after allocator was destroyed
IL2CPP Free after allocator was destroyed
IL2CPP Free after allocator was destroyed
IL2CPP Free after allocator was destroyed
IL2CPP Free after allocator was destroyed
IL2CPP Free after allocator was destroyed
IL2CPP Free after allocator was destroyed
IL2CPP Free after allocator was destroyed
IL2CPP Free after allocator was destroyed
IL2CPP Free after allocator was destroyed
IL2CPP Free after allocator was destroyed
IL2CPP Free after allocator was destroyed
IL2CPP Free after allocator was destroyed
IL2CPP Free after allocator was destroyed
IL2CPP Free after allocator was destroyed
IL2CPP Free after allocator was destroyed
IL2CPP Free after allocator was destroyed
IL2CPP Free after allocator was destroyed
IL2CPP Free after allocator was destroyed
IL2CPP Free after allocator was destroyed
IL2CPP Free after allocator was destroyed
IL2CPP Free after allocator was destroyed
IL2CPP Free after allocator was destroyed
IL2CPP Free after allocator was destroyed
IL2CPP Free after allocator was destroyed
IL2CPP Free after allocator was destroyed
IL2CPP Free after allocator was destroyed
IL2CPP Free after allocator was destroyed
IL2CPP Free after allocator was destroyed
IL2CPP Free after allocator was destroyed
IL2CPP Free after allocator was destroyed
IL2CPP Free after allocator was destroyed
IL2CPP Free after allocator was destroyed
IL2CPP Free after allocator was destroyed
IL2CPP Free after allocator was destroyed
IL2CPP Free after allocator was destroyed
IL2CPP Free after allocator was destroyed
IL2CPP Free after allocator was destroyed
IL2CPP Free after allocator was destroyed
IL2CPP Free after allocator was destroyed
IL2CPP Free after allocator was destroyed
IL2CPP Free after allocator was destroyed
IL2CPP Free after allocator was destroyed
IL2CPP Free after allocator was destroyed
IL2CPP Free after allocator was destroyed
IL2CPP Free after allocator was destroyed
IL2CPP Free after allocator was destroyed
IL2CPP Free after allocator was destroyed
IL2CPP Free after allocator was destroyed
IL2CPP Free after allocator was destroyed
IL2CPP Free after allocator was destroyed
IL2CPP Free after allocator was destroyed
IL2CPP Free after allocator was destroyed
IL2CPP Free after allocator was destroyed
IL2CPP Free after allocator was destroyed
IL2CPP Free after allocator was destroyed
IL2CPP Free after allocator was destroyed
IL2CPP Free after allocator was destroyed
IL2CPP Free after allocator was destroyed
IL2CPP Free after allocator was destroyed
IL2CPP Free after allocator was destroyed
IL2CPP Free after allocator was destroyed
IL2CPP Free after allocator was destroyed
IL2CPP Free after allocator was destroyed
IL2CPP Free after allocator was destroyed
IL2CPP Free after allocator was destroyed
IL2CPP Free after allocator was destroyed
IL2CPP Free after allocator was destroyed
