[112187][1752458171783][main][info]["Booting Postman 11.52.5, linux-6.15.2-arch1-1 on x64"]
[112187][1752458171785][main][info]["EventBus~initialize - Success"]
[112187][1752458171786][main][info]["Proxy configuration has not been setup"]
[112187][1752458171787][main][info]["CloudProxyManager~init - Success"]
[112187][1752458171826][main][info]["performShellDataMigration: Starting shell data migration"]
[112187][1752458171826][main][info]["migrateShellData:Starting"]
[112187][1752458171830][main][info]["migrateShellData: Old storage cleaned up"]
[112187][1752458172500][main][info]["migrateShellData: Got data from shell. Writing to storage"]
[112187][1752458172505][main][info]["performShellDataMigration: Migration successful on try count 1"]
[112187][1752458172511][main][info]["UpdateHandler~init - Success"]
[112187][1752458172512][main][info]["LeaderSelection: Initialized successfully"]
[112187][1752458172520][main][info]["GPU detected VID 4318 DID 8644 ACTIVE true"]
[112187][1752458172521][main][info]["shellController~init: Success"]
[112187][1752458172521][main][info]["shellMeta~init: Success"]
[112187][1752458172521][main][info]["partitionMigrationService: State of V7 partition:"]
[112187][1752458172522][main][info]["partitionMigrationService: V7 partitions",[]]
[112187][1752458172522][main][info]["partitionMigrationService~rectifyNamespaceOfScratchPadPartition: There is no partition with scratchpad namespace"]
[112187][1752458172522][main][info]["partitionMigrationService~rectifyNamespaceOfScratchPadPartition: There is no transit partition which could have been used for scratchpad"]
[112187][1752458172522][main][info]["partitionMigrationService~init: Success"]
[112187][1752458172522][main][info]["partitionMigrationService~runV8PartitionsIntegrity: Two way migration~ removing the following partitions from v8",[]]
[112187][1752458172522][main][info]["userPartitionService~_rectifyTheActivePartitionOfApplication: Setting the active partition to ",null]
[112187][1752458172527][main][info]["LinuxAutoUpdater~Cleanup - Initial cleanup successful"]
[112187][1752458172529][main][info]["newAccountRegionPreferenceService~getPreferenceWithFallback - Preference not found in storage."]
[112187][1752458172529][main][info]["newAccountRegionPreferenceService~getToggleMenuTemplate - Using preference:","useUSRegion"]
[112187][1752458172538][main][info]["userPartitionService~init: Success"]
[112187][1752458172551][main][info]["userPartitionService: State of v8 partition system:"]
[112187][1752458172551][main][info]["shell~init~getPartitionToLoad: loading scratchpad partition"]
[112187][1752458172551][main][info]["userPartitionService: List of partitions:",[]]
[112187][1752458172551][main][info]["userPartitionService: users global meta:",{}]
[112187][1752458172560][main][info]["Main:windowManager~newRequesterWindow: Fetch and update runtime config: undefined"]
[112187][1752458174604][main][info]["RuntimeIPCAgent~started: Success"]
[112187][1752458174619][main][info]["Main~scratchpadThemeAction:: action: set, value: dark"]
[112187][1752458174621][main][info]["Main~scratchpadThemeAction:: action: set, value: dark"]
[112187][1752458174628][main][info]["Main~scratchpadThemeAction:: action: set, value: dark"]
[112187][1752458174633][main][info]["UpdateHandler~app-update-events - Received event",{"name":"checkForElectronVersionUpdated","namespace":"appUpdate"}]
[112187][1752458174638][main][info]["windowManager: First requester booted successfully."]
[112187][1752458174638][main][info]["windowManager~restoreWindows: Restoring requester windows"]
[112187][1752458174638][main][info]["WebVersionService: Initialized successfully with version: undefined"]
[112187][1752458174638][main][info]["Main~AppEvents - Received booted event for process requester.Version undefined UI Version: undefined Desktop Platform Version: 11.52.5"]
[112187][1752458177568][main][info]["Main - model-events~user - (users, add) received"]
[112187][1752458177579][main][info]["WebVersionService: Resetting UI version as user logged out/switched account"]
[112187][1752458177580][main][info]["WebVersionService: Resetting web app version"]
[112187][1752458177754][main][info]["AuthHandler~open: Received dom-ready event."]
[112187][1752458177755][main][info]["AuthHandler~open: Received did-finish-load event."]
[112187][1752458177818][main][warn]["AuthHandler~open: Current app is not default protocol client - Falling back to polling mechanism."]
[112187][1752458177819][main][info]["newAccountRegionPreferenceService~getPreferenceWithFallback - Preference not found in storage."]
[112187][1752458177819][main][info]["newAccountRegionPreferenceService~getRegionPreference - Using preference:","useUSRegion"]
[112187][1752458177819][main][info]["AuthHandler~open: new Account region preference:","us"]
[112187][1752458177819][main][info]["AuthHandler~open: get multiLoginToken token."]
[112187][1752458177819][main][info]["AuthHandler~open: Publishing initialize event to auth-window channel."]
[112187][1752458194663][main][info]["Shell~init~loginUser: associating the user ","10681586"," with transit partition"]
[112187][1752458194663][main][info]["userPartitionService~getNewPartitionId: creating a partition with userId and teamId as 0"]
[112187][1752458194675][main][info]["userPartitionService~associateTransitPartition: ",{"partitionId":"122854c6-5b06-49fe-a792-28112ff3a4a7","context":{"namespace":"users","userId":"10681586","teamId":"2952355","region":"us"}}]
[112187][1752458194686][main][info]["userPartitionService: State of v8 partition system:"]
[112187][1752458194686][main][info]["userPartitionService: List of partitions:",[{"partitionId":"122854c6-5b06-49fe-a792-28112ff3a4a7","namespace":"users","userId":"10681586","teamId":"2952355","lastUpdated":"2025-07-14T01:56:34.675Z"},{"partitionId":"dd10c798-04d5-42bf-a695-c0405c4180da","namespace":"scratchPad","userId":0,"teamId":0,"isDirty":false}]]
[112187][1752458194686][main][info]["userPartitionService: users global meta:",{}]
[112187][1752458194690][main][info]["Main:windowManager~newRequesterWindow: Fetch and update runtime config: us"]
[112187][1752458194705][main][info]["getDesktopReleaseVersionAsQueryParams: webVersion: "]
[112187][1752458197195][main][info]["Main~getRemoteInitPath:: "]
[112187][1752458197259][main][info]["Main - model-events~user - (user, update) received"]
[112187][1752458197260][main][info]["Main~reload: https://desktop.postman.com/?desktopVersion=11.52.5&userId=10681586&teamId=2952355&region=us"]
[112187][1752458197479][main][info]["UpdateHandler~app-update-events - Received event",{"name":"checkForElectronVersionUpdated","namespace":"appUpdate"}]
[112187][1752458197482][main][info]["INTERCEPTOR CONNECTIVITY: Connecting to Interceptor Bridge"]
[112187][1752458197490][main][info]["windowManager: First requester booted successfully."]
[112187][1752458197491][main][info]["windowManager~restoreWindows: Restoring requester windows"]
[112187][1752458197491][main][info]["WebVersionService: Initialized successfully with version: 11.53.2-ui-250708-2337"]
[112187][1752458197491][main][info]["Main~AppEvents - Received booted event for process requester.Version 11.53.2 UI Version: 11.53.2-ui-250708-2337 Desktop Platform Version: 11.52.5"]
[112187][1752458197558][main][info]["Main~getRemoteInitPath:: "]
[112187][1752458197679][main][info]["Main~getPlatformLaunchPerfMetrics"]
[112187][1752458197827][main][info]["INTERCEPTOR CONNECTIVITY: Attempting to start websocket server on port 15611"]
[112187][1752458198594][main][info]["Main~getRemoteInitPath:: "]
[112187][1752458198645][main][info]["Main - model-events~user - (user, update) received"]
[112187][1752458198879][main][info]["UpdateHandler~app-update-events - Received event",{"name":"checkForElectronVersionUpdated","namespace":"appUpdate"}]
[112187][1752458198889][main][info]["WebVersionService: Initialized successfully with version: 11.53.2-ui-250708-2337"]
[112187][1752458198889][main][info]["Main~AppEvents - Received booted event for process requester.Version 11.53.2 UI Version: 11.53.2-ui-250708-2337 Desktop Platform Version: 11.52.5"]
[112187][1752458198928][main][info]["Main~getRemoteInitPath:: "]
[112187][1752458199627][main][info]["Main - model-events~user - (user, bootstrapUser) received"]
[112187][1752458199627][main][info]["model-events~user - bootstrapUser received"]
[112187][1752458199680][main][info]["Main~getPlatformLaunchPerfMetrics"]
[112187][1752458200453][main][info]["Main - model-events~user - (user, bootstrapUser) received"]
[112187][1752458200453][main][info]["model-events~user - bootstrapUser received"]
[112187][1752458203927][main][error]["Error while retrieving user key from keychain",{"name":"Error","message":"The name is not activatable","stack":"Error: The name is not activatable"}]
[112187][1752458209645][main][info]["UpdateHandler~app-update-events - Received event",{"name":"updateElectron","namespace":"appUpdate","data":{"channel":"stable","version":"11.52.5","downloadVersion":"11.53.4","appId":"d6afd933-38a8-4972-ab99-c88cab7ca838","userAgent":"Mozilla/5.0 (X11; Linux x86_64) AppleWebKit/537.36 (KHTML, like Gecko) Postman/11.52.5 Electron/32.3.3 Safari/537.36","platform":"LINUX","arch":"64","downloadURL":"https://dl.pstmn.io/download/version/11.53.4/linux_64","updateServerDomain":"https://dl.pstmn.io/","additionalParamsString":"installationId=d6afd933-38a8-4972-ab99-c88cab7ca838&userId=10681586&syncEnabled=true&teamPlan=sync-free-3-trial&teamId=2952355","userId":"10681586"}}]
[112187][1752458209646][main][info]["LinuxUpdater~downloadUpdate - UpdateInfo received",{"channel":"stable","version":"11.52.5","downloadVersion":"11.53.4","appId":"d6afd933-38a8-4972-ab99-c88cab7ca838","userAgent":"Mozilla/5.0 (X11; Linux x86_64) AppleWebKit/537.36 (KHTML, like Gecko) Postman/11.52.5 Electron/32.3.3 Safari/537.36","platform":"LINUX","arch":"64","downloadURL":"https://dl.pstmn.io/download/version/11.53.4/linux_64","updateServerDomain":"https://dl.pstmn.io/","additionalParamsString":"installationId=d6afd933-38a8-4972-ab99-c88cab7ca838&userId=10681586&syncEnabled=true&teamPlan=sync-free-3-trial&teamId=2952355","userId":"10681586"}]
[112187][1752458209671][main][error]["@postman/app-updater: error",{"errno":-13,"code":"EACCES","syscall":"open","path":"/opt/postman/Postman-1752458209646.tar.gz","name":"Error","message":"EACCES: permission denied, open '/opt/postman/Postman-1752458209646.tar.gz'","stack":"Error: EACCES: permission denied, open '/opt/postman/Postman-1752458209646.tar.gz'"},{"context":{"api":"@postman/app-updater","domain":"starship"},"info":"{\"packageName\":\"Postman\",\"eID\":\"Postman-1752458209646\",\"downloadURL\":\"https://dl.pstmn.io/download/version/11.53.4/linux_64\",\"downloadDirectory\":\"/opt/postman\",\"downloadInfo\":{\"status\":\"DOWNLOAD_ERROR\",\"error\":{\"errno\":-13,\"code\":\"EACCES\",\"syscall\":\"open\",\"path\":\"/opt/postman/Postman-1752458209646.tar.gz\"},\"downloadDirectory\":\"/opt/postman\"}}"}]
[112187][1752458209672][main][info]["UpdateHandler~app-update-events - Received event",{"name":"electronAppUpdateError","namespace":"appUpdate","data":{"error":{"errno":-13,"code":"EACCES","syscall":"open","path":"/opt/postman/Postman-1752458209646.tar.gz","name":"Error","message":"EACCES: permission denied, open '/opt/postman/Postman-1752458209646.tar.gz'","stack":"Error: EACCES: permission denied, open '/opt/postman/Postman-1752458209646.tar.gz'"},"updateData":{"packageName":"Postman","eID":"Postman-1752458209646","downloadURL":"https://dl.pstmn.io/download/version/11.53.4/linux_64","downloadDirectory":"/opt/postman","downloadInfo":{"status":"DOWNLOAD_ERROR","error":{"errno":-13,"code":"EACCES","syscall":"open","path":"/opt/postman/Postman-1752458209646.tar.gz"},"downloadDirectory":"/opt/postman"}}}}]
[112187][1752461097889][main][info]["Quitting app"]
[1869][1752504885100][main][info]["Booting Postman 11.52.5, linux-6.15.6-arch1-1 on x64"]
[1869][1752504885102][main][info]["EventBus~initialize - Success"]
[1869][1752504885105][main][info]["Proxy configuration has not been setup"]
[1869][1752504885105][main][info]["CloudProxyManager~init - Success"]
[1869][1752504885156][main][info]["performShellDataMigration: Migration has already been done. Bailing out"]
[1869][1752504885161][main][info]["UpdateHandler~init - Success"]
[1869][1752504885164][main][info]["LeaderSelection: Initialized successfully"]
[1869][1752504885172][main][info]["GPU detected VID 4318 DID 8644 ACTIVE true"]
[1869][1752504885173][main][info]["shellController~init: Success"]
[1869][1752504885173][main][info]["shellMeta~init: Success"]
[1869][1752504885173][main][info]["partitionMigrationService: State of V7 partition:"]
[1869][1752504885173][main][info]["partitionMigrationService: V7 partitions",[]]
[1869][1752504885173][main][info]["partitionMigrationService~rectifyNamespaceOfScratchPadPartition: There is no partition with scratchpad namespace"]
[1869][1752504885174][main][info]["partitionMigrationService~rectifyNamespaceOfScratchPadPartition: There is no transit partition which could have been used for scratchpad"]
[1869][1752504885174][main][info]["partitionMigrationService~init: Success"]
[1869][1752504885174][main][info]["partitionMigrationService~runV8PartitionsIntegrity: Two way migration~ removing the following partitions from v8",[]]
[1869][1752504885175][main][info]["userPartitionService~getRecentV8UserPartition: recent v8 user context partition ","122854c6-5b06-49fe-a792-28112ff3a4a7"]
[1869][1752504885175][main][info]["userPartitionService~_rectifyTheActivePartitionOfApplication: Setting the active partition to ","122854c6-5b06-49fe-a792-28112ff3a4a7"]
[1869][1752504885178][main][info]["LinuxAutoUpdater~Cleanup - Initial cleanup successful"]
[1869][1752504885179][main][info]["newAccountRegionPreferenceService~getPreferenceWithFallback - Preference not found in storage."]
[1869][1752504885179][main][info]["newAccountRegionPreferenceService~getToggleMenuTemplate - Using preference:","useUSRegion"]
[1869][1752504885186][main][info]["userPartitionService~init: Success"]
[1869][1752504885202][main][info]["userPartitionService: State of v8 partition system:"]
[1869][1752504885202][main][info]["shell~init~getPartitionToLoad: loading active partition"]
[1869][1752504885202][main][info]["userPartitionService: List of partitions:",[{"partitionId":"122854c6-5b06-49fe-a792-28112ff3a4a7","namespace":"users","userId":"10681586","teamId":"2952355","lastUpdated":"2025-07-14T01:56:34.675Z"},{"partitionId":"dd10c798-04d5-42bf-a695-c0405c4180da","namespace":"scratchPad","userId":0,"teamId":0,"isDirty":false}]]
[1869][1752504885202][main][info]["userPartitionService: users global meta:",{}]
[1869][1752504885202][main][info]["Main:windowManager~newRequesterWindow: Fetch and update runtime config: us"]
[1869][1752504885275][main][info]["getDesktopReleaseVersionAsQueryParams: webVersion: "]
[1869][1752504887155][main][info]["Main~getRemoteInitPath:: "]
[1869][1752504887194][main][info]["UpdateHandler~app-update-events - Received event",{"name":"checkForElectronVersionUpdated","namespace":"appUpdate"}]
[1869][1752504887197][main][info]["INTERCEPTOR CONNECTIVITY: Connecting to Interceptor Bridge"]
[1869][1752504887209][main][info]["windowManager: First requester booted successfully."]
[1869][1752504887209][main][info]["windowManager~restoreWindows: Restoring requester windows"]
[1869][1752504887209][main][info]["WebVersionService: Initialized successfully with version: 11.53.2-ui-250708-2337"]
[1869][1752504887209][main][info]["Main~AppEvents - Received booted event for process requester.Version 11.53.2 UI Version: 11.53.2-ui-250708-2337 Desktop Platform Version: 11.52.5"]
[1869][1752504887281][main][info]["Main~getRemoteInitPath:: "]
[1869][1752504887453][main][info]["Main~getPlatformLaunchPerfMetrics"]
[1869][1752504887602][main][info]["INTERCEPTOR CONNECTIVITY: Attempting to start websocket server on port 15611"]
[1869][1752504889359][main][info]["RuntimeIPCAgent~started: Success"]
[1869][1752504889443][main][info]["Main - model-events~user - (user, bootstrapUser) received"]
[1869][1752504889443][main][info]["model-events~user - bootstrapUser received"]
[1869][1752504889926][main][error]["Error while retrieving user key from keychain",{"name":"Error","message":"The name is not activatable","stack":"Error: The name is not activatable"}]
[1869][1752504897594][main][info]["UpdateHandler~app-update-events - Received event",{"name":"updateElectron","namespace":"appUpdate","data":{"channel":"stable","version":"11.52.5","downloadVersion":"11.54.0","appId":"d6afd933-38a8-4972-ab99-c88cab7ca838","userAgent":"Mozilla/5.0 (X11; Linux x86_64) AppleWebKit/537.36 (KHTML, like Gecko) Postman/11.52.5 Electron/32.3.3 Safari/537.36","platform":"LINUX","arch":"64","downloadURL":"https://dl.pstmn.io/download/version/11.54.0/linux_64","updateServerDomain":"https://dl.pstmn.io/","additionalParamsString":"installationId=d6afd933-38a8-4972-ab99-c88cab7ca838&userId=10681586&syncEnabled=true&teamPlan=sync-free-3-trial&teamId=2952355","userId":"10681586"}}]
[1869][1752504897595][main][info]["LinuxUpdater~downloadUpdate - UpdateInfo received",{"channel":"stable","version":"11.52.5","downloadVersion":"11.54.0","appId":"d6afd933-38a8-4972-ab99-c88cab7ca838","userAgent":"Mozilla/5.0 (X11; Linux x86_64) AppleWebKit/537.36 (KHTML, like Gecko) Postman/11.52.5 Electron/32.3.3 Safari/537.36","platform":"LINUX","arch":"64","downloadURL":"https://dl.pstmn.io/download/version/11.54.0/linux_64","updateServerDomain":"https://dl.pstmn.io/","additionalParamsString":"installationId=d6afd933-38a8-4972-ab99-c88cab7ca838&userId=10681586&syncEnabled=true&teamPlan=sync-free-3-trial&teamId=2952355","userId":"10681586"}]
[1869][1752504897650][main][error]["@postman/app-updater: error",{"errno":-13,"code":"EACCES","syscall":"open","path":"/opt/postman/Postman-1752504897596.tar.gz","name":"Error","message":"EACCES: permission denied, open '/opt/postman/Postman-1752504897596.tar.gz'","stack":"Error: EACCES: permission denied, open '/opt/postman/Postman-1752504897596.tar.gz'"},{"context":{"api":"@postman/app-updater","domain":"starship"},"info":"{\"packageName\":\"Postman\",\"eID\":\"Postman-1752504897596\",\"downloadURL\":\"https://dl.pstmn.io/download/version/11.54.0/linux_64\",\"downloadDirectory\":\"/opt/postman\",\"downloadInfo\":{\"status\":\"DOWNLOAD_ERROR\",\"error\":{\"errno\":-13,\"code\":\"EACCES\",\"syscall\":\"open\",\"path\":\"/opt/postman/Postman-1752504897596.tar.gz\"},\"downloadDirectory\":\"/opt/postman\"}}"}]
[1869][1752504897655][main][info]["UpdateHandler~app-update-events - Received event",{"name":"electronAppUpdateError","namespace":"appUpdate","data":{"error":{"errno":-13,"code":"EACCES","syscall":"open","path":"/opt/postman/Postman-1752504897596.tar.gz","name":"Error","message":"EACCES: permission denied, open '/opt/postman/Postman-1752504897596.tar.gz'","stack":"Error: EACCES: permission denied, open '/opt/postman/Postman-1752504897596.tar.gz'"},"updateData":{"packageName":"Postman","eID":"Postman-1752504897596","downloadURL":"https://dl.pstmn.io/download/version/11.54.0/linux_64","downloadDirectory":"/opt/postman","downloadInfo":{"status":"DOWNLOAD_ERROR","error":{"errno":-13,"code":"EACCES","syscall":"open","path":"/opt/postman/Postman-1752504897596.tar.gz"},"downloadDirectory":"/opt/postman"}}}}]
[1869][1752530087546][main][info]["UpdateHandler~app-update-events - Received event",{"name":"updateElectron","namespace":"appUpdate","data":{"channel":"stable","version":"11.52.5","downloadVersion":"11.54.0","appId":"d6afd933-38a8-4972-ab99-c88cab7ca838","userAgent":"Mozilla/5.0 (X11; Linux x86_64) AppleWebKit/537.36 (KHTML, like Gecko) Postman/11.52.5 Electron/32.3.3 Safari/537.36","platform":"LINUX","arch":"64","downloadURL":"https://dl.pstmn.io/download/version/11.54.0/linux_64","updateServerDomain":"https://dl.pstmn.io/","additionalParamsString":"installationId=d6afd933-38a8-4972-ab99-c88cab7ca838&userId=10681586&syncEnabled=true&teamPlan=sync-free-3-trial&teamId=2952355","userId":"10681586"}}]
[1869][1752530087546][main][info]["LinuxUpdater~downloadUpdate - UpdateInfo received",{"channel":"stable","version":"11.52.5","downloadVersion":"11.54.0","appId":"d6afd933-38a8-4972-ab99-c88cab7ca838","userAgent":"Mozilla/5.0 (X11; Linux x86_64) AppleWebKit/537.36 (KHTML, like Gecko) Postman/11.52.5 Electron/32.3.3 Safari/537.36","platform":"LINUX","arch":"64","downloadURL":"https://dl.pstmn.io/download/version/11.54.0/linux_64","updateServerDomain":"https://dl.pstmn.io/","additionalParamsString":"installationId=d6afd933-38a8-4972-ab99-c88cab7ca838&userId=10681586&syncEnabled=true&teamPlan=sync-free-3-trial&teamId=2952355","userId":"10681586"}]
[1869][1752530087578][main][error]["@postman/app-updater: error",{"errno":-13,"code":"EACCES","syscall":"open","path":"/opt/postman/Postman-1752530087547.tar.gz","name":"Error","message":"EACCES: permission denied, open '/opt/postman/Postman-1752530087547.tar.gz'","stack":"Error: EACCES: permission denied, open '/opt/postman/Postman-1752530087547.tar.gz'"},{"context":{"api":"@postman/app-updater","domain":"starship","sessionId":1869,"origin":"main","timestamp":1752504897651,"context":"@postman/app-updater: error","message":"EACCES: permission denied, open '/opt/postman/Postman-1752504897596.tar.gz'","stack":"Error: EACCES: permission denied, open '/opt/postman/Postman-1752504897596.tar.gz'","info":"{\"packageName\":\"Postman\",\"eID\":\"Postman-1752504897596\",\"downloadURL\":\"https://dl.pstmn.io/download/version/11.54.0/linux_64\",\"downloadDirectory\":\"/opt/postman\",\"downloadInfo\":{\"status\":\"DOWNLOAD_ERROR\",\"error\":{\"errno\":-13,\"code\":\"EACCES\",\"syscall\":\"open\",\"path\":\"/opt/postman/Postman-1752504897596.tar.gz\"},\"downloadDirectory\":\"/opt/postman\"}}"},"info":"{\"packageName\":\"Postman\",\"eID\":\"Postman-1752530087547\",\"downloadURL\":\"https://dl.pstmn.io/download/version/11.54.0/linux_64\",\"downloadDirectory\":\"/opt/postman\",\"downloadInfo\":{\"status\":\"DOWNLOAD_ERROR\",\"error\":{\"errno\":-13,\"code\":\"EACCES\",\"syscall\":\"open\",\"path\":\"/opt/postman/Postman-1752530087547.tar.gz\"},\"downloadDirectory\":\"/opt/postman\"}}"}]
[1869][1752530087580][main][info]["UpdateHandler~app-update-events - Received event",{"name":"electronAppUpdateError","namespace":"appUpdate","data":{"error":{"errno":-13,"code":"EACCES","syscall":"open","path":"/opt/postman/Postman-1752530087547.tar.gz","name":"Error","message":"EACCES: permission denied, open '/opt/postman/Postman-1752530087547.tar.gz'","stack":"Error: EACCES: permission denied, open '/opt/postman/Postman-1752530087547.tar.gz'"},"updateData":{"packageName":"Postman","eID":"Postman-1752530087547","downloadURL":"https://dl.pstmn.io/download/version/11.54.0/linux_64","downloadDirectory":"/opt/postman","downloadInfo":{"status":"DOWNLOAD_ERROR","error":{"errno":-13,"code":"EACCES","syscall":"open","path":"/opt/postman/Postman-1752530087547.tar.gz"},"downloadDirectory":"/opt/postman"}}}}]
[1869][1752545520867][main][info]["Quitting app"]
[1869][1752545521048][main][error]["Render process for requester webview crashed",{}]
[42386][1752627814281][main][info]["Booting Postman 11.52.5, linux-6.15.6-arch1-1 on x64"]
[42386][1752627814283][main][info]["EventBus~initialize - Success"]
[42386][1752627814285][main][info]["Proxy configuration has not been setup"]
[42386][1752627814286][main][info]["CloudProxyManager~init - Success"]
[42386][1752627814341][main][info]["performShellDataMigration: Migration has already been done. Bailing out"]
[42386][1752627814346][main][info]["UpdateHandler~init - Success"]
[42386][1752627814349][main][info]["LeaderSelection: Initialized successfully"]
[42386][1752627814357][main][info]["GPU detected VID 4318 DID 8644 ACTIVE true"]
[42386][1752627814358][main][info]["shellController~init: Success"]
[42386][1752627814358][main][info]["shellMeta~init: Success"]
[42386][1752627814358][main][info]["partitionMigrationService: State of V7 partition:"]
[42386][1752627814358][main][info]["partitionMigrationService: V7 partitions",[]]
[42386][1752627814359][main][info]["partitionMigrationService~rectifyNamespaceOfScratchPadPartition: There is no partition with scratchpad namespace"]
[42386][1752627814359][main][info]["partitionMigrationService~rectifyNamespaceOfScratchPadPartition: There is no transit partition which could have been used for scratchpad"]
[42386][1752627814359][main][info]["partitionMigrationService~init: Success"]
[42386][1752627814359][main][info]["partitionMigrationService~runV8PartitionsIntegrity: Two way migration~ removing the following partitions from v8",[]]
[42386][1752627814360][main][info]["userPartitionService~getRecentV8UserPartition: recent v8 user context partition ","122854c6-5b06-49fe-a792-28112ff3a4a7"]
[42386][1752627814360][main][info]["userPartitionService~_rectifyTheActivePartitionOfApplication: Setting the active partition to ","122854c6-5b06-49fe-a792-28112ff3a4a7"]
[42386][1752627814363][main][info]["LinuxAutoUpdater~Cleanup - Initial cleanup successful"]
[42386][1752627814364][main][info]["newAccountRegionPreferenceService~getPreferenceWithFallback - Preference not found in storage."]
[42386][1752627814364][main][info]["newAccountRegionPreferenceService~getToggleMenuTemplate - Using preference:","useUSRegion"]
[42386][1752627814372][main][info]["userPartitionService~init: Success"]
[42386][1752627814387][main][info]["userPartitionService: State of v8 partition system:"]
[42386][1752627814387][main][info]["shell~init~getPartitionToLoad: loading active partition"]
[42386][1752627814388][main][info]["userPartitionService: List of partitions:",[{"partitionId":"122854c6-5b06-49fe-a792-28112ff3a4a7","namespace":"users","userId":"10681586","teamId":"2952355","lastUpdated":"2025-07-14T01:56:34.675Z"},{"partitionId":"dd10c798-04d5-42bf-a695-c0405c4180da","namespace":"scratchPad","userId":0,"teamId":0,"isDirty":false}]]
[42386][1752627814388][main][info]["userPartitionService: users global meta:",{}]
[42386][1752627814388][main][info]["Main:windowManager~newRequesterWindow: Fetch and update runtime config: us"]
[42386][1752627814458][main][info]["getDesktopReleaseVersionAsQueryParams: webVersion: "]
[42386][1752627816113][main][info]["Main~getRemoteInitPath:: "]
[42386][1752627816155][main][info]["UpdateHandler~app-update-events - Received event",{"name":"checkForElectronVersionUpdated","namespace":"appUpdate"}]
[42386][1752627816157][main][info]["INTERCEPTOR CONNECTIVITY: Connecting to Interceptor Bridge"]
[42386][1752627816170][main][info]["windowManager: First requester booted successfully."]
[42386][1752627816170][main][info]["windowManager~restoreWindows: Restoring requester windows"]
[42386][1752627816170][main][info]["WebVersionService: Initialized successfully with version: 11.53.2-ui-250708-2337"]
[42386][1752627816170][main][info]["Main~AppEvents - Received booted event for process requester.Version 11.53.2 UI Version: 11.53.2-ui-250708-2337 Desktop Platform Version: 11.52.5"]
[42386][1752627816243][main][info]["Main~getRemoteInitPath:: "]
[42386][1752627816793][main][info]["INTERCEPTOR CONNECTIVITY: Attempting to start websocket server on port 15611"]
[42386][1752627817605][main][info]["Main - model-events~user - (user, bootstrapUser) received"]
[42386][1752627817605][main][info]["model-events~user - bootstrapUser received"]
[42386][1752627817607][main][info]["Main~getPlatformLaunchPerfMetrics"]
[42386][1752627818465][main][info]["RuntimeIPCAgent~started: Success"]
[42386][1752627818959][main][error]["Error while retrieving user key from keychain",{"name":"Error","message":"The name is not activatable","stack":"Error: The name is not activatable"}]
[42386][1752627826428][main][info]["UpdateHandler~app-update-events - Received event",{"name":"updateElectron","namespace":"appUpdate","data":{"channel":"stable","version":"11.52.5","downloadVersion":"11.54.1","appId":"d6afd933-38a8-4972-ab99-c88cab7ca838","userAgent":"Mozilla/5.0 (X11; Linux x86_64) AppleWebKit/537.36 (KHTML, like Gecko) Postman/11.52.5 Electron/32.3.3 Safari/537.36","platform":"LINUX","arch":"64","downloadURL":"https://dl.pstmn.io/download/version/11.54.1/linux_64","updateServerDomain":"https://dl.pstmn.io/","additionalParamsString":"installationId=d6afd933-38a8-4972-ab99-c88cab7ca838&userId=10681586&syncEnabled=true&teamPlan=sync-free-3-trial&teamId=2952355","userId":"10681586"}}]
[42386][1752627826429][main][info]["LinuxUpdater~downloadUpdate - UpdateInfo received",{"channel":"stable","version":"11.52.5","downloadVersion":"11.54.1","appId":"d6afd933-38a8-4972-ab99-c88cab7ca838","userAgent":"Mozilla/5.0 (X11; Linux x86_64) AppleWebKit/537.36 (KHTML, like Gecko) Postman/11.52.5 Electron/32.3.3 Safari/537.36","platform":"LINUX","arch":"64","downloadURL":"https://dl.pstmn.io/download/version/11.54.1/linux_64","updateServerDomain":"https://dl.pstmn.io/","additionalParamsString":"installationId=d6afd933-38a8-4972-ab99-c88cab7ca838&userId=10681586&syncEnabled=true&teamPlan=sync-free-3-trial&teamId=2952355","userId":"10681586"}]
[42386][1752627826452][main][error]["@postman/app-updater: error",{"errno":-13,"code":"EACCES","syscall":"open","path":"/opt/postman/Postman-1752627826429.tar.gz","name":"Error","message":"EACCES: permission denied, open '/opt/postman/Postman-1752627826429.tar.gz'","stack":"Error: EACCES: permission denied, open '/opt/postman/Postman-1752627826429.tar.gz'"},{"context":{"api":"@postman/app-updater","domain":"starship"},"info":"{\"packageName\":\"Postman\",\"eID\":\"Postman-1752627826429\",\"downloadURL\":\"https://dl.pstmn.io/download/version/11.54.1/linux_64\",\"downloadDirectory\":\"/opt/postman\",\"downloadInfo\":{\"status\":\"DOWNLOAD_ERROR\",\"error\":{\"errno\":-13,\"code\":\"EACCES\",\"syscall\":\"open\",\"path\":\"/opt/postman/Postman-1752627826429.tar.gz\"},\"downloadDirectory\":\"/opt/postman\"}}"}]
[42386][1752627826453][main][info]["UpdateHandler~app-update-events - Received event",{"name":"electronAppUpdateError","namespace":"appUpdate","data":{"error":{"errno":-13,"code":"EACCES","syscall":"open","path":"/opt/postman/Postman-1752627826429.tar.gz","name":"Error","message":"EACCES: permission denied, open '/opt/postman/Postman-1752627826429.tar.gz'","stack":"Error: EACCES: permission denied, open '/opt/postman/Postman-1752627826429.tar.gz'"},"updateData":{"packageName":"Postman","eID":"Postman-1752627826429","downloadURL":"https://dl.pstmn.io/download/version/11.54.1/linux_64","downloadDirectory":"/opt/postman","downloadInfo":{"status":"DOWNLOAD_ERROR","error":{"errno":-13,"code":"EACCES","syscall":"open","path":"/opt/postman/Postman-1752627826429.tar.gz"},"downloadDirectory":"/opt/postman"}}}}]
[42386][1752630054591][main][info]["Quitting app"]
[42386][1752630054795][main][error]["Render process for requester webview crashed",{}]
[42386][1752630054806][main][error]["Main~handleUncaughtError - Uncaught errors",{"errno":-5,"code":"EIO","syscall":"write","name":"Error","message":"write EIO","stack":"Error: write EIO\n    at afterWriteDispatched (node:internal/stream_base_commons:161:15)\n    at writeGeneric (node:internal/stream_base_commons:152:3)\n    at Socket._writeGeneric (node:net:958:11)\n    at Socket._write (node:net:970:8)\n    at writeOrBuffer (node:internal/streams/writable:572:12)\n    at _write (node:internal/streams/writable:501:10)\n    at Writable.write (node:internal/streams/writable:510:10)\n    at e.exports.log (/opt/postman/app/resources/app/main.js:12:16500)\n    at s._write (/opt/postman/app/resources/app/main.js:12:1345)\n    at T (/opt/postman/app/resources/app/main.js:11:128518)\n    at P (/opt/postman/app/resources/app/main.js:11:128352)\n    at k.write (/opt/postman/app/resources/app/main.js:11:131645)\n    at a.f (/opt/postman/app/resources/app/main.js:12:46134)\n    at a.emit (node:events:518:28)\n    at a.emit (node:domain:489:12)\n    at j (/opt/postman/app/resources/app/main.js:12:40406)"}]
[42386][1752630054809][main][error]["Main~handleUncaughtError - Uncaught errors",{"errno":-5,"code":"EIO","syscall":"write","name":"Error","message":"write EIO","stack":"Error: write EIO\n    at afterWriteDispatched (node:internal/stream_base_commons:161:15)\n    at writeGeneric (node:internal/stream_base_commons:152:3)\n    at Socket._writeGeneric (node:net:958:11)\n    at Socket._write (node:net:970:8)\n    at writeOrBuffer (node:internal/streams/writable:572:12)\n    at _write (node:internal/streams/writable:501:10)\n    at Writable.write (node:internal/streams/writable:510:10)\n    at e.exports.log (/opt/postman/app/resources/app/main.js:12:16500)\n    at s._write (/opt/postman/app/resources/app/main.js:12:1345)\n    at T (/opt/postman/app/resources/app/main.js:11:128518)\n    at P (/opt/postman/app/resources/app/main.js:11:128352)\n    at k.write (/opt/postman/app/resources/app/main.js:11:131645)\n    at a.f (/opt/postman/app/resources/app/main.js:12:46134)\n    at a.emit (node:events:518:28)\n    at a.emit (node:domain:489:12)\n    at j (/opt/postman/app/resources/app/main.js:12:40406)"}]
[42386][1752630054810][main][error]["Main~handleUncaughtError - Uncaught errors",{"errno":-5,"code":"EIO","syscall":"write","name":"Error","message":"write EIO","stack":"Error: write EIO\n    at afterWriteDispatched (node:internal/stream_base_commons:161:15)\n    at writeGeneric (node:internal/stream_base_commons:152:3)\n    at Socket._writeGeneric (node:net:958:11)\n    at Socket._write (node:net:970:8)\n    at writeOrBuffer (node:internal/streams/writable:572:12)\n    at _write (node:internal/streams/writable:501:10)\n    at Writable.write (node:internal/streams/writable:510:10)\n    at console.value (node:internal/console/constructor:303:16)\n    at console.warn (node:internal/console/constructor:383:26)\n    at console.error (/opt/postman/app/resources/app/main.js:6:61922)\n    at c (/opt/postman/app/resources/app/main.js:6:73022)\n    at e.handler (/opt/postman/app/resources/app/main.js:6:70957)\n    at process.emit (node:events:530:35)\n    at process.y [as emit] (/opt/postman/app/resources/app/main.js:11:220155)\n    at process._fatalException (node:internal/process/execution:188:25)"}]
[42386][1752630054810][main][error]["Main~handleUncaughtError - Uncaught errors",{"errno":-5,"code":"EIO","syscall":"write","name":"Error","message":"write EIO","stack":"Error: write EIO\n    at afterWriteDispatched (node:internal/stream_base_commons:161:15)\n    at writeGeneric (node:internal/stream_base_commons:152:3)\n    at Socket._writeGeneric (node:net:958:11)\n    at Socket._write (node:net:970:8)\n    at writeOrBuffer (node:internal/streams/writable:572:12)\n    at _write (node:internal/streams/writable:501:10)\n    at Writable.write (node:internal/streams/writable:510:10)\n    at e.exports.log (/opt/postman/app/resources/app/main.js:12:16500)\n    at s._write (/opt/postman/app/resources/app/main.js:12:1345)\n    at T (/opt/postman/app/resources/app/main.js:11:128518)\n    at P (/opt/postman/app/resources/app/main.js:11:128352)\n    at k.write (/opt/postman/app/resources/app/main.js:11:131645)\n    at a.f (/opt/postman/app/resources/app/main.js:12:46134)\n    at a.emit (node:events:518:28)\n    at a.emit (node:domain:489:12)\n    at j (/opt/postman/app/resources/app/main.js:12:40406)"}]
[42386][1752630054812][main][error]["Main~handleUncaughtError - Uncaught errors",{"errno":-5,"code":"EIO","syscall":"write","name":"Error","message":"write EIO","stack":"Error: write EIO\n    at afterWriteDispatched (node:internal/stream_base_commons:161:15)\n    at writeGeneric (node:internal/stream_base_commons:152:3)\n    at Socket._writeGeneric (node:net:958:11)\n    at Socket._write (node:net:970:8)\n    at writeOrBuffer (node:internal/streams/writable:572:12)\n    at _write (node:internal/streams/writable:501:10)\n    at Writable.write (node:internal/streams/writable:510:10)\n    at console.value (node:internal/console/constructor:303:16)\n    at console.warn (node:internal/console/constructor:383:26)\n    at console.error (/opt/postman/app/resources/app/main.js:6:61922)\n    at c (/opt/postman/app/resources/app/main.js:6:73022)\n    at e.handler (/opt/postman/app/resources/app/main.js:6:70957)\n    at process.emit (node:events:530:35)\n    at process.y [as emit] (/opt/postman/app/resources/app/main.js:11:220155)\n    at process._fatalException (node:internal/process/execution:188:25)"}]
[42386][1752630054812][main][error]["Main~handleUncaughtError - Uncaught errors",{"errno":-5,"code":"EIO","syscall":"write","name":"Error","message":"write EIO","stack":"Error: write EIO\n    at afterWriteDispatched (node:internal/stream_base_commons:161:15)\n    at writeGeneric (node:internal/stream_base_commons:152:3)\n    at Socket._writeGeneric (node:net:958:11)\n    at Socket._write (node:net:970:8)\n    at writeOrBuffer (node:internal/streams/writable:572:12)\n    at _write (node:internal/streams/writable:501:10)\n    at Writable.write (node:internal/streams/writable:510:10)\n    at e.exports.log (/opt/postman/app/resources/app/main.js:12:16500)\n    at s._write (/opt/postman/app/resources/app/main.js:12:1345)\n    at T (/opt/postman/app/resources/app/main.js:11:128518)\n    at P (/opt/postman/app/resources/app/main.js:11:128352)\n    at k.write (/opt/postman/app/resources/app/main.js:11:131645)\n    at a.f (/opt/postman/app/resources/app/main.js:12:46134)\n    at a.emit (node:events:518:28)\n    at a.emit (node:domain:489:12)\n    at j (/opt/postman/app/resources/app/main.js:12:40406)"}]
[42386][1752630054812][main][error]["Main~handleUncaughtError - Uncaught errors",{"errno":-5,"code":"EIO","syscall":"write","name":"Error","message":"write EIO","stack":"Error: write EIO\n    at afterWriteDispatched (node:internal/stream_base_commons:161:15)\n    at writeGeneric (node:internal/stream_base_commons:152:3)\n    at Socket._writeGeneric (node:net:958:11)\n    at Socket._write (node:net:970:8)\n    at writeOrBuffer (node:internal/streams/writable:572:12)\n    at _write (node:internal/streams/writable:501:10)\n    at Writable.write (node:internal/streams/writable:510:10)\n    at console.value (node:internal/console/constructor:303:16)\n    at console.warn (node:internal/console/constructor:383:26)\n    at console.error (/opt/postman/app/resources/app/main.js:6:61922)\n    at c (/opt/postman/app/resources/app/main.js:6:73022)\n    at e.handler (/opt/postman/app/resources/app/main.js:6:70957)\n    at process.emit (node:events:530:35)\n    at process.y [as emit] (/opt/postman/app/resources/app/main.js:11:220155)\n    at process._fatalException (node:internal/process/execution:188:25)"}]
[42386][1752630054813][main][error]["Main~handleUncaughtError - Uncaught errors",{"errno":-5,"code":"EIO","syscall":"write","name":"Error","message":"write EIO","stack":"Error: write EIO\n    at afterWriteDispatched (node:internal/stream_base_commons:161:15)\n    at writeGeneric (node:internal/stream_base_commons:152:3)\n    at Socket._writeGeneric (node:net:958:11)\n    at Socket._write (node:net:970:8)\n    at writeOrBuffer (node:internal/streams/writable:572:12)\n    at _write (node:internal/streams/writable:501:10)\n    at Writable.write (node:internal/streams/writable:510:10)\n    at e.exports.log (/opt/postman/app/resources/app/main.js:12:16500)\n    at s._write (/opt/postman/app/resources/app/main.js:12:1345)\n    at T (/opt/postman/app/resources/app/main.js:11:128518)\n    at P (/opt/postman/app/resources/app/main.js:11:128352)\n    at k.write (/opt/postman/app/resources/app/main.js:11:131645)\n    at a.f (/opt/postman/app/resources/app/main.js:12:46134)\n    at a.emit (node:events:518:28)\n    at a.emit (node:domain:489:12)\n    at j (/opt/postman/app/resources/app/main.js:12:40406)"}]
[42386][1752630054813][main][error]["Main~handleUncaughtError - Uncaught errors",{"errno":-5,"code":"EIO","syscall":"write","name":"Error","message":"write EIO","stack":"Error: write EIO\n    at afterWriteDispatched (node:internal/stream_base_commons:161:15)\n    at writeGeneric (node:internal/stream_base_commons:152:3)\n    at Socket._writeGeneric (node:net:958:11)\n    at Socket._write (node:net:970:8)\n    at writeOrBuffer (node:internal/streams/writable:572:12)\n    at _write (node:internal/streams/writable:501:10)\n    at Writable.write (node:internal/streams/writable:510:10)\n    at console.value (node:internal/console/constructor:303:16)\n    at console.warn (node:internal/console/constructor:383:26)\n    at console.error (/opt/postman/app/resources/app/main.js:6:61922)\n    at c (/opt/postman/app/resources/app/main.js:6:73022)\n    at e.handler (/opt/postman/app/resources/app/main.js:6:70957)\n    at process.emit (node:events:530:35)\n    at process.y [as emit] (/opt/postman/app/resources/app/main.js:11:220155)\n    at process._fatalException (node:internal/process/execution:188:25)"}]
[42386][1752630054814][main][error]["Main~handleUncaughtError - Uncaught errors",{"errno":-5,"code":"EIO","syscall":"write","name":"Error","message":"write EIO","stack":"Error: write EIO\n    at afterWriteDispatched (node:internal/stream_base_commons:161:15)\n    at writeGeneric (node:internal/stream_base_commons:152:3)\n    at Socket._writeGeneric (node:net:958:11)\n    at Socket._write (node:net:970:8)\n    at writeOrBuffer (node:internal/streams/writable:572:12)\n    at _write (node:internal/streams/writable:501:10)\n    at Writable.write (node:internal/streams/writable:510:10)\n    at e.exports.log (/opt/postman/app/resources/app/main.js:12:16500)\n    at s._write (/opt/postman/app/resources/app/main.js:12:1345)\n    at T (/opt/postman/app/resources/app/main.js:11:128518)\n    at P (/opt/postman/app/resources/app/main.js:11:128352)\n    at k.write (/opt/postman/app/resources/app/main.js:11:131645)\n    at a.f (/opt/postman/app/resources/app/main.js:12:46134)\n    at a.emit (node:events:518:28)\n    at a.emit (node:domain:489:12)\n    at j (/opt/postman/app/resources/app/main.js:12:40406)"}]
[42386][1752630054814][main][error]["Main~handleUncaughtError - Uncaught errors",{"errno":-5,"code":"EIO","syscall":"write","name":"Error","message":"write EIO","stack":"Error: write EIO\n    at afterWriteDispatched (node:internal/stream_base_commons:161:15)\n    at writeGeneric (node:internal/stream_base_commons:152:3)\n    at Socket._writeGeneric (node:net:958:11)\n    at Socket._write (node:net:970:8)\n    at writeOrBuffer (node:internal/streams/writable:572:12)\n    at _write (node:internal/streams/writable:501:10)\n    at Writable.write (node:internal/streams/writable:510:10)\n    at console.value (node:internal/console/constructor:303:16)\n    at console.warn (node:internal/console/constructor:383:26)\n    at console.error (/opt/postman/app/resources/app/main.js:6:61922)\n    at c (/opt/postman/app/resources/app/main.js:6:73022)\n    at e.handler (/opt/postman/app/resources/app/main.js:6:70957)\n    at process.emit (node:events:530:35)\n    at process.y [as emit] (/opt/postman/app/resources/app/main.js:11:220155)\n    at process._fatalException (node:internal/process/execution:188:25)"}]
[42386][1752630054814][main][error]["Main~handleUncaughtError - Uncaught errors",{"errno":-5,"code":"EIO","syscall":"write","name":"Error","message":"write EIO","stack":"Error: write EIO\n    at afterWriteDispatched (node:internal/stream_base_commons:161:15)\n    at writeGeneric (node:internal/stream_base_commons:152:3)\n    at Socket._writeGeneric (node:net:958:11)\n    at Socket._write (node:net:970:8)\n    at writeOrBuffer (node:internal/streams/writable:572:12)\n    at _write (node:internal/streams/writable:501:10)\n    at Writable.write (node:internal/streams/writable:510:10)\n    at e.exports.log (/opt/postman/app/resources/app/main.js:12:16500)\n    at s._write (/opt/postman/app/resources/app/main.js:12:1345)\n    at T (/opt/postman/app/resources/app/main.js:11:128518)\n    at P (/opt/postman/app/resources/app/main.js:11:128352)\n    at k.write (/opt/postman/app/resources/app/main.js:11:131645)\n    at a.f (/opt/postman/app/resources/app/main.js:12:46134)\n    at a.emit (node:events:518:28)\n    at a.emit (node:domain:489:12)\n    at j (/opt/postman/app/resources/app/main.js:12:40406)"}]
[42386][1752630054815][main][error]["Main~handleUncaughtError - Uncaught errors",{"errno":-5,"code":"EIO","syscall":"write","name":"Error","message":"write EIO","stack":"Error: write EIO\n    at afterWriteDispatched (node:internal/stream_base_commons:161:15)\n    at writeGeneric (node:internal/stream_base_commons:152:3)\n    at Socket._writeGeneric (node:net:958:11)\n    at Socket._write (node:net:970:8)\n    at writeOrBuffer (node:internal/streams/writable:572:12)\n    at _write (node:internal/streams/writable:501:10)\n    at Writable.write (node:internal/streams/writable:510:10)\n    at console.value (node:internal/console/constructor:303:16)\n    at console.warn (node:internal/console/constructor:383:26)\n    at console.error (/opt/postman/app/resources/app/main.js:6:61922)\n    at c (/opt/postman/app/resources/app/main.js:6:73022)\n    at e.handler (/opt/postman/app/resources/app/main.js:6:70957)\n    at process.emit (node:events:530:35)\n    at process.y [as emit] (/opt/postman/app/resources/app/main.js:11:220155)\n    at process._fatalException (node:internal/process/execution:188:25)"}]
[42386][1752630054815][main][error]["Main~handleUncaughtError - Uncaught errors",{"errno":-5,"code":"EIO","syscall":"write","name":"Error","message":"write EIO","stack":"Error: write EIO\n    at afterWriteDispatched (node:internal/stream_base_commons:161:15)\n    at writeGeneric (node:internal/stream_base_commons:152:3)\n    at Socket._writeGeneric (node:net:958:11)\n    at Socket._write (node:net:970:8)\n    at writeOrBuffer (node:internal/streams/writable:572:12)\n    at _write (node:internal/streams/writable:501:10)\n    at Writable.write (node:internal/streams/writable:510:10)\n    at e.exports.log (/opt/postman/app/resources/app/main.js:12:16500)\n    at s._write (/opt/postman/app/resources/app/main.js:12:1345)\n    at T (/opt/postman/app/resources/app/main.js:11:128518)\n    at P (/opt/postman/app/resources/app/main.js:11:128352)\n    at k.write (/opt/postman/app/resources/app/main.js:11:131645)\n    at a.f (/opt/postman/app/resources/app/main.js:12:46134)\n    at a.emit (node:events:518:28)\n    at a.emit (node:domain:489:12)\n    at j (/opt/postman/app/resources/app/main.js:12:40406)"}]
[42386][1752630054815][main][error]["Main~handleUncaughtError - Uncaught errors",{"errno":-5,"code":"EIO","syscall":"write","name":"Error","message":"write EIO","stack":"Error: write EIO\n    at afterWriteDispatched (node:internal/stream_base_commons:161:15)\n    at writeGeneric (node:internal/stream_base_commons:152:3)\n    at Socket._writeGeneric (node:net:958:11)\n    at Socket._write (node:net:970:8)\n    at writeOrBuffer (node:internal/streams/writable:572:12)\n    at _write (node:internal/streams/writable:501:10)\n    at Writable.write (node:internal/streams/writable:510:10)\n    at console.value (node:internal/console/constructor:303:16)\n    at console.warn (node:internal/console/constructor:383:26)\n    at console.error (/opt/postman/app/resources/app/main.js:6:61922)\n    at c (/opt/postman/app/resources/app/main.js:6:73022)\n    at e.handler (/opt/postman/app/resources/app/main.js:6:70957)\n    at process.emit (node:events:530:35)\n    at process.y [as emit] (/opt/postman/app/resources/app/main.js:11:220155)\n    at process._fatalException (node:internal/process/execution:188:25)"}]
[5583][1753705612477][main][info]["Booting Postman 11.52.5, linux-6.15.6-arch1-1 on x64"]
[5583][1753705612479][main][info]["EventBus~initialize - Success"]
[5583][1753705612481][main][info]["Proxy configuration has not been setup"]
[5583][1753705612482][main][info]["CloudProxyManager~init - Success"]
[5583][1753705612535][main][info]["performShellDataMigration: Migration has already been done. Bailing out"]
[5583][1753705612540][main][info]["UpdateHandler~init - Success"]
[5583][1753705612543][main][info]["LeaderSelection: Initialized successfully"]
[5583][1753705612550][main][info]["GPU detected VID 4318 DID 8644 ACTIVE true"]
[5583][1753705612552][main][info]["shellController~init: Success"]
[5583][1753705612552][main][info]["shellMeta~init: Success"]
[5583][1753705612552][main][info]["partitionMigrationService: State of V7 partition:"]
[5583][1753705612552][main][info]["partitionMigrationService: V7 partitions",[]]
[5583][1753705612552][main][info]["partitionMigrationService~rectifyNamespaceOfScratchPadPartition: There is no partition with scratchpad namespace"]
[5583][1753705612552][main][info]["partitionMigrationService~rectifyNamespaceOfScratchPadPartition: There is no transit partition which could have been used for scratchpad"]
[5583][1753705612553][main][info]["partitionMigrationService~init: Success"]
[5583][1753705612553][main][info]["partitionMigrationService~runV8PartitionsIntegrity: Two way migration~ removing the following partitions from v8",[]]
[5583][1753705612553][main][info]["userPartitionService~getRecentV8UserPartition: recent v8 user context partition ","122854c6-5b06-49fe-a792-28112ff3a4a7"]
[5583][1753705612554][main][info]["userPartitionService~_rectifyTheActivePartitionOfApplication: Setting the active partition to ","122854c6-5b06-49fe-a792-28112ff3a4a7"]
[5583][1753705612556][main][info]["LinuxAutoUpdater~Cleanup - Initial cleanup successful"]
[5583][1753705612557][main][info]["newAccountRegionPreferenceService~getPreferenceWithFallback - Preference not found in storage."]
[5583][1753705612557][main][info]["newAccountRegionPreferenceService~getToggleMenuTemplate - Using preference:","useUSRegion"]
[5583][1753705612565][main][info]["userPartitionService~init: Success"]
[5583][1753705612580][main][info]["userPartitionService: State of v8 partition system:"]
[5583][1753705612580][main][info]["shell~init~getPartitionToLoad: loading active partition"]
[5583][1753705612580][main][info]["userPartitionService: List of partitions:",[{"partitionId":"122854c6-5b06-49fe-a792-28112ff3a4a7","namespace":"users","userId":"10681586","teamId":"2952355","lastUpdated":"2025-07-14T01:56:34.675Z"},{"partitionId":"dd10c798-04d5-42bf-a695-c0405c4180da","namespace":"scratchPad","userId":0,"teamId":0,"isDirty":false}]]
[5583][1753705612581][main][info]["userPartitionService: users global meta:",{}]
[5583][1753705612581][main][info]["Main:windowManager~newRequesterWindow: Fetch and update runtime config: us"]
[5583][1753705612671][main][info]["getDesktopReleaseVersionAsQueryParams: webVersion: "]
[5583][1753705614292][main][info]["Main~getRemoteInitPath:: "]
[5583][1753705614333][main][info]["UpdateHandler~app-update-events - Received event",{"name":"checkForElectronVersionUpdated","namespace":"appUpdate"}]
[5583][1753705614336][main][info]["INTERCEPTOR CONNECTIVITY: Connecting to Interceptor Bridge"]
[5583][1753705614352][main][info]["windowManager: First requester booted successfully."]
[5583][1753705614352][main][info]["windowManager~restoreWindows: Restoring requester windows"]
[5583][1753705614353][main][info]["WebVersionService: Initialized successfully with version: 11.53.2-ui-250708-2337"]
[5583][1753705614353][main][info]["Main~AppEvents - Received booted event for process requester.Version 11.53.2 UI Version: 11.53.2-ui-250708-2337 Desktop Platform Version: 11.52.5"]
[5583][1753705614424][main][info]["Main~getRemoteInitPath:: "]
[5583][1753705614733][main][info]["INTERCEPTOR CONNECTIVITY: Attempting to start websocket server on port 15611"]
[5583][1753705615626][main][info]["Main~getPlatformLaunchPerfMetrics"]
[5583][1753705615644][main][info]["Main - model-events~user - (user, bootstrapUser) received"]
[5583][1753705615644][main][info]["model-events~user - bootstrapUser received"]
[5583][1753705616459][main][info]["RuntimeIPCAgent~started: Success"]
[5583][1753705617041][main][error]["Error while retrieving user key from keychain",{"name":"Error","message":"The name is not activatable","stack":"Error: The name is not activatable"}]
[5583][1753705624647][main][info]["UpdateHandler~app-update-events - Received event",{"name":"updateElectron","namespace":"appUpdate","data":{"channel":"stable","version":"11.52.5","downloadVersion":"11.55.5","appId":"d6afd933-38a8-4972-ab99-c88cab7ca838","userAgent":"Mozilla/5.0 (X11; Linux x86_64) AppleWebKit/537.36 (KHTML, like Gecko) Postman/11.52.5 Electron/32.3.3 Safari/537.36","platform":"LINUX","arch":"64","downloadURL":"https://dl.pstmn.io/download/version/11.55.5/linux_64","updateServerDomain":"https://dl.pstmn.io/","additionalParamsString":"installationId=d6afd933-38a8-4972-ab99-c88cab7ca838&userId=10681586&syncEnabled=true&teamPlan=sync-free-3-trial&teamId=2952355","userId":"10681586"}}]
[5583][1753705624648][main][info]["LinuxUpdater~downloadUpdate - UpdateInfo received",{"channel":"stable","version":"11.52.5","downloadVersion":"11.55.5","appId":"d6afd933-38a8-4972-ab99-c88cab7ca838","userAgent":"Mozilla/5.0 (X11; Linux x86_64) AppleWebKit/537.36 (KHTML, like Gecko) Postman/11.52.5 Electron/32.3.3 Safari/537.36","platform":"LINUX","arch":"64","downloadURL":"https://dl.pstmn.io/download/version/11.55.5/linux_64","updateServerDomain":"https://dl.pstmn.io/","additionalParamsString":"installationId=d6afd933-38a8-4972-ab99-c88cab7ca838&userId=10681586&syncEnabled=true&teamPlan=sync-free-3-trial&teamId=2952355","userId":"10681586"}]
[5583][1753705624674][main][error]["@postman/app-updater: error",{"errno":-13,"code":"EACCES","syscall":"open","path":"/opt/postman/Postman-1753705624649.tar.gz","name":"Error","message":"EACCES: permission denied, open '/opt/postman/Postman-1753705624649.tar.gz'","stack":"Error: EACCES: permission denied, open '/opt/postman/Postman-1753705624649.tar.gz'"},{"context":{"api":"@postman/app-updater","domain":"starship"},"info":"{\"packageName\":\"Postman\",\"eID\":\"Postman-1753705624649\",\"downloadURL\":\"https://dl.pstmn.io/download/version/11.55.5/linux_64\",\"downloadDirectory\":\"/opt/postman\",\"downloadInfo\":{\"status\":\"DOWNLOAD_ERROR\",\"error\":{\"errno\":-13,\"code\":\"EACCES\",\"syscall\":\"open\",\"path\":\"/opt/postman/Postman-1753705624649.tar.gz\"},\"downloadDirectory\":\"/opt/postman\"}}"}]
[5583][1753705624676][main][info]["UpdateHandler~app-update-events - Received event",{"name":"electronAppUpdateError","namespace":"appUpdate","data":{"error":{"errno":-13,"code":"EACCES","syscall":"open","path":"/opt/postman/Postman-1753705624649.tar.gz","name":"Error","message":"EACCES: permission denied, open '/opt/postman/Postman-1753705624649.tar.gz'","stack":"Error: EACCES: permission denied, open '/opt/postman/Postman-1753705624649.tar.gz'"},"updateData":{"packageName":"Postman","eID":"Postman-1753705624649","downloadURL":"https://dl.pstmn.io/download/version/11.55.5/linux_64","downloadDirectory":"/opt/postman","downloadInfo":{"status":"DOWNLOAD_ERROR","error":{"errno":-13,"code":"EACCES","syscall":"open","path":"/opt/postman/Postman-1753705624649.tar.gz"},"downloadDirectory":"/opt/postman"}}}}]
[5583][1753728148570][main][info]["WindowManager~closeHandler - Closed Window (id: 1 )"]
[5583][1753728148674][main][info]["Quitting app"]
[5739][1753791712494][main][info]["Booting Postman 11.52.5, linux-6.15.6-arch1-1 on x64"]
[5739][1753791712497][main][info]["EventBus~initialize - Success"]
[5739][1753791712499][main][info]["Proxy configuration has not been setup"]
[5739][1753791712499][main][info]["CloudProxyManager~init - Success"]
[5739][1753791712552][main][info]["performShellDataMigration: Migration has already been done. Bailing out"]
[5739][1753791712557][main][info]["UpdateHandler~init - Success"]
[5739][1753791712559][main][info]["LeaderSelection: Initialized successfully"]
[5739][1753791712567][main][info]["GPU detected VID 4318 DID 8644 ACTIVE true"]
[5739][1753791712568][main][info]["shellController~init: Success"]
[5739][1753791712568][main][info]["shellMeta~init: Success"]
[5739][1753791712568][main][info]["partitionMigrationService: State of V7 partition:"]
[5739][1753791712568][main][info]["partitionMigrationService: V7 partitions",[]]
[5739][1753791712569][main][info]["partitionMigrationService~rectifyNamespaceOfScratchPadPartition: There is no partition with scratchpad namespace"]
[5739][1753791712569][main][info]["partitionMigrationService~rectifyNamespaceOfScratchPadPartition: There is no transit partition which could have been used for scratchpad"]
[5739][1753791712569][main][info]["partitionMigrationService~init: Success"]
[5739][1753791712569][main][info]["partitionMigrationService~runV8PartitionsIntegrity: Two way migration~ removing the following partitions from v8",[]]
[5739][1753791712570][main][info]["userPartitionService~getRecentV8UserPartition: recent v8 user context partition ","122854c6-5b06-49fe-a792-28112ff3a4a7"]
[5739][1753791712570][main][info]["userPartitionService~_rectifyTheActivePartitionOfApplication: Setting the active partition to ","122854c6-5b06-49fe-a792-28112ff3a4a7"]
[5739][1753791712572][main][info]["LinuxAutoUpdater~Cleanup - Initial cleanup successful"]
[5739][1753791712574][main][info]["newAccountRegionPreferenceService~getPreferenceWithFallback - Preference not found in storage."]
[5739][1753791712574][main][info]["newAccountRegionPreferenceService~getToggleMenuTemplate - Using preference:","useUSRegion"]
[5739][1753791712581][main][info]["userPartitionService~init: Success"]
[5739][1753791712596][main][info]["userPartitionService: State of v8 partition system:"]
[5739][1753791712596][main][info]["shell~init~getPartitionToLoad: loading active partition"]
[5739][1753791712596][main][info]["userPartitionService: List of partitions:",[{"partitionId":"122854c6-5b06-49fe-a792-28112ff3a4a7","namespace":"users","userId":"10681586","teamId":"2952355","lastUpdated":"2025-07-14T01:56:34.675Z"},{"partitionId":"dd10c798-04d5-42bf-a695-c0405c4180da","namespace":"scratchPad","userId":0,"teamId":0,"isDirty":false}]]
[5739][1753791712596][main][info]["userPartitionService: users global meta:",{}]
[5739][1753791712596][main][info]["Main:windowManager~newRequesterWindow: Fetch and update runtime config: us"]
[5739][1753791712674][main][info]["getDesktopReleaseVersionAsQueryParams: webVersion: "]
[5739][1753791713970][main][info]["Main~getRemoteInitPath:: "]
[5739][1753791714010][main][info]["UpdateHandler~app-update-events - Received event",{"name":"checkForElectronVersionUpdated","namespace":"appUpdate"}]
[5739][1753791714012][main][info]["INTERCEPTOR CONNECTIVITY: Connecting to Interceptor Bridge"]
[5739][1753791714024][main][info]["windowManager: First requester booted successfully."]
[5739][1753791714024][main][info]["windowManager~restoreWindows: Restoring requester windows"]
[5739][1753791714025][main][info]["WebVersionService: Initialized successfully with version: 11.53.2-ui-250708-2337"]
[5739][1753791714025][main][info]["Main~AppEvents - Received booted event for process requester.Version 11.53.2 UI Version: 11.53.2-ui-250708-2337 Desktop Platform Version: 11.52.5"]
[5739][1753791714096][main][info]["Main~getRemoteInitPath:: "]
[5739][1753791714289][main][info]["INTERCEPTOR CONNECTIVITY: Attempting to start websocket server on port 15611"]
[5739][1753791714811][main][info]["Main~getPlatformLaunchPerfMetrics"]
[5739][1753791715344][main][info]["Main - model-events~user - (user, bootstrapUser) received"]
[5739][1753791715344][main][info]["model-events~user - bootstrapUser received"]
[5739][1753791716209][main][info]["RuntimeIPCAgent~started: Success"]
[5739][1753791716614][main][error]["Error while retrieving user key from keychain",{"name":"Error","message":"The name is not activatable","stack":"Error: The name is not activatable"}]
[5739][1753791724357][main][info]["UpdateHandler~app-update-events - Received event",{"name":"updateElectron","namespace":"appUpdate","data":{"channel":"stable","version":"11.52.5","downloadVersion":"11.55.5","appId":"d6afd933-38a8-4972-ab99-c88cab7ca838","userAgent":"Mozilla/5.0 (X11; Linux x86_64) AppleWebKit/537.36 (KHTML, like Gecko) Postman/11.52.5 Electron/32.3.3 Safari/537.36","platform":"LINUX","arch":"64","downloadURL":"https://dl.pstmn.io/download/version/11.55.5/linux_64","updateServerDomain":"https://dl.pstmn.io/","additionalParamsString":"installationId=d6afd933-38a8-4972-ab99-c88cab7ca838&userId=10681586&syncEnabled=true&teamPlan=sync-free-3-trial&teamId=2952355","userId":"10681586"}}]
[5739][1753791724358][main][info]["LinuxUpdater~downloadUpdate - UpdateInfo received",{"channel":"stable","version":"11.52.5","downloadVersion":"11.55.5","appId":"d6afd933-38a8-4972-ab99-c88cab7ca838","userAgent":"Mozilla/5.0 (X11; Linux x86_64) AppleWebKit/537.36 (KHTML, like Gecko) Postman/11.52.5 Electron/32.3.3 Safari/537.36","platform":"LINUX","arch":"64","downloadURL":"https://dl.pstmn.io/download/version/11.55.5/linux_64","updateServerDomain":"https://dl.pstmn.io/","additionalParamsString":"installationId=d6afd933-38a8-4972-ab99-c88cab7ca838&userId=10681586&syncEnabled=true&teamPlan=sync-free-3-trial&teamId=2952355","userId":"10681586"}]
[5739][1753791724387][main][error]["@postman/app-updater: error",{"errno":-13,"code":"EACCES","syscall":"open","path":"/opt/postman/Postman-1753791724359.tar.gz","name":"Error","message":"EACCES: permission denied, open '/opt/postman/Postman-1753791724359.tar.gz'","stack":"Error: EACCES: permission denied, open '/opt/postman/Postman-1753791724359.tar.gz'"},{"context":{"api":"@postman/app-updater","domain":"starship"},"info":"{\"packageName\":\"Postman\",\"eID\":\"Postman-1753791724359\",\"downloadURL\":\"https://dl.pstmn.io/download/version/11.55.5/linux_64\",\"downloadDirectory\":\"/opt/postman\",\"downloadInfo\":{\"status\":\"DOWNLOAD_ERROR\",\"error\":{\"errno\":-13,\"code\":\"EACCES\",\"syscall\":\"open\",\"path\":\"/opt/postman/Postman-1753791724359.tar.gz\"},\"downloadDirectory\":\"/opt/postman\"}}"}]
[5739][1753791724388][main][info]["UpdateHandler~app-update-events - Received event",{"name":"electronAppUpdateError","namespace":"appUpdate","data":{"error":{"errno":-13,"code":"EACCES","syscall":"open","path":"/opt/postman/Postman-1753791724359.tar.gz","name":"Error","message":"EACCES: permission denied, open '/opt/postman/Postman-1753791724359.tar.gz'","stack":"Error: EACCES: permission denied, open '/opt/postman/Postman-1753791724359.tar.gz'"},"updateData":{"packageName":"Postman","eID":"Postman-1753791724359","downloadURL":"https://dl.pstmn.io/download/version/11.55.5/linux_64","downloadDirectory":"/opt/postman","downloadInfo":{"status":"DOWNLOAD_ERROR","error":{"errno":-13,"code":"EACCES","syscall":"open","path":"/opt/postman/Postman-1753791724359.tar.gz"},"downloadDirectory":"/opt/postman"}}}}]
[5739][1753816914461][main][info]["UpdateHandler~app-update-events - Received event",{"name":"updateElectron","namespace":"appUpdate","data":{"channel":"stable","version":"11.52.5","downloadVersion":"11.55.5","appId":"d6afd933-38a8-4972-ab99-c88cab7ca838","userAgent":"Mozilla/5.0 (X11; Linux x86_64) AppleWebKit/537.36 (KHTML, like Gecko) Postman/11.52.5 Electron/32.3.3 Safari/537.36","platform":"LINUX","arch":"64","downloadURL":"https://dl.pstmn.io/download/version/11.55.5/linux_64","updateServerDomain":"https://dl.pstmn.io/","additionalParamsString":"installationId=d6afd933-38a8-4972-ab99-c88cab7ca838&userId=10681586&syncEnabled=true&teamPlan=sync-free-3-trial&teamId=2952355","userId":"10681586"}}]
[5739][1753816914462][main][info]["LinuxUpdater~downloadUpdate - UpdateInfo received",{"channel":"stable","version":"11.52.5","downloadVersion":"11.55.5","appId":"d6afd933-38a8-4972-ab99-c88cab7ca838","userAgent":"Mozilla/5.0 (X11; Linux x86_64) AppleWebKit/537.36 (KHTML, like Gecko) Postman/11.52.5 Electron/32.3.3 Safari/537.36","platform":"LINUX","arch":"64","downloadURL":"https://dl.pstmn.io/download/version/11.55.5/linux_64","updateServerDomain":"https://dl.pstmn.io/","additionalParamsString":"installationId=d6afd933-38a8-4972-ab99-c88cab7ca838&userId=10681586&syncEnabled=true&teamPlan=sync-free-3-trial&teamId=2952355","userId":"10681586"}]
[5739][1753816914493][main][error]["@postman/app-updater: error",{"errno":-13,"code":"EACCES","syscall":"open","path":"/opt/postman/Postman-1753816914462.tar.gz","name":"Error","message":"EACCES: permission denied, open '/opt/postman/Postman-1753816914462.tar.gz'","stack":"Error: EACCES: permission denied, open '/opt/postman/Postman-1753816914462.tar.gz'"},{"context":{"api":"@postman/app-updater","domain":"starship","sessionId":5739,"origin":"main","timestamp":1753791724387,"context":"@postman/app-updater: error","message":"EACCES: permission denied, open '/opt/postman/Postman-1753791724359.tar.gz'","stack":"Error: EACCES: permission denied, open '/opt/postman/Postman-1753791724359.tar.gz'","info":"{\"packageName\":\"Postman\",\"eID\":\"Postman-1753791724359\",\"downloadURL\":\"https://dl.pstmn.io/download/version/11.55.5/linux_64\",\"downloadDirectory\":\"/opt/postman\",\"downloadInfo\":{\"status\":\"DOWNLOAD_ERROR\",\"error\":{\"errno\":-13,\"code\":\"EACCES\",\"syscall\":\"open\",\"path\":\"/opt/postman/Postman-1753791724359.tar.gz\"},\"downloadDirectory\":\"/opt/postman\"}}"},"info":"{\"packageName\":\"Postman\",\"eID\":\"Postman-1753816914462\",\"downloadURL\":\"https://dl.pstmn.io/download/version/11.55.5/linux_64\",\"downloadDirectory\":\"/opt/postman\",\"downloadInfo\":{\"status\":\"DOWNLOAD_ERROR\",\"error\":{\"errno\":-13,\"code\":\"EACCES\",\"syscall\":\"open\",\"path\":\"/opt/postman/Postman-1753816914462.tar.gz\"},\"downloadDirectory\":\"/opt/postman\"}}"}]
[5739][1753816914495][main][info]["UpdateHandler~app-update-events - Received event",{"name":"electronAppUpdateError","namespace":"appUpdate","data":{"error":{"errno":-13,"code":"EACCES","syscall":"open","path":"/opt/postman/Postman-1753816914462.tar.gz","name":"Error","message":"EACCES: permission denied, open '/opt/postman/Postman-1753816914462.tar.gz'","stack":"Error: EACCES: permission denied, open '/opt/postman/Postman-1753816914462.tar.gz'"},"updateData":{"packageName":"Postman","eID":"Postman-1753816914462","downloadURL":"https://dl.pstmn.io/download/version/11.55.5/linux_64","downloadDirectory":"/opt/postman","downloadInfo":{"status":"DOWNLOAD_ERROR","error":{"errno":-13,"code":"EACCES","syscall":"open","path":"/opt/postman/Postman-1753816914462.tar.gz"},"downloadDirectory":"/opt/postman"}}}}]
[6378][1753834173907][main][info]["Booting Postman 11.52.5, linux-6.15.6-arch1-1 on x64"]
[6378][1753834173909][main][info]["EventBus~initialize - Success"]
[6378][1753834173912][main][info]["Proxy configuration has not been setup"]
[6378][1753834173912][main][info]["CloudProxyManager~init - Success"]
[6378][1753834173965][main][info]["performShellDataMigration: Migration has already been done. Bailing out"]
[6378][1753834173970][main][info]["UpdateHandler~init - Success"]
[6378][1753834173973][main][info]["LeaderSelection: Initialized successfully"]
[6378][1753834173981][main][info]["GPU detected VID 4318 DID 8644 ACTIVE true"]
[6378][1753834173982][main][info]["shellController~init: Success"]
[6378][1753834173982][main][info]["shellMeta~init: Success"]
[6378][1753834173982][main][info]["partitionMigrationService: State of V7 partition:"]
[6378][1753834173982][main][info]["partitionMigrationService: V7 partitions",[]]
[6378][1753834173982][main][info]["partitionMigrationService~rectifyNamespaceOfScratchPadPartition: There is no partition with scratchpad namespace"]
[6378][1753834173983][main][info]["partitionMigrationService~rectifyNamespaceOfScratchPadPartition: There is no transit partition which could have been used for scratchpad"]
[6378][1753834173983][main][info]["partitionMigrationService~init: Success"]
[6378][1753834173983][main][info]["partitionMigrationService~runV8PartitionsIntegrity: Two way migration~ removing the following partitions from v8",[]]
[6378][1753834173984][main][info]["userPartitionService~getRecentV8UserPartition: recent v8 user context partition ","122854c6-5b06-49fe-a792-28112ff3a4a7"]
[6378][1753834173984][main][info]["userPartitionService~_rectifyTheActivePartitionOfApplication: Setting the active partition to ","122854c6-5b06-49fe-a792-28112ff3a4a7"]
[6378][1753834173986][main][info]["LinuxAutoUpdater~Cleanup - Initial cleanup successful"]
[6378][1753834173987][main][info]["newAccountRegionPreferenceService~getPreferenceWithFallback - Preference not found in storage."]
[6378][1753834173988][main][info]["newAccountRegionPreferenceService~getToggleMenuTemplate - Using preference:","useUSRegion"]
[6378][1753834173995][main][info]["userPartitionService~init: Success"]
[6378][1753834174012][main][info]["userPartitionService: State of v8 partition system:"]
[6378][1753834174012][main][info]["shell~init~getPartitionToLoad: loading active partition"]
[6378][1753834174012][main][info]["userPartitionService: List of partitions:",[{"partitionId":"122854c6-5b06-49fe-a792-28112ff3a4a7","namespace":"users","userId":"10681586","teamId":"2952355","lastUpdated":"2025-07-14T01:56:34.675Z"},{"partitionId":"dd10c798-04d5-42bf-a695-c0405c4180da","namespace":"scratchPad","userId":0,"teamId":0,"isDirty":false}]]
[6378][1753834174012][main][info]["userPartitionService: users global meta:",{}]
[6378][1753834174012][main][info]["Main:windowManager~newRequesterWindow: Fetch and update runtime config: us"]
[6378][1753834174090][main][info]["getDesktopReleaseVersionAsQueryParams: webVersion: "]
[6378][1753834175860][main][info]["Main~getRemoteInitPath:: "]
[6378][1753834175900][main][info]["UpdateHandler~app-update-events - Received event",{"name":"checkForElectronVersionUpdated","namespace":"appUpdate"}]
[6378][1753834175902][main][info]["INTERCEPTOR CONNECTIVITY: Connecting to Interceptor Bridge"]
[6378][1753834175914][main][info]["windowManager: First requester booted successfully."]
[6378][1753834175915][main][info]["windowManager~restoreWindows: Restoring requester windows"]
[6378][1753834175915][main][info]["WebVersionService: Initialized successfully with version: 11.53.2-ui-250708-2337"]
[6378][1753834175915][main][info]["Main~AppEvents - Received booted event for process requester.Version 11.53.2 UI Version: 11.53.2-ui-250708-2337 Desktop Platform Version: 11.52.5"]
[6378][1753834175988][main][info]["Main~getRemoteInitPath:: "]
[6378][1753834176176][main][info]["INTERCEPTOR CONNECTIVITY: Attempting to start websocket server on port 15611"]
[6378][1753834177268][main][info]["Main~getPlatformLaunchPerfMetrics"]
[6378][1753834177285][main][info]["Main - model-events~user - (user, bootstrapUser) received"]
[6378][1753834177285][main][info]["model-events~user - bootstrapUser received"]
[6378][1753834178045][main][info]["RuntimeIPCAgent~started: Success"]
[6378][1753834178438][main][error]["Error while retrieving user key from keychain",{"name":"Error","message":"The name is not activatable","stack":"Error: The name is not activatable"}]
[6378][1753834186241][main][info]["UpdateHandler~app-update-events - Received event",{"name":"updateElectron","namespace":"appUpdate","data":{"channel":"stable","version":"11.52.5","downloadVersion":"11.55.5","appId":"d6afd933-38a8-4972-ab99-c88cab7ca838","userAgent":"Mozilla/5.0 (X11; Linux x86_64) AppleWebKit/537.36 (KHTML, like Gecko) Postman/11.52.5 Electron/32.3.3 Safari/537.36","platform":"LINUX","arch":"64","downloadURL":"https://dl.pstmn.io/download/version/11.55.5/linux_64","updateServerDomain":"https://dl.pstmn.io/","additionalParamsString":"installationId=d6afd933-38a8-4972-ab99-c88cab7ca838&userId=10681586&syncEnabled=true&teamPlan=sync-free-3-trial&teamId=2952355","userId":"10681586"}}]
[6378][1753834186242][main][info]["LinuxUpdater~downloadUpdate - UpdateInfo received",{"channel":"stable","version":"11.52.5","downloadVersion":"11.55.5","appId":"d6afd933-38a8-4972-ab99-c88cab7ca838","userAgent":"Mozilla/5.0 (X11; Linux x86_64) AppleWebKit/537.36 (KHTML, like Gecko) Postman/11.52.5 Electron/32.3.3 Safari/537.36","platform":"LINUX","arch":"64","downloadURL":"https://dl.pstmn.io/download/version/11.55.5/linux_64","updateServerDomain":"https://dl.pstmn.io/","additionalParamsString":"installationId=d6afd933-38a8-4972-ab99-c88cab7ca838&userId=10681586&syncEnabled=true&teamPlan=sync-free-3-trial&teamId=2952355","userId":"10681586"}]
[6378][1753834186279][main][error]["@postman/app-updater: error",{"errno":-13,"code":"EACCES","syscall":"open","path":"/opt/postman/Postman-1753834186244.tar.gz","name":"Error","message":"EACCES: permission denied, open '/opt/postman/Postman-1753834186244.tar.gz'","stack":"Error: EACCES: permission denied, open '/opt/postman/Postman-1753834186244.tar.gz'"},{"context":{"api":"@postman/app-updater","domain":"starship"},"info":"{\"packageName\":\"Postman\",\"eID\":\"Postman-1753834186244\",\"downloadURL\":\"https://dl.pstmn.io/download/version/11.55.5/linux_64\",\"downloadDirectory\":\"/opt/postman\",\"downloadInfo\":{\"status\":\"DOWNLOAD_ERROR\",\"error\":{\"errno\":-13,\"code\":\"EACCES\",\"syscall\":\"open\",\"path\":\"/opt/postman/Postman-1753834186244.tar.gz\"},\"downloadDirectory\":\"/opt/postman\"}}"}]
[6378][1753834186284][main][info]["UpdateHandler~app-update-events - Received event",{"name":"electronAppUpdateError","namespace":"appUpdate","data":{"error":{"errno":-13,"code":"EACCES","syscall":"open","path":"/opt/postman/Postman-1753834186244.tar.gz","name":"Error","message":"EACCES: permission denied, open '/opt/postman/Postman-1753834186244.tar.gz'","stack":"Error: EACCES: permission denied, open '/opt/postman/Postman-1753834186244.tar.gz'"},"updateData":{"packageName":"Postman","eID":"Postman-1753834186244","downloadURL":"https://dl.pstmn.io/download/version/11.55.5/linux_64","downloadDirectory":"/opt/postman","downloadInfo":{"status":"DOWNLOAD_ERROR","error":{"errno":-13,"code":"EACCES","syscall":"open","path":"/opt/postman/Postman-1753834186244.tar.gz"},"downloadDirectory":"/opt/postman"}}}}]
[14341][1753873113992][main][info]["Booting Postman 11.52.5, linux-6.15.6-arch1-1 on x64"]
[14341][1753873113994][main][info]["EventBus~initialize - Success"]
[14341][1753873114001][main][info]["Proxy configuration has not been setup"]
[14341][1753873114001][main][info]["CloudProxyManager~init - Success"]
[14341][1753873114070][main][info]["performShellDataMigration: Migration has already been done. Bailing out"]
[14341][1753873114077][main][info]["UpdateHandler~init - Success"]
[14341][1753873114080][main][info]["LeaderSelection: Initialized successfully"]
[14341][1753873114090][main][info]["GPU detected VID 4318 DID 8644 ACTIVE true"]
[14341][1753873114092][main][info]["shellController~init: Success"]
[14341][1753873114092][main][info]["shellMeta~init: Success"]
[14341][1753873114092][main][info]["partitionMigrationService: State of V7 partition:"]
[14341][1753873114093][main][info]["partitionMigrationService: V7 partitions",[]]
[14341][1753873114093][main][info]["partitionMigrationService~rectifyNamespaceOfScratchPadPartition: There is no partition with scratchpad namespace"]
[14341][1753873114093][main][info]["partitionMigrationService~rectifyNamespaceOfScratchPadPartition: There is no transit partition which could have been used for scratchpad"]
[14341][1753873114093][main][info]["partitionMigrationService~init: Success"]
[14341][1753873114094][main][info]["partitionMigrationService~runV8PartitionsIntegrity: Two way migration~ removing the following partitions from v8",[]]
[14341][1753873114094][main][info]["userPartitionService~getRecentV8UserPartition: recent v8 user context partition ","122854c6-5b06-49fe-a792-28112ff3a4a7"]
[14341][1753873114094][main][info]["userPartitionService~_rectifyTheActivePartitionOfApplication: Setting the active partition to ","122854c6-5b06-49fe-a792-28112ff3a4a7"]
[14341][1753873114096][main][info]["LinuxAutoUpdater~Cleanup - Initial cleanup successful"]
[14341][1753873114097][main][info]["newAccountRegionPreferenceService~getPreferenceWithFallback - Preference not found in storage."]
[14341][1753873114098][main][info]["newAccountRegionPreferenceService~getToggleMenuTemplate - Using preference:","useUSRegion"]
[14341][1753873114107][main][info]["userPartitionService~init: Success"]
[14341][1753873114123][main][info]["userPartitionService: State of v8 partition system:"]
[14341][1753873114123][main][info]["shell~init~getPartitionToLoad: loading active partition"]
[14341][1753873114124][main][info]["userPartitionService: List of partitions:",[{"partitionId":"122854c6-5b06-49fe-a792-28112ff3a4a7","namespace":"users","userId":"10681586","teamId":"2952355","lastUpdated":"2025-07-14T01:56:34.675Z"},{"partitionId":"dd10c798-04d5-42bf-a695-c0405c4180da","namespace":"scratchPad","userId":0,"teamId":0,"isDirty":false}]]
[14341][1753873114124][main][info]["userPartitionService: users global meta:",{}]
[14341][1753873114124][main][info]["Main:windowManager~newRequesterWindow: Fetch and update runtime config: us"]
[14341][1753873114219][main][info]["getDesktopReleaseVersionAsQueryParams: webVersion: "]
[14341][1753873115346][main][info]["Main~getRemoteInitPath:: "]
[14341][1753873115387][main][info]["UpdateHandler~app-update-events - Received event",{"name":"checkForElectronVersionUpdated","namespace":"appUpdate"}]
[14341][1753873115390][main][info]["INTERCEPTOR CONNECTIVITY: Connecting to Interceptor Bridge"]
[14341][1753873115402][main][info]["windowManager: First requester booted successfully."]
[14341][1753873115403][main][info]["windowManager~restoreWindows: Restoring requester windows"]
[14341][1753873115403][main][info]["WebVersionService: Initialized successfully with version: 11.53.2-ui-250708-2337"]
[14341][1753873115403][main][info]["Main~AppEvents - Received booted event for process requester.Version 11.53.2 UI Version: 11.53.2-ui-250708-2337 Desktop Platform Version: 11.52.5"]
[14341][1753873115477][main][info]["Main~getRemoteInitPath:: "]
[14341][1753873115668][main][info]["INTERCEPTOR CONNECTIVITY: Attempting to start websocket server on port 15611"]
[14341][1753873116162][main][info]["Main~getPlatformLaunchPerfMetrics"]
[14341][1753873116723][main][info]["Main - model-events~user - (user, bootstrapUser) received"]
[14341][1753873116723][main][info]["model-events~user - bootstrapUser received"]
[14341][1753873117350][main][info]["RuntimeIPCAgent~started: Success"]
[14341][1753873117920][main][error]["Error while retrieving user key from keychain",{"name":"Error","message":"The name is not activatable","stack":"Error: The name is not activatable"}]
[14341][1753873125761][main][info]["UpdateHandler~app-update-events - Received event",{"name":"updateElectron","namespace":"appUpdate","data":{"channel":"stable","version":"11.52.5","downloadVersion":"11.55.5","appId":"d6afd933-38a8-4972-ab99-c88cab7ca838","userAgent":"Mozilla/5.0 (X11; Linux x86_64) AppleWebKit/537.36 (KHTML, like Gecko) Postman/11.52.5 Electron/32.3.3 Safari/537.36","platform":"LINUX","arch":"64","downloadURL":"https://dl.pstmn.io/download/version/11.55.5/linux_64","updateServerDomain":"https://dl.pstmn.io/","additionalParamsString":"installationId=d6afd933-38a8-4972-ab99-c88cab7ca838&userId=10681586&syncEnabled=true&teamPlan=sync-free-3-trial&teamId=2952355","userId":"10681586"}}]
[14341][1753873125762][main][info]["LinuxUpdater~downloadUpdate - UpdateInfo received",{"channel":"stable","version":"11.52.5","downloadVersion":"11.55.5","appId":"d6afd933-38a8-4972-ab99-c88cab7ca838","userAgent":"Mozilla/5.0 (X11; Linux x86_64) AppleWebKit/537.36 (KHTML, like Gecko) Postman/11.52.5 Electron/32.3.3 Safari/537.36","platform":"LINUX","arch":"64","downloadURL":"https://dl.pstmn.io/download/version/11.55.5/linux_64","updateServerDomain":"https://dl.pstmn.io/","additionalParamsString":"installationId=d6afd933-38a8-4972-ab99-c88cab7ca838&userId=10681586&syncEnabled=true&teamPlan=sync-free-3-trial&teamId=2952355","userId":"10681586"}]
[14341][1753873125788][main][error]["@postman/app-updater: error",{"errno":-13,"code":"EACCES","syscall":"open","path":"/opt/postman/Postman-1753873125763.tar.gz","name":"Error","message":"EACCES: permission denied, open '/opt/postman/Postman-1753873125763.tar.gz'","stack":"Error: EACCES: permission denied, open '/opt/postman/Postman-1753873125763.tar.gz'"},{"context":{"api":"@postman/app-updater","domain":"starship"},"info":"{\"packageName\":\"Postman\",\"eID\":\"Postman-1753873125763\",\"downloadURL\":\"https://dl.pstmn.io/download/version/11.55.5/linux_64\",\"downloadDirectory\":\"/opt/postman\",\"downloadInfo\":{\"status\":\"DOWNLOAD_ERROR\",\"error\":{\"errno\":-13,\"code\":\"EACCES\",\"syscall\":\"open\",\"path\":\"/opt/postman/Postman-1753873125763.tar.gz\"},\"downloadDirectory\":\"/opt/postman\"}}"}]
[14341][1753873125790][main][info]["UpdateHandler~app-update-events - Received event",{"name":"electronAppUpdateError","namespace":"appUpdate","data":{"error":{"errno":-13,"code":"EACCES","syscall":"open","path":"/opt/postman/Postman-1753873125763.tar.gz","name":"Error","message":"EACCES: permission denied, open '/opt/postman/Postman-1753873125763.tar.gz'","stack":"Error: EACCES: permission denied, open '/opt/postman/Postman-1753873125763.tar.gz'"},"updateData":{"packageName":"Postman","eID":"Postman-1753873125763","downloadURL":"https://dl.pstmn.io/download/version/11.55.5/linux_64","downloadDirectory":"/opt/postman","downloadInfo":{"status":"DOWNLOAD_ERROR","error":{"errno":-13,"code":"EACCES","syscall":"open","path":"/opt/postman/Postman-1753873125763.tar.gz"},"downloadDirectory":"/opt/postman"}}}}]
[27593][1753881890639][main][info]["Booting Postman 11.52.5, linux-6.15.6-arch1-1 on x64"]
[27593][1753881890641][main][info]["EventBus~initialize - Success"]
[27593][1753881890643][main][info]["Proxy configuration has not been setup"]
[27593][1753881890644][main][info]["CloudProxyManager~init - Success"]
[27593][1753881890701][main][info]["performShellDataMigration: Migration has already been done. Bailing out"]
[27593][1753881890706][main][info]["UpdateHandler~init - Success"]
[27593][1753881890708][main][info]["LeaderSelection: Initialized successfully"]
[27593][1753881890717][main][info]["GPU detected VID 4318 DID 8644 ACTIVE true"]
[27593][1753881890718][main][info]["shellController~init: Success"]
[27593][1753881890718][main][info]["shellMeta~init: Success"]
[27593][1753881890719][main][info]["partitionMigrationService: State of V7 partition:"]
[27593][1753881890719][main][info]["partitionMigrationService: V7 partitions",[]]
[27593][1753881890719][main][info]["partitionMigrationService~rectifyNamespaceOfScratchPadPartition: There is no partition with scratchpad namespace"]
[27593][1753881890719][main][info]["partitionMigrationService~rectifyNamespaceOfScratchPadPartition: There is no transit partition which could have been used for scratchpad"]
[27593][1753881890719][main][info]["partitionMigrationService~init: Success"]
[27593][1753881890720][main][info]["partitionMigrationService~runV8PartitionsIntegrity: Two way migration~ removing the following partitions from v8",[]]
[27593][1753881890720][main][info]["userPartitionService~getRecentV8UserPartition: recent v8 user context partition ","122854c6-5b06-49fe-a792-28112ff3a4a7"]
[27593][1753881890720][main][info]["userPartitionService~_rectifyTheActivePartitionOfApplication: Setting the active partition to ","122854c6-5b06-49fe-a792-28112ff3a4a7"]
[27593][1753881890723][main][info]["LinuxAutoUpdater~Cleanup - Initial cleanup successful"]
[27593][1753881890724][main][info]["newAccountRegionPreferenceService~getPreferenceWithFallback - Preference not found in storage."]
[27593][1753881890724][main][info]["newAccountRegionPreferenceService~getToggleMenuTemplate - Using preference:","useUSRegion"]
[20937][1753890578625][main][info]["Booting Postman 11.52.5, linux-6.15.6-arch1-1 on x64"]
[20937][1753890578627][main][info]["EventBus~initialize - Success"]
[20937][1753890578628][main][info]["Proxy configuration has not been setup"]
[20937][1753890578629][main][info]["CloudProxyManager~init - Success"]
[20937][1753890578677][main][info]["performShellDataMigration: Migration has already been done. Bailing out"]
[20937][1753890578682][main][info]["UpdateHandler~init - Success"]
[20937][1753890578685][main][info]["LeaderSelection: Initialized successfully"]
[20937][1753890578693][main][info]["GPU detected VID 4318 DID 8644 ACTIVE true"]
[20937][1753890578694][main][info]["shellController~init: Success"]
[20937][1753890578694][main][info]["shellMeta~init: Success"]
[20937][1753890578694][main][info]["partitionMigrationService: State of V7 partition:"]
[20937][1753890578694][main][info]["partitionMigrationService: V7 partitions",[]]
[20937][1753890578694][main][info]["partitionMigrationService~rectifyNamespaceOfScratchPadPartition: There is no partition with scratchpad namespace"]
[20937][1753890578694][main][info]["partitionMigrationService~rectifyNamespaceOfScratchPadPartition: There is no transit partition which could have been used for scratchpad"]
[20937][1753890578695][main][info]["partitionMigrationService~init: Success"]
[20937][1753890578695][main][info]["partitionMigrationService~runV8PartitionsIntegrity: Two way migration~ removing the following partitions from v8",[]]
[20937][1753890578695][main][info]["userPartitionService~getRecentV8UserPartition: recent v8 user context partition ","122854c6-5b06-49fe-a792-28112ff3a4a7"]
[20937][1753890578696][main][info]["userPartitionService~_rectifyTheActivePartitionOfApplication: Setting the active partition to ","122854c6-5b06-49fe-a792-28112ff3a4a7"]
[20937][1753890578698][main][info]["LinuxAutoUpdater~Cleanup - Initial cleanup successful"]
[20937][1753890578699][main][info]["newAccountRegionPreferenceService~getPreferenceWithFallback - Preference not found in storage."]
[20937][1753890578699][main][info]["newAccountRegionPreferenceService~getToggleMenuTemplate - Using preference:","useUSRegion"]
[20937][1753890578707][main][info]["userPartitionService~init: Success"]
[20937][1753890578721][main][info]["userPartitionService: State of v8 partition system:"]
[20937][1753890578721][main][info]["shell~init~getPartitionToLoad: loading active partition"]
[20937][1753890578721][main][info]["userPartitionService: List of partitions:",[{"partitionId":"122854c6-5b06-49fe-a792-28112ff3a4a7","namespace":"users","userId":"10681586","teamId":"2952355","lastUpdated":"2025-07-14T01:56:34.675Z"},{"partitionId":"dd10c798-04d5-42bf-a695-c0405c4180da","namespace":"scratchPad","userId":0,"teamId":0,"isDirty":false}]]
[20937][1753890578721][main][info]["userPartitionService: users global meta:",{}]
[20937][1753890578721][main][info]["Main:windowManager~newRequesterWindow: Fetch and update runtime config: us"]
[20937][1753890578798][main][info]["getDesktopReleaseVersionAsQueryParams: webVersion: "]
[20937][1753890585326][main][info]["Main~getRemoteInitPath:: "]
[20937][1753890585367][main][info]["UpdateHandler~app-update-events - Received event",{"name":"checkForElectronVersionUpdated","namespace":"appUpdate"}]
[20937][1753890585370][main][info]["INTERCEPTOR CONNECTIVITY: Connecting to Interceptor Bridge"]
[20937][1753890585384][main][info]["windowManager: First requester booted successfully."]
[20937][1753890585385][main][info]["windowManager~restoreWindows: Restoring requester windows"]
[20937][1753890585385][main][info]["WebVersionService: Initialized successfully with version: 11.53.2-ui-250708-2337"]
[20937][1753890585385][main][info]["Main~AppEvents - Received booted event for process requester.Version 11.53.2 UI Version: 11.53.2-ui-250708-2337 Desktop Platform Version: 11.52.5"]
[20937][1753890585455][main][info]["Main~getRemoteInitPath:: "]
[20937][1753890585716][main][info]["INTERCEPTOR CONNECTIVITY: Attempting to start websocket server on port 15611"]
[20937][1753890586668][main][info]["Main~getPlatformLaunchPerfMetrics"]
[20937][1753890586687][main][info]["Main - model-events~user - (user, bootstrapUser) received"]
[20937][1753890586687][main][info]["model-events~user - bootstrapUser received"]
[20937][1753890587573][main][info]["RuntimeIPCAgent~started: Success"]
[20937][1753890588317][main][error]["Error while retrieving user key from keychain",{"name":"Error","message":"The name is not activatable","stack":"Error: The name is not activatable"}]
[20937][1753890595720][main][info]["UpdateHandler~app-update-events - Received event",{"name":"updateElectron","namespace":"appUpdate","data":{"channel":"stable","version":"11.52.5","downloadVersion":"11.55.5","appId":"d6afd933-38a8-4972-ab99-c88cab7ca838","userAgent":"Mozilla/5.0 (X11; Linux x86_64) AppleWebKit/537.36 (KHTML, like Gecko) Postman/11.52.5 Electron/32.3.3 Safari/537.36","platform":"LINUX","arch":"64","downloadURL":"https://dl.pstmn.io/download/version/11.55.5/linux_64","updateServerDomain":"https://dl.pstmn.io/","additionalParamsString":"installationId=d6afd933-38a8-4972-ab99-c88cab7ca838&userId=10681586&syncEnabled=true&teamPlan=sync-free-3-trial&teamId=2952355","userId":"10681586"}}]
[20937][1753890595720][main][info]["LinuxUpdater~downloadUpdate - UpdateInfo received",{"channel":"stable","version":"11.52.5","downloadVersion":"11.55.5","appId":"d6afd933-38a8-4972-ab99-c88cab7ca838","userAgent":"Mozilla/5.0 (X11; Linux x86_64) AppleWebKit/537.36 (KHTML, like Gecko) Postman/11.52.5 Electron/32.3.3 Safari/537.36","platform":"LINUX","arch":"64","downloadURL":"https://dl.pstmn.io/download/version/11.55.5/linux_64","updateServerDomain":"https://dl.pstmn.io/","additionalParamsString":"installationId=d6afd933-38a8-4972-ab99-c88cab7ca838&userId=10681586&syncEnabled=true&teamPlan=sync-free-3-trial&teamId=2952355","userId":"10681586"}]
[20937][1753890595752][main][error]["@postman/app-updater: error",{"errno":-13,"code":"EACCES","syscall":"open","path":"/opt/postman/Postman-1753890595720.tar.gz","name":"Error","message":"EACCES: permission denied, open '/opt/postman/Postman-1753890595720.tar.gz'","stack":"Error: EACCES: permission denied, open '/opt/postman/Postman-1753890595720.tar.gz'"},{"context":{"api":"@postman/app-updater","domain":"starship"},"info":"{\"packageName\":\"Postman\",\"eID\":\"Postman-1753890595720\",\"downloadURL\":\"https://dl.pstmn.io/download/version/11.55.5/linux_64\",\"downloadDirectory\":\"/opt/postman\",\"downloadInfo\":{\"status\":\"DOWNLOAD_ERROR\",\"error\":{\"errno\":-13,\"code\":\"EACCES\",\"syscall\":\"open\",\"path\":\"/opt/postman/Postman-1753890595720.tar.gz\"},\"downloadDirectory\":\"/opt/postman\"}}"}]
[20937][1753890595753][main][info]["UpdateHandler~app-update-events - Received event",{"name":"electronAppUpdateError","namespace":"appUpdate","data":{"error":{"errno":-13,"code":"EACCES","syscall":"open","path":"/opt/postman/Postman-1753890595720.tar.gz","name":"Error","message":"EACCES: permission denied, open '/opt/postman/Postman-1753890595720.tar.gz'","stack":"Error: EACCES: permission denied, open '/opt/postman/Postman-1753890595720.tar.gz'"},"updateData":{"packageName":"Postman","eID":"Postman-1753890595720","downloadURL":"https://dl.pstmn.io/download/version/11.55.5/linux_64","downloadDirectory":"/opt/postman","downloadInfo":{"status":"DOWNLOAD_ERROR","error":{"errno":-13,"code":"EACCES","syscall":"open","path":"/opt/postman/Postman-1753890595720.tar.gz"},"downloadDirectory":"/opt/postman"}}}}]
[20937][1753897607493][main][info]["WindowManager~closeHandler - Closed Window (id: 1 )"]
[20937][1753897607526][main][info]["Quitting app"]
[23651][1754045064500][main][info]["Booting Postman 11.52.5, linux-6.15.6-arch1-1 on x64"]
[23651][1754045064502][main][info]["EventBus~initialize - Success"]
[23651][1754045064504][main][info]["Proxy configuration has not been setup"]
[23651][1754045064505][main][info]["CloudProxyManager~init - Success"]
[23651][1754045064558][main][info]["performShellDataMigration: Migration has already been done. Bailing out"]
[23651][1754045064563][main][info]["UpdateHandler~init - Success"]
[23651][1754045064565][main][info]["LeaderSelection: Initialized successfully"]
[23651][1754045064573][main][info]["GPU detected VID 4318 DID 8644 ACTIVE true"]
[23651][1754045064574][main][info]["shellController~init: Success"]
[23651][1754045064575][main][info]["shellMeta~init: Success"]
[23651][1754045064575][main][info]["partitionMigrationService: State of V7 partition:"]
[23651][1754045064575][main][info]["partitionMigrationService: V7 partitions",[]]
[23651][1754045064575][main][info]["partitionMigrationService~rectifyNamespaceOfScratchPadPartition: There is no partition with scratchpad namespace"]
[23651][1754045064575][main][info]["partitionMigrationService~rectifyNamespaceOfScratchPadPartition: There is no transit partition which could have been used for scratchpad"]
[23651][1754045064575][main][info]["partitionMigrationService~init: Success"]
[23651][1754045064576][main][info]["partitionMigrationService~runV8PartitionsIntegrity: Two way migration~ removing the following partitions from v8",[]]
[23651][1754045064576][main][info]["userPartitionService~getRecentV8UserPartition: recent v8 user context partition ","122854c6-5b06-49fe-a792-28112ff3a4a7"]
[23651][1754045064576][main][info]["userPartitionService~_rectifyTheActivePartitionOfApplication: Setting the active partition to ","122854c6-5b06-49fe-a792-28112ff3a4a7"]
[23651][1754045064579][main][info]["LinuxAutoUpdater~Cleanup - Initial cleanup successful"]
[23651][1754045064580][main][info]["newAccountRegionPreferenceService~getPreferenceWithFallback - Preference not found in storage."]
[23651][1754045064580][main][info]["newAccountRegionPreferenceService~getToggleMenuTemplate - Using preference:","useUSRegion"]
[23651][1754045064588][main][info]["userPartitionService~init: Success"]
[23651][1754045064606][main][info]["userPartitionService: State of v8 partition system:"]
[23651][1754045064606][main][info]["shell~init~getPartitionToLoad: loading active partition"]
[23651][1754045064606][main][info]["userPartitionService: List of partitions:",[{"partitionId":"122854c6-5b06-49fe-a792-28112ff3a4a7","namespace":"users","userId":"10681586","teamId":"2952355","lastUpdated":"2025-07-14T01:56:34.675Z"},{"partitionId":"dd10c798-04d5-42bf-a695-c0405c4180da","namespace":"scratchPad","userId":0,"teamId":0,"isDirty":false}]]
[23651][1754045064606][main][info]["userPartitionService: users global meta:",{}]
[23651][1754045064606][main][info]["Main:windowManager~newRequesterWindow: Fetch and update runtime config: us"]
[23651][1754045064692][main][info]["getDesktopReleaseVersionAsQueryParams: webVersion: "]
[23651][1754045065799][main][info]["Main~getRemoteInitPath:: "]
[23651][1754045065839][main][info]["UpdateHandler~app-update-events - Received event",{"name":"checkForElectronVersionUpdated","namespace":"appUpdate"}]
[23651][1754045065841][main][info]["INTERCEPTOR CONNECTIVITY: Connecting to Interceptor Bridge"]
[23651][1754045065855][main][info]["windowManager: First requester booted successfully."]
[23651][1754045065856][main][info]["windowManager~restoreWindows: Restoring requester windows"]
[23651][1754045065856][main][info]["WebVersionService: Initialized successfully with version: 11.53.2-ui-250708-2337"]
[23651][1754045065856][main][info]["Main~AppEvents - Received booted event for process requester.Version 11.53.2 UI Version: 11.53.2-ui-250708-2337 Desktop Platform Version: 11.52.5"]
[23651][1754045065928][main][info]["Main~getRemoteInitPath:: "]
[23651][1754045066504][main][info]["INTERCEPTOR CONNECTIVITY: Attempting to start websocket server on port 15611"]
[23651][1754045066698][main][info]["Main~getPlatformLaunchPerfMetrics"]
[23651][1754045067213][main][info]["Main - model-events~user - (user, bootstrapUser) received"]
[23651][1754045067213][main][info]["model-events~user - bootstrapUser received"]
[23651][1754045068022][main][info]["RuntimeIPCAgent~started: Success"]
[23651][1754045068449][main][error]["Error while retrieving user key from keychain",{"name":"Error","message":"The name is not activatable","stack":"Error: The name is not activatable"}]
[23651][1754045076280][main][info]["UpdateHandler~app-update-events - Received event",{"name":"updateElectron","namespace":"appUpdate","data":{"channel":"stable","version":"11.52.5","downloadVersion":"11.56.4","appId":"d6afd933-38a8-4972-ab99-c88cab7ca838","userAgent":"Mozilla/5.0 (X11; Linux x86_64) AppleWebKit/537.36 (KHTML, like Gecko) Postman/11.52.5 Electron/32.3.3 Safari/537.36","platform":"LINUX","arch":"64","downloadURL":"https://dl.pstmn.io/download/version/11.56.4/linux_64","updateServerDomain":"https://dl.pstmn.io/","additionalParamsString":"installationId=d6afd933-38a8-4972-ab99-c88cab7ca838&userId=10681586&syncEnabled=true&teamPlan=sync-free-3-trial&teamId=2952355","userId":"10681586"}}]
[23651][1754045076281][main][info]["LinuxUpdater~downloadUpdate - UpdateInfo received",{"channel":"stable","version":"11.52.5","downloadVersion":"11.56.4","appId":"d6afd933-38a8-4972-ab99-c88cab7ca838","userAgent":"Mozilla/5.0 (X11; Linux x86_64) AppleWebKit/537.36 (KHTML, like Gecko) Postman/11.52.5 Electron/32.3.3 Safari/537.36","platform":"LINUX","arch":"64","downloadURL":"https://dl.pstmn.io/download/version/11.56.4/linux_64","updateServerDomain":"https://dl.pstmn.io/","additionalParamsString":"installationId=d6afd933-38a8-4972-ab99-c88cab7ca838&userId=10681586&syncEnabled=true&teamPlan=sync-free-3-trial&teamId=2952355","userId":"10681586"}]
[23651][1754045076329][main][error]["@postman/app-updater: error",{"errno":-13,"code":"EACCES","syscall":"open","path":"/opt/postman/Postman-1754045076281.tar.gz","name":"Error","message":"EACCES: permission denied, open '/opt/postman/Postman-1754045076281.tar.gz'","stack":"Error: EACCES: permission denied, open '/opt/postman/Postman-1754045076281.tar.gz'"},{"context":{"api":"@postman/app-updater","domain":"starship"},"info":"{\"packageName\":\"Postman\",\"eID\":\"Postman-1754045076281\",\"downloadURL\":\"https://dl.pstmn.io/download/version/11.56.4/linux_64\",\"downloadDirectory\":\"/opt/postman\",\"downloadInfo\":{\"status\":\"DOWNLOAD_ERROR\",\"error\":{\"errno\":-13,\"code\":\"EACCES\",\"syscall\":\"open\",\"path\":\"/opt/postman/Postman-1754045076281.tar.gz\"},\"downloadDirectory\":\"/opt/postman\"}}"}]
[23651][1754045076331][main][info]["UpdateHandler~app-update-events - Received event",{"name":"electronAppUpdateError","namespace":"appUpdate","data":{"error":{"errno":-13,"code":"EACCES","syscall":"open","path":"/opt/postman/Postman-1754045076281.tar.gz","name":"Error","message":"EACCES: permission denied, open '/opt/postman/Postman-1754045076281.tar.gz'","stack":"Error: EACCES: permission denied, open '/opt/postman/Postman-1754045076281.tar.gz'"},"updateData":{"packageName":"Postman","eID":"Postman-1754045076281","downloadURL":"https://dl.pstmn.io/download/version/11.56.4/linux_64","downloadDirectory":"/opt/postman","downloadInfo":{"status":"DOWNLOAD_ERROR","error":{"errno":-13,"code":"EACCES","syscall":"open","path":"/opt/postman/Postman-1754045076281.tar.gz"},"downloadDirectory":"/opt/postman"}}}}]
[23651][1754070266440][main][info]["UpdateHandler~app-update-events - Received event",{"name":"updateElectron","namespace":"appUpdate","data":{"channel":"stable","version":"11.52.5","downloadVersion":"11.56.4","appId":"d6afd933-38a8-4972-ab99-c88cab7ca838","userAgent":"Mozilla/5.0 (X11; Linux x86_64) AppleWebKit/537.36 (KHTML, like Gecko) Postman/11.52.5 Electron/32.3.3 Safari/537.36","platform":"LINUX","arch":"64","downloadURL":"https://dl.pstmn.io/download/version/11.56.4/linux_64","updateServerDomain":"https://dl.pstmn.io/","additionalParamsString":"installationId=d6afd933-38a8-4972-ab99-c88cab7ca838&userId=10681586&syncEnabled=true&teamPlan=sync-free-3-trial&teamId=2952355","userId":"10681586"}}]
[23651][1754070266443][main][info]["LinuxUpdater~downloadUpdate - UpdateInfo received",{"channel":"stable","version":"11.52.5","downloadVersion":"11.56.4","appId":"d6afd933-38a8-4972-ab99-c88cab7ca838","userAgent":"Mozilla/5.0 (X11; Linux x86_64) AppleWebKit/537.36 (KHTML, like Gecko) Postman/11.52.5 Electron/32.3.3 Safari/537.36","platform":"LINUX","arch":"64","downloadURL":"https://dl.pstmn.io/download/version/11.56.4/linux_64","updateServerDomain":"https://dl.pstmn.io/","additionalParamsString":"installationId=d6afd933-38a8-4972-ab99-c88cab7ca838&userId=10681586&syncEnabled=true&teamPlan=sync-free-3-trial&teamId=2952355","userId":"10681586"}]
[23651][1754070266476][main][error]["@postman/app-updater: error",{"errno":-13,"code":"EACCES","syscall":"open","path":"/opt/postman/Postman-1754070266444.tar.gz","name":"Error","message":"EACCES: permission denied, open '/opt/postman/Postman-1754070266444.tar.gz'","stack":"Error: EACCES: permission denied, open '/opt/postman/Postman-1754070266444.tar.gz'"},{"context":{"api":"@postman/app-updater","domain":"starship","sessionId":23651,"origin":"main","timestamp":1754045076330,"context":"@postman/app-updater: error","message":"EACCES: permission denied, open '/opt/postman/Postman-1754045076281.tar.gz'","stack":"Error: EACCES: permission denied, open '/opt/postman/Postman-1754045076281.tar.gz'","info":"{\"packageName\":\"Postman\",\"eID\":\"Postman-1754045076281\",\"downloadURL\":\"https://dl.pstmn.io/download/version/11.56.4/linux_64\",\"downloadDirectory\":\"/opt/postman\",\"downloadInfo\":{\"status\":\"DOWNLOAD_ERROR\",\"error\":{\"errno\":-13,\"code\":\"EACCES\",\"syscall\":\"open\",\"path\":\"/opt/postman/Postman-1754045076281.tar.gz\"},\"downloadDirectory\":\"/opt/postman\"}}"},"info":"{\"packageName\":\"Postman\",\"eID\":\"Postman-1754070266444\",\"downloadURL\":\"https://dl.pstmn.io/download/version/11.56.4/linux_64\",\"downloadDirectory\":\"/opt/postman\",\"downloadInfo\":{\"status\":\"DOWNLOAD_ERROR\",\"error\":{\"errno\":-13,\"code\":\"EACCES\",\"syscall\":\"open\",\"path\":\"/opt/postman/Postman-1754070266444.tar.gz\"},\"downloadDirectory\":\"/opt/postman\"}}"}]
[23651][1754070266477][main][info]["UpdateHandler~app-update-events - Received event",{"name":"electronAppUpdateError","namespace":"appUpdate","data":{"error":{"errno":-13,"code":"EACCES","syscall":"open","path":"/opt/postman/Postman-1754070266444.tar.gz","name":"Error","message":"EACCES: permission denied, open '/opt/postman/Postman-1754070266444.tar.gz'","stack":"Error: EACCES: permission denied, open '/opt/postman/Postman-1754070266444.tar.gz'"},"updateData":{"packageName":"Postman","eID":"Postman-1754070266444","downloadURL":"https://dl.pstmn.io/download/version/11.56.4/linux_64","downloadDirectory":"/opt/postman","downloadInfo":{"status":"DOWNLOAD_ERROR","error":{"errno":-13,"code":"EACCES","syscall":"open","path":"/opt/postman/Postman-1754070266444.tar.gz"},"downloadDirectory":"/opt/postman"}}}}]
[1031243][1754087110367][main][info]["Booting Postman 11.52.5, linux-6.15.6-arch1-1 on x64"]
[1031243][1754087110369][main][info]["EventBus~initialize - Success"]
[1031243][1754087110372][main][info]["Proxy configuration has not been setup"]
[1031243][1754087110372][main][info]["CloudProxyManager~init - Success"]
[1031243][1754087110433][main][info]["performShellDataMigration: Migration has already been done. Bailing out"]
[1031243][1754087110438][main][info]["UpdateHandler~init - Success"]
[1031243][1754087110441][main][info]["LeaderSelection: Initialized successfully"]
[1031243][1754087110449][main][info]["GPU detected VID 4318 DID 8644 ACTIVE true"]
[1031243][1754087110450][main][info]["shellController~init: Success"]
[1031243][1754087110450][main][info]["shellMeta~init: Success"]
[1031243][1754087110450][main][info]["partitionMigrationService: State of V7 partition:"]
[1031243][1754087110450][main][info]["partitionMigrationService: V7 partitions",[]]
[1031243][1754087110450][main][info]["partitionMigrationService~rectifyNamespaceOfScratchPadPartition: There is no partition with scratchpad namespace"]
[1031243][1754087110450][main][info]["partitionMigrationService~rectifyNamespaceOfScratchPadPartition: There is no transit partition which could have been used for scratchpad"]
[1031243][1754087110451][main][info]["partitionMigrationService~init: Success"]
[1031243][1754087110451][main][info]["partitionMigrationService~runV8PartitionsIntegrity: Two way migration~ removing the following partitions from v8",[]]
[1031243][1754087110451][main][info]["userPartitionService~getRecentV8UserPartition: recent v8 user context partition ","122854c6-5b06-49fe-a792-28112ff3a4a7"]
[1031243][1754087110452][main][info]["userPartitionService~_rectifyTheActivePartitionOfApplication: Setting the active partition to ","122854c6-5b06-49fe-a792-28112ff3a4a7"]
[1031243][1754087110454][main][info]["LinuxAutoUpdater~Cleanup - Initial cleanup successful"]
[1031243][1754087110456][main][info]["newAccountRegionPreferenceService~getPreferenceWithFallback - Preference not found in storage."]
[1031243][1754087110456][main][info]["newAccountRegionPreferenceService~getToggleMenuTemplate - Using preference:","useUSRegion"]
[1031243][1754087110463][main][info]["userPartitionService~init: Success"]
[1031243][1754087110481][main][info]["userPartitionService: State of v8 partition system:"]
[1031243][1754087110481][main][info]["shell~init~getPartitionToLoad: loading active partition"]
[1031243][1754087110481][main][info]["userPartitionService: List of partitions:",[{"partitionId":"122854c6-5b06-49fe-a792-28112ff3a4a7","namespace":"users","userId":"10681586","teamId":"2952355","lastUpdated":"2025-07-14T01:56:34.675Z"},{"partitionId":"dd10c798-04d5-42bf-a695-c0405c4180da","namespace":"scratchPad","userId":0,"teamId":0,"isDirty":false}]]
[1031243][1754087110481][main][info]["userPartitionService: users global meta:",{}]
[1031243][1754087110481][main][info]["Main:windowManager~newRequesterWindow: Fetch and update runtime config: us"]
[1031243][1754087110569][main][info]["getDesktopReleaseVersionAsQueryParams: webVersion: "]
[1031243][1754087112186][main][info]["Main~getRemoteInitPath:: "]
[1031243][1754087112227][main][info]["UpdateHandler~app-update-events - Received event",{"name":"checkForElectronVersionUpdated","namespace":"appUpdate"}]
[1031243][1754087112229][main][info]["INTERCEPTOR CONNECTIVITY: Connecting to Interceptor Bridge"]
[1031243][1754087112244][main][info]["windowManager: First requester booted successfully."]
[1031243][1754087112244][main][info]["windowManager~restoreWindows: Restoring requester windows"]
[1031243][1754087112244][main][info]["WebVersionService: Initialized successfully with version: 11.53.2-ui-250708-2337"]
[1031243][1754087112244][main][info]["Main~AppEvents - Received booted event for process requester.Version 11.53.2 UI Version: 11.53.2-ui-250708-2337 Desktop Platform Version: 11.52.5"]
[1031243][1754087112315][main][info]["Main~getRemoteInitPath:: "]
[1031243][1754087112678][main][info]["INTERCEPTOR CONNECTIVITY: Attempting to start websocket server on port 15611"]
[1031243][1754087113055][main][info]["Main~getPlatformLaunchPerfMetrics"]
[1031243][1754087113625][main][info]["Main - model-events~user - (user, bootstrapUser) received"]
[1031243][1754087113625][main][info]["model-events~user - bootstrapUser received"]
[1031243][1754087114388][main][info]["RuntimeIPCAgent~started: Success"]
[1031243][1754087114716][main][error]["Error while retrieving user key from keychain",{"name":"Error","message":"The name is not activatable","stack":"Error: The name is not activatable"}]
[1031243][1754087122537][main][info]["UpdateHandler~app-update-events - Received event",{"name":"updateElectron","namespace":"appUpdate","data":{"channel":"stable","version":"11.52.5","downloadVersion":"11.56.4","appId":"d6afd933-38a8-4972-ab99-c88cab7ca838","userAgent":"Mozilla/5.0 (X11; Linux x86_64) AppleWebKit/537.36 (KHTML, like Gecko) Postman/11.52.5 Electron/32.3.3 Safari/537.36","platform":"LINUX","arch":"64","downloadURL":"https://dl.pstmn.io/download/version/11.56.4/linux_64","updateServerDomain":"https://dl.pstmn.io/","additionalParamsString":"installationId=d6afd933-38a8-4972-ab99-c88cab7ca838&userId=10681586&syncEnabled=true&teamPlan=sync-free-3-trial&teamId=2952355","userId":"10681586"}}]
[1031243][1754087122538][main][info]["LinuxUpdater~downloadUpdate - UpdateInfo received",{"channel":"stable","version":"11.52.5","downloadVersion":"11.56.4","appId":"d6afd933-38a8-4972-ab99-c88cab7ca838","userAgent":"Mozilla/5.0 (X11; Linux x86_64) AppleWebKit/537.36 (KHTML, like Gecko) Postman/11.52.5 Electron/32.3.3 Safari/537.36","platform":"LINUX","arch":"64","downloadURL":"https://dl.pstmn.io/download/version/11.56.4/linux_64","updateServerDomain":"https://dl.pstmn.io/","additionalParamsString":"installationId=d6afd933-38a8-4972-ab99-c88cab7ca838&userId=10681586&syncEnabled=true&teamPlan=sync-free-3-trial&teamId=2952355","userId":"10681586"}]
[1031243][1754087122573][main][error]["@postman/app-updater: error",{"errno":-13,"code":"EACCES","syscall":"open","path":"/opt/postman/Postman-1754087122538.tar.gz","name":"Error","message":"EACCES: permission denied, open '/opt/postman/Postman-1754087122538.tar.gz'","stack":"Error: EACCES: permission denied, open '/opt/postman/Postman-1754087122538.tar.gz'"},{"context":{"api":"@postman/app-updater","domain":"starship"},"info":"{\"packageName\":\"Postman\",\"eID\":\"Postman-1754087122538\",\"downloadURL\":\"https://dl.pstmn.io/download/version/11.56.4/linux_64\",\"downloadDirectory\":\"/opt/postman\",\"downloadInfo\":{\"status\":\"DOWNLOAD_ERROR\",\"error\":{\"errno\":-13,\"code\":\"EACCES\",\"syscall\":\"open\",\"path\":\"/opt/postman/Postman-1754087122538.tar.gz\"},\"downloadDirectory\":\"/opt/postman\"}}"}]
[1031243][1754087122574][main][info]["UpdateHandler~app-update-events - Received event",{"name":"electronAppUpdateError","namespace":"appUpdate","data":{"error":{"errno":-13,"code":"EACCES","syscall":"open","path":"/opt/postman/Postman-1754087122538.tar.gz","name":"Error","message":"EACCES: permission denied, open '/opt/postman/Postman-1754087122538.tar.gz'","stack":"Error: EACCES: permission denied, open '/opt/postman/Postman-1754087122538.tar.gz'"},"updateData":{"packageName":"Postman","eID":"Postman-1754087122538","downloadURL":"https://dl.pstmn.io/download/version/11.56.4/linux_64","downloadDirectory":"/opt/postman","downloadInfo":{"status":"DOWNLOAD_ERROR","error":{"errno":-13,"code":"EACCES","syscall":"open","path":"/opt/postman/Postman-1754087122538.tar.gz"},"downloadDirectory":"/opt/postman"}}}}]
[930829][1762129698925][main][info]["Booting Postman 11.69.2, linux-6.17.5-arch1-1 on x64"]
[930829][1762129698927][main][info]["EventBus~initialize - Success"]
[930829][1762129698932][main][info]["Proxy configuration has not been setup"]
[930829][1762129698933][main][info]["CloudProxyManager~init - Success"]
[930829][1762129698991][main][info]["performShellDataMigration: Migration has already been done. Bailing out"]
[930829][1762129698996][main][info]["UpdateHandler~init - Success"]
[930829][1762129698999][main][info]["LeaderSelection: Initialized successfully"]
[930829][1762129699010][main][info]["GPU detected VID 4318 DID 8644 ACTIVE true"]
[930829][1762129699013][main][info]["main.js: Agent started"]
[930829][1762129699013][main][info]["shellController~init: Success"]
[930829][1762129699014][main][info]["shellMeta~init: Success"]
[930829][1762129699014][main][info]["partitionMigrationService: State of V7 partition:"]
[930829][1762129699014][main][info]["partitionMigrationService: V7 partitions",[]]
[930829][1762129699014][main][info]["partitionMigrationService~rectifyNamespaceOfScratchPadPartition: There is no partition with scratchpad namespace"]
[930829][1762129699014][main][info]["partitionMigrationService~rectifyNamespaceOfScratchPadPartition: There is no transit partition which could have been used for scratchpad"]
[930829][1762129699014][main][info]["partitionMigrationService~init: Success"]
[930829][1762129699015][main][info]["partitionMigrationService~runV8PartitionsIntegrity: Two way migration~ removing the following partitions from v8",[]]
[930829][1762129699015][main][info]["userPartitionService~getRecentV8UserPartition: recent v8 user context partition ","122854c6-5b06-49fe-a792-28112ff3a4a7"]
[930829][1762129699015][main][info]["userPartitionService~_rectifyTheActivePartitionOfApplication: Setting the active partition to ","122854c6-5b06-49fe-a792-28112ff3a4a7"]
[930829][1762129699018][main][info]["LinuxAutoUpdater~Cleanup - Initial cleanup successful"]
[930829][1762129699020][main][info]["newAccountRegionPreferenceService~getPreferenceWithFallback - Preference not found in storage."]
[930829][1762129699020][main][info]["newAccountRegionPreferenceService~getToggleMenuTemplate - Using preference:","useUSRegion"]
[930829][1762129699063][main][info]["userPartitionService~init: Success"]
[930829][1762129699090][main][info]["userPartitionService: State of v8 partition system:"]
[930829][1762129699090][main][info]["shell~init~getPartitionToLoad: loading active partition"]
[930829][1762129699090][main][info]["userPartitionService: List of partitions:",[{"partitionId":"122854c6-5b06-49fe-a792-28112ff3a4a7","namespace":"users","userId":"10681586","teamId":"2952355","lastUpdated":"2025-07-14T01:56:34.675Z"},{"partitionId":"dd10c798-04d5-42bf-a695-c0405c4180da","namespace":"scratchPad","userId":0,"teamId":0,"isDirty":false}]]
[930829][1762129699091][main][info]["userPartitionService: users global meta:",{}]
[930829][1762129699091][main][info]["Main:windowManager~newRequesterWindow: Fetch and update runtime config: us"]
[930829][1762129699255][main][info]["getDesktopReleaseVersionAsQueryParams: webVersion: "]
[930829][1762129701100][main][info]["Main~getRemoteInitPath:: "]
[930829][1762129701137][main][info]["Main - model-events~user - (user, bootstrapUser) received"]
[930829][1762129701137][main][info]["model-events~user - bootstrapUser received"]
[930829][1762129701158][main][info]["UpdateHandler~app-update-events - Received event",{"name":"checkForElectronVersionUpdated","namespace":"appUpdate"}]
[930829][1762129701158][main][info]["@postman/app-updater: version Updated","11.52.5","11.69.2"]
[930829][1762129701158][main][info]["UpdateHandler~app-update-events - Received event",{"name":"electronVersionUpdated","namespace":"appUpdate","data":{"lastKnownVersion":"11.52.5","currentVersion":"11.69.2"}}]
[930829][1762129701160][main][info]["INTERCEPTOR CONNECTIVITY: Connecting to Interceptor Bridge"]
[930829][1762129701171][main][info]["windowManager: First requester booted successfully."]
[930829][1762129701171][main][info]["windowManager~restoreWindows: Restoring requester windows"]
[930829][1762129701171][main][info]["WebVersionService: Initialized successfully with version: 11.69.2-ui-251029-0111"]
[930829][1762129701171][main][info]["Main~AppEvents - Received booted event for process requester.Version 11.69.2 UI Version: 11.69.2-ui-251029-0111 Desktop Platform Version: 11.69.2"]
[930829][1762129701252][main][info]["Main~getRemoteInitPath:: "]
[930829][1762129701433][main][info]["Main~getPlatformLaunchPerfMetrics"]
[930829][1762129701461][main][info]["INTERCEPTOR CONNECTIVITY: Attempting to start websocket server on port 15611"]
[930829][1762129701572][main][info]["MenuManager~FlexibleUI - Updating menu for flexible layout: false"]
[930829][1762129701574][main][info]["GPU detected VID 4318 DID 8644 ACTIVE true"]
[930829][1762129701575][main][info]["newAccountRegionPreferenceService~getPreferenceWithFallback - Preference not found in storage."]
[930829][1762129701576][main][info]["newAccountRegionPreferenceService~getToggleMenuTemplate - Using preference:","useUSRegion"]
[930829][1762129701578][main][info]["MenuManager~updateViewMenuForFlexibleLayout: Menu updated with flexible layout disabled"]
[930829][1762129706844][main][info]["Main - model-events~user - (authentication, reauthenticate) received"]
[930829][1762129707052][main][info]["AuthHandler~open: Received dom-ready event."]
[930829][1762129707053][main][info]["AuthHandler~open: Received did-finish-load event."]
[930829][1762129707119][main][warn]["AuthHandler~open: Current app is not default protocol client - Falling back to polling mechanism."]
[930829][1762129707120][main][info]["newAccountRegionPreferenceService~getPreferenceWithFallback - Preference not found in storage."]
[930829][1762129707120][main][info]["newAccountRegionPreferenceService~getRegionPreference - Using preference:","useUSRegion"]
[930829][1762129707120][main][info]["AuthHandler~open: new Account region preference:","us"]
[930829][1762129707120][main][info]["AuthHandler~open: get multiLoginToken token."]
[930829][1762129707121][main][info]["AuthHandler~open: Publishing initialize event to auth-window channel."]
[930829][1762129723995][main][info]["Shell~init~loginUser: Updating existing user details"]
[930829][1762129723996][main][info]["userPartitionService~associateTransitPartition: ",{"partitionId":"122854c6-5b06-49fe-a792-28112ff3a4a7","context":{"namespace":"users","userId":"10681586","teamId":"2952355","region":"us"}}]
[930829][1762129724018][main][info]["userPartitionService: State of v8 partition system:"]
[930829][1762129724019][main][info]["userPartitionService: List of partitions:",[{"partitionId":"122854c6-5b06-49fe-a792-28112ff3a4a7","namespace":"users","userId":"10681586","teamId":"2952355","lastUpdated":"2025-11-03T00:28:43.995Z"},{"partitionId":"dd10c798-04d5-42bf-a695-c0405c4180da","namespace":"scratchPad","userId":0,"teamId":0,"isDirty":false}]]
[930829][1762129724019][main][info]["userPartitionService: users global meta:",{}]
[930829][1762129724035][main][info]["Main:windowManager~newRequesterWindow: found partition: 122854c6-5b06-49fe-a792-28112ff3a4a7 for user: 10681586 on us"]
[930829][1762129724035][main][info]["Main:windowManager~newRequesterWindow: Fetch and update runtime config: us"]
[930829][1762129724041][main][info]["getDesktopReleaseVersionAsQueryParams: webVersion: 11.69.2-ui-251029-0111"]
[930829][1762129725204][main][info]["Main~getRemoteInitPath:: "]
[930829][1762129725235][main][info]["Main - model-events~user - (user, bootstrapUser) received"]
[930829][1762129725235][main][info]["model-events~user - bootstrapUser received"]
[930829][1762129725255][main][info]["UpdateHandler~app-update-events - Received event",{"name":"checkForElectronVersionUpdated","namespace":"appUpdate"}]
[930829][1762129725268][main][info]["windowManager: First requester booted successfully."]
[930829][1762129725268][main][info]["windowManager~restoreWindows: Restoring requester windows"]
[930829][1762129725269][main][info]["WebVersionService: Initialized successfully with version: 11.69.2-ui-251029-0111"]
[930829][1762129725269][main][info]["Main~AppEvents - Received booted event for process requester.Version 11.69.2 UI Version: 11.69.2-ui-251029-0111 Desktop Platform Version: 11.69.2"]
[930829][1762129725344][main][info]["Main~getRemoteInitPath:: "]
[930829][1762129725616][main][info]["MenuManager~FlexibleUI - Updating menu for flexible layout: false"]
[930829][1762129725619][main][info]["GPU detected VID 4318 DID 8644 ACTIVE true"]
[930829][1762129725620][main][info]["newAccountRegionPreferenceService~getPreferenceWithFallback - Preference not found in storage."]
[930829][1762129725620][main][info]["newAccountRegionPreferenceService~getToggleMenuTemplate - Using preference:","useUSRegion"]
[930829][1762129725622][main][info]["MenuManager~updateViewMenuForFlexibleLayout: Menu updated with flexible layout disabled"]
[930829][1762129726072][main][info]["Main - model-events~user - (user, updated) received"]
[930829][1762129726072][main][info]["Main~reload: https://desktop.postman.com/?desktopVersion=11.69.2&webVersion=11.69.2-ui-251029-0111&userId=10681586&teamId=2952355&region=us"]
[930829][1762129726414][main][info]["Main~getRemoteInitPath:: "]
[930829][1762129726429][main][info]["Main - model-events~user - (user, bootstrapUser) received"]
[930829][1762129726429][main][info]["model-events~user - bootstrapUser received"]
[930829][1762129726440][main][info]["UpdateHandler~app-update-events - Received event",{"name":"checkForElectronVersionUpdated","namespace":"appUpdate"}]
[930829][1762129726447][main][info]["WebVersionService: Initialized successfully with version: 11.69.2-ui-251029-0111"]
[930829][1762129726447][main][info]["Main~AppEvents - Received booted event for process requester.Version 11.69.2 UI Version: 11.69.2-ui-251029-0111 Desktop Platform Version: 11.69.2"]
[930829][1762129726484][main][info]["Main~getRemoteInitPath:: "]
[930829][1762129726601][main][info]["MenuManager~FlexibleUI - Updating menu for flexible layout: false"]
[930829][1762129726604][main][info]["GPU detected VID 4318 DID 8644 ACTIVE true"]
[930829][1762129726605][main][info]["newAccountRegionPreferenceService~getPreferenceWithFallback - Preference not found in storage."]
[930829][1762129726605][main][info]["newAccountRegionPreferenceService~getToggleMenuTemplate - Using preference:","useUSRegion"]
[930829][1762129726607][main][info]["MenuManager~updateViewMenuForFlexibleLayout: Menu updated with flexible layout disabled"]
[930829][1762129726967][main][info]["Main - model-events~user - (user, updated) received"]
[930829][1762129726967][main][info]["Main - model-events~user - (user, bootstrapUser) received"]
[930829][1762129726968][main][info]["model-events~user - bootstrapUser received"]
[930829][1762129727167][main][info]["Main - model-events~user - (user, updated) received"]
[930829][1762129727231][main][info]["Main~getPlatformLaunchPerfMetrics"]
[930829][1762129727237][main][info]["Main - model-events~user - (user, bootstrappedUser) received"]
[930829][1762129727314][main][info]["Main - model-events~user - (user, updated) received"]
[930829][1762129727319][main][info]["Main - model-events~user - (user, bootstrappedUser) received"]
[930829][1762129728138][main][info]["Agent.worker: Agent process started"]
[930829][1762129728172][main][info]["Initializing provider:","runtime"]
[930829][1762129728173][main][info]["Initializing provider:","cloudFiles"]
[930829][1762129728173][main][info]["Agent.worker: Provider initialized","cloudFiles"]
[930829][1762129728383][main][info]["Agent.worker: Provider initialized","runtime"]
[930829][1762129729096][main][info]["RuntimeIPCAgent~started: Success"]
[930829][1762129729106][main][info]["Initializing provider:","fs"]
[930829][1762129729107][main][info]["Agent.worker: Provider initialized","fs"]
[930829][1762129729507][main][error]["Error while retrieving user key from keychain",{"name":"Error","message":"The name is not activatable","stack":"Error: The name is not activatable\n    at /opt/postman/app/resources/app/vendors-node_modules_postman_runtime_runtime-rpc_dist_index_js-07a7741c7d1b9b04.min.js:1:12686\n    at _unpackers.<computed> (/opt/postman/app/resources/app/vendors-node_modules_postman_runtime_runtime-rpc_dist_index_js-07a7741c7d1b9b04.min.js:1:19279)\n    at ext (/opt/postman/app/resources/app/vendors-node_modules_postman_runtime_runtime-rpc_dist_index_js-07a7741c7d1b9b04.min.js:1:29678)\n    at e.exports (/opt/postman/app/resources/app/vendors-node_modules_postman_runtime_runtime-rpc_dist_index_js-07a7741c7d1b9b04.min.js:1:22029)\n    at array (/opt/postman/app/resources/app/vendors-node_modules_postman_runtime_runtime-rpc_dist_index_js-07a7741c7d1b9b04.min.js:1:29195)\n    at e.exports (/opt/postman/app/resources/app/vendors-node_modules_postman_runtime_runtime-rpc_dist_index_js-07a7741c7d1b9b04.min.js:1:21541)\n    at map (/opt/postman/app/resources/app/vendors-node_modules_postman_runtime_runtime-rpc_dist_index_js-07a7741c7d1b9b04.min.js:1:29124)\n    at e.exports (/opt/postman/app/resources/app/vendors-node_modules_postman_runtime_runtime-rpc_dist_index_js-07a7741c7d1b9b04.min.js:1:21379)\n    at map (/opt/postman/app/resources/app/vendors-node_modules_postman_runtime_runtime-rpc_dist_index_js-07a7741c7d1b9b04.min.js:1:29124)\n    at e.exports (/opt/postman/app/resources/app/vendors-node_modules_postman_runtime_runtime-rpc_dist_index_js-07a7741c7d1b9b04.min.js:1:21379)\n    at t.decode (/opt/postman/app/resources/app/vendors-node_modules_postman_runtime_runtime-rpc_dist_index_js-07a7741c7d1b9b04.min.js:1:26797)\n    at Object.decode (/opt/postman/app/resources/app/vendors-node_modules_postman_runtime_runtime-rpc_dist_index_js-07a7741c7d1b9b04.min.js:1:12769)\n    at t.default (/opt/postman/app/resources/app/vendors-node_modules_postman_runtime_runtime-rpc_dist_index_js-07a7741c7d1b9b04.min.js:1:13201)\n    at Object.receive (/opt/postman/app/resources/app/vendors-node_modules_postman_runtime_runtime-rpc_dist_index_js-07a7741c7d1b9b04.min.js:1:5515)\n    at /opt/postman/app/resources/app/Agent-b3cea5b0486a5c37.min.js:1:2887\n    at Worker.<anonymous> (/opt/postman/app/resources/app/Agent-b3cea5b0486a5c37.min.js:1:4124)"}]
[930829][1762129736723][main][info]["UpdateHandler~app-update-events - Received event",{"name":"updateElectron","namespace":"appUpdate","data":{"channel":"stable","version":"11.69.2","downloadVersion":"11.69.6","appId":"d6afd933-38a8-4972-ab99-c88cab7ca838","userAgent":"Mozilla/5.0 (X11; Linux x86_64) AppleWebKit/537.36 (KHTML, like Gecko) Postman/11.69.2 Electron/33.4.11 Safari/537.36","platform":"linux_64","downloadURL":"https://dl.pstmn.io/download/version/11.69.6/linux_64","updateServerDomain":"https://dl.pstmn.io/","additionalParamsString":"installationId=d6afd933-38a8-4972-ab99-c88cab7ca838&userId=10681586&syncEnabled=true&teamPlan=sync-free-3-trial&teamId=2952355","userId":"10681586"}}]
[930829][1762129736723][main][info]["LinuxUpdater~downloadUpdate - UpdateInfo received",{"channel":"stable","version":"11.69.2","downloadVersion":"11.69.6","appId":"d6afd933-38a8-4972-ab99-c88cab7ca838","userAgent":"Mozilla/5.0 (X11; Linux x86_64) AppleWebKit/537.36 (KHTML, like Gecko) Postman/11.69.2 Electron/33.4.11 Safari/537.36","platform":"linux_64","downloadURL":"https://dl.pstmn.io/download/version/11.69.6/linux_64","updateServerDomain":"https://dl.pstmn.io/","additionalParamsString":"installationId=d6afd933-38a8-4972-ab99-c88cab7ca838&userId=10681586&syncEnabled=true&teamPlan=sync-free-3-trial&teamId=2952355","userId":"10681586"}]
[930829][1762129736765][main][error]["@postman/app-updater: error",{"errno":-13,"code":"EACCES","syscall":"open","path":"/opt/postman/Postman-1762129736723.tar.gz","name":"Error","message":"EACCES: permission denied, open '/opt/postman/Postman-1762129736723.tar.gz'","stack":"Error: EACCES: permission denied, open '/opt/postman/Postman-1762129736723.tar.gz'"},{"context":{"api":"@postman/app-updater","domain":"starship"},"info":"{\"packageName\":\"Postman\",\"eID\":\"Postman-1762129736723\",\"downloadURL\":\"https://dl.pstmn.io/download/version/11.69.6/linux_64\",\"downloadDirectory\":\"/opt/postman\",\"downloadInfo\":{\"status\":\"DOWNLOAD_ERROR\",\"error\":{\"errno\":-13,\"code\":\"EACCES\",\"syscall\":\"open\",\"path\":\"/opt/postman/Postman-1762129736723.tar.gz\"},\"downloadDirectory\":\"/opt/postman\"}}"}]
[930829][1762129736766][main][info]["UpdateHandler~app-update-events - Received event",{"name":"electronAppUpdateError","namespace":"appUpdate","data":{"error":{"errno":-13,"code":"EACCES","syscall":"open","path":"/opt/postman/Postman-1762129736723.tar.gz","name":"Error","message":"EACCES: permission denied, open '/opt/postman/Postman-1762129736723.tar.gz'","stack":"Error: EACCES: permission denied, open '/opt/postman/Postman-1762129736723.tar.gz'"},"updateData":{"packageName":"Postman","eID":"Postman-1762129736723","downloadURL":"https://dl.pstmn.io/download/version/11.69.6/linux_64","downloadDirectory":"/opt/postman","downloadInfo":{"status":"DOWNLOAD_ERROR","error":{"errno":-13,"code":"EACCES","syscall":"open","path":"/opt/postman/Postman-1762129736723.tar.gz"},"downloadDirectory":"/opt/postman"}}}}]
                                                    [373249][1762271608611][main][info]["Booting Postman 11.69.2, linux-6.17.6-arch1-1 on x64"]
[373249][1762271608613][main][info]["EventBus~initialize - Success"]
[373249][1762271608616][main][info]["Proxy configuration has not been setup"]
[373249][1762271608616][main][info]["CloudProxyManager~init - Success"]
[373249][1762271608670][main][info]["performShellDataMigration: Migration has already been done. Bailing out"]
[373249][1762271608675][main][info]["UpdateHandler~init - Success"]
[373249][1762271608678][main][info]["LeaderSelection: Initialized successfully"]
[373249][1762271608688][main][info]["GPU detected VID 4318 DID 8644 ACTIVE true"]
[373249][1762271608690][main][info]["main.js: Agent started"]
[373249][1762271608690][main][info]["shellController~init: Success"]
[373249][1762271608691][main][info]["shellMeta~init: Success"]
[373249][1762271608691][main][info]["partitionMigrationService: State of V7 partition:"]
[373249][1762271608691][main][info]["partitionMigrationService: V7 partitions",[]]
[373249][1762271608691][main][info]["partitionMigrationService~rectifyNamespaceOfScratchPadPartition: There is no partition with scratchpad namespace"]
[373249][1762271608691][main][info]["partitionMigrationService~rectifyNamespaceOfScratchPadPartition: There is no transit partition which could have been used for scratchpad"]
[373249][1762271608691][main][info]["partitionMigrationService~init: Success"]
[373249][1762271608692][main][info]["partitionMigrationService~runV8PartitionsIntegrity: Two way migration~ removing the following partitions from v8",[]]
[373249][1762271608692][main][info]["userPartitionService~getRecentV8UserPartition: recent v8 user context partition ","122854c6-5b06-49fe-a792-28112ff3a4a7"]
[373249][1762271608692][main][info]["userPartitionService~_rectifyTheActivePartitionOfApplication: Setting the active partition to ","122854c6-5b06-49fe-a792-28112ff3a4a7"]
[373249][1762271608695][main][info]["LinuxAutoUpdater~Cleanup - Initial cleanup successful"]
[373249][1762271608696][main][info]["newAccountRegionPreferenceService~getPreferenceWithFallback - Preference not found in storage."]
[373249][1762271608696][main][info]["newAccountRegionPreferenceService~getToggleMenuTemplate - Using preference:","useUSRegion"]
[373249][1762271608705][main][info]["userPartitionService~init: Success"]
[373249][1762271608730][main][info]["userPartitionService: State of v8 partition system:"]
[373249][1762271608730][main][info]["shell~init~getPartitionToLoad: loading active partition"]
[373249][1762271608730][main][info]["userPartitionService: List of partitions:",[{"partitionId":"122854c6-5b06-49fe-a792-28112ff3a4a7","namespace":"users","userId":"10681586","teamId":"2952355","lastUpdated":"2025-11-03T00:28:44.026Z"},{"partitionId":"dd10c798-04d5-42bf-a695-c0405c4180da","namespace":"scratchPad","userId":0,"teamId":0,"isDirty":false}]]
[373249][1762271608731][main][info]["userPartitionService: users global meta:",{}]
[373249][1762271608731][main][info]["Main:windowManager~newRequesterWindow: Fetch and update runtime config: us"]
[373249][1762271608853][main][info]["getDesktopReleaseVersionAsQueryParams: webVersion: "]
[373249][1762271610989][main][info]["Main~getRemoteInitPath:: "]
[373249][1762271611012][main][info]["Main - model-events~user - (user, bootstrapUser) received"]
[373249][1762271611012][main][info]["model-events~user - bootstrapUser received"]
[373249][1762271611033][main][info]["UpdateHandler~app-update-events - Received event",{"name":"checkForElectronVersionUpdated","namespace":"appUpdate"}]
[373249][1762271611035][main][info]["INTERCEPTOR CONNECTIVITY: Connecting to Interceptor Bridge"]
[373249][1762271611047][main][info]["windowManager: First requester booted successfully."]
[373249][1762271611047][main][info]["windowManager~restoreWindows: Restoring requester windows"]
[373249][1762271611047][main][info]["WebVersionService: Initialized successfully with version: 11.69.2-ui-251029-0111"]
[373249][1762271611047][main][info]["Main~AppEvents - Received booted event for process requester.Version 11.69.2 UI Version: 11.69.2-ui-251029-0111 Desktop Platform Version: 11.69.2"]
[373249][1762271611127][main][info]["Main~getRemoteInitPath:: "]
[373249][1762271611297][main][info]["Main~getPlatformLaunchPerfMetrics"]
[373249][1762271611387][main][info]["MenuManager~FlexibleUI - Updating menu for flexible layout: false"]
[373249][1762271611389][main][info]["GPU detected VID 4318 DID 8644 ACTIVE true"]
[373249][1762271611391][main][info]["newAccountRegionPreferenceService~getPreferenceWithFallback - Preference not found in storage."]
[373249][1762271611391][main][info]["newAccountRegionPreferenceService~getToggleMenuTemplate - Using preference:","useUSRegion"]
[373249][1762271611394][main][info]["MenuManager~updateViewMenuForFlexibleLayout: Menu updated with flexible layout disabled"]
[373249][1762271611445][main][info]["INTERCEPTOR CONNECTIVITY: Attempting to start websocket server on port 15611"]
[373249][1762271611793][main][info]["Main - model-events~user - (user, updated) received"]
[373249][1762271612934][main][info]["RuntimeIPCAgent~started: Success"]
[373249][1762271612938][main][info]["Main - model-events~user - (user, bootstrappedUser) received"]
[373249][1762271613118][main][info]["Agent.worker: Agent process started"]
[373249][1762271613120][main][info]["Initializing provider:","runtime"]
[373249][1762271613121][main][info]["Initializing provider:","cloudFiles"]
[373249][1762271613121][main][info]["Agent.worker: Provider initialized","cloudFiles"]
[373249][1762271613294][main][info]["Agent.worker: Provider initialized","runtime"]
[373249][1762271613295][main][info]["Initializing provider:","fs"]
[373249][1762271613295][main][info]["Agent.worker: Provider initialized","fs"]
[373249][1762271617937][main][error]["Error while retrieving user key from keychain",{"name":"Error","message":"The name is not activatable","stack":"Error: The name is not activatable\n    at /opt/postman/app/resources/app/vendors-node_modules_postman_runtime_runtime-rpc_dist_index_js-07a7741c7d1b9b04.min.js:1:12686\n    at _unpackers.<computed> (/opt/postman/app/resources/app/vendors-node_modules_postman_runtime_runtime-rpc_dist_index_js-07a7741c7d1b9b04.min.js:1:19279)\n    at ext (/opt/postman/app/resources/app/vendors-node_modules_postman_runtime_runtime-rpc_dist_index_js-07a7741c7d1b9b04.min.js:1:29678)\n    at e.exports (/opt/postman/app/resources/app/vendors-node_modules_postman_runtime_runtime-rpc_dist_index_js-07a7741c7d1b9b04.min.js:1:22029)\n    at array (/opt/postman/app/resources/app/vendors-node_modules_postman_runtime_runtime-rpc_dist_index_js-07a7741c7d1b9b04.min.js:1:29195)\n    at e.exports (/opt/postman/app/resources/app/vendors-node_modules_postman_runtime_runtime-rpc_dist_index_js-07a7741c7d1b9b04.min.js:1:21541)\n    at map (/opt/postman/app/resources/app/vendors-node_modules_postman_runtime_runtime-rpc_dist_index_js-07a7741c7d1b9b04.min.js:1:29124)\n    at e.exports (/opt/postman/app/resources/app/vendors-node_modules_postman_runtime_runtime-rpc_dist_index_js-07a7741c7d1b9b04.min.js:1:21379)\n    at map (/opt/postman/app/resources/app/vendors-node_modules_postman_runtime_runtime-rpc_dist_index_js-07a7741c7d1b9b04.min.js:1:29124)\n    at e.exports (/opt/postman/app/resources/app/vendors-node_modules_postman_runtime_runtime-rpc_dist_index_js-07a7741c7d1b9b04.min.js:1:21379)\n    at t.decode (/opt/postman/app/resources/app/vendors-node_modules_postman_runtime_runtime-rpc_dist_index_js-07a7741c7d1b9b04.min.js:1:26797)\n    at Object.decode (/opt/postman/app/resources/app/vendors-node_modules_postman_runtime_runtime-rpc_dist_index_js-07a7741c7d1b9b04.min.js:1:12769)\n    at t.default (/opt/postman/app/resources/app/vendors-node_modules_postman_runtime_runtime-rpc_dist_index_js-07a7741c7d1b9b04.min.js:1:13201)\n    at Object.receive (/opt/postman/app/resources/app/vendors-node_modules_postman_runtime_runtime-rpc_dist_index_js-07a7741c7d1b9b04.min.js:1:5515)\n    at /opt/postman/app/resources/app/Agent-b3cea5b0486a5c37.min.js:1:2887\n    at Worker.<anonymous> (/opt/postman/app/resources/app/Agent-b3cea5b0486a5c37.min.js:1:4124)"}]
[373249][1762271621407][main][info]["UpdateHandler~app-update-events - Received event",{"name":"updateElectron","namespace":"appUpdate","data":{"channel":"stable","version":"11.69.2","downloadVersion":"11.70.0","appId":"d6afd933-38a8-4972-ab99-c88cab7ca838","userAgent":"Mozilla/5.0 (X11; Linux x86_64) AppleWebKit/537.36 (KHTML, like Gecko) Postman/11.69.2 Electron/33.4.11 Safari/537.36","platform":"linux_64","downloadURL":"https://dl.pstmn.io/download/version/11.70.0/linux_64","updateServerDomain":"https://dl.pstmn.io/","additionalParamsString":"installationId=d6afd933-38a8-4972-ab99-c88cab7ca838&userId=10681586&syncEnabled=true&teamPlan=sync-free-3-trial&teamId=2952355","userId":"10681586"}}]
[373249][1762271621408][main][info]["LinuxUpdater~downloadUpdate - UpdateInfo received",{"channel":"stable","version":"11.69.2","downloadVersion":"11.70.0","appId":"d6afd933-38a8-4972-ab99-c88cab7ca838","userAgent":"Mozilla/5.0 (X11; Linux x86_64) AppleWebKit/537.36 (KHTML, like Gecko) Postman/11.69.2 Electron/33.4.11 Safari/537.36","platform":"linux_64","downloadURL":"https://dl.pstmn.io/download/version/11.70.0/linux_64","updateServerDomain":"https://dl.pstmn.io/","additionalParamsString":"installationId=d6afd933-38a8-4972-ab99-c88cab7ca838&userId=10681586&syncEnabled=true&teamPlan=sync-free-3-trial&teamId=2952355","userId":"10681586"}]
[373249][1762271621478][main][error]["@postman/app-updater: error",{"errno":-13,"code":"EACCES","syscall":"open","path":"/opt/postman/Postman-1762271621408.tar.gz","name":"Error","message":"EACCES: permission denied, open '/opt/postman/Postman-1762271621408.tar.gz'","stack":"Error: EACCES: permission denied, open '/opt/postman/Postman-1762271621408.tar.gz'"},{"context":{"api":"@postman/app-updater","domain":"starship"},"info":"{\"packageName\":\"Postman\",\"eID\":\"Postman-1762271621408\",\"downloadURL\":\"https://dl.pstmn.io/download/version/11.70.0/linux_64\",\"downloadDirectory\":\"/opt/postman\",\"downloadInfo\":{\"status\":\"DOWNLOAD_ERROR\",\"error\":{\"errno\":-13,\"code\":\"EACCES\",\"syscall\":\"open\",\"path\":\"/opt/postman/Postman-1762271621408.tar.gz\"},\"downloadDirectory\":\"/opt/postman\"}}"}]
[373249][1762271621483][main][info]["UpdateHandler~app-update-events - Received event",{"name":"electronAppUpdateError","namespace":"appUpdate","data":{"error":{"errno":-13,"code":"EACCES","syscall":"open","path":"/opt/postman/Postman-1762271621408.tar.gz","name":"Error","message":"EACCES: permission denied, open '/opt/postman/Postman-1762271621408.tar.gz'","stack":"Error: EACCES: permission denied, open '/opt/postman/Postman-1762271621408.tar.gz'"},"updateData":{"packageName":"Postman","eID":"Postman-1762271621408","downloadURL":"https://dl.pstmn.io/download/version/11.70.0/linux_64","downloadDirectory":"/opt/postman","downloadInfo":{"status":"DOWNLOAD_ERROR","error":{"errno":-13,"code":"EACCES","syscall":"open","path":"/opt/postman/Postman-1762271621408.tar.gz"},"downloadDirectory":"/opt/postman"}}}}]
[373249][1762278228065][main][info]["WindowManager~closeHandler - Closed Window (id: 1 )"]
[373249][1762278228150][main][info]["Quitting app"]
[675705][1762295599161][main][info]["Booting Postman 11.69.2, linux-6.17.6-arch1-1 on x64"]
[675705][1762295599164][main][info]["EventBus~initialize - Success"]
[675705][1762295599170][main][info]["Proxy configuration has not been setup"]
[675705][1762295599171][main][info]["CloudProxyManager~init - Success"]
[675705][1762295599226][main][info]["performShellDataMigration: Migration has already been done. Bailing out"]
[675705][1762295599232][main][info]["UpdateHandler~init - Success"]
[675705][1762295599234][main][info]["LeaderSelection: Initialized successfully"]
[675705][1762295599244][main][info]["GPU detected VID 4318 DID 8644 ACTIVE true"]
[675705][1762295599246][main][info]["main.js: Agent started"]
[675705][1762295599247][main][info]["shellController~init: Success"]
[675705][1762295599247][main][info]["shellMeta~init: Success"]
[675705][1762295599247][main][info]["partitionMigrationService: State of V7 partition:"]
[675705][1762295599247][main][info]["partitionMigrationService: V7 partitions",[]]
[675705][1762295599247][main][info]["partitionMigrationService~rectifyNamespaceOfScratchPadPartition: There is no partition with scratchpad namespace"]
[675705][1762295599248][main][info]["partitionMigrationService~rectifyNamespaceOfScratchPadPartition: There is no transit partition which could have been used for scratchpad"]
[675705][1762295599248][main][info]["partitionMigrationService~init: Success"]
[675705][1762295599248][main][info]["partitionMigrationService~runV8PartitionsIntegrity: Two way migration~ removing the following partitions from v8",[]]
[675705][1762295599249][main][info]["userPartitionService~getRecentV8UserPartition: recent v8 user context partition ","122854c6-5b06-49fe-a792-28112ff3a4a7"]
[675705][1762295599249][main][info]["userPartitionService~_rectifyTheActivePartitionOfApplication: Setting the active partition to ","122854c6-5b06-49fe-a792-28112ff3a4a7"]
[675705][1762295599251][main][info]["LinuxAutoUpdater~Cleanup - Initial cleanup successful"]
[675705][1762295599253][main][info]["newAccountRegionPreferenceService~getPreferenceWithFallback - Preference not found in storage."]
[675705][1762295599253][main][info]["newAccountRegionPreferenceService~getToggleMenuTemplate - Using preference:","useUSRegion"]
[675705][1762295599280][main][info]["userPartitionService~init: Success"]
[675705][1762295599307][main][info]["userPartitionService: State of v8 partition system:"]
[675705][1762295599308][main][info]["shell~init~getPartitionToLoad: loading active partition"]
[675705][1762295599308][main][info]["userPartitionService: List of partitions:",[{"partitionId":"122854c6-5b06-49fe-a792-28112ff3a4a7","namespace":"users","userId":"10681586","teamId":"2952355","lastUpdated":"2025-11-03T00:28:44.026Z"},{"partitionId":"dd10c798-04d5-42bf-a695-c0405c4180da","namespace":"scratchPad","userId":0,"teamId":0,"isDirty":false}]]
[675705][1762295599308][main][info]["userPartitionService: users global meta:",{}]
[675705][1762295599308][main][info]["Main:windowManager~newRequesterWindow: Fetch and update runtime config: us"]
[675705][1762295599392][main][info]["getDesktopReleaseVersionAsQueryParams: webVersion: "]
[675705][1762295600886][main][info]["Main~getRemoteInitPath:: "]
[675705][1762295600910][main][info]["Main - model-events~user - (user, bootstrapUser) received"]
[675705][1762295600910][main][info]["model-events~user - bootstrapUser received"]
[675705][1762295600930][main][info]["UpdateHandler~app-update-events - Received event",{"name":"checkForElectronVersionUpdated","namespace":"appUpdate"}]
[675705][1762295600932][main][info]["INTERCEPTOR CONNECTIVITY: Connecting to Interceptor Bridge"]
[675705][1762295600943][main][info]["windowManager: First requester booted successfully."]
[675705][1762295600943][main][info]["windowManager~restoreWindows: Restoring requester windows"]
[675705][1762295600943][main][info]["WebVersionService: Initialized successfully with version: 11.69.2-ui-251029-0111"]
[675705][1762295600943][main][info]["Main~AppEvents - Received booted event for process requester.Version 11.69.2 UI Version: 11.69.2-ui-251029-0111 Desktop Platform Version: 11.69.2"]
[675705][1762295601021][main][info]["Main~getRemoteInitPath:: "]
[675705][1762295601197][main][info]["Main~getPlatformLaunchPerfMetrics"]
[675705][1762295601292][main][info]["MenuManager~FlexibleUI - Updating menu for flexible layout: false"]
[675705][1762295601295][main][info]["GPU detected VID 4318 DID 8644 ACTIVE true"]
[675705][1762295601297][main][info]["newAccountRegionPreferenceService~getPreferenceWithFallback - Preference not found in storage."]
[675705][1762295601297][main][info]["newAccountRegionPreferenceService~getToggleMenuTemplate - Using preference:","useUSRegion"]
[675705][1762295601300][main][info]["MenuManager~updateViewMenuForFlexibleLayout: Menu updated with flexible layout disabled"]
[675705][1762295601364][main][info]["INTERCEPTOR CONNECTIVITY: Attempting to start websocket server on port 15611"]
[675705][1762295601987][main][info]["Main - model-events~user - (user, updated) received"]
[675705][1762295602500][main][info]["Main - model-events~user - (user, bootstrappedUser) received"]
[675705][1762295602998][main][info]["Agent.worker: Agent process started"]
[675705][1762295603000][main][info]["Initializing provider:","runtime"]
[675705][1762295603000][main][info]["Initializing provider:","cloudFiles"]
[675705][1762295603001][main][info]["Agent.worker: Provider initialized","cloudFiles"]
[675705][1762295603599][main][info]["RuntimeIPCAgent~started: Success"]
[675705][1762295603603][main][info]["Agent.worker: Provider initialized","runtime"]
[675705][1762295603607][main][info]["Initializing provider:","fs"]
[675705][1762295603608][main][info]["Agent.worker: Provider initialized","fs"]
[675705][1762295604219][main][error]["Error while retrieving user key from keychain",{"name":"Error","message":"The name is not activatable","stack":"Error: The name is not activatable\n    at /opt/postman/app/resources/app/vendors-node_modules_postman_runtime_runtime-rpc_dist_index_js-07a7741c7d1b9b04.min.js:1:12686\n    at _unpackers.<computed> (/opt/postman/app/resources/app/vendors-node_modules_postman_runtime_runtime-rpc_dist_index_js-07a7741c7d1b9b04.min.js:1:19279)\n    at ext (/opt/postman/app/resources/app/vendors-node_modules_postman_runtime_runtime-rpc_dist_index_js-07a7741c7d1b9b04.min.js:1:29678)\n    at e.exports (/opt/postman/app/resources/app/vendors-node_modules_postman_runtime_runtime-rpc_dist_index_js-07a7741c7d1b9b04.min.js:1:22029)\n    at array (/opt/postman/app/resources/app/vendors-node_modules_postman_runtime_runtime-rpc_dist_index_js-07a7741c7d1b9b04.min.js:1:29195)\n    at e.exports (/opt/postman/app/resources/app/vendors-node_modules_postman_runtime_runtime-rpc_dist_index_js-07a7741c7d1b9b04.min.js:1:21541)\n    at map (/opt/postman/app/resources/app/vendors-node_modules_postman_runtime_runtime-rpc_dist_index_js-07a7741c7d1b9b04.min.js:1:29124)\n    at e.exports (/opt/postman/app/resources/app/vendors-node_modules_postman_runtime_runtime-rpc_dist_index_js-07a7741c7d1b9b04.min.js:1:21379)\n    at map (/opt/postman/app/resources/app/vendors-node_modules_postman_runtime_runtime-rpc_dist_index_js-07a7741c7d1b9b04.min.js:1:29124)\n    at e.exports (/opt/postman/app/resources/app/vendors-node_modules_postman_runtime_runtime-rpc_dist_index_js-07a7741c7d1b9b04.min.js:1:21379)\n    at t.decode (/opt/postman/app/resources/app/vendors-node_modules_postman_runtime_runtime-rpc_dist_index_js-07a7741c7d1b9b04.min.js:1:26797)\n    at Object.decode (/opt/postman/app/resources/app/vendors-node_modules_postman_runtime_runtime-rpc_dist_index_js-07a7741c7d1b9b04.min.js:1:12769)\n    at t.default (/opt/postman/app/resources/app/vendors-node_modules_postman_runtime_runtime-rpc_dist_index_js-07a7741c7d1b9b04.min.js:1:13201)\n    at Object.receive (/opt/postman/app/resources/app/vendors-node_modules_postman_runtime_runtime-rpc_dist_index_js-07a7741c7d1b9b04.min.js:1:5515)\n    at /opt/postman/app/resources/app/Agent-b3cea5b0486a5c37.min.js:1:2887\n    at Worker.<anonymous> (/opt/postman/app/resources/app/Agent-b3cea5b0486a5c37.min.js:1:4124)"}]
[675705][1762295611273][main][info]["UpdateHandler~app-update-events - Received event",{"name":"updateElectron","namespace":"appUpdate","data":{"channel":"stable","version":"11.69.2","downloadVersion":"11.70.0","appId":"d6afd933-38a8-4972-ab99-c88cab7ca838","userAgent":"Mozilla/5.0 (X11; Linux x86_64) AppleWebKit/537.36 (KHTML, like Gecko) Postman/11.69.2 Electron/33.4.11 Safari/537.36","platform":"linux_64","downloadURL":"https://dl.pstmn.io/download/version/11.70.0/linux_64","updateServerDomain":"https://dl.pstmn.io/","additionalParamsString":"installationId=d6afd933-38a8-4972-ab99-c88cab7ca838&userId=10681586&syncEnabled=true&teamPlan=sync-free-3-trial&teamId=2952355","userId":"10681586"}}]
[675705][1762295611274][main][info]["LinuxUpdater~downloadUpdate - UpdateInfo received",{"channel":"stable","version":"11.69.2","downloadVersion":"11.70.0","appId":"d6afd933-38a8-4972-ab99-c88cab7ca838","userAgent":"Mozilla/5.0 (X11; Linux x86_64) AppleWebKit/537.36 (KHTML, like Gecko) Postman/11.69.2 Electron/33.4.11 Safari/537.36","platform":"linux_64","downloadURL":"https://dl.pstmn.io/download/version/11.70.0/linux_64","updateServerDomain":"https://dl.pstmn.io/","additionalParamsString":"installationId=d6afd933-38a8-4972-ab99-c88cab7ca838&userId=10681586&syncEnabled=true&teamPlan=sync-free-3-trial&teamId=2952355","userId":"10681586"}]
[675705][1762295611332][main][error]["@postman/app-updater: error",{"errno":-13,"code":"EACCES","syscall":"open","path":"/opt/postman/Postman-1762295611275.tar.gz","name":"Error","message":"EACCES: permission denied, open '/opt/postman/Postman-1762295611275.tar.gz'","stack":"Error: EACCES: permission denied, open '/opt/postman/Postman-1762295611275.tar.gz'"},{"context":{"api":"@postman/app-updater","domain":"starship"},"info":"{\"packageName\":\"Postman\",\"eID\":\"Postman-1762295611275\",\"downloadURL\":\"https://dl.pstmn.io/download/version/11.70.0/linux_64\",\"downloadDirectory\":\"/opt/postman\",\"downloadInfo\":{\"status\":\"DOWNLOAD_ERROR\",\"error\":{\"errno\":-13,\"code\":\"EACCES\",\"syscall\":\"open\",\"path\":\"/opt/postman/Postman-1762295611275.tar.gz\"},\"downloadDirectory\":\"/opt/postman\"}}"}]
[675705][1762295611333][main][info]["UpdateHandler~app-update-events - Received event",{"name":"electronAppUpdateError","namespace":"appUpdate","data":{"error":{"errno":-13,"code":"EACCES","syscall":"open","path":"/opt/postman/Postman-1762295611275.tar.gz","name":"Error","message":"EACCES: permission denied, open '/opt/postman/Postman-1762295611275.tar.gz'","stack":"Error: EACCES: permission denied, open '/opt/postman/Postman-1762295611275.tar.gz'"},"updateData":{"packageName":"Postman","eID":"Postman-1762295611275","downloadURL":"https://dl.pstmn.io/download/version/11.70.0/linux_64","downloadDirectory":"/opt/postman","downloadInfo":{"status":"DOWNLOAD_ERROR","error":{"errno":-13,"code":"EACCES","syscall":"open","path":"/opt/postman/Postman-1762295611275.tar.gz"},"downloadDirectory":"/opt/postman"}}}}]
[675705][1762299283109][main][info]["Quitting app"]
[200766][1762733651449][main][info]["Booting Postman 11.69.2, linux-6.17.6-arch1-1 on x64"]
[200766][1762733651452][main][info]["EventBus~initialize - Success"]
[200766][1762733651454][main][info]["Proxy configuration has not been setup"]
[200766][1762733651454][main][info]["CloudProxyManager~init - Success"]
[200766][1762733651509][main][info]["performShellDataMigration: Migration has already been done. Bailing out"]
[200766][1762733651514][main][info]["UpdateHandler~init - Success"]
[200766][1762733651517][main][info]["LeaderSelection: Initialized successfully"]
[200766][1762733651527][main][info]["GPU detected VID 4318 DID 8644 ACTIVE true"]
[200766][1762733651529][main][info]["main.js: Agent started"]
[200766][1762733651530][main][info]["shellController~init: Success"]
[200766][1762733651530][main][info]["shellMeta~init: Success"]
[200766][1762733651530][main][info]["partitionMigrationService: State of V7 partition:"]
[200766][1762733651530][main][info]["partitionMigrationService: V7 partitions",[]]
[200766][1762733651530][main][info]["partitionMigrationService~rectifyNamespaceOfScratchPadPartition: There is no partition with scratchpad namespace"]
[200766][1762733651530][main][info]["partitionMigrationService~rectifyNamespaceOfScratchPadPartition: There is no transit partition which could have been used for scratchpad"]
[200766][1762733651530][main][info]["partitionMigrationService~init: Success"]
[200766][1762733651531][main][info]["partitionMigrationService~runV8PartitionsIntegrity: Two way migration~ removing the following partitions from v8",[]]
[200766][1762733651531][main][info]["userPartitionService~getRecentV8UserPartition: recent v8 user context partition ","122854c6-5b06-49fe-a792-28112ff3a4a7"]
[200766][1762733651531][main][info]["userPartitionService~_rectifyTheActivePartitionOfApplication: Setting the active partition to ","122854c6-5b06-49fe-a792-28112ff3a4a7"]
[200766][1762733651534][main][info]["LinuxAutoUpdater~Cleanup - Initial cleanup successful"]
[200766][1762733651535][main][info]["newAccountRegionPreferenceService~getPreferenceWithFallback - Preference not found in storage."]
[200766][1762733651536][main][info]["newAccountRegionPreferenceService~getToggleMenuTemplate - Using preference:","useUSRegion"]
[200766][1762733651544][main][info]["userPartitionService~init: Success"]
[200766][1762733651569][main][info]["userPartitionService: State of v8 partition system:"]
[200766][1762733651569][main][info]["shell~init~getPartitionToLoad: loading active partition"]
[200766][1762733651569][main][info]["userPartitionService: List of partitions:",[{"partitionId":"122854c6-5b06-49fe-a792-28112ff3a4a7","namespace":"users","userId":"10681586","teamId":"2952355","lastUpdated":"2025-11-03T00:28:44.026Z"},{"partitionId":"dd10c798-04d5-42bf-a695-c0405c4180da","namespace":"scratchPad","userId":0,"teamId":0,"isDirty":false}]]
[200766][1762733651569][main][info]["userPartitionService: users global meta:",{}]
[200766][1762733651570][main][info]["Main:windowManager~newRequesterWindow: Fetch and update runtime config: us"]
[200766][1762733651663][main][info]["getDesktopReleaseVersionAsQueryParams: webVersion: "]
[200766][1762733652476][main][info]["Main~getRemoteInitPath:: "]
[200766][1762733652501][main][info]["Main - model-events~user - (user, bootstrapUser) received"]
[200766][1762733652501][main][info]["model-events~user - bootstrapUser received"]
[200766][1762733652521][main][info]["UpdateHandler~app-update-events - Received event",{"name":"checkForElectronVersionUpdated","namespace":"appUpdate"}]
[200766][1762733652524][main][info]["INTERCEPTOR CONNECTIVITY: Connecting to Interceptor Bridge"]
[200766][1762733652534][main][info]["windowManager: First requester booted successfully."]
[200766][1762733652534][main][info]["windowManager~restoreWindows: Restoring requester windows"]
[200766][1762733652535][main][info]["WebVersionService: Initialized successfully with version: 11.69.2-ui-251029-0111"]
[200766][1762733652535][main][info]["Main~AppEvents - Received booted event for process requester.Version 11.69.2 UI Version: 11.69.2-ui-251029-0111 Desktop Platform Version: 11.69.2"]
[200766][1762733652615][main][info]["Main~getRemoteInitPath:: "]
[200766][1762733652765][main][info]["Main~getPlatformLaunchPerfMetrics"]
[200766][1762733652840][main][info]["MenuManager~FlexibleUI - Updating menu for flexible layout: false"]
[200766][1762733652844][main][info]["GPU detected VID 4318 DID 8644 ACTIVE true"]
[200766][1762733652846][main][info]["newAccountRegionPreferenceService~getPreferenceWithFallback - Preference not found in storage."]
[200766][1762733652847][main][info]["newAccountRegionPreferenceService~getToggleMenuTemplate - Using preference:","useUSRegion"]
[200766][1762733652850][main][info]["MenuManager~updateViewMenuForFlexibleLayout: Menu updated with flexible layout disabled"]
[200766][1762733653007][main][info]["INTERCEPTOR CONNECTIVITY: Attempting to start websocket server on port 15611"]
[200766][1762733653475][main][info]["Main - model-events~user - (user, updated) received"]
[200766][1762733653929][main][info]["Main - model-events~user - (user, bootstrappedUser) received"]
[200766][1762733654398][main][info]["Agent.worker: Agent process started"]
[200766][1762733654401][main][info]["Initializing provider:","runtime"]
[200766][1762733654401][main][info]["Initializing provider:","cloudFiles"]
[200766][1762733654402][main][info]["Agent.worker: Provider initialized","cloudFiles"]
[200766][1762733655007][main][info]["RuntimeIPCAgent~started: Success"]
[200766][1762733655010][main][info]["Agent.worker: Provider initialized","runtime"]
[200766][1762733655013][main][info]["Initializing provider:","fs"]
[200766][1762733655014][main][info]["Agent.worker: Provider initialized","fs"]
[200766][1762733655658][main][error]["Error while retrieving user key from keychain",{"name":"Error","message":"The name is not activatable","stack":"Error: The name is not activatable\n    at /opt/postman/app/resources/app/vendors-node_modules_postman_runtime_runtime-rpc_dist_index_js-07a7741c7d1b9b04.min.js:1:12686\n    at _unpackers.<computed> (/opt/postman/app/resources/app/vendors-node_modules_postman_runtime_runtime-rpc_dist_index_js-07a7741c7d1b9b04.min.js:1:19279)\n    at ext (/opt/postman/app/resources/app/vendors-node_modules_postman_runtime_runtime-rpc_dist_index_js-07a7741c7d1b9b04.min.js:1:29678)\n    at e.exports (/opt/postman/app/resources/app/vendors-node_modules_postman_runtime_runtime-rpc_dist_index_js-07a7741c7d1b9b04.min.js:1:22029)\n    at array (/opt/postman/app/resources/app/vendors-node_modules_postman_runtime_runtime-rpc_dist_index_js-07a7741c7d1b9b04.min.js:1:29195)\n    at e.exports (/opt/postman/app/resources/app/vendors-node_modules_postman_runtime_runtime-rpc_dist_index_js-07a7741c7d1b9b04.min.js:1:21541)\n    at map (/opt/postman/app/resources/app/vendors-node_modules_postman_runtime_runtime-rpc_dist_index_js-07a7741c7d1b9b04.min.js:1:29124)\n    at e.exports (/opt/postman/app/resources/app/vendors-node_modules_postman_runtime_runtime-rpc_dist_index_js-07a7741c7d1b9b04.min.js:1:21379)\n    at map (/opt/postman/app/resources/app/vendors-node_modules_postman_runtime_runtime-rpc_dist_index_js-07a7741c7d1b9b04.min.js:1:29124)\n    at e.exports (/opt/postman/app/resources/app/vendors-node_modules_postman_runtime_runtime-rpc_dist_index_js-07a7741c7d1b9b04.min.js:1:21379)\n    at t.decode (/opt/postman/app/resources/app/vendors-node_modules_postman_runtime_runtime-rpc_dist_index_js-07a7741c7d1b9b04.min.js:1:26797)\n    at Object.decode (/opt/postman/app/resources/app/vendors-node_modules_postman_runtime_runtime-rpc_dist_index_js-07a7741c7d1b9b04.min.js:1:12769)\n    at t.default (/opt/postman/app/resources/app/vendors-node_modules_postman_runtime_runtime-rpc_dist_index_js-07a7741c7d1b9b04.min.js:1:13201)\n    at Object.receive (/opt/postman/app/resources/app/vendors-node_modules_postman_runtime_runtime-rpc_dist_index_js-07a7741c7d1b9b04.min.js:1:5515)\n    at /opt/postman/app/resources/app/Agent-b3cea5b0486a5c37.min.js:1:2887\n    at Worker.<anonymous> (/opt/postman/app/resources/app/Agent-b3cea5b0486a5c37.min.js:1:4124)"}]
[200766][1762733662855][main][info]["UpdateHandler~app-update-events - Received event",{"name":"updateElectron","namespace":"appUpdate","data":{"channel":"stable","version":"11.69.2","downloadVersion":"11.70.6","appId":"d6afd933-38a8-4972-ab99-c88cab7ca838","userAgent":"Mozilla/5.0 (X11; Linux x86_64) AppleWebKit/537.36 (KHTML, like Gecko) Postman/11.69.2 Electron/33.4.11 Safari/537.36","platform":"linux_64","downloadURL":"https://dl.pstmn.io/download/version/11.70.6/linux_64","updateServerDomain":"https://dl.pstmn.io/","additionalParamsString":"installationId=d6afd933-38a8-4972-ab99-c88cab7ca838&userId=10681586&syncEnabled=true&teamPlan=sync-free-3-trial&teamId=2952355","userId":"10681586"}}]
[200766][1762733662856][main][info]["LinuxUpdater~downloadUpdate - UpdateInfo received",{"channel":"stable","version":"11.69.2","downloadVersion":"11.70.6","appId":"d6afd933-38a8-4972-ab99-c88cab7ca838","userAgent":"Mozilla/5.0 (X11; Linux x86_64) AppleWebKit/537.36 (KHTML, like Gecko) Postman/11.69.2 Electron/33.4.11 Safari/537.36","platform":"linux_64","downloadURL":"https://dl.pstmn.io/download/version/11.70.6/linux_64","updateServerDomain":"https://dl.pstmn.io/","additionalParamsString":"installationId=d6afd933-38a8-4972-ab99-c88cab7ca838&userId=10681586&syncEnabled=true&teamPlan=sync-free-3-trial&teamId=2952355","userId":"10681586"}]
[200766][1762733662919][main][error]["@postman/app-updater: error",{"errno":-13,"code":"EACCES","syscall":"open","path":"/opt/postman/Postman-1762733662857.tar.gz","name":"Error","message":"EACCES: permission denied, open '/opt/postman/Postman-1762733662857.tar.gz'","stack":"Error: EACCES: permission denied, open '/opt/postman/Postman-1762733662857.tar.gz'"},{"context":{"api":"@postman/app-updater","domain":"starship"},"info":"{\"packageName\":\"Postman\",\"eID\":\"Postman-1762733662857\",\"downloadURL\":\"https://dl.pstmn.io/download/version/11.70.6/linux_64\",\"downloadDirectory\":\"/opt/postman\",\"downloadInfo\":{\"status\":\"DOWNLOAD_ERROR\",\"error\":{\"errno\":-13,\"code\":\"EACCES\",\"syscall\":\"open\",\"path\":\"/opt/postman/Postman-1762733662857.tar.gz\"},\"downloadDirectory\":\"/opt/postman\"}}"}]
[200766][1762733662922][main][info]["UpdateHandler~app-update-events - Received event",{"name":"electronAppUpdateError","namespace":"appUpdate","data":{"error":{"errno":-13,"code":"EACCES","syscall":"open","path":"/opt/postman/Postman-1762733662857.tar.gz","name":"Error","message":"EACCES: permission denied, open '/opt/postman/Postman-1762733662857.tar.gz'","stack":"Error: EACCES: permission denied, open '/opt/postman/Postman-1762733662857.tar.gz'"},"updateData":{"packageName":"Postman","eID":"Postman-1762733662857","downloadURL":"https://dl.pstmn.io/download/version/11.70.6/linux_64","downloadDirectory":"/opt/postman","downloadInfo":{"status":"DOWNLOAD_ERROR","error":{"errno":-13,"code":"EACCES","syscall":"open","path":"/opt/postman/Postman-1762733662857.tar.gz"},"downloadDirectory":"/opt/postman"}}}}]
[200766][1762736799879][main][info]["Quitting app"]
[200766][1762736799922][main][error]["Main~handleUncaughtError - Uncaught errors",{"errno":-5,"code":"EIO","syscall":"write","name":"Error","message":"write EIO","stack":"Error: write EIO\n    at afterWriteDispatched (node:internal/stream_base_commons:161:15)\n    at writeGeneric (node:internal/stream_base_commons:152:3)\n    at Socket._writeGeneric (node:net:958:11)\n    at Socket._write (node:net:970:8)\n    at writeOrBuffer (node:internal/streams/writable:572:12)\n    at _write (node:internal/streams/writable:501:10)\n    at Writable.write (node:internal/streams/writable:510:10)\n    at e.exports.log (/opt/postman/app/resources/app/main.js:12:16494)\n    at a._write (/opt/postman/app/resources/app/main.js:12:1345)\n    at T (/opt/postman/app/resources/app/main.js:11:319439)\n    at O (/opt/postman/app/resources/app/main.js:11:319273)\n    at E.write (/opt/postman/app/resources/app/main.js:11:322566)\n    at s.m (/opt/postman/app/resources/app/main.js:12:46163)\n    at s.emit (node:events:518:28)\n    at s.emit (node:domain:489:12)\n    at j (/opt/postman/app/resources/app/main.js:12:40391)"}]
[200766][1762736799925][main][error]["Main~handleUncaughtError - Uncaught errors",{"errno":-5,"code":"EIO","syscall":"write","name":"Error","message":"write EIO","stack":"Error: write EIO\n    at afterWriteDispatched (node:internal/stream_base_commons:161:15)\n    at writeGeneric (node:internal/stream_base_commons:152:3)\n    at Socket._writeGeneric (node:net:958:11)\n    at Socket._write (node:net:970:8)\n    at writeOrBuffer (node:internal/streams/writable:572:12)\n    at _write (node:internal/streams/writable:501:10)\n    at Writable.write (node:internal/streams/writable:510:10)\n    at console.value (node:internal/console/constructor:303:16)\n    at console.warn (node:internal/console/constructor:383:26)\n    at console.error (/opt/postman/app/resources/app/main.js:6:551561)\n    at l (/opt/postman/app/resources/app/main.js:6:562704)\n    at /opt/postman/app/resources/app/main.js:6:560900\n    at e.withScope (/opt/postman/app/resources/app/main.js:6:521127)\n    at e.handler (/opt/postman/app/resources/app/main.js:6:560746)\n    at process.emit (node:events:530:35)\n    at process.y [as emit] (/opt/postman/app/resources/app/main.js:11:409127)"}]
[200766][1762736799926][main][error]["Main~handleUncaughtError - Uncaught errors",{"errno":-5,"code":"EIO","syscall":"write","name":"Error","message":"write EIO","stack":"Error: write EIO\n    at afterWriteDispatched (node:internal/stream_base_commons:161:15)\n    at writeGeneric (node:internal/stream_base_commons:152:3)\n    at Socket._writeGeneric (node:net:958:11)\n    at Socket._write (node:net:970:8)\n    at writeOrBuffer (node:internal/streams/writable:572:12)\n    at _write (node:internal/streams/writable:501:10)\n    at Writable.write (node:internal/streams/writable:510:10)\n    at e.exports.log (/opt/postman/app/resources/app/main.js:12:16494)\n    at a._write (/opt/postman/app/resources/app/main.js:12:1345)\n    at T (/opt/postman/app/resources/app/main.js:11:319439)\n    at O (/opt/postman/app/resources/app/main.js:11:319273)\n    at E.write (/opt/postman/app/resources/app/main.js:11:322566)\n    at s.m (/opt/postman/app/resources/app/main.js:12:46163)\n    at s.emit (node:events:518:28)\n    at s.emit (node:domain:489:12)\n    at j (/opt/postman/app/resources/app/main.js:12:40391)"}]
[200766][1762736799927][main][error]["Main~handleUncaughtError - Uncaught errors",{"errno":-5,"code":"EIO","syscall":"write","name":"Error","message":"write EIO","stack":"Error: write EIO\n    at afterWriteDispatched (node:internal/stream_base_commons:161:15)\n    at writeGeneric (node:internal/stream_base_commons:152:3)\n    at Socket._writeGeneric (node:net:958:11)\n    at Socket._write (node:net:970:8)\n    at writeOrBuffer (node:internal/streams/writable:572:12)\n    at _write (node:internal/streams/writable:501:10)\n    at Writable.write (node:internal/streams/writable:510:10)\n    at console.value (node:internal/console/constructor:303:16)\n    at console.warn (node:internal/console/constructor:383:26)\n    at console.error (/opt/postman/app/resources/app/main.js:6:551561)\n    at l (/opt/postman/app/resources/app/main.js:6:562704)\n    at e.handler (/opt/postman/app/resources/app/main.js:6:560635)\n    at process.emit (node:events:530:35)\n    at process.y [as emit] (/opt/postman/app/resources/app/main.js:11:409127)\n    at process._fatalException (node:internal/process/execution:188:25)"}]
[200766][1762736799928][main][error]["Main~handleUncaughtError - Uncaught errors",{"errno":-5,"code":"EIO","syscall":"write","name":"Error","message":"write EIO","stack":"Error: write EIO\n    at afterWriteDispatched (node:internal/stream_base_commons:161:15)\n    at writeGeneric (node:internal/stream_base_commons:152:3)\n    at Socket._writeGeneric (node:net:958:11)\n    at Socket._write (node:net:970:8)\n    at writeOrBuffer (node:internal/streams/writable:572:12)\n    at _write (node:internal/streams/writable:501:10)\n    at Writable.write (node:internal/streams/writable:510:10)\n    at e.exports.log (/opt/postman/app/resources/app/main.js:12:16494)\n    at a._write (/opt/postman/app/resources/app/main.js:12:1345)\n    at T (/opt/postman/app/resources/app/main.js:11:319439)\n    at O (/opt/postman/app/resources/app/main.js:11:319273)\n    at E.write (/opt/postman/app/resources/app/main.js:11:322566)\n    at s.m (/opt/postman/app/resources/app/main.js:12:46163)\n    at s.emit (node:events:518:28)\n    at s.emit (node:domain:489:12)\n    at j (/opt/postman/app/resources/app/main.js:12:40391)"}]
[200766][1762736799928][main][error]["Main~handleUncaughtError - Uncaught errors",{"errno":-5,"code":"EIO","syscall":"write","name":"Error","message":"write EIO","stack":"Error: write EIO\n    at afterWriteDispatched (node:internal/stream_base_commons:161:15)\n    at writeGeneric (node:internal/stream_base_commons:152:3)\n    at Socket._writeGeneric (node:net:958:11)\n    at Socket._write (node:net:970:8)\n    at writeOrBuffer (node:internal/streams/writable:572:12)\n    at _write (node:internal/streams/writable:501:10)\n    at Writable.write (node:internal/streams/writable:510:10)\n    at console.value (node:internal/console/constructor:303:16)\n    at console.warn (node:internal/console/constructor:383:26)\n    at console.error (/opt/postman/app/resources/app/main.js:6:551561)\n    at l (/opt/postman/app/resources/app/main.js:6:562704)\n    at e.handler (/opt/postman/app/resources/app/main.js:6:560635)\n    at process.emit (node:events:530:35)\n    at process.y [as emit] (/opt/postman/app/resources/app/main.js:11:409127)\n    at process._fatalException (node:internal/process/execution:188:25)"}]
[200766][1762736799929][main][error]["Main~handleUncaughtError - Uncaught errors",{"errno":-5,"code":"EIO","syscall":"write","name":"Error","message":"write EIO","stack":"Error: write EIO\n    at afterWriteDispatched (node:internal/stream_base_commons:161:15)\n    at writeGeneric (node:internal/stream_base_commons:152:3)\n    at Socket._writeGeneric (node:net:958:11)\n    at Socket._write (node:net:970:8)\n    at writeOrBuffer (node:internal/streams/writable:572:12)\n    at _write (node:internal/streams/writable:501:10)\n    at Writable.write (node:internal/streams/writable:510:10)\n    at e.exports.log (/opt/postman/app/resources/app/main.js:12:16494)\n    at a._write (/opt/postman/app/resources/app/main.js:12:1345)\n    at T (/opt/postman/app/resources/app/main.js:11:319439)\n    at O (/opt/postman/app/resources/app/main.js:11:319273)\n    at E.write (/opt/postman/app/resources/app/main.js:11:322566)\n    at s.m (/opt/postman/app/resources/app/main.js:12:46163)\n    at s.emit (node:events:518:28)\n    at s.emit (node:domain:489:12)\n    at j (/opt/postman/app/resources/app/main.js:12:40391)"}]
[200766][1762736799934][main][error]["Main~handleUncaughtError - Uncaught errors",{"errno":-5,"code":"EIO","syscall":"write","name":"Error","message":"write EIO","stack":"Error: write EIO\n    at afterWriteDispatched (node:internal/stream_base_commons:161:15)\n    at writeGeneric (node:internal/stream_base_commons:152:3)\n    at Socket._writeGeneric (node:net:958:11)\n    at Socket._write (node:net:970:8)\n    at writeOrBuffer (node:internal/streams/writable:572:12)\n    at _write (node:internal/streams/writable:501:10)\n    at Writable.write (node:internal/streams/writable:510:10)\n    at console.value (node:internal/console/constructor:303:16)\n    at console.warn (node:internal/console/constructor:383:26)\n    at console.error (/opt/postman/app/resources/app/main.js:6:551561)\n    at l (/opt/postman/app/resources/app/main.js:6:562704)\n    at e.handler (/opt/postman/app/resources/app/main.js:6:560635)\n    at process.emit (node:events:530:35)\n    at process.y [as emit] (/opt/postman/app/resources/app/main.js:11:409127)\n    at process._fatalException (node:internal/process/execution:188:25)"}]
[200766][1762736799935][main][error]["Main~handleUncaughtError - Uncaught errors",{"errno":-5,"code":"EIO","syscall":"write","name":"Error","message":"write EIO","stack":"Error: write EIO\n    at afterWriteDispatched (node:internal/stream_base_commons:161:15)\n    at writeGeneric (node:internal/stream_base_commons:152:3)\n    at Socket._writeGeneric (node:net:958:11)\n    at Socket._write (node:net:970:8)\n    at writeOrBuffer (node:internal/streams/writable:572:12)\n    at _write (node:internal/streams/writable:501:10)\n    at Writable.write (node:internal/streams/writable:510:10)\n    at e.exports.log (/opt/postman/app/resources/app/main.js:12:16494)\n    at a._write (/opt/postman/app/resources/app/main.js:12:1345)\n    at T (/opt/postman/app/resources/app/main.js:11:319439)\n    at O (/opt/postman/app/resources/app/main.js:11:319273)\n    at E.write (/opt/postman/app/resources/app/main.js:11:322566)\n    at s.m (/opt/postman/app/resources/app/main.js:12:46163)\n    at s.emit (node:events:518:28)\n    at s.emit (node:domain:489:12)\n    at j (/opt/postman/app/resources/app/main.js:12:40391)"}]
[200766][1762736799936][main][error]["Main~handleUncaughtError - Uncaught errors",{"errno":-5,"code":"EIO","syscall":"write","name":"Error","message":"write EIO","stack":"Error: write EIO\n    at afterWriteDispatched (node:internal/stream_base_commons:161:15)\n    at writeGeneric (node:internal/stream_base_commons:152:3)\n    at Socket._writeGeneric (node:net:958:11)\n    at Socket._write (node:net:970:8)\n    at writeOrBuffer (node:internal/streams/writable:572:12)\n    at _write (node:internal/streams/writable:501:10)\n    at Writable.write (node:internal/streams/writable:510:10)\n    at console.value (node:internal/console/constructor:303:16)\n    at console.warn (node:internal/console/constructor:383:26)\n    at console.error (/opt/postman/app/resources/app/main.js:6:551561)\n    at l (/opt/postman/app/resources/app/main.js:6:562704)\n    at e.handler (/opt/postman/app/resources/app/main.js:6:560635)\n    at process.emit (node:events:530:35)\n    at process.y [as emit] (/opt/postman/app/resources/app/main.js:11:409127)\n    at process._fatalException (node:internal/process/execution:188:25)"}]
[200766][1762736799937][main][error]["Main~handleUncaughtError - Uncaught errors",{"errno":-5,"code":"EIO","syscall":"write","name":"Error","message":"write EIO","stack":"Error: write EIO\n    at afterWriteDispatched (node:internal/stream_base_commons:161:15)\n    at writeGeneric (node:internal/stream_base_commons:152:3)\n    at Socket._writeGeneric (node:net:958:11)\n    at Socket._write (node:net:970:8)\n    at writeOrBuffer (node:internal/streams/writable:572:12)\n    at _write (node:internal/streams/writable:501:10)\n    at Writable.write (node:internal/streams/writable:510:10)\n    at e.exports.log (/opt/postman/app/resources/app/main.js:12:16494)\n    at a._write (/opt/postman/app/resources/app/main.js:12:1345)\n    at T (/opt/postman/app/resources/app/main.js:11:319439)\n    at O (/opt/postman/app/resources/app/main.js:11:319273)\n    at E.write (/opt/postman/app/resources/app/main.js:11:322566)\n    at s.m (/opt/postman/app/resources/app/main.js:12:46163)\n    at s.emit (node:events:518:28)\n    at s.emit (node:domain:489:12)\n    at j (/opt/postman/app/resources/app/main.js:12:40391)"}]
[200766][1762736799938][main][error]["Main~handleUncaughtError - Uncaught errors",{"errno":-5,"code":"EIO","syscall":"write","name":"Error","message":"write EIO","stack":"Error: write EIO\n    at afterWriteDispatched (node:internal/stream_base_commons:161:15)\n    at writeGeneric (node:internal/stream_base_commons:152:3)\n    at Socket._writeGeneric (node:net:958:11)\n    at Socket._write (node:net:970:8)\n    at writeOrBuffer (node:internal/streams/writable:572:12)\n    at _write (node:internal/streams/writable:501:10)\n    at Writable.write (node:internal/streams/writable:510:10)\n    at console.value (node:internal/console/constructor:303:16)\n    at console.warn (node:internal/console/constructor:383:26)\n    at console.error (/opt/postman/app/resources/app/main.js:6:551561)\n    at l (/opt/postman/app/resources/app/main.js:6:562704)\n    at e.handler (/opt/postman/app/resources/app/main.js:6:560635)\n    at process.emit (node:events:530:35)\n    at process.y [as emit] (/opt/postman/app/resources/app/main.js:11:409127)\n    at process._fatalException (node:internal/process/execution:188:25)"}]
[200766][1762736799938][main][error]["Main~handleUncaughtError - Uncaught errors",{"errno":-5,"code":"EIO","syscall":"write","name":"Error","message":"write EIO","stack":"Error: write EIO\n    at afterWriteDispatched (node:internal/stream_base_commons:161:15)\n    at writeGeneric (node:internal/stream_base_commons:152:3)\n    at Socket._writeGeneric (node:net:958:11)\n    at Socket._write (node:net:970:8)\n    at writeOrBuffer (node:internal/streams/writable:572:12)\n    at _write (node:internal/streams/writable:501:10)\n    at Writable.write (node:internal/streams/writable:510:10)\n    at e.exports.log (/opt/postman/app/resources/app/main.js:12:16494)\n    at a._write (/opt/postman/app/resources/app/main.js:12:1345)\n    at T (/opt/postman/app/resources/app/main.js:11:319439)\n    at O (/opt/postman/app/resources/app/main.js:11:319273)\n    at E.write (/opt/postman/app/resources/app/main.js:11:322566)\n    at s.m (/opt/postman/app/resources/app/main.js:12:46163)\n    at s.emit (node:events:518:28)\n    at s.emit (node:domain:489:12)\n    at j (/opt/postman/app/resources/app/main.js:12:40391)"}]
[200766][1762736799939][main][error]["Main~handleUncaughtError - Uncaught errors",{"errno":-5,"code":"EIO","syscall":"write","name":"Error","message":"write EIO","stack":"Error: write EIO\n    at afterWriteDispatched (node:internal/stream_base_commons:161:15)\n    at writeGeneric (node:internal/stream_base_commons:152:3)\n    at Socket._writeGeneric (node:net:958:11)\n    at Socket._write (node:net:970:8)\n    at writeOrBuffer (node:internal/streams/writable:572:12)\n    at _write (node:internal/streams/writable:501:10)\n    at Writable.write (node:internal/streams/writable:510:10)\n    at console.value (node:internal/console/constructor:303:16)\n    at console.warn (node:internal/console/constructor:383:26)\n    at console.error (/opt/postman/app/resources/app/main.js:6:551561)\n    at l (/opt/postman/app/resources/app/main.js:6:562704)\n    at e.handler (/opt/postman/app/resources/app/main.js:6:560635)\n    at process.emit (node:events:530:35)\n    at process.y [as emit] (/opt/postman/app/resources/app/main.js:11:409127)\n    at process._fatalException (node:internal/process/execution:188:25)"}]
[200766][1762736799943][main][error]["Main~handleUncaughtError - Uncaught errors",{"errno":-5,"code":"EIO","syscall":"write","name":"Error","message":"write EIO","stack":"Error: write EIO\n    at afterWriteDispatched (node:internal/stream_base_commons:161:15)\n    at writeGeneric (node:internal/stream_base_commons:152:3)\n    at Socket._writeGeneric (node:net:958:11)\n    at Socket._write (node:net:970:8)\n    at writeOrBuffer (node:internal/streams/writable:572:12)\n    at _write (node:internal/streams/writable:501:10)\n    at Writable.write (node:internal/streams/writable:510:10)\n    at e.exports.log (/opt/postman/app/resources/app/main.js:12:16494)\n    at a._write (/opt/postman/app/resources/app/main.js:12:1345)\n    at T (/opt/postman/app/resources/app/main.js:11:319439)\n    at O (/opt/postman/app/resources/app/main.js:11:319273)\n    at E.write (/opt/postman/app/resources/app/main.js:11:322566)\n    at s.m (/opt/postman/app/resources/app/main.js:12:46163)\n    at s.emit (node:events:518:28)\n    at s.emit (node:domain:489:12)\n    at j (/opt/postman/app/resources/app/main.js:12:40391)"}]
[200766][1762736799944][main][error]["Main~handleUncaughtError - Uncaught errors",{"errno":-5,"code":"EIO","syscall":"write","name":"Error","message":"write EIO","stack":"Error: write EIO\n    at afterWriteDispatched (node:internal/stream_base_commons:161:15)\n    at writeGeneric (node:internal/stream_base_commons:152:3)\n    at Socket._writeGeneric (node:net:958:11)\n    at Socket._write (node:net:970:8)\n    at writeOrBuffer (node:internal/streams/writable:572:12)\n    at _write (node:internal/streams/writable:501:10)\n    at Writable.write (node:internal/streams/writable:510:10)\n    at console.value (node:internal/console/constructor:303:16)\n    at console.warn (node:internal/console/constructor:383:26)\n    at console.error (/opt/postman/app/resources/app/main.js:6:551561)\n    at l (/opt/postman/app/resources/app/main.js:6:562704)\n    at e.handler (/opt/postman/app/resources/app/main.js:6:560635)\n    at process.emit (node:events:530:35)\n    at process.y [as emit] (/opt/postman/app/resources/app/main.js:11:409127)\n    at process._fatalException (node:internal/process/execution:188:25)"}]
[1287277][1762988423024][main][info]["Booting Postman 11.70.6, linux-6.17.7-arch1-1 on x64"]
[1287277][1762988423026][main][info]["EventBus~initialize - Success"]
[1287277][1762988423031][main][info]["Proxy configuration has not been setup"]
[1287277][1762988423032][main][info]["CloudProxyManager~init - Success"]
[1287277][1762988423092][main][info]["performShellDataMigration: Migration has already been done. Bailing out"]
[1287277][1762988423098][main][info]["UpdateHandler~init - Success"]
[1287277][1762988423101][main][info]["LeaderSelection: Initialized successfully"]
[1287277][1762988423112][main][info]["GPU detected VID 4318 DID 8644 ACTIVE true"]
[1287277][1762988423114][main][info]["main.js: Agent started"]
[1287277][1762988423114][main][info]["shellController~init: Success"]
[1287277][1762988423115][main][info]["shellMeta~init: Success"]
[1287277][1762988423115][main][info]["partitionMigrationService: State of V7 partition:"]
[1287277][1762988423115][main][info]["partitionMigrationService: V7 partitions",[]]
[1287277][1762988423115][main][info]["partitionMigrationService~rectifyNamespaceOfScratchPadPartition: There is no partition with scratchpad namespace"]
[1287277][1762988423115][main][info]["partitionMigrationService~rectifyNamespaceOfScratchPadPartition: There is no transit partition which could have been used for scratchpad"]
[1287277][1762988423115][main][info]["partitionMigrationService~init: Success"]
[1287277][1762988423116][main][info]["partitionMigrationService~runV8PartitionsIntegrity: Two way migration~ removing the following partitions from v8",[]]
[1287277][1762988423116][main][info]["userPartitionService~getRecentV8UserPartition: recent v8 user context partition ","122854c6-5b06-49fe-a792-28112ff3a4a7"]
[1287277][1762988423116][main][info]["userPartitionService~_rectifyTheActivePartitionOfApplication: Setting the active partition to ","122854c6-5b06-49fe-a792-28112ff3a4a7"]
[1287277][1762988423119][main][info]["LinuxAutoUpdater~Cleanup - Initial cleanup successful"]
[1287277][1762988423120][main][info]["newAccountRegionPreferenceService~getPreferenceWithFallback - Preference not found in storage."]
[1287277][1762988423120][main][info]["newAccountRegionPreferenceService~getToggleMenuTemplate - Using preference:","useUSRegion"]
[1287277][1762988423128][main][info]["userPartitionService~init: Success"]
[1287277][1762988423142][main][info]["userPartitionService: State of v8 partition system:"]
[1287277][1762988423142][main][info]["shell~init~getPartitionToLoad: loading active partition"]
[1287277][1762988423142][main][info]["userPartitionService: List of partitions:",[{"partitionId":"122854c6-5b06-49fe-a792-28112ff3a4a7","namespace":"users","userId":"10681586","teamId":"2952355","lastUpdated":"2025-11-03T00:28:44.026Z"},{"partitionId":"dd10c798-04d5-42bf-a695-c0405c4180da","namespace":"scratchPad","userId":0,"teamId":0,"isDirty":false}]]
[1287277][1762988423143][main][info]["userPartitionService: users global meta:",{}]
[1287277][1762988423143][main][info]["Main:windowManager~newRequesterWindow: Fetch and update runtime config: us"]
[1287277][1762988423248][main][info]["getDesktopReleaseVersionAsQueryParams: webVersion: "]
[1287277][1762988424448][main][info]["Main~getRemoteInitPath:: "]
[1287277][1762988424472][main][info]["Main - model-events~user - (user, bootstrapUser) received"]
[1287277][1762988424472][main][info]["model-events~user - bootstrapUser received"]
[1287277][1762988424493][main][info]["UpdateHandler~app-update-events - Received event",{"name":"checkForElectronVersionUpdated","namespace":"appUpdate"}]
[1287277][1762988424494][main][info]["@postman/app-updater: version Updated","11.69.2","11.70.6"]
[1287277][1762988424494][main][info]["UpdateHandler~app-update-events - Received event",{"name":"electronVersionUpdated","namespace":"appUpdate","data":{"lastKnownVersion":"11.69.2","currentVersion":"11.70.6"}}]
[1287277][1762988424496][main][info]["INTERCEPTOR CONNECTIVITY: Connecting to Interceptor Bridge"]
[1287277][1762988424507][main][info]["windowManager: First requester booted successfully."]
[1287277][1762988424507][main][info]["windowManager~restoreWindows: Restoring requester windows"]
[1287277][1762988424508][main][info]["WebVersionService: Initialized successfully with version: 11.70.6-ui-251107-0111"]
[1287277][1762988424508][main][info]["Main~AppEvents - Received booted event for process requester.Version 11.70.6 UI Version: 11.70.6-ui-251107-0111 Desktop Platform Version: 11.70.6"]
[1287277][1762988424591][main][info]["Main~getRemoteInitPath:: "]
[1287277][1762988424849][main][info]["MenuManager~FlexibleUI - Updating menu for flexible layout: false"]
[1287277][1762988424852][main][info]["GPU detected VID 4318 DID 8644 ACTIVE true"]
[1287277][1762988424854][main][info]["newAccountRegionPreferenceService~getPreferenceWithFallback - Preference not found in storage."]
[1287277][1762988424854][main][info]["newAccountRegionPreferenceService~getToggleMenuTemplate - Using preference:","useUSRegion"]
[1287277][1762988424857][main][info]["MenuManager~updateViewMenuForFlexibleLayout: Menu updated with flexible layout disabled"]
[1287277][1762988425051][main][info]["Main~getPlatformLaunchPerfMetrics"]
[1287277][1762988425135][main][info]["INTERCEPTOR CONNECTIVITY: Attempting to start websocket server on port 15611"]
[1287277][1762988425553][main][info]["Main - model-events~user - (user, updated) received"]
[1287277][1762988426105][main][info]["Main - model-events~user - (user, bootstrappedUser) received"]
[1287277][1762988427070][main][info]["RuntimeIPCAgent~started: Success"]
[1287277][1762988427080][main][info]["Agent.worker: Agent process started"]
[1287277][1762988427083][main][info]["Initializing provider:","runtime"]
[1287277][1762988427084][main][info]["Initializing provider:","cloudFiles"]
[1287277][1762988427084][main][info]["Agent.worker: Provider initialized","cloudFiles"]
[1287277][1762988427266][main][info]["Agent.worker: Provider initialized","runtime"]
[1287277][1762988427266][main][info]["Initializing provider:","fs"]
[1287277][1762988427267][main][info]["Agent.worker: Provider initialized","fs"]
[1287277][1762988427786][main][error]["Error while retrieving user key from keychain",{"name":"Error","message":"The name is not activatable","stack":"Error: The name is not activatable\n    at /opt/postman/app/resources/app/vendors-node_modules_postman_runtime_runtime-rpc_dist_index_js-07a7741c7d1b9b04.min.js:1:12686\n    at _unpackers.<computed> (/opt/postman/app/resources/app/vendors-node_modules_postman_runtime_runtime-rpc_dist_index_js-07a7741c7d1b9b04.min.js:1:19279)\n    at ext (/opt/postman/app/resources/app/vendors-node_modules_postman_runtime_runtime-rpc_dist_index_js-07a7741c7d1b9b04.min.js:1:29678)\n    at e.exports (/opt/postman/app/resources/app/vendors-node_modules_postman_runtime_runtime-rpc_dist_index_js-07a7741c7d1b9b04.min.js:1:22029)\n    at array (/opt/postman/app/resources/app/vendors-node_modules_postman_runtime_runtime-rpc_dist_index_js-07a7741c7d1b9b04.min.js:1:29195)\n    at e.exports (/opt/postman/app/resources/app/vendors-node_modules_postman_runtime_runtime-rpc_dist_index_js-07a7741c7d1b9b04.min.js:1:21541)\n    at map (/opt/postman/app/resources/app/vendors-node_modules_postman_runtime_runtime-rpc_dist_index_js-07a7741c7d1b9b04.min.js:1:29124)\n    at e.exports (/opt/postman/app/resources/app/vendors-node_modules_postman_runtime_runtime-rpc_dist_index_js-07a7741c7d1b9b04.min.js:1:21379)\n    at map (/opt/postman/app/resources/app/vendors-node_modules_postman_runtime_runtime-rpc_dist_index_js-07a7741c7d1b9b04.min.js:1:29124)\n    at e.exports (/opt/postman/app/resources/app/vendors-node_modules_postman_runtime_runtime-rpc_dist_index_js-07a7741c7d1b9b04.min.js:1:21379)\n    at t.decode (/opt/postman/app/resources/app/vendors-node_modules_postman_runtime_runtime-rpc_dist_index_js-07a7741c7d1b9b04.min.js:1:26797)\n    at Object.decode (/opt/postman/app/resources/app/vendors-node_modules_postman_runtime_runtime-rpc_dist_index_js-07a7741c7d1b9b04.min.js:1:12769)\n    at t.default (/opt/postman/app/resources/app/vendors-node_modules_postman_runtime_runtime-rpc_dist_index_js-07a7741c7d1b9b04.min.js:1:13201)\n    at Object.receive (/opt/postman/app/resources/app/vendors-node_modules_postman_runtime_runtime-rpc_dist_index_js-07a7741c7d1b9b04.min.js:1:5515)\n    at /opt/postman/app/resources/app/Agent-b3cea5b0486a5c37.min.js:1:2887\n    at Worker.<anonymous> (/opt/postman/app/resources/app/Agent-b3cea5b0486a5c37.min.js:1:4124)"}]
[1287277][1762991120402][main][info]["Quitting app"]
[100387][1763910472150][main][info]["Booting Postman 11.72.5, linux-6.17.8-arch1-1 on x64"]
[100387][1763910472152][main][info]["EventBus~initialize - Success"]
[100387][1763910472155][main][info]["Proxy configuration has not been setup"]
[100387][1763910472156][main][info]["CloudProxyManager~init - Success"]
[100387][1763910472207][main][info]["performShellDataMigration: Migration has already been done. Bailing out"]
[100387][1763910472212][main][info]["UpdateHandler~init - Success"]
[100387][1763910472215][main][info]["LeaderSelection: Initialized successfully"]
[100387][1763910472225][main][info]["GPU detected VID 4318 DID 8644 ACTIVE true"]
[100387][1763910472227][main][info]["main.js: Agent started"]
[100387][1763910472228][main][info]["shellController~init: Success"]
[100387][1763910472228][main][info]["shellMeta~init: Success"]
[100387][1763910472228][main][info]["partitionMigrationService: State of V7 partition:"]
[100387][1763910472228][main][info]["partitionMigrationService: V7 partitions",[]]
[100387][1763910472229][main][info]["partitionMigrationService~rectifyNamespaceOfScratchPadPartition: There is no partition with scratchpad namespace"]
[100387][1763910472229][main][info]["partitionMigrationService~rectifyNamespaceOfScratchPadPartition: There is no transit partition which could have been used for scratchpad"]
[100387][1763910472229][main][info]["partitionMigrationService~init: Success"]
[100387][1763910472229][main][info]["partitionMigrationService~runV8PartitionsIntegrity: Two way migration~ removing the following partitions from v8",[]]
[100387][1763910472230][main][info]["userPartitionService~getRecentV8UserPartition: recent v8 user context partition ","122854c6-5b06-49fe-a792-28112ff3a4a7"]
[100387][1763910472230][main][info]["userPartitionService~_rectifyTheActivePartitionOfApplication: Setting the active partition to ","122854c6-5b06-49fe-a792-28112ff3a4a7"]
[100387][1763910472233][main][info]["LinuxAutoUpdater~Cleanup - Initial cleanup successful"]
[100387][1763910472234][main][info]["newAccountRegionPreferenceService~getPreferenceWithFallback - Preference not found in storage."]
[100387][1763910472234][main][info]["newAccountRegionPreferenceService~getToggleMenuTemplate - Using preference:","useUSRegion"]
[100387][1763910472241][main][info]["userPartitionService~init: Success"]
[100387][1763910472266][main][info]["userPartitionService: State of v8 partition system:"]
[100387][1763910472267][main][info]["shell~init~getPartitionToLoad: loading active partition"]
[100387][1763910472267][main][info]["userPartitionService: List of partitions:",[{"partitionId":"122854c6-5b06-49fe-a792-28112ff3a4a7","namespace":"users","userId":"10681586","teamId":"2952355","lastUpdated":"2025-11-03T00:28:44.026Z"},{"partitionId":"dd10c798-04d5-42bf-a695-c0405c4180da","namespace":"scratchPad","userId":0,"teamId":0,"isDirty":false}]]
[100387][1763910472267][main][info]["userPartitionService: users global meta:",{}]
[100387][1763910472267][main][info]["Main:windowManager~newRequesterWindow: Fetch and update runtime config: us"]
[100387][1763910472366][main][info]["getDesktopReleaseVersionAsQueryParams: webVersion: "]
[100387][1763910474527][main][info]["Main~getRemoteInitPath:: "]
[100387][1763910474551][main][info]["Main - model-events~user - (user, bootstrapUser) received"]
[100387][1763910474551][main][info]["model-events~user - bootstrapUser received"]
[100387][1763910474573][main][info]["UpdateHandler~app-update-events - Received event",{"name":"checkForElectronVersionUpdated","namespace":"appUpdate"}]
[100387][1763910474573][main][info]["@postman/app-updater: version Updated","11.70.6","11.72.5"]
[100387][1763910474573][main][info]["UpdateHandler~app-update-events - Received event",{"name":"electronVersionUpdated","namespace":"appUpdate","data":{"lastKnownVersion":"11.70.6","currentVersion":"11.72.5"}}]
[100387][1763910474575][main][info]["INTERCEPTOR CONNECTIVITY: Connecting to Interceptor Bridge"]
[100387][1763910474586][main][info]["windowManager: First requester booted successfully."]
[100387][1763910474586][main][info]["windowManager~restoreWindows: Restoring requester windows"]
[100387][1763910474586][main][info]["WebVersionService: Initialized successfully with version: 11.72.6-ui-251120-0117"]
[100387][1763910474586][main][info]["Main~AppEvents - Received booted event for process requester.Version 11.72.6 UI Version: 11.72.6-ui-251120-0117 Desktop Platform Version: 11.72.5"]
[100387][1763910474673][main][info]["Main~getRemoteInitPath:: "]
[100387][1763910474855][main][info]["Main~getPlatformLaunchPerfMetrics"]
[100387][1763910474985][main][info]["MenuManager~FlexibleUI - Updating menu for flexible layout: false"]
[100387][1763910474988][main][info]["GPU detected VID 4318 DID 8644 ACTIVE true"]
[100387][1763910474989][main][info]["newAccountRegionPreferenceService~getPreferenceWithFallback - Preference not found in storage."]
[100387][1763910474989][main][info]["newAccountRegionPreferenceService~getToggleMenuTemplate - Using preference:","useUSRegion"]
[100387][1763910474992][main][info]["MenuManager~updateViewMenuForFlexibleLayout: Menu updated with flexible layout disabled"]
[100387][1763910475059][main][info]["INTERCEPTOR CONNECTIVITY: Attempting to start websocket server on port 15611"]
[100387][1763910475432][main][info]["Main - model-events~user - (user, updated) received"]
[100387][1763910475820][main][info]["Main - model-events~user - (user, bootstrappedUser) received"]
[100387][1763910476834][main][info]["Agent.worker: Agent process started"]
[100387][1763910476836][main][info]["Initializing provider:","runtime"]
[100387][1763910476836][main][info]["Initializing provider:","cloudFiles"]
[100387][1763910476837][main][info]["Agent.worker: Provider initialized","cloudFiles"]
[100387][1763910477335][main][info]["RuntimeIPCAgent~started: Success"]
[100387][1763910477342][main][info]["Agent.worker: Provider initialized","runtime"]
[100387][1763910477344][main][info]["Initializing provider:","fs"]
[100387][1763910477345][main][info]["Agent.worker: Provider initialized","fs"]
[100387][1763910477607][main][error]["Error while retrieving user key from keychain",{"name":"Error","message":"The name is not activatable","stack":"Error: The name is not activatable\n    at /opt/postman/app/resources/app/vendors-node_modules_postman_runtime_runtime-rpc_dist_index_js-9a3dcf6a27aa9af6.min.js:1:12993\n    at _unpackers.<computed> (/opt/postman/app/resources/app/vendors-node_modules_postman_runtime_runtime-rpc_dist_index_js-9a3dcf6a27aa9af6.min.js:1:19595)\n    at ext (/opt/postman/app/resources/app/vendors-node_modules_postman_runtime_runtime-rpc_dist_index_js-9a3dcf6a27aa9af6.min.js:1:29994)\n    at e.exports (/opt/postman/app/resources/app/vendors-node_modules_postman_runtime_runtime-rpc_dist_index_js-9a3dcf6a27aa9af6.min.js:1:22345)\n    at array (/opt/postman/app/resources/app/vendors-node_modules_postman_runtime_runtime-rpc_dist_index_js-9a3dcf6a27aa9af6.min.js:1:29511)\n    at e.exports (/opt/postman/app/resources/app/vendors-node_modules_postman_runtime_runtime-rpc_dist_index_js-9a3dcf6a27aa9af6.min.js:1:21857)\n    at map (/opt/postman/app/resources/app/vendors-node_modules_postman_runtime_runtime-rpc_dist_index_js-9a3dcf6a27aa9af6.min.js:1:29440)\n    at e.exports (/opt/postman/app/resources/app/vendors-node_modules_postman_runtime_runtime-rpc_dist_index_js-9a3dcf6a27aa9af6.min.js:1:21695)\n    at map (/opt/postman/app/resources/app/vendors-node_modules_postman_runtime_runtime-rpc_dist_index_js-9a3dcf6a27aa9af6.min.js:1:29440)\n    at e.exports (/opt/postman/app/resources/app/vendors-node_modules_postman_runtime_runtime-rpc_dist_index_js-9a3dcf6a27aa9af6.min.js:1:21695)\n    at t.decode (/opt/postman/app/resources/app/vendors-node_modules_postman_runtime_runtime-rpc_dist_index_js-9a3dcf6a27aa9af6.min.js:1:27113)\n    at Object.decode (/opt/postman/app/resources/app/vendors-node_modules_postman_runtime_runtime-rpc_dist_index_js-9a3dcf6a27aa9af6.min.js:1:13076)\n    at t.default (/opt/postman/app/resources/app/vendors-node_modules_postman_runtime_runtime-rpc_dist_index_js-9a3dcf6a27aa9af6.min.js:1:13434)\n    at Object.receive (/opt/postman/app/resources/app/vendors-node_modules_postman_runtime_runtime-rpc_dist_index_js-9a3dcf6a27aa9af6.min.js:1:5818)\n    at /opt/postman/app/resources/app/Agent-dd8f22cb482af9dd.min.js:1:2831\n    at Worker.<anonymous> (/opt/postman/app/resources/app/Agent-dd8f22cb482af9dd.min.js:1:4182)"}]
[100387][1763910484874][main][info]["UpdateHandler~app-update-events - Received event",{"name":"updateElectron","namespace":"appUpdate","data":{"channel":"stable","version":"11.72.5","downloadVersion":"11.72.9","appId":"d6afd933-38a8-4972-ab99-c88cab7ca838","userAgent":"Mozilla/5.0 (X11; Linux x86_64) AppleWebKit/537.36 (KHTML, like Gecko) Postman/11.72.5 Electron/33.4.11 Safari/537.36","platform":"linux_64","downloadURL":"https://dl.pstmn.io/download/version/11.72.9/linux_64","updateServerDomain":"https://dl.pstmn.io/","additionalParamsString":"installationId=d6afd933-38a8-4972-ab99-c88cab7ca838&userId=10681586&syncEnabled=true&teamPlan=sync-free-3-trial&teamId=2952355","userId":"10681586"}}]
[100387][1763910484874][main][info]["LinuxUpdater~downloadUpdate - UpdateInfo received",{"channel":"stable","version":"11.72.5","downloadVersion":"11.72.9","appId":"d6afd933-38a8-4972-ab99-c88cab7ca838","userAgent":"Mozilla/5.0 (X11; Linux x86_64) AppleWebKit/537.36 (KHTML, like Gecko) Postman/11.72.5 Electron/33.4.11 Safari/537.36","platform":"linux_64","downloadURL":"https://dl.pstmn.io/download/version/11.72.9/linux_64","updateServerDomain":"https://dl.pstmn.io/","additionalParamsString":"installationId=d6afd933-38a8-4972-ab99-c88cab7ca838&userId=10681586&syncEnabled=true&teamPlan=sync-free-3-trial&teamId=2952355","userId":"10681586"}]
[100387][1763910484923][main][error]["@postman/app-updater: error",{"errno":-13,"code":"EACCES","syscall":"open","path":"/opt/postman/Postman-1763910484874.tar.gz","name":"Error","message":"EACCES: permission denied, open '/opt/postman/Postman-1763910484874.tar.gz'","stack":"Error: EACCES: permission denied, open '/opt/postman/Postman-1763910484874.tar.gz'"},{"context":{"api":"@postman/app-updater","domain":"starship"},"info":"{\"packageName\":\"Postman\",\"eID\":\"Postman-1763910484874\",\"downloadURL\":\"https://dl.pstmn.io/download/version/11.72.9/linux_64\",\"downloadDirectory\":\"/opt/postman\",\"downloadInfo\":{\"status\":\"DOWNLOAD_ERROR\",\"error\":{\"errno\":-13,\"code\":\"EACCES\",\"syscall\":\"open\",\"path\":\"/opt/postman/Postman-1763910484874.tar.gz\"},\"downloadDirectory\":\"/opt/postman\"}}"}]
[100387][1763910484924][main][info]["UpdateHandler~app-update-events - Received event",{"name":"electronAppUpdateError","namespace":"appUpdate","data":{"error":{"errno":-13,"code":"EACCES","syscall":"open","path":"/opt/postman/Postman-1763910484874.tar.gz","name":"Error","message":"EACCES: permission denied, open '/opt/postman/Postman-1763910484874.tar.gz'","stack":"Error: EACCES: permission denied, open '/opt/postman/Postman-1763910484874.tar.gz'"},"updateData":{"packageName":"Postman","eID":"Postman-1763910484874","downloadURL":"https://dl.pstmn.io/download/version/11.72.9/linux_64","downloadDirectory":"/opt/postman","downloadInfo":{"status":"DOWNLOAD_ERROR","error":{"errno":-13,"code":"EACCES","syscall":"open","path":"/opt/postman/Postman-1763910484874.tar.gz"},"downloadDirectory":"/opt/postman"}}}}]
[100387][1763928474898][main][info]["UpdateHandler~app-update-events - Received event",{"name":"updateElectron","namespace":"appUpdate","data":{"channel":"stable","version":"11.72.5","downloadVersion":"11.72.9","appId":"d6afd933-38a8-4972-ab99-c88cab7ca838","userAgent":"Mozilla/5.0 (X11; Linux x86_64) AppleWebKit/537.36 (KHTML, like Gecko) Postman/11.72.5 Electron/33.4.11 Safari/537.36","platform":"linux_64","downloadURL":"https://dl.pstmn.io/download/version/11.72.9/linux_64","updateServerDomain":"https://dl.pstmn.io/","additionalParamsString":"installationId=d6afd933-38a8-4972-ab99-c88cab7ca838&userId=10681586&syncEnabled=true&teamPlan=sync-free-3-trial&teamId=2952355","userId":"10681586"}}]
[100387][1763928474899][main][info]["LinuxUpdater~downloadUpdate - UpdateInfo received",{"channel":"stable","version":"11.72.5","downloadVersion":"11.72.9","appId":"d6afd933-38a8-4972-ab99-c88cab7ca838","userAgent":"Mozilla/5.0 (X11; Linux x86_64) AppleWebKit/537.36 (KHTML, like Gecko) Postman/11.72.5 Electron/33.4.11 Safari/537.36","platform":"linux_64","downloadURL":"https://dl.pstmn.io/download/version/11.72.9/linux_64","updateServerDomain":"https://dl.pstmn.io/","additionalParamsString":"installationId=d6afd933-38a8-4972-ab99-c88cab7ca838&userId=10681586&syncEnabled=true&teamPlan=sync-free-3-trial&teamId=2952355","userId":"10681586"}]
[100387][1763928474948][main][error]["@postman/app-updater: error",{"errno":-13,"code":"EACCES","syscall":"open","path":"/opt/postman/Postman-1763928474899.tar.gz","name":"Error","message":"EACCES: permission denied, open '/opt/postman/Postman-1763928474899.tar.gz'","stack":"Error: EACCES: permission denied, open '/opt/postman/Postman-1763928474899.tar.gz'"},{"context":{"api":"@postman/app-updater","domain":"starship","sessionId":100387,"origin":"main","timestamp":1763910484923,"context":"@postman/app-updater: error","message":"EACCES: permission denied, open '/opt/postman/Postman-1763910484874.tar.gz'","stack":"Error: EACCES: permission denied, open '/opt/postman/Postman-1763910484874.tar.gz'","info":"{\"packageName\":\"Postman\",\"eID\":\"Postman-1763910484874\",\"downloadURL\":\"https://dl.pstmn.io/download/version/11.72.9/linux_64\",\"downloadDirectory\":\"/opt/postman\",\"downloadInfo\":{\"status\":\"DOWNLOAD_ERROR\",\"error\":{\"errno\":-13,\"code\":\"EACCES\",\"syscall\":\"open\",\"path\":\"/opt/postman/Postman-1763910484874.tar.gz\"},\"downloadDirectory\":\"/opt/postman\"}}"},"info":"{\"packageName\":\"Postman\",\"eID\":\"Postman-1763928474899\",\"downloadURL\":\"https://dl.pstmn.io/download/version/11.72.9/linux_64\",\"downloadDirectory\":\"/opt/postman\",\"downloadInfo\":{\"status\":\"DOWNLOAD_ERROR\",\"error\":{\"errno\":-13,\"code\":\"EACCES\",\"syscall\":\"open\",\"path\":\"/opt/postman/Postman-1763928474899.tar.gz\"},\"downloadDirectory\":\"/opt/postman\"}}"}]
[100387][1763928474949][main][info]["UpdateHandler~app-update-events - Received event",{"name":"electronAppUpdateError","namespace":"appUpdate","data":{"error":{"errno":-13,"code":"EACCES","syscall":"open","path":"/opt/postman/Postman-1763928474899.tar.gz","name":"Error","message":"EACCES: permission denied, open '/opt/postman/Postman-1763928474899.tar.gz'","stack":"Error: EACCES: permission denied, open '/opt/postman/Postman-1763928474899.tar.gz'"},"updateData":{"packageName":"Postman","eID":"Postman-1763928474899","downloadURL":"https://dl.pstmn.io/download/version/11.72.9/linux_64","downloadDirectory":"/opt/postman","downloadInfo":{"status":"DOWNLOAD_ERROR","error":{"errno":-13,"code":"EACCES","syscall":"open","path":"/opt/postman/Postman-1763928474899.tar.gz"},"downloadDirectory":"/opt/postman"}}}}]
[100387][1763935693340][main][info]["Quitting app"]
[40525][1766873243746][main][info]["Booting Postman 11.76.0, linux-6.18.1-arch1-2 on x64"]
[40525][1766873243748][main][info]["EventBus~initialize - Success"]
[40525][1766873243750][main][info]["Proxy configuration has not been setup"]
[40525][1766873243751][main][info]["CloudProxyManager~init - Success"]
[40525][1766873243755][main][info]["performShellDataMigration: Migration has already been done. Bailing out"]
[40525][1766873243761][main][info]["UpdateHandler~init - Success"]
[40525][1766873243763][main][info]["LeaderSelection: Initialized successfully"]
[40525][1766873243774][main][info]["GPU detected VID 4318 DID 8644 ACTIVE true"]
[40525][1766873243776][main][info]["main.js: Agent started"]
[40525][1766873243777][main][error]["[payments] failed to enable sandbox mode",{"name":"Error","message":"app.enableSandbox() can only be called before app is ready","stack":"Error: app.enableSandbox() can only be called before app is ready\n    at initPaymentView (/opt/postman/app/resources/app/main.js:936:109562)\n    at /opt/postman/app/resources/app/main.js:15:31017"}]
[40525][1766873243777][main][info]["main.js: Payment view IPC handlers initialized"]
[40525][1766873243777][main][info]["shellController~init: Success"]
[40525][1766873243778][main][info]["shellMeta~init: Success"]
[40525][1766873243778][main][info]["partitionMigrationService: State of V7 partition:"]
[40525][1766873243778][main][info]["partitionMigrationService: V7 partitions",[]]
[40525][1766873243778][main][info]["partitionMigrationService~rectifyNamespaceOfScratchPadPartition: There is no partition with scratchpad namespace"]
[40525][1766873243778][main][info]["partitionMigrationService~rectifyNamespaceOfScratchPadPartition: There is no transit partition which could have been used for scratchpad"]
[40525][1766873243778][main][info]["partitionMigrationService~init: Success"]
[40525][1766873243779][main][info]["partitionMigrationService~runV8PartitionsIntegrity: Two way migration~ removing the following partitions from v8",[]]
[40525][1766873243779][main][info]["userPartitionService~getRecentV8UserPartition: recent v8 user context partition ","122854c6-5b06-49fe-a792-28112ff3a4a7"]
[40525][1766873243779][main][info]["userPartitionService~_rectifyTheActivePartitionOfApplication: Setting the active partition to ","122854c6-5b06-49fe-a792-28112ff3a4a7"]
[40525][1766873243782][main][info]["LinuxAutoUpdater~Cleanup - Initial cleanup successful"]
[40525][1766873243784][main][info]["newAccountRegionPreferenceService~getPreferenceWithFallback - Preference not found in storage."]
[40525][1766873243784][main][info]["newAccountRegionPreferenceService~getToggleMenuTemplate - Using preference:","useUSRegion"]
[40525][1766873243791][main][info]["userPartitionService~init: Success"]
[40525][1766873243806][main][info]["userPartitionService: State of v8 partition system:"]
[40525][1766873243807][main][info]["shell~init~getPartitionToLoad: loading active partition"]
[40525][1766873243807][main][info]["userPartitionService: List of partitions:",[{"partitionId":"122854c6-5b06-49fe-a792-28112ff3a4a7","namespace":"users","userId":"10681586","teamId":"2952355","lastUpdated":"2025-11-03T00:28:44.026Z"},{"partitionId":"dd10c798-04d5-42bf-a695-c0405c4180da","namespace":"scratchPad","userId":0,"teamId":0,"isDirty":false}]]
[40525][1766873243807][main][info]["userPartitionService: users global meta:",{}]
[40525][1766873243807][main][info]["Main:windowManager~newRequesterWindow: Fetch and update runtime config: us"]
[40525][1766873243890][main][info]["getDesktopReleaseVersionAsQueryParams: webVersion: "]
[40525][1766873245867][main][info]["Main~getRemoteInitPath:: "]
[40525][1766873245904][main][info]["Main - model-events~user - (user, bootstrapUser) received"]
[40525][1766873245904][main][info]["model-events~user - bootstrapUser received"]
[40525][1766873245925][main][info]["UpdateHandler~app-update-events - Received event",{"name":"checkForElectronVersionUpdated","namespace":"appUpdate"}]
[40525][1766873245926][main][info]["@postman/app-updater: version Updated","11.72.5","11.76.0"]
[40525][1766873245926][main][info]["UpdateHandler~app-update-events - Received event",{"name":"electronVersionUpdated","namespace":"appUpdate","data":{"lastKnownVersion":"11.72.5","currentVersion":"11.76.0"}}]
[40525][1766873245929][main][info]["INTERCEPTOR CONNECTIVITY: Connecting to Interceptor Bridge"]
[40525][1766873245939][main][info]["windowManager: First requester booted successfully."]
[40525][1766873245939][main][info]["windowManager~restoreWindows: Restoring requester windows"]
[40525][1766873245940][main][info]["WebVersionService: Initialized successfully with version: 11.76.1-ui-251215-0620"]
[40525][1766873245940][main][info]["Main~AppEvents - Received booted event for process requester.Version 11.76.1 UI Version: 11.76.1-ui-251215-0620 Desktop Platform Version: 11.76.0"]
[40525][1766873246020][main][info]["Main~getRemoteInitPath:: "]
[40525][1766873246220][main][info]["Main~getPlatformLaunchPerfMetrics"]
[40525][1766873246318][main][info]["MenuManager~FlexibleUI - Updating menu for flexible layout: false"]
[40525][1766873246321][main][info]["GPU detected VID 4318 DID 8644 ACTIVE true"]
[40525][1766873246322][main][info]["newAccountRegionPreferenceService~getPreferenceWithFallback - Preference not found in storage."]
[40525][1766873246323][main][info]["newAccountRegionPreferenceService~getToggleMenuTemplate - Using preference:","useUSRegion"]
[40525][1766873246325][main][info]["MenuManager~updateViewMenuForFlexibleLayout: Menu updated with flexible layout disabled"]
[40525][1766873246604][main][info]["INTERCEPTOR CONNECTIVITY: Attempting to start websocket server on port 15611"]
[40525][1766873249799][main][info]["Main - model-events~user - (authentication, reauthenticate) received"]
[40525][1766873250030][main][info]["AuthHandler~open: Received dom-ready event."]
[40525][1766873250032][main][info]["AuthHandler~open: Received did-finish-load event."]
[40525][1766873250095][main][warn]["AuthHandler~open: Current app is not default protocol client - Falling back to polling mechanism."]
[40525][1766873250096][main][info]["newAccountRegionPreferenceService~getPreferenceWithFallback - Preference not found in storage."]
[40525][1766873250096][main][info]["newAccountRegionPreferenceService~getRegionPreference - Using preference:","useUSRegion"]
[40525][1766873250096][main][info]["AuthHandler~open: new Account region preference:","us"]
[40525][1766873250096][main][info]["AuthHandler~open: get multiLoginToken token."]
[40525][1766873250096][main][info]["AuthHandler~open: Publishing initialize event to auth-window channel."]
[40525][1766873266864][main][info]["Shell~init~loginUser: Updating existing user details"]
[40525][1766873266865][main][info]["userPartitionService~associateTransitPartition: ",{"partitionId":"122854c6-5b06-49fe-a792-28112ff3a4a7","context":{"namespace":"users","userId":"10681586","teamId":"2952355","region":"us"}}]
[40525][1766873266886][main][info]["userPartitionService: State of v8 partition system:"]
[40525][1766873266887][main][info]["userPartitionService: List of partitions:",[{"partitionId":"122854c6-5b06-49fe-a792-28112ff3a4a7","namespace":"users","userId":"10681586","teamId":"2952355","lastUpdated":"2025-12-27T22:07:46.865Z"},{"partitionId":"dd10c798-04d5-42bf-a695-c0405c4180da","namespace":"scratchPad","userId":0,"teamId":0,"isDirty":false}]]
[40525][1766873266887][main][info]["userPartitionService: users global meta:",{}]
[40525][1766873266901][main][info]["Main:windowManager~newRequesterWindow: found partition: 122854c6-5b06-49fe-a792-28112ff3a4a7 for user: 10681586 on us"]
[40525][1766873266901][main][info]["Main:windowManager~newRequesterWindow: Fetch and update runtime config: us"]
[40525][1766873266914][main][info]["getDesktopReleaseVersionAsQueryParams: webVersion: 11.76.1-ui-251215-0620"]
[40525][1766873268460][main][info]["Main~getRemoteInitPath:: "]
[40525][1766873268495][main][info]["Main - model-events~user - (user, bootstrapUser) received"]
[40525][1766873268496][main][info]["model-events~user - bootstrapUser received"]
[40525][1766873268516][main][info]["UpdateHandler~app-update-events - Received event",{"name":"checkForElectronVersionUpdated","namespace":"appUpdate"}]
[40525][1766873268530][main][info]["windowManager: First requester booted successfully."]
[40525][1766873268530][main][info]["windowManager~restoreWindows: Restoring requester windows"]
[40525][1766873268531][main][info]["WebVersionService: Initialized successfully with version: 11.76.1-ui-251215-0620"]
[40525][1766873268531][main][info]["Main~AppEvents - Received booted event for process requester.Version 11.76.1 UI Version: 11.76.1-ui-251215-0620 Desktop Platform Version: 11.76.0"]
[40525][1766873268607][main][info]["Main~getRemoteInitPath:: "]
[40525][1766873268884][main][info]["MenuManager~FlexibleUI - Updating menu for flexible layout: false"]
[40525][1766873268886][main][info]["GPU detected VID 4318 DID 8644 ACTIVE true"]
[40525][1766873268889][main][info]["newAccountRegionPreferenceService~getPreferenceWithFallback - Preference not found in storage."]
[40525][1766873268889][main][info]["newAccountRegionPreferenceService~getToggleMenuTemplate - Using preference:","useUSRegion"]
[40525][1766873268892][main][info]["MenuManager~updateViewMenuForFlexibleLayout: Menu updated with flexible layout disabled"]
[40525][1766873269160][main][info]["Main - model-events~user - (user, updated) received"]
[40525][1766873269161][main][info]["Main~reload: https://desktop.postman.com/?desktopVersion=11.76.0&webVersion=11.76.1-ui-251215-0620&userId=10681586&teamId=2952355&region=us"]
[40525][1766873269560][main][info]["Main~getRemoteInitPath:: "]
[40525][1766873269573][main][info]["Main - model-events~user - (user, bootstrapUser) received"]
[40525][1766873269573][main][info]["model-events~user - bootstrapUser received"]
[40525][1766873269585][main][info]["UpdateHandler~app-update-events - Received event",{"name":"checkForElectronVersionUpdated","namespace":"appUpdate"}]
[40525][1766873269592][main][info]["WebVersionService: Initialized successfully with version: 11.76.1-ui-251215-0620"]
[40525][1766873269592][main][info]["Main~AppEvents - Received booted event for process requester.Version 11.76.1 UI Version: 11.76.1-ui-251215-0620 Desktop Platform Version: 11.76.0"]
[40525][1766873269628][main][info]["Main~getRemoteInitPath:: "]
[40525][1766873269726][main][info]["MenuManager~FlexibleUI - Updating menu for flexible layout: false"]
[40525][1766873269728][main][info]["GPU detected VID 4318 DID 8644 ACTIVE true"]
[40525][1766873269729][main][info]["newAccountRegionPreferenceService~getPreferenceWithFallback - Preference not found in storage."]
[40525][1766873269729][main][info]["newAccountRegionPreferenceService~getToggleMenuTemplate - Using preference:","useUSRegion"]
[40525][1766873269731][main][info]["MenuManager~updateViewMenuForFlexibleLayout: Menu updated with flexible layout disabled"]
[40525][1766873270015][main][info]["Main - model-events~user - (user, updated) received"]
[40525][1766873270015][main][info]["Main - model-events~user - (user, bootstrapUser) received"]
[40525][1766873270015][main][info]["model-events~user - bootstrapUser received"]
[40525][1766873270557][main][info]["Main - model-events~user - (user, updated) received"]
[40525][1766873270621][main][info]["Main~getPlatformLaunchPerfMetrics"]
[40525][1766873270627][main][info]["Main - model-events~user - (user, bootstrappedUser) received"]
[40525][1766873270640][main][info]["Main - model-events~user - (user, updated) received"]
[40525][1766873270667][main][info]["Main - model-events~user - (user, bootstrappedUser) received"]
[40525][1766873271481][main][info]["Agent.worker: Agent process started"]
[40525][1766873271483][main][info]["Initializing provider:","runtime"]
[40525][1766873271484][main][info]["Initializing provider:","cloudFiles"]
[40525][1766873271484][main][info]["Agent.worker: Provider initialized","cloudFiles"]
[40525][1766873271669][main][info]["Agent.worker: Provider initialized","runtime"]
[40525][1766873272453][main][info]["RuntimeIPCAgent~started: Success"]
[40525][1766873272464][main][info]["Initializing provider:","fs"]
[40525][1766873272464][main][info]["Agent.worker: Provider initialized","fs"]
[40525][1766873273177][main][error]["Error while retrieving user key from keychain",{"name":"Error","message":"The name is not activatable","stack":"Error: The name is not activatable\n    at /opt/postman/app/resources/app/vendors-node_modules_postman_runtime_runtime-rpc_dist_index_js-9a3dcf6a27aa9af6.min.js:1:12993\n    at _unpackers.<computed> (/opt/postman/app/resources/app/vendors-node_modules_postman_runtime_runtime-rpc_dist_index_js-9a3dcf6a27aa9af6.min.js:1:19595)\n    at ext (/opt/postman/app/resources/app/vendors-node_modules_postman_runtime_runtime-rpc_dist_index_js-9a3dcf6a27aa9af6.min.js:1:29994)\n    at e.exports (/opt/postman/app/resources/app/vendors-node_modules_postman_runtime_runtime-rpc_dist_index_js-9a3dcf6a27aa9af6.min.js:1:22345)\n    at array (/opt/postman/app/resources/app/vendors-node_modules_postman_runtime_runtime-rpc_dist_index_js-9a3dcf6a27aa9af6.min.js:1:29511)\n    at e.exports (/opt/postman/app/resources/app/vendors-node_modules_postman_runtime_runtime-rpc_dist_index_js-9a3dcf6a27aa9af6.min.js:1:21857)\n    at map (/opt/postman/app/resources/app/vendors-node_modules_postman_runtime_runtime-rpc_dist_index_js-9a3dcf6a27aa9af6.min.js:1:29440)\n    at e.exports (/opt/postman/app/resources/app/vendors-node_modules_postman_runtime_runtime-rpc_dist_index_js-9a3dcf6a27aa9af6.min.js:1:21695)\n    at map (/opt/postman/app/resources/app/vendors-node_modules_postman_runtime_runtime-rpc_dist_index_js-9a3dcf6a27aa9af6.min.js:1:29440)\n    at e.exports (/opt/postman/app/resources/app/vendors-node_modules_postman_runtime_runtime-rpc_dist_index_js-9a3dcf6a27aa9af6.min.js:1:21695)\n    at t.decode (/opt/postman/app/resources/app/vendors-node_modules_postman_runtime_runtime-rpc_dist_index_js-9a3dcf6a27aa9af6.min.js:1:27113)\n    at Object.decode (/opt/postman/app/resources/app/vendors-node_modules_postman_runtime_runtime-rpc_dist_index_js-9a3dcf6a27aa9af6.min.js:1:13076)\n    at t.default (/opt/postman/app/resources/app/vendors-node_modules_postman_runtime_runtime-rpc_dist_index_js-9a3dcf6a27aa9af6.min.js:1:13434)\n    at Object.receive (/opt/postman/app/resources/app/vendors-node_modules_postman_runtime_runtime-rpc_dist_index_js-9a3dcf6a27aa9af6.min.js:1:5818)\n    at /opt/postman/app/resources/app/Agent-5caefd00560a58f5.min.js:1:2831\n    at Worker.<anonymous> (/opt/postman/app/resources/app/Agent-5caefd00560a58f5.min.js:1:4182)"}]
[40525][1766873279904][main][info]["UpdateHandler~app-update-events - Received event",{"name":"updateElectron","namespace":"appUpdate","data":{"channel":"stable","version":"11.76.0","downloadVersion":"11.77.2","appId":"d6afd933-38a8-4972-ab99-c88cab7ca838","userAgent":"Mozilla/5.0 (X11; Linux x86_64) AppleWebKit/537.36 (KHTML, like Gecko) Postman/11.76.0 Electron/33.4.11 Safari/537.36","platform":"linux_64","downloadURL":"https://dl.pstmn.io/download/version/11.77.2/linux_64","updateServerDomain":"https://dl.pstmn.io/","additionalParamsString":"installationId=d6afd933-38a8-4972-ab99-c88cab7ca838&userId=10681586&syncEnabled=true&teamPlan=sync-free-3-trial&teamId=2952355","userId":"10681586"}}]
[40525][1766873279905][main][info]["LinuxUpdater~downloadUpdate - UpdateInfo received",{"channel":"stable","version":"11.76.0","downloadVersion":"11.77.2","appId":"d6afd933-38a8-4972-ab99-c88cab7ca838","userAgent":"Mozilla/5.0 (X11; Linux x86_64) AppleWebKit/537.36 (KHTML, like Gecko) Postman/11.76.0 Electron/33.4.11 Safari/537.36","platform":"linux_64","downloadURL":"https://dl.pstmn.io/download/version/11.77.2/linux_64","updateServerDomain":"https://dl.pstmn.io/","additionalParamsString":"installationId=d6afd933-38a8-4972-ab99-c88cab7ca838&userId=10681586&syncEnabled=true&teamPlan=sync-free-3-trial&teamId=2952355","userId":"10681586"}]
[40525][1766873279947][main][error]["@postman/app-updater: error",{"errno":-13,"code":"EACCES","syscall":"open","path":"/opt/postman/Postman-1766873279905.tar.gz","name":"Error","message":"EACCES: permission denied, open '/opt/postman/Postman-1766873279905.tar.gz'","stack":"Error: EACCES: permission denied, open '/opt/postman/Postman-1766873279905.tar.gz'"},{"context":{"api":"@postman/app-updater","domain":"starship"},"info":"{\"packageName\":\"Postman\",\"eID\":\"Postman-1766873279905\",\"downloadURL\":\"https://dl.pstmn.io/download/version/11.77.2/linux_64\",\"downloadDirectory\":\"/opt/postman\",\"downloadInfo\":{\"status\":\"DOWNLOAD_ERROR\",\"error\":{\"errno\":-13,\"code\":\"EACCES\",\"syscall\":\"open\",\"path\":\"/opt/postman/Postman-1766873279905.tar.gz\"},\"downloadDirectory\":\"/opt/postman\"}}"}]
[40525][1766873279948][main][info]["UpdateHandler~app-update-events - Received event",{"name":"electronAppUpdateError","namespace":"appUpdate","data":{"error":{"errno":-13,"code":"EACCES","syscall":"open","path":"/opt/postman/Postman-1766873279905.tar.gz","name":"Error","message":"EACCES: permission denied, open '/opt/postman/Postman-1766873279905.tar.gz'","stack":"Error: EACCES: permission denied, open '/opt/postman/Postman-1766873279905.tar.gz'"},"updateData":{"packageName":"Postman","eID":"Postman-1766873279905","downloadURL":"https://dl.pstmn.io/download/version/11.77.2/linux_64","downloadDirectory":"/opt/postman","downloadInfo":{"status":"DOWNLOAD_ERROR","error":{"errno":-13,"code":"EACCES","syscall":"open","path":"/opt/postman/Postman-1766873279905.tar.gz"},"downloadDirectory":"/opt/postman"}}}}]
[40525][1766884620522][main][info]["WindowManager~closeHandler - Closed Window (id: 3 )"]
[40525][1766884620548][main][info]["Quitting app"]
[72921][1766942534027][main][info]["Booting Postman 11.76.0, linux-6.18.1-arch1-2 on x64"]
[72921][1766942534031][main][info]["EventBus~initialize - Success"]
[72921][1766942534036][main][info]["Proxy configuration has not been setup"]
[72921][1766942534036][main][info]["CloudProxyManager~init - Success"]
[72921][1766942534040][main][info]["performShellDataMigration: Migration has already been done. Bailing out"]
[72921][1766942534049][main][info]["UpdateHandler~init - Success"]
[72921][1766942534052][main][info]["LeaderSelection: Initialized successfully"]
[72921][1766942534064][main][info]["GPU detected VID 4318 DID 8644 ACTIVE true"]
[72921][1766942534066][main][info]["main.js: Agent started"]
[72921][1766942534066][main][error]["[payments] failed to enable sandbox mode",{"name":"Error","message":"app.enableSandbox() can only be called before app is ready","stack":"Error: app.enableSandbox() can only be called before app is ready\n    at initPaymentView (/opt/postman/app/resources/app/main.js:936:109562)\n    at /opt/postman/app/resources/app/main.js:15:31017"}]
[72921][1766942534067][main][info]["main.js: Payment view IPC handlers initialized"]
[72921][1766942534067][main][info]["shellController~init: Success"]
[72921][1766942534067][main][info]["shellMeta~init: Success"]
[72921][1766942534068][main][info]["partitionMigrationService: State of V7 partition:"]
[72921][1766942534068][main][info]["partitionMigrationService: V7 partitions",[]]
[72921][1766942534068][main][info]["partitionMigrationService~rectifyNamespaceOfScratchPadPartition: There is no partition with scratchpad namespace"]
[72921][1766942534068][main][info]["partitionMigrationService~rectifyNamespaceOfScratchPadPartition: There is no transit partition which could have been used for scratchpad"]
[72921][1766942534068][main][info]["partitionMigrationService~init: Success"]
[72921][1766942534069][main][info]["partitionMigrationService~runV8PartitionsIntegrity: Two way migration~ removing the following partitions from v8",[]]
[72921][1766942534069][main][info]["userPartitionService~getRecentV8UserPartition: recent v8 user context partition ","122854c6-5b06-49fe-a792-28112ff3a4a7"]
[72921][1766942534069][main][info]["userPartitionService~_rectifyTheActivePartitionOfApplication: Setting the active partition to ","122854c6-5b06-49fe-a792-28112ff3a4a7"]
[72921][1766942534072][main][info]["LinuxAutoUpdater~Cleanup - Initial cleanup successful"]
[72921][1766942534074][main][info]["newAccountRegionPreferenceService~getPreferenceWithFallback - Preference not found in storage."]
[72921][1766942534074][main][info]["newAccountRegionPreferenceService~getToggleMenuTemplate - Using preference:","useUSRegion"]
[72921][1766942534081][main][info]["userPartitionService~init: Success"]
[72921][1766942534097][main][info]["userPartitionService: State of v8 partition system:"]
[72921][1766942534098][main][info]["shell~init~getPartitionToLoad: loading active partition"]
[72921][1766942534098][main][info]["userPartitionService: List of partitions:",[{"partitionId":"122854c6-5b06-49fe-a792-28112ff3a4a7","namespace":"users","userId":"10681586","teamId":"2952355","lastUpdated":"2025-12-27T22:07:46.894Z"},{"partitionId":"dd10c798-04d5-42bf-a695-c0405c4180da","namespace":"scratchPad","userId":0,"teamId":0,"isDirty":false}]]
[72921][1766942534098][main][info]["userPartitionService: users global meta:",{}]
[72921][1766942534098][main][info]["Main:windowManager~newRequesterWindow: Fetch and update runtime config: us"]
[72921][1766942534207][main][info]["getDesktopReleaseVersionAsQueryParams: webVersion: "]
[72921][1766942535820][main][info]["Main~getRemoteInitPath:: "]
[72921][1766942535843][main][info]["Main - model-events~user - (user, bootstrapUser) received"]
[72921][1766942535843][main][info]["model-events~user - bootstrapUser received"]
[72921][1766942535866][main][info]["UpdateHandler~app-update-events - Received event",{"name":"checkForElectronVersionUpdated","namespace":"appUpdate"}]
[72921][1766942535868][main][info]["INTERCEPTOR CONNECTIVITY: Connecting to Interceptor Bridge"]
[72921][1766942535880][main][info]["windowManager: First requester booted successfully."]
[72921][1766942535881][main][info]["windowManager~restoreWindows: Restoring requester windows"]
[72921][1766942535881][main][info]["WebVersionService: Initialized successfully with version: 11.76.1-ui-251215-0620"]
[72921][1766942535881][main][info]["Main~AppEvents - Received booted event for process requester.Version 11.76.1 UI Version: 11.76.1-ui-251215-0620 Desktop Platform Version: 11.76.0"]
[72921][1766942535969][main][info]["Main~getRemoteInitPath:: "]
[72921][1766942536150][main][info]["Main~getPlatformLaunchPerfMetrics"]
[72921][1766942536245][main][info]["MenuManager~FlexibleUI - Updating menu for flexible layout: false"]
[72921][1766942536247][main][info]["GPU detected VID 4318 DID 8644 ACTIVE true"]
[72921][1766942536249][main][info]["newAccountRegionPreferenceService~getPreferenceWithFallback - Preference not found in storage."]
[72921][1766942536249][main][info]["newAccountRegionPreferenceService~getToggleMenuTemplate - Using preference:","useUSRegion"]
[72921][1766942536251][main][info]["MenuManager~updateViewMenuForFlexibleLayout: Menu updated with flexible layout disabled"]
[72921][1766942536327][main][info]["INTERCEPTOR CONNECTIVITY: Attempting to start websocket server on port 15611"]
[72921][1766942536970][main][info]["Main - model-events~user - (user, updated) received"]
[72921][1766942537259][main][info]["Main - model-events~user - (user, bootstrappedUser) received"]
[72921][1766942538600][main][info]["RuntimeIPCAgent~started: Success"]
[72921][1766942538776][main][info]["Agent.worker: Agent process started"]
[72921][1766942538778][main][info]["Initializing provider:","runtime"]
[72921][1766942538778][main][info]["Initializing provider:","cloudFiles"]
[72921][1766942538779][main][info]["Agent.worker: Provider initialized","cloudFiles"]
[72921][1766942538947][main][info]["Agent.worker: Provider initialized","runtime"]
[72921][1766942538948][main][info]["Initializing provider:","fs"]
[72921][1766942538949][main][info]["Agent.worker: Provider initialized","fs"]
[72921][1766942538967][main][error]["Error while retrieving user key from keychain",{"name":"Error","message":"The name is not activatable","stack":"Error: The name is not activatable\n    at /opt/postman/app/resources/app/vendors-node_modules_postman_runtime_runtime-rpc_dist_index_js-9a3dcf6a27aa9af6.min.js:1:12993\n    at _unpackers.<computed> (/opt/postman/app/resources/app/vendors-node_modules_postman_runtime_runtime-rpc_dist_index_js-9a3dcf6a27aa9af6.min.js:1:19595)\n    at ext (/opt/postman/app/resources/app/vendors-node_modules_postman_runtime_runtime-rpc_dist_index_js-9a3dcf6a27aa9af6.min.js:1:29994)\n    at e.exports (/opt/postman/app/resources/app/vendors-node_modules_postman_runtime_runtime-rpc_dist_index_js-9a3dcf6a27aa9af6.min.js:1:22345)\n    at array (/opt/postman/app/resources/app/vendors-node_modules_postman_runtime_runtime-rpc_dist_index_js-9a3dcf6a27aa9af6.min.js:1:29511)\n    at e.exports (/opt/postman/app/resources/app/vendors-node_modules_postman_runtime_runtime-rpc_dist_index_js-9a3dcf6a27aa9af6.min.js:1:21857)\n    at map (/opt/postman/app/resources/app/vendors-node_modules_postman_runtime_runtime-rpc_dist_index_js-9a3dcf6a27aa9af6.min.js:1:29440)\n    at e.exports (/opt/postman/app/resources/app/vendors-node_modules_postman_runtime_runtime-rpc_dist_index_js-9a3dcf6a27aa9af6.min.js:1:21695)\n    at map (/opt/postman/app/resources/app/vendors-node_modules_postman_runtime_runtime-rpc_dist_index_js-9a3dcf6a27aa9af6.min.js:1:29440)\n    at e.exports (/opt/postman/app/resources/app/vendors-node_modules_postman_runtime_runtime-rpc_dist_index_js-9a3dcf6a27aa9af6.min.js:1:21695)\n    at t.decode (/opt/postman/app/resources/app/vendors-node_modules_postman_runtime_runtime-rpc_dist_index_js-9a3dcf6a27aa9af6.min.js:1:27113)\n    at Object.decode (/opt/postman/app/resources/app/vendors-node_modules_postman_runtime_runtime-rpc_dist_index_js-9a3dcf6a27aa9af6.min.js:1:13076)\n    at t.default (/opt/postman/app/resources/app/vendors-node_modules_postman_runtime_runtime-rpc_dist_index_js-9a3dcf6a27aa9af6.min.js:1:13434)\n    at Object.receive (/opt/postman/app/resources/app/vendors-node_modules_postman_runtime_runtime-rpc_dist_index_js-9a3dcf6a27aa9af6.min.js:1:5818)\n    at /opt/postman/app/resources/app/Agent-5caefd00560a58f5.min.js:1:2831\n    at Worker.<anonymous> (/opt/postman/app/resources/app/Agent-5caefd00560a58f5.min.js:1:4182)"}]
[72921][1766942546208][main][info]["UpdateHandler~app-update-events - Received event",{"name":"updateElectron","namespace":"appUpdate","data":{"channel":"stable","version":"11.76.0","downloadVersion":"11.77.2","appId":"d6afd933-38a8-4972-ab99-c88cab7ca838","userAgent":"Mozilla/5.0 (X11; Linux x86_64) AppleWebKit/537.36 (KHTML, like Gecko) Postman/11.76.0 Electron/33.4.11 Safari/537.36","platform":"linux_64","downloadURL":"https://dl.pstmn.io/download/version/11.77.2/linux_64","updateServerDomain":"https://dl.pstmn.io/","additionalParamsString":"installationId=d6afd933-38a8-4972-ab99-c88cab7ca838&userId=10681586&syncEnabled=true&teamPlan=sync-free-3-trial&teamId=2952355","userId":"10681586"}}]
[72921][1766942546209][main][info]["LinuxUpdater~downloadUpdate - UpdateInfo received",{"channel":"stable","version":"11.76.0","downloadVersion":"11.77.2","appId":"d6afd933-38a8-4972-ab99-c88cab7ca838","userAgent":"Mozilla/5.0 (X11; Linux x86_64) AppleWebKit/537.36 (KHTML, like Gecko) Postman/11.76.0 Electron/33.4.11 Safari/537.36","platform":"linux_64","downloadURL":"https://dl.pstmn.io/download/version/11.77.2/linux_64","updateServerDomain":"https://dl.pstmn.io/","additionalParamsString":"installationId=d6afd933-38a8-4972-ab99-c88cab7ca838&userId=10681586&syncEnabled=true&teamPlan=sync-free-3-trial&teamId=2952355","userId":"10681586"}]
[72921][1766942546279][main][error]["@postman/app-updater: error",{"errno":-13,"code":"EACCES","syscall":"open","path":"/opt/postman/Postman-1766942546210.tar.gz","name":"Error","message":"EACCES: permission denied, open '/opt/postman/Postman-1766942546210.tar.gz'","stack":"Error: EACCES: permission denied, open '/opt/postman/Postman-1766942546210.tar.gz'"},{"context":{"api":"@postman/app-updater","domain":"starship"},"info":"{\"packageName\":\"Postman\",\"eID\":\"Postman-1766942546210\",\"downloadURL\":\"https://dl.pstmn.io/download/version/11.77.2/linux_64\",\"downloadDirectory\":\"/opt/postman\",\"downloadInfo\":{\"status\":\"DOWNLOAD_ERROR\",\"error\":{\"errno\":-13,\"code\":\"EACCES\",\"syscall\":\"open\",\"path\":\"/opt/postman/Postman-1766942546210.tar.gz\"},\"downloadDirectory\":\"/opt/postman\"}}"}]
[72921][1766942546280][main][info]["UpdateHandler~app-update-events - Received event",{"name":"electronAppUpdateError","namespace":"appUpdate","data":{"error":{"errno":-13,"code":"EACCES","syscall":"open","path":"/opt/postman/Postman-1766942546210.tar.gz","name":"Error","message":"EACCES: permission denied, open '/opt/postman/Postman-1766942546210.tar.gz'","stack":"Error: EACCES: permission denied, open '/opt/postman/Postman-1766942546210.tar.gz'"},"updateData":{"packageName":"Postman","eID":"Postman-1766942546210","downloadURL":"https://dl.pstmn.io/download/version/11.77.2/linux_64","downloadDirectory":"/opt/postman","downloadInfo":{"status":"DOWNLOAD_ERROR","error":{"errno":-13,"code":"EACCES","syscall":"open","path":"/opt/postman/Postman-1766942546210.tar.gz"},"downloadDirectory":"/opt/postman"}}}}]
[72921][1766960536209][main][info]["UpdateHandler~app-update-events - Received event",{"name":"updateElectron","namespace":"appUpdate","data":{"channel":"stable","version":"11.76.0","downloadVersion":"11.77.2","appId":"d6afd933-38a8-4972-ab99-c88cab7ca838","userAgent":"Mozilla/5.0 (X11; Linux x86_64) AppleWebKit/537.36 (KHTML, like Gecko) Postman/11.76.0 Electron/33.4.11 Safari/537.36","platform":"linux_64","downloadURL":"https://dl.pstmn.io/download/version/11.77.2/linux_64","updateServerDomain":"https://dl.pstmn.io/","additionalParamsString":"installationId=d6afd933-38a8-4972-ab99-c88cab7ca838&userId=10681586&syncEnabled=true&teamPlan=sync-free-3-trial&teamId=2952355","userId":"10681586"}}]
[72921][1766960536210][main][info]["LinuxUpdater~downloadUpdate - UpdateInfo received",{"channel":"stable","version":"11.76.0","downloadVersion":"11.77.2","appId":"d6afd933-38a8-4972-ab99-c88cab7ca838","userAgent":"Mozilla/5.0 (X11; Linux x86_64) AppleWebKit/537.36 (KHTML, like Gecko) Postman/11.76.0 Electron/33.4.11 Safari/537.36","platform":"linux_64","downloadURL":"https://dl.pstmn.io/download/version/11.77.2/linux_64","updateServerDomain":"https://dl.pstmn.io/","additionalParamsString":"installationId=d6afd933-38a8-4972-ab99-c88cab7ca838&userId=10681586&syncEnabled=true&teamPlan=sync-free-3-trial&teamId=2952355","userId":"10681586"}]
[72921][1766960536253][main][error]["@postman/app-updater: error",{"errno":-13,"code":"EACCES","syscall":"open","path":"/opt/postman/Postman-1766960536211.tar.gz","name":"Error","message":"EACCES: permission denied, open '/opt/postman/Postman-1766960536211.tar.gz'","stack":"Error: EACCES: permission denied, open '/opt/postman/Postman-1766960536211.tar.gz'"},{"context":{"api":"@postman/app-updater","domain":"starship","sessionId":72921,"origin":"main","timestamp":1766942546279,"context":"@postman/app-updater: error","message":"EACCES: permission denied, open '/opt/postman/Postman-1766942546210.tar.gz'","stack":"Error: EACCES: permission denied, open '/opt/postman/Postman-1766942546210.tar.gz'","info":"{\"packageName\":\"Postman\",\"eID\":\"Postman-1766942546210\",\"downloadURL\":\"https://dl.pstmn.io/download/version/11.77.2/linux_64\",\"downloadDirectory\":\"/opt/postman\",\"downloadInfo\":{\"status\":\"DOWNLOAD_ERROR\",\"error\":{\"errno\":-13,\"code\":\"EACCES\",\"syscall\":\"open\",\"path\":\"/opt/postman/Postman-1766942546210.tar.gz\"},\"downloadDirectory\":\"/opt/postman\"}}"},"info":"{\"packageName\":\"Postman\",\"eID\":\"Postman-1766960536211\",\"downloadURL\":\"https://dl.pstmn.io/download/version/11.77.2/linux_64\",\"downloadDirectory\":\"/opt/postman\",\"downloadInfo\":{\"status\":\"DOWNLOAD_ERROR\",\"error\":{\"errno\":-13,\"code\":\"EACCES\",\"syscall\":\"open\",\"path\":\"/opt/postman/Postman-1766960536211.tar.gz\"},\"downloadDirectory\":\"/opt/postman\"}}"}]
[72921][1766960536254][main][info]["UpdateHandler~app-update-events - Received event",{"name":"electronAppUpdateError","namespace":"appUpdate","data":{"error":{"errno":-13,"code":"EACCES","syscall":"open","path":"/opt/postman/Postman-1766960536211.tar.gz","name":"Error","message":"EACCES: permission denied, open '/opt/postman/Postman-1766960536211.tar.gz'","stack":"Error: EACCES: permission denied, open '/opt/postman/Postman-1766960536211.tar.gz'"},"updateData":{"packageName":"Postman","eID":"Postman-1766960536211","downloadURL":"https://dl.pstmn.io/download/version/11.77.2/linux_64","downloadDirectory":"/opt/postman","downloadInfo":{"status":"DOWNLOAD_ERROR","error":{"errno":-13,"code":"EACCES","syscall":"open","path":"/opt/postman/Postman-1766960536211.tar.gz"},"downloadDirectory":"/opt/postman"}}}}]
[72921][1766977624740][main][info]["Quitting app"]
